DEPTH = 30000;
WIDTH = 8;
ADDRESS_RADIX = UNS;
DATA_RADIX = HEX;

CONTENT BEGIN
	0 : 04;
	1 : 24;
	2 : 24;
	3 : 04;
	4 : 04;
	5 : 04;
	6 : 04;
	7 : 04;
	8 : 05;
	9 : 04;
	10 : 04;
	11 : 24;
	12 : 24;
	13 : 24;
	14 : 25;
	15 : 25;
	16 : 25;
	17 : 25;
	18 : 25;
	19 : 24;
	20 : 24;
	21 : 20;
	22 : 24;
	23 : 25;
	24 : 25;
	25 : 25;
	26 : 24;
	27 : 24;
	28 : 25;
	29 : 25;
	30 : 25;
	31 : 25;
	32 : 24;
	33 : 24;
	34 : 24;
	35 : 24;
	36 : 24;
	37 : 24;
	38 : 24;
	39 : 24;
	40 : 24;
	41 : 24;
	42 : 24;
	43 : 24;
	44 : 24;
	45 : 24;
	46 : 24;
	47 : 24;
	48 : 25;
	49 : 25;
	50 : 25;
	51 : 25;
	52 : 24;
	53 : 04;
	54 : 04;
	55 : 04;
	56 : 04;
	57 : 04;
	58 : 04;
	59 : 04;
	60 : 04;
	61 : 25;
	62 : 25;
	63 : 04;
	64 : 04;
	65 : 04;
	66 : 04;
	67 : 24;
	68 : 24;
	69 : 24;
	70 : 24;
	71 : 24;
	72 : 24;
	73 : 24;
	74 : 24;
	75 : 24;
	76 : 25;
	77 : 25;
	78 : 25;
	79 : 25;
	80 : 25;
	81 : 25;
	82 : 25;
	83 : 24;
	84 : 24;
	85 : 24;
	86 : 04;
	87 : 00;
	88 : 00;
	89 : 00;
	90 : 00;
	91 : 04;
	92 : 04;
	93 : 00;
	94 : 00;
	95 : 04;
	96 : 24;
	97 : 24;
	98 : 24;
	99 : 04;
	100 : 00;
	101 : 04;
	102 : 04;
	103 : 04;
	104 : 04;
	105 : 04;
	106 : 04;
	107 : 00;
	108 : 04;
	109 : 00;
	110 : 00;
	111 : 04;
	112 : 04;
	113 : 24;
	114 : 24;
	115 : 24;
	116 : 24;
	117 : 25;
	118 : 24;
	119 : 24;
	120 : 24;
	121 : 25;
	122 : 24;
	123 : 24;
	124 : 04;
	125 : 04;
	126 : 04;
	127 : 24;
	128 : 24;
	129 : 24;
	130 : 24;
	131 : 25;
	132 : 25;
	133 : 24;
	134 : 24;
	135 : 24;
	136 : 04;
	137 : 00;
	138 : 00;
	139 : 04;
	140 : 24;
	141 : 24;
	142 : 04;
	143 : 04;
	144 : 04;
	145 : 04;
	146 : 04;
	147 : 25;
	148 : 25;
	149 : 25;
	150 : 25;
	151 : 25;
	152 : 25;
	153 : 25;
	154 : 25;
	155 : 25;
	156 : 25;
	157 : 25;
	158 : 25;
	159 : 25;
	160 : 25;
	161 : 25;
	162 : 25;
	163 : 25;
	164 : 25;
	165 : 25;
	166 : 25;
	167 : 25;
	168 : 25;
	169 : 25;
	170 : 25;
	171 : 25;
	172 : 25;
	173 : 25;
	174 : 25;
	175 : 25;
	176 : 25;
	177 : 25;
	178 : 25;
	179 : 25;
	180 : 25;
	181 : 25;
	182 : 25;
	183 : 25;
	184 : 25;
	185 : 25;
	186 : 25;
	187 : 25;
	188 : 25;
	189 : 25;
	190 : 25;
	191 : 25;
	192 : 25;
	193 : 25;
	194 : 25;
	195 : 25;
	196 : 05;
	197 : 04;
	198 : 04;
	199 : 24;
	200 : 04;
	201 : 24;
	202 : 24;
	203 : 04;
	204 : 04;
	205 : 04;
	206 : 04;
	207 : 04;
	208 : 25;
	209 : 05;
	210 : 04;
	211 : 24;
	212 : 24;
	213 : 24;
	214 : 25;
	215 : 25;
	216 : 25;
	217 : 25;
	218 : 25;
	219 : 24;
	220 : 24;
	221 : 20;
	222 : 24;
	223 : 25;
	224 : 25;
	225 : 25;
	226 : 24;
	227 : 24;
	228 : 25;
	229 : 24;
	230 : 24;
	231 : 24;
	232 : 24;
	233 : 24;
	234 : 24;
	235 : 24;
	236 : 24;
	237 : 24;
	238 : 24;
	239 : 24;
	240 : 24;
	241 : 24;
	242 : 24;
	243 : 24;
	244 : 24;
	245 : 24;
	246 : 24;
	247 : 24;
	248 : 25;
	249 : 25;
	250 : 25;
	251 : 25;
	252 : 24;
	253 : 04;
	254 : 04;
	255 : 04;
	256 : 04;
	257 : 04;
	258 : 04;
	259 : 04;
	260 : 04;
	261 : 24;
	262 : 25;
	263 : 04;
	264 : 04;
	265 : 04;
	266 : 04;
	267 : 24;
	268 : 25;
	269 : 49;
	270 : 25;
	271 : 25;
	272 : 24;
	273 : 24;
	274 : 24;
	275 : 24;
	276 : 24;
	277 : 24;
	278 : 24;
	279 : 24;
	280 : 24;
	281 : 24;
	282 : 24;
	283 : 24;
	284 : 24;
	285 : 04;
	286 : 04;
	287 : 04;
	288 : 00;
	289 : 00;
	290 : 00;
	291 : 24;
	292 : 24;
	293 : 24;
	294 : 24;
	295 : 24;
	296 : 24;
	297 : 24;
	298 : 24;
	299 : 04;
	300 : 04;
	301 : 24;
	302 : 24;
	303 : 04;
	304 : 04;
	305 : 04;
	306 : 04;
	307 : 00;
	308 : 04;
	309 : 00;
	310 : 00;
	311 : 04;
	312 : 24;
	313 : 24;
	314 : 24;
	315 : 24;
	316 : 24;
	317 : 25;
	318 : 24;
	319 : 24;
	320 : 24;
	321 : 25;
	322 : 24;
	323 : 24;
	324 : 24;
	325 : 04;
	326 : 04;
	327 : 24;
	328 : 25;
	329 : 24;
	330 : 04;
	331 : 24;
	332 : 24;
	333 : 24;
	334 : 24;
	335 : 24;
	336 : 24;
	337 : 04;
	338 : 00;
	339 : 04;
	340 : 24;
	341 : 24;
	342 : 04;
	343 : 04;
	344 : 04;
	345 : 04;
	346 : 04;
	347 : 04;
	348 : 25;
	349 : 25;
	350 : 25;
	351 : 25;
	352 : 25;
	353 : 25;
	354 : 25;
	355 : 25;
	356 : 25;
	357 : 25;
	358 : 25;
	359 : 25;
	360 : 25;
	361 : 25;
	362 : 25;
	363 : 25;
	364 : 25;
	365 : 25;
	366 : 25;
	367 : 25;
	368 : 25;
	369 : 25;
	370 : 25;
	371 : 25;
	372 : 25;
	373 : 25;
	374 : 25;
	375 : 25;
	376 : 25;
	377 : 25;
	378 : 25;
	379 : 25;
	380 : 25;
	381 : 25;
	382 : 25;
	383 : 25;
	384 : 25;
	385 : 25;
	386 : 25;
	387 : 25;
	388 : 25;
	389 : 25;
	390 : 25;
	391 : 25;
	392 : 25;
	393 : 25;
	394 : 25;
	395 : 25;
	396 : 05;
	397 : 04;
	398 : 24;
	399 : 24;
	400 : 04;
	401 : 24;
	402 : 24;
	403 : 04;
	404 : 04;
	405 : 04;
	406 : 04;
	407 : 05;
	408 : 25;
	409 : 05;
	410 : 04;
	411 : 24;
	412 : 24;
	413 : 24;
	414 : 25;
	415 : 25;
	416 : 25;
	417 : 25;
	418 : 25;
	419 : 24;
	420 : 24;
	421 : 20;
	422 : 24;
	423 : 25;
	424 : 25;
	425 : 25;
	426 : 24;
	427 : 24;
	428 : 25;
	429 : 25;
	430 : 25;
	431 : 25;
	432 : 25;
	433 : 24;
	434 : 24;
	435 : 24;
	436 : 24;
	437 : 24;
	438 : 24;
	439 : 24;
	440 : 24;
	441 : 24;
	442 : 24;
	443 : 24;
	444 : 24;
	445 : 24;
	446 : 24;
	447 : 24;
	448 : 25;
	449 : 25;
	450 : 25;
	451 : 25;
	452 : 24;
	453 : 04;
	454 : 04;
	455 : 04;
	456 : 04;
	457 : 04;
	458 : 04;
	459 : 04;
	460 : 04;
	461 : 24;
	462 : 24;
	463 : 04;
	464 : 04;
	465 : 24;
	466 : 24;
	467 : 24;
	468 : 25;
	469 : 25;
	470 : 25;
	471 : 25;
	472 : 25;
	473 : 24;
	474 : 24;
	475 : 24;
	476 : 24;
	477 : 24;
	478 : 24;
	479 : 24;
	480 : 24;
	481 : 24;
	482 : 24;
	483 : 00;
	484 : 00;
	485 : 00;
	486 : 04;
	487 : 04;
	488 : 24;
	489 : 24;
	490 : 24;
	491 : 24;
	492 : 24;
	493 : 24;
	494 : 24;
	495 : 24;
	496 : 24;
	497 : 24;
	498 : 24;
	499 : 24;
	500 : 24;
	501 : 24;
	502 : 24;
	503 : 04;
	504 : 04;
	505 : 04;
	506 : 04;
	507 : 00;
	508 : 00;
	509 : 00;
	510 : 00;
	511 : 04;
	512 : 24;
	513 : 24;
	514 : 24;
	515 : 24;
	516 : 24;
	517 : 25;
	518 : 24;
	519 : 24;
	520 : 24;
	521 : 25;
	522 : 24;
	523 : 24;
	524 : 24;
	525 : 04;
	526 : 04;
	527 : 24;
	528 : 25;
	529 : 24;
	530 : 04;
	531 : 24;
	532 : 24;
	533 : 24;
	534 : 24;
	535 : 25;
	536 : 24;
	537 : 24;
	538 : 04;
	539 : 04;
	540 : 24;
	541 : 24;
	542 : 04;
	543 : 04;
	544 : 04;
	545 : 04;
	546 : 04;
	547 : 04;
	548 : 25;
	549 : 25;
	550 : 25;
	551 : 25;
	552 : 25;
	553 : 25;
	554 : 25;
	555 : 25;
	556 : 25;
	557 : 25;
	558 : 25;
	559 : 25;
	560 : 25;
	561 : 25;
	562 : 25;
	563 : 25;
	564 : 25;
	565 : 25;
	566 : 25;
	567 : 25;
	568 : 25;
	569 : 25;
	570 : 25;
	571 : 25;
	572 : 25;
	573 : 25;
	574 : 25;
	575 : 25;
	576 : 25;
	577 : 25;
	578 : 25;
	579 : 25;
	580 : 25;
	581 : 25;
	582 : 25;
	583 : 25;
	584 : 25;
	585 : 25;
	586 : 25;
	587 : 25;
	588 : 25;
	589 : 25;
	590 : 25;
	591 : 25;
	592 : 25;
	593 : 25;
	594 : 25;
	595 : 25;
	596 : 25;
	597 : 04;
	598 : 24;
	599 : 24;
	600 : 04;
	601 : 24;
	602 : 24;
	603 : 04;
	604 : 04;
	605 : 04;
	606 : 05;
	607 : 05;
	608 : 25;
	609 : 05;
	610 : 04;
	611 : 24;
	612 : 24;
	613 : 24;
	614 : 25;
	615 : 25;
	616 : 25;
	617 : 25;
	618 : 25;
	619 : 24;
	620 : 24;
	621 : 24;
	622 : 24;
	623 : 25;
	624 : 25;
	625 : 25;
	626 : 24;
	627 : 24;
	628 : 25;
	629 : 25;
	630 : 25;
	631 : 25;
	632 : 25;
	633 : 24;
	634 : 24;
	635 : 24;
	636 : 24;
	637 : 24;
	638 : 24;
	639 : 24;
	640 : 24;
	641 : 24;
	642 : 24;
	643 : 24;
	644 : 24;
	645 : 24;
	646 : 24;
	647 : 24;
	648 : 25;
	649 : 25;
	650 : 25;
	651 : 25;
	652 : 24;
	653 : 04;
	654 : 04;
	655 : 04;
	656 : 04;
	657 : 04;
	658 : 04;
	659 : 04;
	660 : 04;
	661 : 24;
	662 : 24;
	663 : 24;
	664 : 25;
	665 : 25;
	666 : 25;
	667 : 25;
	668 : 25;
	669 : 25;
	670 : 25;
	671 : 25;
	672 : 25;
	673 : 24;
	674 : 24;
	675 : 24;
	676 : 24;
	677 : 24;
	678 : 24;
	679 : 24;
	680 : 24;
	681 : 04;
	682 : 00;
	683 : 00;
	684 : 24;
	685 : 24;
	686 : 24;
	687 : 24;
	688 : 24;
	689 : 24;
	690 : 24;
	691 : 24;
	692 : 24;
	693 : 24;
	694 : 24;
	695 : 24;
	696 : 24;
	697 : 24;
	698 : 24;
	699 : 24;
	700 : 24;
	701 : 24;
	702 : 24;
	703 : 24;
	704 : 24;
	705 : 24;
	706 : 04;
	707 : 00;
	708 : 00;
	709 : 00;
	710 : 00;
	711 : 04;
	712 : 24;
	713 : 24;
	714 : 24;
	715 : 24;
	716 : 24;
	717 : 25;
	718 : 24;
	719 : 24;
	720 : 24;
	721 : 24;
	722 : 24;
	723 : 24;
	724 : 04;
	725 : 04;
	726 : 04;
	727 : 24;
	728 : 24;
	729 : 24;
	730 : 04;
	731 : 24;
	732 : 25;
	733 : 24;
	734 : 24;
	735 : 25;
	736 : 25;
	737 : 24;
	738 : 04;
	739 : 04;
	740 : 24;
	741 : 24;
	742 : 04;
	743 : 04;
	744 : 24;
	745 : 04;
	746 : 04;
	747 : 04;
	748 : 04;
	749 : 25;
	750 : 25;
	751 : 25;
	752 : 25;
	753 : 25;
	754 : 25;
	755 : 25;
	756 : 25;
	757 : 25;
	758 : 25;
	759 : 25;
	760 : 25;
	761 : 25;
	762 : 25;
	763 : 25;
	764 : 25;
	765 : 25;
	766 : 25;
	767 : 25;
	768 : 25;
	769 : 25;
	770 : 25;
	771 : 25;
	772 : 25;
	773 : 25;
	774 : 25;
	775 : 25;
	776 : 25;
	777 : 25;
	778 : 25;
	779 : 25;
	780 : 25;
	781 : 25;
	782 : 25;
	783 : 25;
	784 : 25;
	785 : 25;
	786 : 25;
	787 : 25;
	788 : 25;
	789 : 25;
	790 : 25;
	791 : 25;
	792 : 25;
	793 : 25;
	794 : 25;
	795 : 25;
	796 : 25;
	797 : 04;
	798 : 04;
	799 : 24;
	800 : 04;
	801 : 24;
	802 : 24;
	803 : 04;
	804 : 04;
	805 : 05;
	806 : 05;
	807 : 05;
	808 : 25;
	809 : 05;
	810 : 04;
	811 : 24;
	812 : 24;
	813 : 24;
	814 : 25;
	815 : 25;
	816 : 25;
	817 : 25;
	818 : 25;
	819 : 24;
	820 : 24;
	821 : 24;
	822 : 24;
	823 : 25;
	824 : 25;
	825 : 25;
	826 : 24;
	827 : 24;
	828 : 25;
	829 : 25;
	830 : 25;
	831 : 25;
	832 : 25;
	833 : 24;
	834 : 24;
	835 : 24;
	836 : 24;
	837 : 24;
	838 : 24;
	839 : 24;
	840 : 24;
	841 : 24;
	842 : 24;
	843 : 24;
	844 : 24;
	845 : 24;
	846 : 24;
	847 : 24;
	848 : 25;
	849 : 25;
	850 : 25;
	851 : 25;
	852 : 24;
	853 : 04;
	854 : 04;
	855 : 04;
	856 : 04;
	857 : 04;
	858 : 04;
	859 : 04;
	860 : 24;
	861 : 24;
	862 : 25;
	863 : 25;
	864 : 25;
	865 : 25;
	866 : 25;
	867 : 25;
	868 : 25;
	869 : 25;
	870 : 25;
	871 : 25;
	872 : 24;
	873 : 24;
	874 : 04;
	875 : 04;
	876 : 04;
	877 : 24;
	878 : 24;
	879 : 24;
	880 : 24;
	881 : 04;
	882 : 00;
	883 : 04;
	884 : 24;
	885 : 24;
	886 : 24;
	887 : 24;
	888 : 24;
	889 : 24;
	890 : 24;
	891 : 00;
	892 : 00;
	893 : 00;
	894 : 24;
	895 : 24;
	896 : 24;
	897 : 25;
	898 : 24;
	899 : 24;
	900 : 24;
	901 : 24;
	902 : 04;
	903 : 04;
	904 : 24;
	905 : 24;
	906 : 04;
	907 : 00;
	908 : 00;
	909 : 00;
	910 : 00;
	911 : 04;
	912 : 04;
	913 : 24;
	914 : 24;
	915 : 24;
	916 : 24;
	917 : 24;
	918 : 24;
	919 : 24;
	920 : 24;
	921 : 24;
	922 : 24;
	923 : 24;
	924 : 24;
	925 : 04;
	926 : 04;
	927 : 04;
	928 : 04;
	929 : 04;
	930 : 04;
	931 : 24;
	932 : 25;
	933 : 24;
	934 : 24;
	935 : 25;
	936 : 25;
	937 : 25;
	938 : 24;
	939 : 24;
	940 : 24;
	941 : 24;
	942 : 04;
	943 : 04;
	944 : 24;
	945 : 04;
	946 : 04;
	947 : 04;
	948 : 04;
	949 : 25;
	950 : 25;
	951 : 25;
	952 : 25;
	953 : 25;
	954 : 25;
	955 : 25;
	956 : 25;
	957 : 25;
	958 : 25;
	959 : 25;
	960 : 25;
	961 : 25;
	962 : 25;
	963 : 25;
	964 : 25;
	965 : 25;
	966 : 25;
	967 : 25;
	968 : 25;
	969 : 25;
	970 : 25;
	971 : 25;
	972 : 25;
	973 : 25;
	974 : 25;
	975 : 25;
	976 : 25;
	977 : 25;
	978 : 25;
	979 : 25;
	980 : 25;
	981 : 25;
	982 : 25;
	983 : 25;
	984 : 25;
	985 : 25;
	986 : 25;
	987 : 25;
	988 : 25;
	989 : 25;
	990 : 25;
	991 : 25;
	992 : 25;
	993 : 25;
	994 : 25;
	995 : 25;
	996 : 25;
	997 : 04;
	998 : 24;
	999 : 24;
	1000 : 24;
	1001 : 24;
	1002 : 24;
	1003 : 04;
	1004 : 04;
	1005 : 04;
	1006 : 05;
	1007 : 05;
	1008 : 25;
	1009 : 05;
	1010 : 04;
	1011 : 24;
	1012 : 24;
	1013 : 25;
	1014 : 25;
	1015 : 25;
	1016 : 25;
	1017 : 25;
	1018 : 25;
	1019 : 24;
	1020 : 24;
	1021 : 24;
	1022 : 24;
	1023 : 25;
	1024 : 25;
	1025 : 25;
	1026 : 24;
	1027 : 24;
	1028 : 25;
	1029 : 25;
	1030 : 25;
	1031 : 25;
	1032 : 25;
	1033 : 24;
	1034 : 24;
	1035 : 24;
	1036 : 24;
	1037 : 24;
	1038 : 24;
	1039 : 24;
	1040 : 24;
	1041 : 24;
	1042 : 24;
	1043 : 24;
	1044 : 24;
	1045 : 24;
	1046 : 24;
	1047 : 24;
	1048 : 25;
	1049 : 25;
	1050 : 25;
	1051 : 25;
	1052 : 24;
	1053 : 04;
	1054 : 04;
	1055 : 04;
	1056 : 04;
	1057 : 24;
	1058 : 25;
	1059 : 25;
	1060 : 25;
	1061 : 25;
	1062 : 25;
	1063 : 25;
	1064 : 25;
	1065 : 25;
	1066 : 25;
	1067 : 25;
	1068 : 25;
	1069 : 25;
	1070 : 25;
	1071 : 25;
	1072 : 24;
	1073 : 04;
	1074 : 04;
	1075 : 04;
	1076 : 04;
	1077 : 24;
	1078 : 24;
	1079 : 24;
	1080 : 24;
	1081 : 24;
	1082 : 24;
	1083 : 24;
	1084 : 24;
	1085 : 24;
	1086 : 24;
	1087 : 25;
	1088 : 24;
	1089 : 24;
	1090 : 00;
	1091 : 00;
	1092 : 00;
	1093 : 04;
	1094 : 24;
	1095 : 24;
	1096 : 24;
	1097 : 24;
	1098 : 24;
	1099 : 24;
	1100 : 24;
	1101 : 00;
	1102 : 00;
	1103 : 00;
	1104 : 24;
	1105 : 24;
	1106 : 24;
	1107 : 00;
	1108 : 00;
	1109 : 00;
	1110 : 00;
	1111 : 04;
	1112 : 04;
	1113 : 04;
	1114 : 04;
	1115 : 24;
	1116 : 24;
	1117 : 24;
	1118 : 24;
	1119 : 24;
	1120 : 24;
	1121 : 24;
	1122 : 24;
	1123 : 24;
	1124 : 24;
	1125 : 04;
	1126 : 04;
	1127 : 24;
	1128 : 04;
	1129 : 24;
	1130 : 24;
	1131 : 25;
	1132 : 25;
	1133 : 24;
	1134 : 24;
	1135 : 25;
	1136 : 25;
	1137 : 25;
	1138 : 24;
	1139 : 24;
	1140 : 24;
	1141 : 24;
	1142 : 04;
	1143 : 04;
	1144 : 04;
	1145 : 24;
	1146 : 24;
	1147 : 04;
	1148 : 05;
	1149 : 25;
	1150 : 25;
	1151 : 25;
	1152 : 25;
	1153 : 25;
	1154 : 25;
	1155 : 25;
	1156 : 25;
	1157 : 25;
	1158 : 25;
	1159 : 25;
	1160 : 25;
	1161 : 25;
	1162 : 25;
	1163 : 25;
	1164 : 25;
	1165 : 25;
	1166 : 25;
	1167 : 25;
	1168 : 25;
	1169 : 25;
	1170 : 25;
	1171 : 25;
	1172 : 25;
	1173 : 25;
	1174 : 25;
	1175 : 25;
	1176 : 25;
	1177 : 25;
	1178 : 25;
	1179 : 25;
	1180 : 25;
	1181 : 25;
	1182 : 25;
	1183 : 25;
	1184 : 25;
	1185 : 25;
	1186 : 25;
	1187 : 25;
	1188 : 25;
	1189 : 25;
	1190 : 25;
	1191 : 25;
	1192 : 25;
	1193 : 25;
	1194 : 25;
	1195 : 25;
	1196 : 25;
	1197 : 04;
	1198 : 24;
	1199 : 24;
	1200 : 24;
	1201 : 24;
	1202 : 24;
	1203 : 24;
	1204 : 04;
	1205 : 04;
	1206 : 04;
	1207 : 05;
	1208 : 25;
	1209 : 05;
	1210 : 24;
	1211 : 24;
	1212 : 24;
	1213 : 25;
	1214 : 25;
	1215 : 25;
	1216 : 25;
	1217 : 25;
	1218 : 25;
	1219 : 24;
	1220 : 24;
	1221 : 24;
	1222 : 24;
	1223 : 25;
	1224 : 25;
	1225 : 25;
	1226 : 24;
	1227 : 24;
	1228 : 25;
	1229 : 25;
	1230 : 25;
	1231 : 25;
	1232 : 25;
	1233 : 24;
	1234 : 24;
	1235 : 24;
	1236 : 24;
	1237 : 24;
	1238 : 24;
	1239 : 24;
	1240 : 24;
	1241 : 24;
	1242 : 24;
	1243 : 24;
	1244 : 24;
	1245 : 24;
	1246 : 24;
	1247 : 24;
	1248 : 25;
	1249 : 25;
	1250 : 25;
	1251 : 25;
	1252 : 24;
	1253 : 25;
	1254 : 25;
	1255 : 25;
	1256 : 24;
	1257 : 25;
	1258 : 25;
	1259 : 25;
	1260 : 25;
	1261 : 25;
	1262 : 25;
	1263 : 25;
	1264 : 25;
	1265 : 25;
	1266 : 25;
	1267 : 25;
	1268 : 25;
	1269 : 25;
	1270 : 25;
	1271 : 25;
	1272 : 25;
	1273 : 24;
	1274 : 24;
	1275 : 04;
	1276 : 04;
	1277 : 04;
	1278 : 24;
	1279 : 24;
	1280 : 24;
	1281 : 24;
	1282 : 24;
	1283 : 24;
	1284 : 24;
	1285 : 24;
	1286 : 24;
	1287 : 25;
	1288 : 24;
	1289 : 24;
	1290 : 04;
	1291 : 04;
	1292 : 04;
	1293 : 04;
	1294 : 24;
	1295 : 24;
	1296 : 24;
	1297 : 24;
	1298 : 24;
	1299 : 24;
	1300 : 24;
	1301 : 00;
	1302 : 00;
	1303 : 00;
	1304 : 00;
	1305 : 04;
	1306 : 24;
	1307 : 04;
	1308 : 04;
	1309 : 00;
	1310 : 00;
	1311 : 00;
	1312 : 04;
	1313 : 04;
	1314 : 04;
	1315 : 04;
	1316 : 24;
	1317 : 24;
	1318 : 24;
	1319 : 24;
	1320 : 24;
	1321 : 24;
	1322 : 24;
	1323 : 24;
	1324 : 24;
	1325 : 24;
	1326 : 24;
	1327 : 24;
	1328 : 24;
	1329 : 24;
	1330 : 24;
	1331 : 25;
	1332 : 25;
	1333 : 24;
	1334 : 24;
	1335 : 24;
	1336 : 25;
	1337 : 24;
	1338 : 24;
	1339 : 24;
	1340 : 24;
	1341 : 24;
	1342 : 04;
	1343 : 00;
	1344 : 04;
	1345 : 24;
	1346 : 25;
	1347 : 25;
	1348 : 25;
	1349 : 25;
	1350 : 25;
	1351 : 25;
	1352 : 25;
	1353 : 25;
	1354 : 25;
	1355 : 25;
	1356 : 25;
	1357 : 25;
	1358 : 25;
	1359 : 25;
	1360 : 25;
	1361 : 25;
	1362 : 25;
	1363 : 25;
	1364 : 25;
	1365 : 25;
	1366 : 25;
	1367 : 25;
	1368 : 25;
	1369 : 25;
	1370 : 25;
	1371 : 25;
	1372 : 25;
	1373 : 25;
	1374 : 25;
	1375 : 25;
	1376 : 25;
	1377 : 25;
	1378 : 25;
	1379 : 25;
	1380 : 25;
	1381 : 25;
	1382 : 25;
	1383 : 25;
	1384 : 25;
	1385 : 25;
	1386 : 25;
	1387 : 25;
	1388 : 25;
	1389 : 25;
	1390 : 25;
	1391 : 25;
	1392 : 25;
	1393 : 25;
	1394 : 25;
	1395 : 25;
	1396 : 25;
	1397 : 04;
	1398 : 24;
	1399 : 24;
	1400 : 24;
	1401 : 24;
	1402 : 24;
	1403 : 24;
	1404 : 24;
	1405 : 04;
	1406 : 04;
	1407 : 04;
	1408 : 25;
	1409 : 05;
	1410 : 24;
	1411 : 24;
	1412 : 24;
	1413 : 25;
	1414 : 25;
	1415 : 25;
	1416 : 25;
	1417 : 25;
	1418 : 25;
	1419 : 24;
	1420 : 24;
	1421 : 24;
	1422 : 24;
	1423 : 25;
	1424 : 25;
	1425 : 25;
	1426 : 24;
	1427 : 24;
	1428 : 25;
	1429 : 25;
	1430 : 25;
	1431 : 25;
	1432 : 25;
	1433 : 24;
	1434 : 24;
	1435 : 24;
	1436 : 24;
	1437 : 24;
	1438 : 24;
	1439 : 24;
	1440 : 24;
	1441 : 24;
	1442 : 24;
	1443 : 24;
	1444 : 24;
	1445 : 24;
	1446 : 24;
	1447 : 24;
	1448 : 25;
	1449 : 05;
	1450 : 25;
	1451 : 24;
	1452 : 24;
	1453 : 25;
	1454 : 25;
	1455 : 25;
	1456 : 25;
	1457 : 25;
	1458 : 25;
	1459 : 25;
	1460 : 25;
	1461 : 25;
	1462 : 25;
	1463 : 25;
	1464 : 25;
	1465 : 25;
	1466 : 25;
	1467 : 25;
	1468 : 25;
	1469 : 25;
	1470 : 25;
	1471 : 25;
	1472 : 25;
	1473 : 25;
	1474 : 24;
	1475 : 24;
	1476 : 24;
	1477 : 24;
	1478 : 24;
	1479 : 24;
	1480 : 24;
	1481 : 24;
	1482 : 24;
	1483 : 04;
	1484 : 24;
	1485 : 24;
	1486 : 24;
	1487 : 24;
	1488 : 24;
	1489 : 04;
	1490 : 04;
	1491 : 04;
	1492 : 24;
	1493 : 24;
	1494 : 24;
	1495 : 25;
	1496 : 49;
	1497 : 45;
	1498 : 24;
	1499 : 24;
	1500 : 24;
	1501 : 04;
	1502 : 00;
	1503 : 00;
	1504 : 00;
	1505 : 00;
	1506 : 00;
	1507 : 24;
	1508 : 04;
	1509 : 00;
	1510 : 00;
	1511 : 00;
	1512 : 00;
	1513 : 04;
	1514 : 04;
	1515 : 24;
	1516 : 24;
	1517 : 25;
	1518 : 25;
	1519 : 25;
	1520 : 25;
	1521 : 24;
	1522 : 24;
	1523 : 24;
	1524 : 24;
	1525 : 24;
	1526 : 24;
	1527 : 24;
	1528 : 24;
	1529 : 24;
	1530 : 24;
	1531 : 25;
	1532 : 25;
	1533 : 24;
	1534 : 24;
	1535 : 24;
	1536 : 04;
	1537 : 04;
	1538 : 24;
	1539 : 24;
	1540 : 25;
	1541 : 24;
	1542 : 04;
	1543 : 04;
	1544 : 04;
	1545 : 24;
	1546 : 25;
	1547 : 25;
	1548 : 25;
	1549 : 25;
	1550 : 25;
	1551 : 25;
	1552 : 25;
	1553 : 25;
	1554 : 25;
	1555 : 25;
	1556 : 25;
	1557 : 25;
	1558 : 25;
	1559 : 25;
	1560 : 25;
	1561 : 25;
	1562 : 25;
	1563 : 25;
	1564 : 25;
	1565 : 25;
	1566 : 25;
	1567 : 25;
	1568 : 25;
	1569 : 25;
	1570 : 25;
	1571 : 25;
	1572 : 25;
	1573 : 25;
	1574 : 25;
	1575 : 25;
	1576 : 25;
	1577 : 25;
	1578 : 25;
	1579 : 25;
	1580 : 25;
	1581 : 25;
	1582 : 25;
	1583 : 25;
	1584 : 25;
	1585 : 25;
	1586 : 25;
	1587 : 25;
	1588 : 25;
	1589 : 25;
	1590 : 25;
	1591 : 25;
	1592 : 25;
	1593 : 25;
	1594 : 25;
	1595 : 25;
	1596 : 25;
	1597 : 04;
	1598 : 04;
	1599 : 24;
	1600 : 24;
	1601 : 24;
	1602 : 24;
	1603 : 24;
	1604 : 24;
	1605 : 24;
	1606 : 24;
	1607 : 24;
	1608 : 04;
	1609 : 04;
	1610 : 24;
	1611 : 24;
	1612 : 24;
	1613 : 25;
	1614 : 25;
	1615 : 25;
	1616 : 25;
	1617 : 25;
	1618 : 25;
	1619 : 24;
	1620 : 24;
	1621 : 24;
	1622 : 24;
	1623 : 25;
	1624 : 25;
	1625 : 25;
	1626 : 24;
	1627 : 24;
	1628 : 25;
	1629 : 25;
	1630 : 25;
	1631 : 25;
	1632 : 25;
	1633 : 24;
	1634 : 24;
	1635 : 24;
	1636 : 24;
	1637 : 24;
	1638 : 24;
	1639 : 24;
	1640 : 24;
	1641 : 24;
	1642 : 24;
	1643 : 24;
	1644 : 24;
	1645 : 24;
	1646 : 24;
	1647 : 24;
	1648 : 25;
	1649 : 05;
	1650 : 04;
	1651 : 24;
	1652 : 25;
	1653 : 25;
	1654 : 25;
	1655 : 25;
	1656 : 25;
	1657 : 25;
	1658 : 25;
	1659 : 25;
	1660 : 25;
	1661 : 25;
	1662 : 25;
	1663 : 25;
	1664 : 25;
	1665 : 25;
	1666 : 24;
	1667 : 24;
	1668 : 24;
	1669 : 24;
	1670 : 24;
	1671 : 24;
	1672 : 24;
	1673 : 25;
	1674 : 25;
	1675 : 24;
	1676 : 24;
	1677 : 04;
	1678 : 04;
	1679 : 24;
	1680 : 24;
	1681 : 04;
	1682 : 04;
	1683 : 00;
	1684 : 04;
	1685 : 24;
	1686 : 24;
	1687 : 24;
	1688 : 24;
	1689 : 24;
	1690 : 24;
	1691 : 04;
	1692 : 04;
	1693 : 04;
	1694 : 24;
	1695 : 24;
	1696 : 25;
	1697 : 25;
	1698 : 24;
	1699 : 24;
	1700 : 24;
	1701 : 04;
	1702 : 00;
	1703 : 00;
	1704 : 00;
	1705 : 24;
	1706 : 24;
	1707 : 24;
	1708 : 24;
	1709 : 00;
	1710 : 00;
	1711 : 00;
	1712 : 04;
	1713 : 04;
	1714 : 04;
	1715 : 24;
	1716 : 24;
	1717 : 24;
	1718 : 24;
	1719 : 24;
	1720 : 24;
	1721 : 24;
	1722 : 24;
	1723 : 24;
	1724 : 25;
	1725 : 25;
	1726 : 24;
	1727 : 24;
	1728 : 24;
	1729 : 24;
	1730 : 24;
	1731 : 25;
	1732 : 25;
	1733 : 25;
	1734 : 24;
	1735 : 24;
	1736 : 04;
	1737 : 00;
	1738 : 04;
	1739 : 24;
	1740 : 24;
	1741 : 24;
	1742 : 04;
	1743 : 04;
	1744 : 04;
	1745 : 24;
	1746 : 25;
	1747 : 25;
	1748 : 25;
	1749 : 25;
	1750 : 25;
	1751 : 25;
	1752 : 25;
	1753 : 25;
	1754 : 25;
	1755 : 25;
	1756 : 25;
	1757 : 25;
	1758 : 25;
	1759 : 25;
	1760 : 25;
	1761 : 25;
	1762 : 25;
	1763 : 25;
	1764 : 25;
	1765 : 25;
	1766 : 25;
	1767 : 25;
	1768 : 25;
	1769 : 25;
	1770 : 25;
	1771 : 25;
	1772 : 25;
	1773 : 25;
	1774 : 25;
	1775 : 25;
	1776 : 25;
	1777 : 25;
	1778 : 25;
	1779 : 25;
	1780 : 25;
	1781 : 25;
	1782 : 25;
	1783 : 25;
	1784 : 25;
	1785 : 25;
	1786 : 25;
	1787 : 25;
	1788 : 25;
	1789 : 25;
	1790 : 25;
	1791 : 25;
	1792 : 25;
	1793 : 25;
	1794 : 25;
	1795 : 25;
	1796 : 25;
	1797 : 04;
	1798 : 04;
	1799 : 24;
	1800 : 20;
	1801 : 20;
	1802 : 24;
	1803 : 24;
	1804 : 24;
	1805 : 24;
	1806 : 24;
	1807 : 24;
	1808 : 24;
	1809 : 24;
	1810 : 24;
	1811 : 24;
	1812 : 24;
	1813 : 25;
	1814 : 25;
	1815 : 25;
	1816 : 25;
	1817 : 25;
	1818 : 25;
	1819 : 24;
	1820 : 24;
	1821 : 24;
	1822 : 24;
	1823 : 25;
	1824 : 25;
	1825 : 25;
	1826 : 24;
	1827 : 24;
	1828 : 25;
	1829 : 25;
	1830 : 25;
	1831 : 25;
	1832 : 25;
	1833 : 24;
	1834 : 24;
	1835 : 24;
	1836 : 24;
	1837 : 24;
	1838 : 24;
	1839 : 24;
	1840 : 24;
	1841 : 24;
	1842 : 24;
	1843 : 24;
	1844 : 24;
	1845 : 24;
	1846 : 24;
	1847 : 24;
	1848 : 25;
	1849 : 05;
	1850 : 25;
	1851 : 25;
	1852 : 25;
	1853 : 25;
	1854 : 25;
	1855 : 25;
	1856 : 25;
	1857 : 25;
	1858 : 25;
	1859 : 25;
	1860 : 25;
	1861 : 25;
	1862 : 25;
	1863 : 25;
	1864 : 25;
	1865 : 24;
	1866 : 24;
	1867 : 24;
	1868 : 24;
	1869 : 24;
	1870 : 24;
	1871 : 24;
	1872 : 24;
	1873 : 25;
	1874 : 25;
	1875 : 25;
	1876 : 24;
	1877 : 24;
	1878 : 24;
	1879 : 24;
	1880 : 04;
	1881 : 04;
	1882 : 04;
	1883 : 04;
	1884 : 04;
	1885 : 24;
	1886 : 24;
	1887 : 04;
	1888 : 04;
	1889 : 04;
	1890 : 04;
	1891 : 04;
	1892 : 04;
	1893 : 04;
	1894 : 24;
	1895 : 24;
	1896 : 25;
	1897 : 25;
	1898 : 24;
	1899 : 24;
	1900 : 24;
	1901 : 04;
	1902 : 00;
	1903 : 00;
	1904 : 00;
	1905 : 24;
	1906 : 24;
	1907 : 24;
	1908 : 24;
	1909 : 00;
	1910 : 00;
	1911 : 04;
	1912 : 04;
	1913 : 04;
	1914 : 04;
	1915 : 24;
	1916 : 24;
	1917 : 24;
	1918 : 24;
	1919 : 24;
	1920 : 24;
	1921 : 24;
	1922 : 24;
	1923 : 24;
	1924 : 24;
	1925 : 24;
	1926 : 24;
	1927 : 24;
	1928 : 24;
	1929 : 24;
	1930 : 24;
	1931 : 24;
	1932 : 25;
	1933 : 24;
	1934 : 24;
	1935 : 24;
	1936 : 24;
	1937 : 04;
	1938 : 04;
	1939 : 04;
	1940 : 24;
	1941 : 25;
	1942 : 24;
	1943 : 04;
	1944 : 04;
	1945 : 24;
	1946 : 25;
	1947 : 25;
	1948 : 25;
	1949 : 25;
	1950 : 25;
	1951 : 25;
	1952 : 25;
	1953 : 25;
	1954 : 25;
	1955 : 25;
	1956 : 25;
	1957 : 25;
	1958 : 25;
	1959 : 25;
	1960 : 25;
	1961 : 25;
	1962 : 25;
	1963 : 25;
	1964 : 25;
	1965 : 25;
	1966 : 25;
	1967 : 25;
	1968 : 25;
	1969 : 25;
	1970 : 25;
	1971 : 25;
	1972 : 25;
	1973 : 25;
	1974 : 25;
	1975 : 25;
	1976 : 25;
	1977 : 25;
	1978 : 25;
	1979 : 25;
	1980 : 25;
	1981 : 25;
	1982 : 25;
	1983 : 25;
	1984 : 25;
	1985 : 25;
	1986 : 25;
	1987 : 25;
	1988 : 25;
	1989 : 25;
	1990 : 25;
	1991 : 25;
	1992 : 25;
	1993 : 25;
	1994 : 25;
	1995 : 25;
	1996 : 25;
	1997 : 04;
	1998 : 04;
	1999 : 24;
	2000 : 24;
	2001 : 20;
	2002 : 20;
	2003 : 20;
	2004 : 24;
	2005 : 24;
	2006 : 24;
	2007 : 24;
	2008 : 24;
	2009 : 24;
	2010 : 24;
	2011 : 24;
	2012 : 24;
	2013 : 25;
	2014 : 25;
	2015 : 25;
	2016 : 25;
	2017 : 25;
	2018 : 25;
	2019 : 24;
	2020 : 24;
	2021 : 24;
	2022 : 24;
	2023 : 25;
	2024 : 25;
	2025 : 25;
	2026 : 24;
	2027 : 24;
	2028 : 25;
	2029 : 25;
	2030 : 25;
	2031 : 25;
	2032 : 25;
	2033 : 24;
	2034 : 24;
	2035 : 24;
	2036 : 24;
	2037 : 24;
	2038 : 24;
	2039 : 24;
	2040 : 24;
	2041 : 24;
	2042 : 24;
	2043 : 24;
	2044 : 24;
	2045 : 24;
	2046 : 24;
	2047 : 24;
	2048 : 25;
	2049 : 05;
	2050 : 25;
	2051 : 25;
	2052 : 25;
	2053 : 25;
	2054 : 25;
	2055 : 25;
	2056 : 25;
	2057 : 25;
	2058 : 25;
	2059 : 25;
	2060 : 25;
	2061 : 25;
	2062 : 25;
	2063 : 24;
	2064 : 24;
	2065 : 24;
	2066 : 24;
	2067 : 04;
	2068 : 24;
	2069 : 24;
	2070 : 24;
	2071 : 24;
	2072 : 24;
	2073 : 25;
	2074 : 25;
	2075 : 25;
	2076 : 24;
	2077 : 24;
	2078 : 24;
	2079 : 24;
	2080 : 04;
	2081 : 04;
	2082 : 04;
	2083 : 04;
	2084 : 24;
	2085 : 24;
	2086 : 04;
	2087 : 04;
	2088 : 04;
	2089 : 04;
	2090 : 04;
	2091 : 04;
	2092 : 04;
	2093 : 04;
	2094 : 24;
	2095 : 24;
	2096 : 25;
	2097 : 25;
	2098 : 24;
	2099 : 24;
	2100 : 24;
	2101 : 04;
	2102 : 00;
	2103 : 00;
	2104 : 00;
	2105 : 24;
	2106 : 24;
	2107 : 24;
	2108 : 24;
	2109 : 00;
	2110 : 00;
	2111 : 04;
	2112 : 04;
	2113 : 04;
	2114 : 24;
	2115 : 24;
	2116 : 24;
	2117 : 24;
	2118 : 24;
	2119 : 24;
	2120 : 24;
	2121 : 24;
	2122 : 24;
	2123 : 24;
	2124 : 24;
	2125 : 24;
	2126 : 24;
	2127 : 24;
	2128 : 24;
	2129 : 24;
	2130 : 24;
	2131 : 24;
	2132 : 24;
	2133 : 24;
	2134 : 24;
	2135 : 24;
	2136 : 24;
	2137 : 24;
	2138 : 04;
	2139 : 04;
	2140 : 24;
	2141 : 24;
	2142 : 24;
	2143 : 24;
	2144 : 04;
	2145 : 24;
	2146 : 25;
	2147 : 25;
	2148 : 25;
	2149 : 25;
	2150 : 25;
	2151 : 25;
	2152 : 25;
	2153 : 25;
	2154 : 25;
	2155 : 25;
	2156 : 25;
	2157 : 25;
	2158 : 25;
	2159 : 25;
	2160 : 25;
	2161 : 25;
	2162 : 25;
	2163 : 25;
	2164 : 25;
	2165 : 25;
	2166 : 25;
	2167 : 25;
	2168 : 25;
	2169 : 25;
	2170 : 25;
	2171 : 25;
	2172 : 25;
	2173 : 25;
	2174 : 25;
	2175 : 25;
	2176 : 25;
	2177 : 25;
	2178 : 25;
	2179 : 25;
	2180 : 25;
	2181 : 25;
	2182 : 25;
	2183 : 25;
	2184 : 25;
	2185 : 25;
	2186 : 25;
	2187 : 25;
	2188 : 25;
	2189 : 25;
	2190 : 25;
	2191 : 25;
	2192 : 25;
	2193 : 25;
	2194 : 25;
	2195 : 25;
	2196 : 25;
	2197 : 24;
	2198 : 24;
	2199 : 24;
	2200 : 24;
	2201 : 24;
	2202 : 24;
	2203 : 24;
	2204 : 20;
	2205 : 20;
	2206 : 20;
	2207 : 24;
	2208 : 24;
	2209 : 24;
	2210 : 24;
	2211 : 24;
	2212 : 24;
	2213 : 24;
	2214 : 25;
	2215 : 25;
	2216 : 25;
	2217 : 25;
	2218 : 25;
	2219 : 24;
	2220 : 24;
	2221 : 24;
	2222 : 24;
	2223 : 25;
	2224 : 25;
	2225 : 25;
	2226 : 24;
	2227 : 24;
	2228 : 25;
	2229 : 25;
	2230 : 25;
	2231 : 25;
	2232 : 25;
	2233 : 24;
	2234 : 24;
	2235 : 24;
	2236 : 24;
	2237 : 24;
	2238 : 24;
	2239 : 24;
	2240 : 24;
	2241 : 24;
	2242 : 24;
	2243 : 24;
	2244 : 24;
	2245 : 24;
	2246 : 24;
	2247 : 24;
	2248 : 25;
	2249 : 05;
	2250 : 25;
	2251 : 25;
	2252 : 25;
	2253 : 25;
	2254 : 25;
	2255 : 25;
	2256 : 25;
	2257 : 25;
	2258 : 25;
	2259 : 25;
	2260 : 25;
	2261 : 24;
	2262 : 24;
	2263 : 04;
	2264 : 24;
	2265 : 24;
	2266 : 24;
	2267 : 24;
	2268 : 24;
	2269 : 24;
	2270 : 24;
	2271 : 25;
	2272 : 25;
	2273 : 25;
	2274 : 25;
	2275 : 25;
	2276 : 25;
	2277 : 24;
	2278 : 04;
	2279 : 04;
	2280 : 00;
	2281 : 04;
	2282 : 04;
	2283 : 04;
	2284 : 04;
	2285 : 04;
	2286 : 04;
	2287 : 04;
	2288 : 04;
	2289 : 04;
	2290 : 04;
	2291 : 04;
	2292 : 04;
	2293 : 04;
	2294 : 24;
	2295 : 24;
	2296 : 25;
	2297 : 25;
	2298 : 24;
	2299 : 24;
	2300 : 24;
	2301 : 04;
	2302 : 00;
	2303 : 00;
	2304 : 00;
	2305 : 04;
	2306 : 24;
	2307 : 24;
	2308 : 24;
	2309 : 00;
	2310 : 00;
	2311 : 04;
	2312 : 04;
	2313 : 04;
	2314 : 04;
	2315 : 24;
	2316 : 25;
	2317 : 25;
	2318 : 25;
	2319 : 25;
	2320 : 24;
	2321 : 24;
	2322 : 24;
	2323 : 24;
	2324 : 04;
	2325 : 04;
	2326 : 24;
	2327 : 24;
	2328 : 24;
	2329 : 24;
	2330 : 24;
	2331 : 24;
	2332 : 24;
	2333 : 24;
	2334 : 24;
	2335 : 24;
	2336 : 24;
	2337 : 04;
	2338 : 04;
	2339 : 00;
	2340 : 04;
	2341 : 24;
	2342 : 24;
	2343 : 24;
	2344 : 04;
	2345 : 24;
	2346 : 25;
	2347 : 25;
	2348 : 25;
	2349 : 25;
	2350 : 25;
	2351 : 25;
	2352 : 25;
	2353 : 25;
	2354 : 25;
	2355 : 25;
	2356 : 25;
	2357 : 25;
	2358 : 25;
	2359 : 25;
	2360 : 25;
	2361 : 25;
	2362 : 25;
	2363 : 25;
	2364 : 25;
	2365 : 25;
	2366 : 25;
	2367 : 25;
	2368 : 25;
	2369 : 25;
	2370 : 25;
	2371 : 25;
	2372 : 25;
	2373 : 25;
	2374 : 25;
	2375 : 25;
	2376 : 25;
	2377 : 25;
	2378 : 25;
	2379 : 25;
	2380 : 25;
	2381 : 25;
	2382 : 25;
	2383 : 25;
	2384 : 25;
	2385 : 25;
	2386 : 25;
	2387 : 25;
	2388 : 25;
	2389 : 25;
	2390 : 25;
	2391 : 25;
	2392 : 25;
	2393 : 25;
	2394 : 25;
	2395 : 29;
	2396 : 25;
	2397 : 24;
	2398 : 24;
	2399 : 24;
	2400 : 24;
	2401 : 24;
	2402 : 24;
	2403 : 24;
	2404 : 24;
	2405 : 20;
	2406 : 20;
	2407 : 24;
	2408 : 24;
	2409 : 24;
	2410 : 24;
	2411 : 24;
	2412 : 24;
	2413 : 24;
	2414 : 25;
	2415 : 25;
	2416 : 25;
	2417 : 25;
	2418 : 25;
	2419 : 24;
	2420 : 24;
	2421 : 24;
	2422 : 24;
	2423 : 25;
	2424 : 25;
	2425 : 25;
	2426 : 24;
	2427 : 24;
	2428 : 25;
	2429 : 25;
	2430 : 25;
	2431 : 25;
	2432 : 25;
	2433 : 24;
	2434 : 24;
	2435 : 24;
	2436 : 24;
	2437 : 24;
	2438 : 24;
	2439 : 24;
	2440 : 24;
	2441 : 24;
	2442 : 24;
	2443 : 24;
	2444 : 24;
	2445 : 24;
	2446 : 24;
	2447 : 24;
	2448 : 25;
	2449 : 05;
	2450 : 25;
	2451 : 25;
	2452 : 25;
	2453 : 25;
	2454 : 25;
	2455 : 25;
	2456 : 25;
	2457 : 24;
	2458 : 24;
	2459 : 24;
	2460 : 24;
	2461 : 24;
	2462 : 24;
	2463 : 04;
	2464 : 24;
	2465 : 24;
	2466 : 24;
	2467 : 24;
	2468 : 24;
	2469 : 24;
	2470 : 24;
	2471 : 24;
	2472 : 24;
	2473 : 25;
	2474 : 25;
	2475 : 25;
	2476 : 25;
	2477 : 24;
	2478 : 04;
	2479 : 04;
	2480 : 04;
	2481 : 04;
	2482 : 04;
	2483 : 04;
	2484 : 04;
	2485 : 04;
	2486 : 04;
	2487 : 04;
	2488 : 04;
	2489 : 04;
	2490 : 24;
	2491 : 04;
	2492 : 04;
	2493 : 04;
	2494 : 24;
	2495 : 25;
	2496 : 25;
	2497 : 25;
	2498 : 24;
	2499 : 24;
	2500 : 24;
	2501 : 24;
	2502 : 04;
	2503 : 00;
	2504 : 00;
	2505 : 04;
	2506 : 04;
	2507 : 24;
	2508 : 24;
	2509 : 00;
	2510 : 00;
	2511 : 04;
	2512 : 04;
	2513 : 04;
	2514 : 04;
	2515 : 24;
	2516 : 25;
	2517 : 25;
	2518 : 25;
	2519 : 25;
	2520 : 25;
	2521 : 24;
	2522 : 24;
	2523 : 24;
	2524 : 00;
	2525 : 04;
	2526 : 24;
	2527 : 25;
	2528 : 24;
	2529 : 24;
	2530 : 24;
	2531 : 24;
	2532 : 24;
	2533 : 24;
	2534 : 24;
	2535 : 24;
	2536 : 24;
	2537 : 24;
	2538 : 24;
	2539 : 24;
	2540 : 04;
	2541 : 04;
	2542 : 24;
	2543 : 24;
	2544 : 24;
	2545 : 24;
	2546 : 24;
	2547 : 25;
	2548 : 25;
	2549 : 25;
	2550 : 25;
	2551 : 25;
	2552 : 25;
	2553 : 25;
	2554 : 25;
	2555 : 25;
	2556 : 25;
	2557 : 25;
	2558 : 25;
	2559 : 25;
	2560 : 25;
	2561 : 25;
	2562 : 25;
	2563 : 25;
	2564 : 25;
	2565 : 25;
	2566 : 25;
	2567 : 25;
	2568 : 25;
	2569 : 25;
	2570 : 25;
	2571 : 25;
	2572 : 25;
	2573 : 25;
	2574 : 25;
	2575 : 25;
	2576 : 25;
	2577 : 25;
	2578 : 25;
	2579 : 25;
	2580 : 25;
	2581 : 25;
	2582 : 25;
	2583 : 25;
	2584 : 25;
	2585 : 25;
	2586 : 25;
	2587 : 25;
	2588 : 25;
	2589 : 25;
	2590 : 25;
	2591 : 25;
	2592 : 25;
	2593 : 25;
	2594 : 25;
	2595 : 25;
	2596 : 25;
	2597 : 24;
	2598 : 24;
	2599 : 24;
	2600 : 24;
	2601 : 24;
	2602 : 24;
	2603 : 24;
	2604 : 24;
	2605 : 20;
	2606 : 00;
	2607 : 24;
	2608 : 24;
	2609 : 25;
	2610 : 25;
	2611 : 25;
	2612 : 25;
	2613 : 25;
	2614 : 25;
	2615 : 25;
	2616 : 25;
	2617 : 25;
	2618 : 25;
	2619 : 24;
	2620 : 24;
	2621 : 24;
	2622 : 24;
	2623 : 25;
	2624 : 25;
	2625 : 25;
	2626 : 24;
	2627 : 24;
	2628 : 25;
	2629 : 25;
	2630 : 25;
	2631 : 25;
	2632 : 25;
	2633 : 24;
	2634 : 24;
	2635 : 24;
	2636 : 24;
	2637 : 24;
	2638 : 24;
	2639 : 24;
	2640 : 24;
	2641 : 24;
	2642 : 24;
	2643 : 24;
	2644 : 24;
	2645 : 24;
	2646 : 24;
	2647 : 24;
	2648 : 25;
	2649 : 25;
	2650 : 25;
	2651 : 25;
	2652 : 25;
	2653 : 25;
	2654 : 25;
	2655 : 25;
	2656 : 24;
	2657 : 24;
	2658 : 24;
	2659 : 24;
	2660 : 24;
	2661 : 24;
	2662 : 24;
	2663 : 24;
	2664 : 24;
	2665 : 24;
	2666 : 24;
	2667 : 24;
	2668 : 04;
	2669 : 04;
	2670 : 04;
	2671 : 04;
	2672 : 24;
	2673 : 25;
	2674 : 25;
	2675 : 25;
	2676 : 25;
	2677 : 24;
	2678 : 04;
	2679 : 04;
	2680 : 04;
	2681 : 04;
	2682 : 04;
	2683 : 04;
	2684 : 04;
	2685 : 04;
	2686 : 04;
	2687 : 24;
	2688 : 24;
	2689 : 24;
	2690 : 24;
	2691 : 24;
	2692 : 24;
	2693 : 24;
	2694 : 24;
	2695 : 25;
	2696 : 25;
	2697 : 25;
	2698 : 24;
	2699 : 24;
	2700 : 24;
	2701 : 24;
	2702 : 24;
	2703 : 04;
	2704 : 00;
	2705 : 00;
	2706 : 04;
	2707 : 04;
	2708 : 24;
	2709 : 04;
	2710 : 00;
	2711 : 04;
	2712 : 04;
	2713 : 04;
	2714 : 04;
	2715 : 24;
	2716 : 24;
	2717 : 24;
	2718 : 24;
	2719 : 25;
	2720 : 25;
	2721 : 24;
	2722 : 24;
	2723 : 24;
	2724 : 00;
	2725 : 04;
	2726 : 24;
	2727 : 25;
	2728 : 24;
	2729 : 24;
	2730 : 24;
	2731 : 25;
	2732 : 25;
	2733 : 25;
	2734 : 24;
	2735 : 24;
	2736 : 24;
	2737 : 24;
	2738 : 24;
	2739 : 24;
	2740 : 04;
	2741 : 04;
	2742 : 24;
	2743 : 24;
	2744 : 24;
	2745 : 24;
	2746 : 24;
	2747 : 25;
	2748 : 25;
	2749 : 25;
	2750 : 25;
	2751 : 25;
	2752 : 25;
	2753 : 25;
	2754 : 25;
	2755 : 25;
	2756 : 25;
	2757 : 25;
	2758 : 25;
	2759 : 25;
	2760 : 25;
	2761 : 25;
	2762 : 25;
	2763 : 25;
	2764 : 25;
	2765 : 25;
	2766 : 25;
	2767 : 25;
	2768 : 25;
	2769 : 25;
	2770 : 25;
	2771 : 25;
	2772 : 25;
	2773 : 25;
	2774 : 25;
	2775 : 25;
	2776 : 25;
	2777 : 25;
	2778 : 25;
	2779 : 25;
	2780 : 25;
	2781 : 25;
	2782 : 25;
	2783 : 25;
	2784 : 25;
	2785 : 25;
	2786 : 25;
	2787 : 25;
	2788 : 25;
	2789 : 25;
	2790 : 25;
	2791 : 25;
	2792 : 25;
	2793 : 25;
	2794 : 25;
	2795 : 25;
	2796 : 25;
	2797 : 24;
	2798 : 24;
	2799 : 24;
	2800 : 24;
	2801 : 24;
	2802 : 24;
	2803 : 20;
	2804 : 00;
	2805 : 00;
	2806 : 00;
	2807 : 00;
	2808 : 24;
	2809 : 25;
	2810 : 25;
	2811 : 25;
	2812 : 25;
	2813 : 25;
	2814 : 25;
	2815 : 25;
	2816 : 25;
	2817 : 25;
	2818 : 25;
	2819 : 24;
	2820 : 24;
	2821 : 24;
	2822 : 24;
	2823 : 25;
	2824 : 25;
	2825 : 25;
	2826 : 24;
	2827 : 24;
	2828 : 25;
	2829 : 25;
	2830 : 25;
	2831 : 25;
	2832 : 25;
	2833 : 24;
	2834 : 24;
	2835 : 24;
	2836 : 24;
	2837 : 24;
	2838 : 24;
	2839 : 24;
	2840 : 24;
	2841 : 24;
	2842 : 24;
	2843 : 24;
	2844 : 24;
	2845 : 24;
	2846 : 24;
	2847 : 24;
	2848 : 25;
	2849 : 05;
	2850 : 25;
	2851 : 25;
	2852 : 25;
	2853 : 24;
	2854 : 24;
	2855 : 24;
	2856 : 24;
	2857 : 24;
	2858 : 24;
	2859 : 25;
	2860 : 25;
	2861 : 24;
	2862 : 24;
	2863 : 24;
	2864 : 24;
	2865 : 24;
	2866 : 24;
	2867 : 04;
	2868 : 04;
	2869 : 04;
	2870 : 04;
	2871 : 24;
	2872 : 25;
	2873 : 25;
	2874 : 25;
	2875 : 25;
	2876 : 25;
	2877 : 24;
	2878 : 04;
	2879 : 04;
	2880 : 04;
	2881 : 04;
	2882 : 04;
	2883 : 04;
	2884 : 04;
	2885 : 04;
	2886 : 24;
	2887 : 24;
	2888 : 24;
	2889 : 25;
	2890 : 25;
	2891 : 24;
	2892 : 24;
	2893 : 24;
	2894 : 24;
	2895 : 25;
	2896 : 25;
	2897 : 25;
	2898 : 24;
	2899 : 24;
	2900 : 24;
	2901 : 24;
	2902 : 24;
	2903 : 24;
	2904 : 04;
	2905 : 00;
	2906 : 00;
	2907 : 04;
	2908 : 24;
	2909 : 24;
	2910 : 00;
	2911 : 04;
	2912 : 24;
	2913 : 24;
	2914 : 24;
	2915 : 24;
	2916 : 24;
	2917 : 24;
	2918 : 24;
	2919 : 24;
	2920 : 25;
	2921 : 25;
	2922 : 24;
	2923 : 24;
	2924 : 00;
	2925 : 04;
	2926 : 04;
	2927 : 04;
	2928 : 04;
	2929 : 04;
	2930 : 24;
	2931 : 25;
	2932 : 25;
	2933 : 25;
	2934 : 24;
	2935 : 24;
	2936 : 24;
	2937 : 24;
	2938 : 25;
	2939 : 24;
	2940 : 04;
	2941 : 04;
	2942 : 04;
	2943 : 24;
	2944 : 25;
	2945 : 25;
	2946 : 25;
	2947 : 25;
	2948 : 25;
	2949 : 25;
	2950 : 25;
	2951 : 25;
	2952 : 25;
	2953 : 25;
	2954 : 25;
	2955 : 25;
	2956 : 25;
	2957 : 25;
	2958 : 25;
	2959 : 25;
	2960 : 25;
	2961 : 25;
	2962 : 25;
	2963 : 25;
	2964 : 25;
	2965 : 25;
	2966 : 29;
	2967 : 29;
	2968 : 25;
	2969 : 25;
	2970 : 25;
	2971 : 25;
	2972 : 25;
	2973 : 25;
	2974 : 25;
	2975 : 29;
	2976 : 25;
	2977 : 25;
	2978 : 25;
	2979 : 25;
	2980 : 25;
	2981 : 25;
	2982 : 25;
	2983 : 25;
	2984 : 25;
	2985 : 25;
	2986 : 25;
	2987 : 25;
	2988 : 25;
	2989 : 25;
	2990 : 25;
	2991 : 25;
	2992 : 25;
	2993 : 25;
	2994 : 25;
	2995 : 25;
	2996 : 25;
	2997 : 24;
	2998 : 24;
	2999 : 24;
	3000 : 24;
	3001 : 24;
	3002 : 24;
	3003 : 20;
	3004 : 00;
	3005 : 00;
	3006 : 00;
	3007 : 00;
	3008 : 24;
	3009 : 25;
	3010 : 25;
	3011 : 25;
	3012 : 24;
	3013 : 24;
	3014 : 24;
	3015 : 25;
	3016 : 25;
	3017 : 25;
	3018 : 25;
	3019 : 25;
	3020 : 24;
	3021 : 24;
	3022 : 24;
	3023 : 25;
	3024 : 25;
	3025 : 25;
	3026 : 24;
	3027 : 24;
	3028 : 25;
	3029 : 25;
	3030 : 25;
	3031 : 25;
	3032 : 25;
	3033 : 24;
	3034 : 24;
	3035 : 24;
	3036 : 24;
	3037 : 24;
	3038 : 24;
	3039 : 24;
	3040 : 24;
	3041 : 24;
	3042 : 24;
	3043 : 24;
	3044 : 24;
	3045 : 24;
	3046 : 24;
	3047 : 24;
	3048 : 25;
	3049 : 24;
	3050 : 24;
	3051 : 24;
	3052 : 25;
	3053 : 24;
	3054 : 24;
	3055 : 24;
	3056 : 25;
	3057 : 25;
	3058 : 25;
	3059 : 24;
	3060 : 24;
	3061 : 24;
	3062 : 24;
	3063 : 24;
	3064 : 24;
	3065 : 24;
	3066 : 24;
	3067 : 04;
	3068 : 04;
	3069 : 04;
	3070 : 04;
	3071 : 24;
	3072 : 24;
	3073 : 25;
	3074 : 25;
	3075 : 25;
	3076 : 25;
	3077 : 24;
	3078 : 04;
	3079 : 04;
	3080 : 04;
	3081 : 04;
	3082 : 04;
	3083 : 04;
	3084 : 24;
	3085 : 24;
	3086 : 25;
	3087 : 25;
	3088 : 25;
	3089 : 25;
	3090 : 25;
	3091 : 24;
	3092 : 24;
	3093 : 24;
	3094 : 24;
	3095 : 25;
	3096 : 25;
	3097 : 25;
	3098 : 24;
	3099 : 24;
	3100 : 24;
	3101 : 24;
	3102 : 24;
	3103 : 24;
	3104 : 24;
	3105 : 24;
	3106 : 24;
	3107 : 24;
	3108 : 24;
	3109 : 24;
	3110 : 04;
	3111 : 24;
	3112 : 24;
	3113 : 24;
	3114 : 24;
	3115 : 24;
	3116 : 24;
	3117 : 24;
	3118 : 24;
	3119 : 24;
	3120 : 25;
	3121 : 24;
	3122 : 24;
	3123 : 24;
	3124 : 00;
	3125 : 04;
	3126 : 04;
	3127 : 04;
	3128 : 04;
	3129 : 04;
	3130 : 24;
	3131 : 25;
	3132 : 25;
	3133 : 25;
	3134 : 24;
	3135 : 24;
	3136 : 24;
	3137 : 24;
	3138 : 24;
	3139 : 24;
	3140 : 24;
	3141 : 04;
	3142 : 04;
	3143 : 24;
	3144 : 24;
	3145 : 25;
	3146 : 25;
	3147 : 25;
	3148 : 25;
	3149 : 25;
	3150 : 25;
	3151 : 25;
	3152 : 25;
	3153 : 25;
	3154 : 25;
	3155 : 25;
	3156 : 25;
	3157 : 25;
	3158 : 25;
	3159 : 25;
	3160 : 25;
	3161 : 25;
	3162 : 25;
	3163 : 25;
	3164 : 25;
	3165 : 25;
	3166 : 25;
	3167 : 25;
	3168 : 25;
	3169 : 25;
	3170 : 25;
	3171 : 25;
	3172 : 25;
	3173 : 25;
	3174 : 25;
	3175 : 25;
	3176 : 25;
	3177 : 25;
	3178 : 25;
	3179 : 25;
	3180 : 25;
	3181 : 25;
	3182 : 25;
	3183 : 25;
	3184 : 25;
	3185 : 25;
	3186 : 25;
	3187 : 25;
	3188 : 25;
	3189 : 25;
	3190 : 25;
	3191 : 25;
	3192 : 25;
	3193 : 25;
	3194 : 25;
	3195 : 25;
	3196 : 25;
	3197 : 24;
	3198 : 24;
	3199 : 24;
	3200 : 24;
	3201 : 24;
	3202 : 24;
	3203 : 20;
	3204 : 00;
	3205 : 00;
	3206 : 00;
	3207 : 04;
	3208 : 24;
	3209 : 25;
	3210 : 25;
	3211 : 24;
	3212 : 24;
	3213 : 24;
	3214 : 24;
	3215 : 24;
	3216 : 25;
	3217 : 25;
	3218 : 25;
	3219 : 25;
	3220 : 25;
	3221 : 25;
	3222 : 24;
	3223 : 25;
	3224 : 25;
	3225 : 25;
	3226 : 24;
	3227 : 25;
	3228 : 25;
	3229 : 25;
	3230 : 25;
	3231 : 25;
	3232 : 25;
	3233 : 24;
	3234 : 24;
	3235 : 24;
	3236 : 24;
	3237 : 24;
	3238 : 24;
	3239 : 24;
	3240 : 24;
	3241 : 24;
	3242 : 24;
	3243 : 24;
	3244 : 24;
	3245 : 24;
	3246 : 24;
	3247 : 24;
	3248 : 25;
	3249 : 24;
	3250 : 24;
	3251 : 24;
	3252 : 25;
	3253 : 24;
	3254 : 24;
	3255 : 24;
	3256 : 24;
	3257 : 24;
	3258 : 24;
	3259 : 24;
	3260 : 04;
	3261 : 04;
	3262 : 24;
	3263 : 24;
	3264 : 24;
	3265 : 24;
	3266 : 24;
	3267 : 24;
	3268 : 04;
	3269 : 04;
	3270 : 04;
	3271 : 24;
	3272 : 25;
	3273 : 25;
	3274 : 25;
	3275 : 25;
	3276 : 25;
	3277 : 24;
	3278 : 24;
	3279 : 04;
	3280 : 04;
	3281 : 04;
	3282 : 04;
	3283 : 04;
	3284 : 25;
	3285 : 25;
	3286 : 25;
	3287 : 25;
	3288 : 25;
	3289 : 25;
	3290 : 25;
	3291 : 24;
	3292 : 24;
	3293 : 25;
	3294 : 25;
	3295 : 25;
	3296 : 25;
	3297 : 25;
	3298 : 24;
	3299 : 24;
	3300 : 24;
	3301 : 24;
	3302 : 24;
	3303 : 24;
	3304 : 24;
	3305 : 24;
	3306 : 24;
	3307 : 24;
	3308 : 24;
	3309 : 24;
	3310 : 04;
	3311 : 24;
	3312 : 24;
	3313 : 24;
	3314 : 24;
	3315 : 24;
	3316 : 24;
	3317 : 24;
	3318 : 24;
	3319 : 25;
	3320 : 24;
	3321 : 24;
	3322 : 24;
	3323 : 24;
	3324 : 04;
	3325 : 04;
	3326 : 04;
	3327 : 04;
	3328 : 04;
	3329 : 04;
	3330 : 24;
	3331 : 25;
	3332 : 25;
	3333 : 25;
	3334 : 25;
	3335 : 24;
	3336 : 04;
	3337 : 04;
	3338 : 04;
	3339 : 24;
	3340 : 24;
	3341 : 24;
	3342 : 04;
	3343 : 04;
	3344 : 24;
	3345 : 24;
	3346 : 25;
	3347 : 25;
	3348 : 25;
	3349 : 25;
	3350 : 25;
	3351 : 25;
	3352 : 25;
	3353 : 25;
	3354 : 25;
	3355 : 25;
	3356 : 25;
	3357 : 25;
	3358 : 25;
	3359 : 25;
	3360 : 25;
	3361 : 25;
	3362 : 25;
	3363 : 25;
	3364 : 25;
	3365 : 25;
	3366 : 25;
	3367 : 25;
	3368 : 25;
	3369 : 25;
	3370 : 25;
	3371 : 25;
	3372 : 25;
	3373 : 25;
	3374 : 25;
	3375 : 25;
	3376 : 25;
	3377 : 25;
	3378 : 25;
	3379 : 25;
	3380 : 25;
	3381 : 25;
	3382 : 25;
	3383 : 25;
	3384 : 25;
	3385 : 25;
	3386 : 25;
	3387 : 25;
	3388 : 25;
	3389 : 25;
	3390 : 25;
	3391 : 25;
	3392 : 25;
	3393 : 25;
	3394 : 25;
	3395 : 25;
	3396 : 25;
	3397 : 24;
	3398 : 24;
	3399 : 24;
	3400 : 24;
	3401 : 24;
	3402 : 24;
	3403 : 20;
	3404 : 00;
	3405 : 00;
	3406 : 00;
	3407 : 24;
	3408 : 24;
	3409 : 25;
	3410 : 24;
	3411 : 04;
	3412 : 24;
	3413 : 24;
	3414 : 24;
	3415 : 24;
	3416 : 25;
	3417 : 25;
	3418 : 29;
	3419 : 25;
	3420 : 25;
	3421 : 25;
	3422 : 25;
	3423 : 25;
	3424 : 25;
	3425 : 25;
	3426 : 24;
	3427 : 25;
	3428 : 25;
	3429 : 25;
	3430 : 25;
	3431 : 25;
	3432 : 24;
	3433 : 24;
	3434 : 24;
	3435 : 24;
	3436 : 24;
	3437 : 24;
	3438 : 24;
	3439 : 24;
	3440 : 24;
	3441 : 24;
	3442 : 24;
	3443 : 24;
	3444 : 24;
	3445 : 24;
	3446 : 24;
	3447 : 24;
	3448 : 25;
	3449 : 25;
	3450 : 25;
	3451 : 25;
	3452 : 25;
	3453 : 25;
	3454 : 25;
	3455 : 24;
	3456 : 24;
	3457 : 04;
	3458 : 04;
	3459 : 04;
	3460 : 04;
	3461 : 04;
	3462 : 04;
	3463 : 04;
	3464 : 04;
	3465 : 04;
	3466 : 24;
	3467 : 24;
	3468 : 04;
	3469 : 04;
	3470 : 04;
	3471 : 24;
	3472 : 25;
	3473 : 25;
	3474 : 25;
	3475 : 25;
	3476 : 24;
	3477 : 24;
	3478 : 24;
	3479 : 24;
	3480 : 24;
	3481 : 24;
	3482 : 04;
	3483 : 24;
	3484 : 25;
	3485 : 25;
	3486 : 29;
	3487 : 25;
	3488 : 25;
	3489 : 25;
	3490 : 25;
	3491 : 24;
	3492 : 25;
	3493 : 25;
	3494 : 25;
	3495 : 25;
	3496 : 25;
	3497 : 25;
	3498 : 25;
	3499 : 24;
	3500 : 24;
	3501 : 24;
	3502 : 24;
	3503 : 24;
	3504 : 24;
	3505 : 24;
	3506 : 24;
	3507 : 24;
	3508 : 24;
	3509 : 24;
	3510 : 24;
	3511 : 24;
	3512 : 25;
	3513 : 24;
	3514 : 24;
	3515 : 24;
	3516 : 24;
	3517 : 24;
	3518 : 25;
	3519 : 25;
	3520 : 24;
	3521 : 24;
	3522 : 25;
	3523 : 24;
	3524 : 04;
	3525 : 04;
	3526 : 04;
	3527 : 04;
	3528 : 04;
	3529 : 04;
	3530 : 24;
	3531 : 25;
	3532 : 25;
	3533 : 25;
	3534 : 25;
	3535 : 24;
	3536 : 04;
	3537 : 04;
	3538 : 04;
	3539 : 24;
	3540 : 24;
	3541 : 24;
	3542 : 24;
	3543 : 04;
	3544 : 24;
	3545 : 24;
	3546 : 25;
	3547 : 25;
	3548 : 25;
	3549 : 25;
	3550 : 25;
	3551 : 25;
	3552 : 25;
	3553 : 25;
	3554 : 25;
	3555 : 25;
	3556 : 25;
	3557 : 25;
	3558 : 25;
	3559 : 25;
	3560 : 25;
	3561 : 25;
	3562 : 25;
	3563 : 25;
	3564 : 25;
	3565 : 25;
	3566 : 25;
	3567 : 25;
	3568 : 25;
	3569 : 25;
	3570 : 25;
	3571 : 25;
	3572 : 25;
	3573 : 25;
	3574 : 25;
	3575 : 25;
	3576 : 25;
	3577 : 25;
	3578 : 25;
	3579 : 25;
	3580 : 25;
	3581 : 25;
	3582 : 25;
	3583 : 25;
	3584 : 25;
	3585 : 25;
	3586 : 25;
	3587 : 25;
	3588 : 25;
	3589 : 25;
	3590 : 25;
	3591 : 25;
	3592 : 25;
	3593 : 25;
	3594 : 25;
	3595 : 25;
	3596 : 25;
	3597 : 24;
	3598 : 24;
	3599 : 24;
	3600 : 24;
	3601 : 24;
	3602 : 24;
	3603 : 20;
	3604 : 00;
	3605 : 00;
	3606 : 00;
	3607 : 04;
	3608 : 24;
	3609 : 24;
	3610 : 24;
	3611 : 04;
	3612 : 24;
	3613 : 24;
	3614 : 24;
	3615 : 24;
	3616 : 24;
	3617 : 25;
	3618 : 29;
	3619 : 25;
	3620 : 25;
	3621 : 25;
	3622 : 29;
	3623 : 25;
	3624 : 25;
	3625 : 25;
	3626 : 24;
	3627 : 25;
	3628 : 25;
	3629 : 25;
	3630 : 25;
	3631 : 25;
	3632 : 24;
	3633 : 24;
	3634 : 24;
	3635 : 24;
	3636 : 24;
	3637 : 24;
	3638 : 24;
	3639 : 24;
	3640 : 24;
	3641 : 24;
	3642 : 24;
	3643 : 24;
	3644 : 24;
	3645 : 24;
	3646 : 24;
	3647 : 24;
	3648 : 25;
	3649 : 25;
	3650 : 25;
	3651 : 25;
	3652 : 25;
	3653 : 25;
	3654 : 25;
	3655 : 24;
	3656 : 04;
	3657 : 04;
	3658 : 04;
	3659 : 04;
	3660 : 04;
	3661 : 04;
	3662 : 04;
	3663 : 04;
	3664 : 04;
	3665 : 04;
	3666 : 24;
	3667 : 24;
	3668 : 04;
	3669 : 24;
	3670 : 24;
	3671 : 24;
	3672 : 25;
	3673 : 25;
	3674 : 25;
	3675 : 25;
	3676 : 24;
	3677 : 24;
	3678 : 24;
	3679 : 24;
	3680 : 24;
	3681 : 24;
	3682 : 24;
	3683 : 24;
	3684 : 25;
	3685 : 25;
	3686 : 29;
	3687 : 25;
	3688 : 25;
	3689 : 25;
	3690 : 24;
	3691 : 24;
	3692 : 25;
	3693 : 25;
	3694 : 25;
	3695 : 25;
	3696 : 25;
	3697 : 25;
	3698 : 25;
	3699 : 24;
	3700 : 24;
	3701 : 24;
	3702 : 24;
	3703 : 25;
	3704 : 25;
	3705 : 24;
	3706 : 24;
	3707 : 24;
	3708 : 24;
	3709 : 24;
	3710 : 04;
	3711 : 24;
	3712 : 25;
	3713 : 24;
	3714 : 24;
	3715 : 24;
	3716 : 24;
	3717 : 24;
	3718 : 25;
	3719 : 25;
	3720 : 25;
	3721 : 25;
	3722 : 25;
	3723 : 25;
	3724 : 04;
	3725 : 04;
	3726 : 24;
	3727 : 24;
	3728 : 24;
	3729 : 24;
	3730 : 25;
	3731 : 25;
	3732 : 25;
	3733 : 25;
	3734 : 25;
	3735 : 24;
	3736 : 04;
	3737 : 04;
	3738 : 04;
	3739 : 24;
	3740 : 24;
	3741 : 24;
	3742 : 04;
	3743 : 04;
	3744 : 24;
	3745 : 24;
	3746 : 24;
	3747 : 25;
	3748 : 25;
	3749 : 25;
	3750 : 25;
	3751 : 25;
	3752 : 25;
	3753 : 25;
	3754 : 25;
	3755 : 25;
	3756 : 25;
	3757 : 25;
	3758 : 25;
	3759 : 25;
	3760 : 25;
	3761 : 25;
	3762 : 25;
	3763 : 25;
	3764 : 25;
	3765 : 25;
	3766 : 25;
	3767 : 25;
	3768 : 25;
	3769 : 25;
	3770 : 25;
	3771 : 25;
	3772 : 25;
	3773 : 25;
	3774 : 25;
	3775 : 25;
	3776 : 25;
	3777 : 25;
	3778 : 25;
	3779 : 25;
	3780 : 29;
	3781 : 29;
	3782 : 25;
	3783 : 25;
	3784 : 25;
	3785 : 25;
	3786 : 29;
	3787 : 29;
	3788 : 29;
	3789 : 29;
	3790 : 29;
	3791 : 29;
	3792 : 29;
	3793 : 29;
	3794 : 29;
	3795 : 25;
	3796 : 25;
	3797 : 24;
	3798 : 24;
	3799 : 24;
	3800 : 24;
	3801 : 24;
	3802 : 24;
	3803 : 20;
	3804 : 00;
	3805 : 00;
	3806 : 00;
	3807 : 24;
	3808 : 24;
	3809 : 24;
	3810 : 24;
	3811 : 04;
	3812 : 24;
	3813 : 24;
	3814 : 24;
	3815 : 24;
	3816 : 24;
	3817 : 25;
	3818 : 25;
	3819 : 29;
	3820 : 29;
	3821 : 25;
	3822 : 29;
	3823 : 25;
	3824 : 25;
	3825 : 25;
	3826 : 24;
	3827 : 25;
	3828 : 25;
	3829 : 45;
	3830 : 25;
	3831 : 25;
	3832 : 25;
	3833 : 24;
	3834 : 24;
	3835 : 24;
	3836 : 24;
	3837 : 24;
	3838 : 24;
	3839 : 24;
	3840 : 24;
	3841 : 24;
	3842 : 24;
	3843 : 24;
	3844 : 24;
	3845 : 24;
	3846 : 24;
	3847 : 24;
	3848 : 25;
	3849 : 25;
	3850 : 25;
	3851 : 25;
	3852 : 24;
	3853 : 25;
	3854 : 24;
	3855 : 04;
	3856 : 04;
	3857 : 04;
	3858 : 04;
	3859 : 04;
	3860 : 04;
	3861 : 04;
	3862 : 04;
	3863 : 04;
	3864 : 04;
	3865 : 04;
	3866 : 24;
	3867 : 24;
	3868 : 04;
	3869 : 24;
	3870 : 24;
	3871 : 24;
	3872 : 25;
	3873 : 25;
	3874 : 25;
	3875 : 25;
	3876 : 25;
	3877 : 24;
	3878 : 24;
	3879 : 24;
	3880 : 24;
	3881 : 24;
	3882 : 24;
	3883 : 24;
	3884 : 25;
	3885 : 25;
	3886 : 29;
	3887 : 25;
	3888 : 25;
	3889 : 25;
	3890 : 24;
	3891 : 25;
	3892 : 25;
	3893 : 25;
	3894 : 25;
	3895 : 25;
	3896 : 25;
	3897 : 25;
	3898 : 25;
	3899 : 24;
	3900 : 24;
	3901 : 24;
	3902 : 24;
	3903 : 25;
	3904 : 25;
	3905 : 25;
	3906 : 25;
	3907 : 25;
	3908 : 25;
	3909 : 24;
	3910 : 24;
	3911 : 25;
	3912 : 25;
	3913 : 25;
	3914 : 25;
	3915 : 24;
	3916 : 24;
	3917 : 24;
	3918 : 25;
	3919 : 25;
	3920 : 25;
	3921 : 25;
	3922 : 25;
	3923 : 25;
	3924 : 04;
	3925 : 24;
	3926 : 25;
	3927 : 25;
	3928 : 25;
	3929 : 25;
	3930 : 25;
	3931 : 25;
	3932 : 25;
	3933 : 25;
	3934 : 25;
	3935 : 24;
	3936 : 04;
	3937 : 04;
	3938 : 04;
	3939 : 24;
	3940 : 24;
	3941 : 24;
	3942 : 24;
	3943 : 24;
	3944 : 24;
	3945 : 24;
	3946 : 24;
	3947 : 25;
	3948 : 25;
	3949 : 25;
	3950 : 25;
	3951 : 25;
	3952 : 25;
	3953 : 25;
	3954 : 25;
	3955 : 25;
	3956 : 24;
	3957 : 25;
	3958 : 25;
	3959 : 25;
	3960 : 25;
	3961 : 25;
	3962 : 25;
	3963 : 25;
	3964 : 25;
	3965 : 29;
	3966 : 29;
	3967 : 29;
	3968 : 29;
	3969 : 29;
	3970 : 29;
	3971 : 29;
	3972 : 29;
	3973 : 29;
	3974 : 29;
	3975 : 29;
	3976 : 29;
	3977 : 29;
	3978 : 29;
	3979 : 29;
	3980 : 29;
	3981 : 29;
	3982 : 29;
	3983 : 29;
	3984 : 29;
	3985 : 29;
	3986 : 29;
	3987 : 29;
	3988 : 29;
	3989 : 29;
	3990 : 29;
	3991 : 29;
	3992 : 29;
	3993 : 29;
	3994 : 29;
	3995 : 25;
	3996 : 25;
	3997 : 24;
	3998 : 24;
	3999 : 24;
	4000 : 24;
	4001 : 24;
	4002 : 24;
	4003 : 20;
	4004 : 00;
	4005 : 00;
	4006 : 00;
	4007 : 24;
	4008 : 24;
	4009 : 25;
	4010 : 24;
	4011 : 24;
	4012 : 24;
	4013 : 24;
	4014 : 24;
	4015 : 24;
	4016 : 24;
	4017 : 25;
	4018 : 29;
	4019 : 29;
	4020 : 29;
	4021 : 29;
	4022 : 49;
	4023 : 25;
	4024 : 25;
	4025 : 25;
	4026 : 24;
	4027 : 25;
	4028 : 25;
	4029 : 25;
	4030 : 25;
	4031 : 25;
	4032 : 25;
	4033 : 24;
	4034 : 24;
	4035 : 24;
	4036 : 24;
	4037 : 24;
	4038 : 24;
	4039 : 24;
	4040 : 24;
	4041 : 24;
	4042 : 24;
	4043 : 24;
	4044 : 24;
	4045 : 24;
	4046 : 24;
	4047 : 24;
	4048 : 25;
	4049 : 25;
	4050 : 25;
	4051 : 25;
	4052 : 24;
	4053 : 24;
	4054 : 04;
	4055 : 04;
	4056 : 04;
	4057 : 04;
	4058 : 04;
	4059 : 04;
	4060 : 04;
	4061 : 04;
	4062 : 04;
	4063 : 04;
	4064 : 04;
	4065 : 04;
	4066 : 24;
	4067 : 24;
	4068 : 24;
	4069 : 24;
	4070 : 24;
	4071 : 24;
	4072 : 25;
	4073 : 25;
	4074 : 25;
	4075 : 25;
	4076 : 25;
	4077 : 24;
	4078 : 24;
	4079 : 24;
	4080 : 24;
	4081 : 24;
	4082 : 24;
	4083 : 24;
	4084 : 25;
	4085 : 25;
	4086 : 29;
	4087 : 25;
	4088 : 25;
	4089 : 24;
	4090 : 25;
	4091 : 25;
	4092 : 25;
	4093 : 25;
	4094 : 25;
	4095 : 25;
	4096 : 25;
	4097 : 25;
	4098 : 25;
	4099 : 24;
	4100 : 24;
	4101 : 24;
	4102 : 24;
	4103 : 25;
	4104 : 25;
	4105 : 25;
	4106 : 25;
	4107 : 25;
	4108 : 25;
	4109 : 25;
	4110 : 25;
	4111 : 25;
	4112 : 25;
	4113 : 25;
	4114 : 25;
	4115 : 25;
	4116 : 25;
	4117 : 25;
	4118 : 25;
	4119 : 25;
	4120 : 25;
	4121 : 25;
	4122 : 25;
	4123 : 25;
	4124 : 24;
	4125 : 25;
	4126 : 25;
	4127 : 25;
	4128 : 25;
	4129 : 25;
	4130 : 25;
	4131 : 25;
	4132 : 25;
	4133 : 25;
	4134 : 25;
	4135 : 24;
	4136 : 24;
	4137 : 04;
	4138 : 04;
	4139 : 24;
	4140 : 24;
	4141 : 24;
	4142 : 24;
	4143 : 24;
	4144 : 24;
	4145 : 24;
	4146 : 24;
	4147 : 24;
	4148 : 25;
	4149 : 25;
	4150 : 25;
	4151 : 25;
	4152 : 25;
	4153 : 25;
	4154 : 25;
	4155 : 25;
	4156 : 25;
	4157 : 25;
	4158 : 25;
	4159 : 25;
	4160 : 25;
	4161 : 25;
	4162 : 25;
	4163 : 25;
	4164 : 29;
	4165 : 29;
	4166 : 29;
	4167 : 29;
	4168 : 29;
	4169 : 29;
	4170 : 29;
	4171 : 29;
	4172 : 29;
	4173 : 29;
	4174 : 29;
	4175 : 29;
	4176 : 29;
	4177 : 29;
	4178 : 29;
	4179 : 29;
	4180 : 29;
	4181 : 29;
	4182 : 29;
	4183 : 29;
	4184 : 29;
	4185 : 29;
	4186 : 29;
	4187 : 29;
	4188 : 29;
	4189 : 29;
	4190 : 29;
	4191 : 29;
	4192 : 29;
	4193 : 29;
	4194 : 29;
	4195 : 29;
	4196 : 25;
	4197 : 25;
	4198 : 24;
	4199 : 24;
	4200 : 24;
	4201 : 24;
	4202 : 24;
	4203 : 20;
	4204 : 00;
	4205 : 00;
	4206 : 00;
	4207 : 24;
	4208 : 24;
	4209 : 25;
	4210 : 25;
	4211 : 24;
	4212 : 24;
	4213 : 24;
	4214 : 24;
	4215 : 24;
	4216 : 24;
	4217 : 25;
	4218 : 29;
	4219 : 29;
	4220 : 49;
	4221 : 49;
	4222 : 49;
	4223 : 29;
	4224 : 25;
	4225 : 25;
	4226 : 24;
	4227 : 24;
	4228 : 25;
	4229 : 25;
	4230 : 25;
	4231 : 25;
	4232 : 24;
	4233 : 24;
	4234 : 24;
	4235 : 24;
	4236 : 24;
	4237 : 24;
	4238 : 24;
	4239 : 24;
	4240 : 24;
	4241 : 24;
	4242 : 24;
	4243 : 24;
	4244 : 24;
	4245 : 24;
	4246 : 04;
	4247 : 24;
	4248 : 25;
	4249 : 25;
	4250 : 25;
	4251 : 25;
	4252 : 24;
	4253 : 04;
	4254 : 04;
	4255 : 04;
	4256 : 04;
	4257 : 04;
	4258 : 04;
	4259 : 04;
	4260 : 04;
	4261 : 04;
	4262 : 04;
	4263 : 04;
	4264 : 04;
	4265 : 04;
	4266 : 24;
	4267 : 24;
	4268 : 24;
	4269 : 24;
	4270 : 24;
	4271 : 24;
	4272 : 25;
	4273 : 25;
	4274 : 25;
	4275 : 25;
	4276 : 25;
	4277 : 24;
	4278 : 24;
	4279 : 24;
	4280 : 24;
	4281 : 24;
	4282 : 24;
	4283 : 25;
	4284 : 24;
	4285 : 25;
	4286 : 25;
	4287 : 25;
	4288 : 25;
	4289 : 25;
	4290 : 25;
	4291 : 25;
	4292 : 25;
	4293 : 25;
	4294 : 25;
	4295 : 25;
	4296 : 25;
	4297 : 25;
	4298 : 24;
	4299 : 24;
	4300 : 24;
	4301 : 24;
	4302 : 24;
	4303 : 25;
	4304 : 25;
	4305 : 25;
	4306 : 25;
	4307 : 25;
	4308 : 25;
	4309 : 25;
	4310 : 25;
	4311 : 25;
	4312 : 25;
	4313 : 25;
	4314 : 25;
	4315 : 25;
	4316 : 25;
	4317 : 25;
	4318 : 25;
	4319 : 25;
	4320 : 25;
	4321 : 25;
	4322 : 25;
	4323 : 25;
	4324 : 25;
	4325 : 25;
	4326 : 25;
	4327 : 25;
	4328 : 25;
	4329 : 25;
	4330 : 25;
	4331 : 25;
	4332 : 25;
	4333 : 25;
	4334 : 25;
	4335 : 25;
	4336 : 24;
	4337 : 04;
	4338 : 04;
	4339 : 24;
	4340 : 24;
	4341 : 24;
	4342 : 24;
	4343 : 24;
	4344 : 24;
	4345 : 24;
	4346 : 24;
	4347 : 24;
	4348 : 24;
	4349 : 25;
	4350 : 25;
	4351 : 25;
	4352 : 25;
	4353 : 24;
	4354 : 24;
	4355 : 25;
	4356 : 25;
	4357 : 25;
	4358 : 25;
	4359 : 25;
	4360 : 25;
	4361 : 25;
	4362 : 25;
	4363 : 25;
	4364 : 29;
	4365 : 29;
	4366 : 29;
	4367 : 29;
	4368 : 29;
	4369 : 29;
	4370 : 29;
	4371 : 29;
	4372 : 29;
	4373 : 29;
	4374 : 29;
	4375 : 29;
	4376 : 29;
	4377 : 29;
	4378 : 29;
	4379 : 29;
	4380 : 29;
	4381 : 29;
	4382 : 29;
	4383 : 29;
	4384 : 29;
	4385 : 29;
	4386 : 29;
	4387 : 29;
	4388 : 29;
	4389 : 29;
	4390 : 29;
	4391 : 29;
	4392 : 29;
	4393 : 29;
	4394 : 29;
	4395 : 29;
	4396 : 25;
	4397 : 25;
	4398 : 25;
	4399 : 24;
	4400 : 24;
	4401 : 24;
	4402 : 24;
	4403 : 20;
	4404 : 00;
	4405 : 00;
	4406 : 00;
	4407 : 24;
	4408 : 24;
	4409 : 25;
	4410 : 25;
	4411 : 25;
	4412 : 24;
	4413 : 24;
	4414 : 24;
	4415 : 24;
	4416 : 24;
	4417 : 25;
	4418 : 29;
	4419 : 29;
	4420 : 29;
	4421 : 49;
	4422 : 49;
	4423 : 25;
	4424 : 25;
	4425 : 24;
	4426 : 24;
	4427 : 24;
	4428 : 24;
	4429 : 24;
	4430 : 24;
	4431 : 24;
	4432 : 24;
	4433 : 24;
	4434 : 24;
	4435 : 24;
	4436 : 24;
	4437 : 24;
	4438 : 24;
	4439 : 24;
	4440 : 24;
	4441 : 24;
	4442 : 24;
	4443 : 24;
	4444 : 24;
	4445 : 04;
	4446 : 04;
	4447 : 04;
	4448 : 25;
	4449 : 25;
	4450 : 25;
	4451 : 25;
	4452 : 24;
	4453 : 04;
	4454 : 04;
	4455 : 04;
	4456 : 24;
	4457 : 04;
	4458 : 04;
	4459 : 04;
	4460 : 04;
	4461 : 24;
	4462 : 24;
	4463 : 04;
	4464 : 24;
	4465 : 24;
	4466 : 24;
	4467 : 24;
	4468 : 25;
	4469 : 25;
	4470 : 24;
	4471 : 24;
	4472 : 25;
	4473 : 25;
	4474 : 25;
	4475 : 25;
	4476 : 25;
	4477 : 25;
	4478 : 24;
	4479 : 24;
	4480 : 24;
	4481 : 24;
	4482 : 24;
	4483 : 25;
	4484 : 25;
	4485 : 25;
	4486 : 25;
	4487 : 25;
	4488 : 25;
	4489 : 25;
	4490 : 25;
	4491 : 25;
	4492 : 25;
	4493 : 25;
	4494 : 25;
	4495 : 25;
	4496 : 25;
	4497 : 25;
	4498 : 24;
	4499 : 24;
	4500 : 24;
	4501 : 24;
	4502 : 24;
	4503 : 25;
	4504 : 25;
	4505 : 25;
	4506 : 25;
	4507 : 25;
	4508 : 25;
	4509 : 25;
	4510 : 25;
	4511 : 25;
	4512 : 25;
	4513 : 25;
	4514 : 25;
	4515 : 25;
	4516 : 25;
	4517 : 25;
	4518 : 25;
	4519 : 25;
	4520 : 25;
	4521 : 25;
	4522 : 25;
	4523 : 25;
	4524 : 25;
	4525 : 25;
	4526 : 25;
	4527 : 25;
	4528 : 25;
	4529 : 25;
	4530 : 25;
	4531 : 25;
	4532 : 25;
	4533 : 25;
	4534 : 25;
	4535 : 25;
	4536 : 25;
	4537 : 24;
	4538 : 04;
	4539 : 24;
	4540 : 24;
	4541 : 24;
	4542 : 24;
	4543 : 24;
	4544 : 24;
	4545 : 24;
	4546 : 24;
	4547 : 24;
	4548 : 24;
	4549 : 25;
	4550 : 25;
	4551 : 25;
	4552 : 25;
	4553 : 24;
	4554 : 24;
	4555 : 25;
	4556 : 25;
	4557 : 25;
	4558 : 25;
	4559 : 25;
	4560 : 25;
	4561 : 25;
	4562 : 25;
	4563 : 25;
	4564 : 29;
	4565 : 29;
	4566 : 29;
	4567 : 29;
	4568 : 29;
	4569 : 29;
	4570 : 29;
	4571 : 29;
	4572 : 29;
	4573 : 29;
	4574 : 29;
	4575 : 29;
	4576 : 29;
	4577 : 29;
	4578 : 29;
	4579 : 29;
	4580 : 29;
	4581 : 29;
	4582 : 29;
	4583 : 29;
	4584 : 29;
	4585 : 29;
	4586 : 29;
	4587 : 29;
	4588 : 29;
	4589 : 29;
	4590 : 29;
	4591 : 29;
	4592 : 29;
	4593 : 29;
	4594 : 29;
	4595 : 29;
	4596 : 29;
	4597 : 25;
	4598 : 25;
	4599 : 24;
	4600 : 24;
	4601 : 24;
	4602 : 24;
	4603 : 20;
	4604 : 00;
	4605 : 00;
	4606 : 00;
	4607 : 24;
	4608 : 24;
	4609 : 24;
	4610 : 24;
	4611 : 25;
	4612 : 24;
	4613 : 24;
	4614 : 24;
	4615 : 24;
	4616 : 25;
	4617 : 25;
	4618 : 29;
	4619 : 29;
	4620 : 29;
	4621 : 29;
	4622 : 49;
	4623 : 25;
	4624 : 25;
	4625 : 24;
	4626 : 24;
	4627 : 24;
	4628 : 24;
	4629 : 24;
	4630 : 24;
	4631 : 24;
	4632 : 24;
	4633 : 24;
	4634 : 24;
	4635 : 24;
	4636 : 24;
	4637 : 24;
	4638 : 24;
	4639 : 24;
	4640 : 24;
	4641 : 24;
	4642 : 24;
	4643 : 24;
	4644 : 24;
	4645 : 24;
	4646 : 25;
	4647 : 25;
	4648 : 25;
	4649 : 25;
	4650 : 25;
	4651 : 25;
	4652 : 24;
	4653 : 04;
	4654 : 04;
	4655 : 04;
	4656 : 24;
	4657 : 24;
	4658 : 04;
	4659 : 24;
	4660 : 24;
	4661 : 24;
	4662 : 24;
	4663 : 24;
	4664 : 24;
	4665 : 24;
	4666 : 24;
	4667 : 24;
	4668 : 25;
	4669 : 25;
	4670 : 25;
	4671 : 24;
	4672 : 24;
	4673 : 25;
	4674 : 25;
	4675 : 25;
	4676 : 25;
	4677 : 25;
	4678 : 24;
	4679 : 24;
	4680 : 25;
	4681 : 24;
	4682 : 24;
	4683 : 25;
	4684 : 25;
	4685 : 25;
	4686 : 25;
	4687 : 25;
	4688 : 25;
	4689 : 25;
	4690 : 24;
	4691 : 24;
	4692 : 24;
	4693 : 24;
	4694 : 24;
	4695 : 25;
	4696 : 25;
	4697 : 25;
	4698 : 24;
	4699 : 24;
	4700 : 24;
	4701 : 24;
	4702 : 24;
	4703 : 25;
	4704 : 25;
	4705 : 25;
	4706 : 25;
	4707 : 25;
	4708 : 25;
	4709 : 25;
	4710 : 25;
	4711 : 25;
	4712 : 25;
	4713 : 25;
	4714 : 25;
	4715 : 25;
	4716 : 25;
	4717 : 25;
	4718 : 25;
	4719 : 25;
	4720 : 25;
	4721 : 25;
	4722 : 25;
	4723 : 25;
	4724 : 25;
	4725 : 25;
	4726 : 49;
	4727 : 49;
	4728 : 45;
	4729 : 25;
	4730 : 25;
	4731 : 25;
	4732 : 25;
	4733 : 25;
	4734 : 25;
	4735 : 25;
	4736 : 25;
	4737 : 25;
	4738 : 24;
	4739 : 24;
	4740 : 24;
	4741 : 24;
	4742 : 24;
	4743 : 24;
	4744 : 24;
	4745 : 24;
	4746 : 24;
	4747 : 24;
	4748 : 25;
	4749 : 25;
	4750 : 25;
	4751 : 25;
	4752 : 25;
	4753 : 25;
	4754 : 25;
	4755 : 25;
	4756 : 25;
	4757 : 25;
	4758 : 25;
	4759 : 25;
	4760 : 25;
	4761 : 25;
	4762 : 25;
	4763 : 25;
	4764 : 29;
	4765 : 29;
	4766 : 29;
	4767 : 29;
	4768 : 29;
	4769 : 29;
	4770 : 29;
	4771 : 29;
	4772 : 29;
	4773 : 29;
	4774 : 29;
	4775 : 29;
	4776 : 29;
	4777 : 29;
	4778 : 29;
	4779 : 29;
	4780 : 29;
	4781 : 29;
	4782 : 29;
	4783 : 29;
	4784 : 29;
	4785 : 29;
	4786 : 29;
	4787 : 29;
	4788 : 29;
	4789 : 29;
	4790 : 29;
	4791 : 29;
	4792 : 29;
	4793 : 29;
	4794 : 29;
	4795 : 29;
	4796 : 29;
	4797 : 29;
	4798 : 25;
	4799 : 24;
	4800 : 24;
	4801 : 24;
	4802 : 24;
	4803 : 20;
	4804 : 00;
	4805 : 00;
	4806 : 00;
	4807 : 00;
	4808 : 00;
	4809 : 24;
	4810 : 24;
	4811 : 24;
	4812 : 24;
	4813 : 24;
	4814 : 24;
	4815 : 25;
	4816 : 25;
	4817 : 29;
	4818 : 29;
	4819 : 25;
	4820 : 25;
	4821 : 25;
	4822 : 29;
	4823 : 29;
	4824 : 25;
	4825 : 24;
	4826 : 24;
	4827 : 24;
	4828 : 25;
	4829 : 24;
	4830 : 24;
	4831 : 24;
	4832 : 24;
	4833 : 24;
	4834 : 24;
	4835 : 24;
	4836 : 24;
	4837 : 24;
	4838 : 24;
	4839 : 24;
	4840 : 24;
	4841 : 24;
	4842 : 25;
	4843 : 25;
	4844 : 25;
	4845 : 25;
	4846 : 25;
	4847 : 25;
	4848 : 25;
	4849 : 25;
	4850 : 25;
	4851 : 25;
	4852 : 24;
	4853 : 24;
	4854 : 04;
	4855 : 04;
	4856 : 24;
	4857 : 24;
	4858 : 24;
	4859 : 24;
	4860 : 24;
	4861 : 24;
	4862 : 24;
	4863 : 25;
	4864 : 25;
	4865 : 25;
	4866 : 24;
	4867 : 24;
	4868 : 25;
	4869 : 25;
	4870 : 25;
	4871 : 24;
	4872 : 24;
	4873 : 25;
	4874 : 25;
	4875 : 25;
	4876 : 25;
	4877 : 25;
	4878 : 25;
	4879 : 25;
	4880 : 45;
	4881 : 25;
	4882 : 25;
	4883 : 25;
	4884 : 25;
	4885 : 25;
	4886 : 25;
	4887 : 25;
	4888 : 24;
	4889 : 24;
	4890 : 24;
	4891 : 24;
	4892 : 24;
	4893 : 24;
	4894 : 24;
	4895 : 24;
	4896 : 25;
	4897 : 25;
	4898 : 24;
	4899 : 24;
	4900 : 24;
	4901 : 24;
	4902 : 25;
	4903 : 25;
	4904 : 25;
	4905 : 25;
	4906 : 25;
	4907 : 45;
	4908 : 45;
	4909 : 45;
	4910 : 45;
	4911 : 49;
	4912 : 29;
	4913 : 25;
	4914 : 25;
	4915 : 25;
	4916 : 25;
	4917 : 25;
	4918 : 25;
	4919 : 25;
	4920 : 25;
	4921 : 25;
	4922 : 25;
	4923 : 25;
	4924 : 25;
	4925 : 49;
	4926 : 49;
	4927 : 69;
	4928 : 49;
	4929 : 25;
	4930 : 25;
	4931 : 25;
	4932 : 25;
	4933 : 25;
	4934 : 25;
	4935 : 25;
	4936 : 25;
	4937 : 25;
	4938 : 25;
	4939 : 24;
	4940 : 24;
	4941 : 25;
	4942 : 24;
	4943 : 24;
	4944 : 24;
	4945 : 24;
	4946 : 25;
	4947 : 25;
	4948 : 25;
	4949 : 25;
	4950 : 25;
	4951 : 25;
	4952 : 25;
	4953 : 25;
	4954 : 25;
	4955 : 25;
	4956 : 25;
	4957 : 25;
	4958 : 25;
	4959 : 25;
	4960 : 25;
	4961 : 25;
	4962 : 25;
	4963 : 25;
	4964 : 29;
	4965 : 29;
	4966 : 29;
	4967 : 29;
	4968 : 29;
	4969 : 29;
	4970 : 29;
	4971 : 29;
	4972 : 29;
	4973 : 29;
	4974 : 29;
	4975 : 29;
	4976 : 29;
	4977 : 29;
	4978 : 29;
	4979 : 29;
	4980 : 29;
	4981 : 29;
	4982 : 29;
	4983 : 29;
	4984 : 29;
	4985 : 29;
	4986 : 29;
	4987 : 29;
	4988 : 29;
	4989 : 29;
	4990 : 29;
	4991 : 29;
	4992 : 29;
	4993 : 29;
	4994 : 29;
	4995 : 29;
	4996 : 29;
	4997 : 29;
	4998 : 25;
	4999 : 24;
	5000 : 24;
	5001 : 24;
	5002 : 24;
	5003 : 20;
	5004 : 20;
	5005 : 00;
	5006 : 00;
	5007 : 00;
	5008 : 00;
	5009 : 00;
	5010 : 04;
	5011 : 24;
	5012 : 24;
	5013 : 24;
	5014 : 24;
	5015 : 25;
	5016 : 25;
	5017 : 25;
	5018 : 29;
	5019 : 29;
	5020 : 25;
	5021 : 25;
	5022 : 29;
	5023 : 29;
	5024 : 25;
	5025 : 25;
	5026 : 24;
	5027 : 25;
	5028 : 25;
	5029 : 25;
	5030 : 25;
	5031 : 25;
	5032 : 25;
	5033 : 24;
	5034 : 04;
	5035 : 04;
	5036 : 24;
	5037 : 24;
	5038 : 25;
	5039 : 25;
	5040 : 25;
	5041 : 25;
	5042 : 25;
	5043 : 25;
	5044 : 25;
	5045 : 25;
	5046 : 25;
	5047 : 25;
	5048 : 25;
	5049 : 25;
	5050 : 25;
	5051 : 25;
	5052 : 24;
	5053 : 24;
	5054 : 24;
	5055 : 24;
	5056 : 24;
	5057 : 25;
	5058 : 25;
	5059 : 25;
	5060 : 25;
	5061 : 25;
	5062 : 25;
	5063 : 25;
	5064 : 25;
	5065 : 25;
	5066 : 24;
	5067 : 25;
	5068 : 25;
	5069 : 25;
	5070 : 24;
	5071 : 24;
	5072 : 25;
	5073 : 25;
	5074 : 25;
	5075 : 25;
	5076 : 45;
	5077 : 49;
	5078 : 49;
	5079 : 45;
	5080 : 45;
	5081 : 25;
	5082 : 25;
	5083 : 25;
	5084 : 24;
	5085 : 24;
	5086 : 24;
	5087 : 24;
	5088 : 24;
	5089 : 24;
	5090 : 24;
	5091 : 24;
	5092 : 24;
	5093 : 24;
	5094 : 24;
	5095 : 24;
	5096 : 25;
	5097 : 25;
	5098 : 25;
	5099 : 24;
	5100 : 24;
	5101 : 24;
	5102 : 25;
	5103 : 25;
	5104 : 25;
	5105 : 25;
	5106 : 45;
	5107 : 45;
	5108 : 45;
	5109 : 45;
	5110 : 49;
	5111 : 49;
	5112 : 49;
	5113 : 49;
	5114 : 49;
	5115 : 49;
	5116 : 25;
	5117 : 25;
	5118 : 25;
	5119 : 25;
	5120 : 25;
	5121 : 25;
	5122 : 25;
	5123 : 25;
	5124 : 25;
	5125 : 49;
	5126 : 69;
	5127 : 49;
	5128 : 45;
	5129 : 25;
	5130 : 25;
	5131 : 25;
	5132 : 25;
	5133 : 25;
	5134 : 25;
	5135 : 25;
	5136 : 25;
	5137 : 25;
	5138 : 25;
	5139 : 25;
	5140 : 25;
	5141 : 25;
	5142 : 24;
	5143 : 24;
	5144 : 24;
	5145 : 24;
	5146 : 25;
	5147 : 25;
	5148 : 25;
	5149 : 25;
	5150 : 25;
	5151 : 25;
	5152 : 25;
	5153 : 25;
	5154 : 25;
	5155 : 25;
	5156 : 25;
	5157 : 25;
	5158 : 25;
	5159 : 25;
	5160 : 25;
	5161 : 25;
	5162 : 25;
	5163 : 25;
	5164 : 29;
	5165 : 29;
	5166 : 29;
	5167 : 29;
	5168 : 29;
	5169 : 29;
	5170 : 29;
	5171 : 29;
	5172 : 29;
	5173 : 29;
	5174 : 29;
	5175 : 29;
	5176 : 29;
	5177 : 29;
	5178 : 29;
	5179 : 29;
	5180 : 29;
	5181 : 29;
	5182 : 29;
	5183 : 29;
	5184 : 29;
	5185 : 29;
	5186 : 29;
	5187 : 29;
	5188 : 29;
	5189 : 29;
	5190 : 29;
	5191 : 29;
	5192 : 29;
	5193 : 29;
	5194 : 29;
	5195 : 29;
	5196 : 29;
	5197 : 29;
	5198 : 25;
	5199 : 24;
	5200 : 24;
	5201 : 24;
	5202 : 24;
	5203 : 20;
	5204 : 20;
	5205 : 00;
	5206 : 00;
	5207 : 00;
	5208 : 00;
	5209 : 00;
	5210 : 04;
	5211 : 04;
	5212 : 04;
	5213 : 24;
	5214 : 24;
	5215 : 24;
	5216 : 24;
	5217 : 25;
	5218 : 25;
	5219 : 25;
	5220 : 25;
	5221 : 25;
	5222 : 29;
	5223 : 25;
	5224 : 25;
	5225 : 24;
	5226 : 24;
	5227 : 24;
	5228 : 25;
	5229 : 45;
	5230 : 25;
	5231 : 25;
	5232 : 25;
	5233 : 25;
	5234 : 25;
	5235 : 25;
	5236 : 25;
	5237 : 25;
	5238 : 25;
	5239 : 25;
	5240 : 25;
	5241 : 25;
	5242 : 25;
	5243 : 25;
	5244 : 25;
	5245 : 25;
	5246 : 25;
	5247 : 25;
	5248 : 25;
	5249 : 25;
	5250 : 25;
	5251 : 25;
	5252 : 24;
	5253 : 25;
	5254 : 25;
	5255 : 25;
	5256 : 25;
	5257 : 25;
	5258 : 25;
	5259 : 25;
	5260 : 25;
	5261 : 25;
	5262 : 25;
	5263 : 25;
	5264 : 25;
	5265 : 25;
	5266 : 25;
	5267 : 25;
	5268 : 25;
	5269 : 25;
	5270 : 24;
	5271 : 24;
	5272 : 25;
	5273 : 25;
	5274 : 25;
	5275 : 25;
	5276 : 25;
	5277 : 45;
	5278 : 25;
	5279 : 25;
	5280 : 24;
	5281 : 24;
	5282 : 24;
	5283 : 24;
	5284 : 24;
	5285 : 24;
	5286 : 24;
	5287 : 24;
	5288 : 24;
	5289 : 24;
	5290 : 24;
	5291 : 24;
	5292 : 24;
	5293 : 24;
	5294 : 24;
	5295 : 24;
	5296 : 25;
	5297 : 25;
	5298 : 25;
	5299 : 24;
	5300 : 24;
	5301 : 24;
	5302 : 25;
	5303 : 25;
	5304 : 45;
	5305 : 45;
	5306 : 45;
	5307 : 45;
	5308 : 45;
	5309 : 45;
	5310 : 49;
	5311 : 49;
	5312 : 49;
	5313 : 49;
	5314 : 49;
	5315 : 49;
	5316 : 49;
	5317 : 49;
	5318 : 25;
	5319 : 25;
	5320 : 25;
	5321 : 25;
	5322 : 25;
	5323 : 25;
	5324 : 49;
	5325 : 69;
	5326 : 49;
	5327 : 49;
	5328 : 25;
	5329 : 25;
	5330 : 25;
	5331 : 25;
	5332 : 25;
	5333 : 25;
	5334 : 25;
	5335 : 25;
	5336 : 24;
	5337 : 24;
	5338 : 24;
	5339 : 25;
	5340 : 25;
	5341 : 25;
	5342 : 24;
	5343 : 24;
	5344 : 24;
	5345 : 24;
	5346 : 25;
	5347 : 25;
	5348 : 25;
	5349 : 25;
	5350 : 25;
	5351 : 25;
	5352 : 25;
	5353 : 25;
	5354 : 25;
	5355 : 25;
	5356 : 25;
	5357 : 25;
	5358 : 25;
	5359 : 25;
	5360 : 25;
	5361 : 25;
	5362 : 25;
	5363 : 25;
	5364 : 25;
	5365 : 25;
	5366 : 25;
	5367 : 25;
	5368 : 29;
	5369 : 29;
	5370 : 29;
	5371 : 29;
	5372 : 29;
	5373 : 29;
	5374 : 29;
	5375 : 29;
	5376 : 29;
	5377 : 29;
	5378 : 29;
	5379 : 29;
	5380 : 29;
	5381 : 29;
	5382 : 29;
	5383 : 29;
	5384 : 29;
	5385 : 29;
	5386 : 29;
	5387 : 29;
	5388 : 29;
	5389 : 29;
	5390 : 29;
	5391 : 29;
	5392 : 29;
	5393 : 29;
	5394 : 29;
	5395 : 29;
	5396 : 29;
	5397 : 29;
	5398 : 25;
	5399 : 24;
	5400 : 24;
	5401 : 24;
	5402 : 24;
	5403 : 24;
	5404 : 20;
	5405 : 00;
	5406 : 00;
	5407 : 20;
	5408 : 20;
	5409 : 20;
	5410 : 24;
	5411 : 04;
	5412 : 04;
	5413 : 04;
	5414 : 04;
	5415 : 04;
	5416 : 24;
	5417 : 24;
	5418 : 24;
	5419 : 25;
	5420 : 25;
	5421 : 25;
	5422 : 25;
	5423 : 25;
	5424 : 25;
	5425 : 24;
	5426 : 24;
	5427 : 24;
	5428 : 25;
	5429 : 45;
	5430 : 25;
	5431 : 25;
	5432 : 25;
	5433 : 25;
	5434 : 25;
	5435 : 25;
	5436 : 25;
	5437 : 25;
	5438 : 25;
	5439 : 25;
	5440 : 25;
	5441 : 25;
	5442 : 25;
	5443 : 25;
	5444 : 25;
	5445 : 25;
	5446 : 25;
	5447 : 25;
	5448 : 25;
	5449 : 25;
	5450 : 25;
	5451 : 25;
	5452 : 25;
	5453 : 25;
	5454 : 25;
	5455 : 25;
	5456 : 25;
	5457 : 25;
	5458 : 25;
	5459 : 25;
	5460 : 25;
	5461 : 25;
	5462 : 25;
	5463 : 24;
	5464 : 24;
	5465 : 24;
	5466 : 25;
	5467 : 25;
	5468 : 24;
	5469 : 24;
	5470 : 24;
	5471 : 24;
	5472 : 25;
	5473 : 25;
	5474 : 25;
	5475 : 24;
	5476 : 24;
	5477 : 24;
	5478 : 24;
	5479 : 24;
	5480 : 24;
	5481 : 24;
	5482 : 24;
	5483 : 24;
	5484 : 24;
	5485 : 24;
	5486 : 24;
	5487 : 24;
	5488 : 24;
	5489 : 24;
	5490 : 24;
	5491 : 24;
	5492 : 24;
	5493 : 24;
	5494 : 24;
	5495 : 25;
	5496 : 25;
	5497 : 25;
	5498 : 25;
	5499 : 24;
	5500 : 24;
	5501 : 24;
	5502 : 25;
	5503 : 25;
	5504 : 45;
	5505 : 45;
	5506 : 45;
	5507 : 45;
	5508 : 45;
	5509 : 45;
	5510 : 45;
	5511 : 49;
	5512 : 49;
	5513 : 49;
	5514 : 49;
	5515 : 49;
	5516 : 49;
	5517 : 49;
	5518 : 45;
	5519 : 25;
	5520 : 25;
	5521 : 25;
	5522 : 25;
	5523 : 49;
	5524 : 69;
	5525 : 69;
	5526 : 49;
	5527 : 25;
	5528 : 25;
	5529 : 25;
	5530 : 25;
	5531 : 25;
	5532 : 25;
	5533 : 25;
	5534 : 25;
	5535 : 24;
	5536 : 24;
	5537 : 00;
	5538 : 04;
	5539 : 24;
	5540 : 24;
	5541 : 25;
	5542 : 24;
	5543 : 24;
	5544 : 24;
	5545 : 24;
	5546 : 25;
	5547 : 25;
	5548 : 25;
	5549 : 25;
	5550 : 25;
	5551 : 25;
	5552 : 25;
	5553 : 25;
	5554 : 25;
	5555 : 25;
	5556 : 25;
	5557 : 25;
	5558 : 25;
	5559 : 25;
	5560 : 25;
	5561 : 25;
	5562 : 25;
	5563 : 25;
	5564 : 25;
	5565 : 25;
	5566 : 25;
	5567 : 25;
	5568 : 25;
	5569 : 29;
	5570 : 29;
	5571 : 29;
	5572 : 29;
	5573 : 29;
	5574 : 29;
	5575 : 29;
	5576 : 29;
	5577 : 29;
	5578 : 29;
	5579 : 29;
	5580 : 29;
	5581 : 29;
	5582 : 29;
	5583 : 29;
	5584 : 29;
	5585 : 29;
	5586 : 29;
	5587 : 29;
	5588 : 29;
	5589 : 29;
	5590 : 29;
	5591 : 29;
	5592 : 29;
	5593 : 29;
	5594 : 29;
	5595 : 29;
	5596 : 29;
	5597 : 29;
	5598 : 25;
	5599 : 24;
	5600 : 24;
	5601 : 24;
	5602 : 24;
	5603 : 24;
	5604 : 24;
	5605 : 00;
	5606 : 20;
	5607 : 20;
	5608 : 24;
	5609 : 24;
	5610 : 24;
	5611 : 20;
	5612 : 20;
	5613 : 20;
	5614 : 00;
	5615 : 04;
	5616 : 04;
	5617 : 04;
	5618 : 04;
	5619 : 24;
	5620 : 24;
	5621 : 24;
	5622 : 25;
	5623 : 25;
	5624 : 25;
	5625 : 24;
	5626 : 24;
	5627 : 24;
	5628 : 25;
	5629 : 25;
	5630 : 25;
	5631 : 25;
	5632 : 25;
	5633 : 25;
	5634 : 25;
	5635 : 25;
	5636 : 25;
	5637 : 25;
	5638 : 25;
	5639 : 25;
	5640 : 25;
	5641 : 25;
	5642 : 25;
	5643 : 25;
	5644 : 25;
	5645 : 25;
	5646 : 25;
	5647 : 25;
	5648 : 25;
	5649 : 25;
	5650 : 25;
	5651 : 25;
	5652 : 25;
	5653 : 25;
	5654 : 25;
	5655 : 25;
	5656 : 25;
	5657 : 25;
	5658 : 25;
	5659 : 25;
	5660 : 25;
	5661 : 25;
	5662 : 25;
	5663 : 24;
	5664 : 24;
	5665 : 25;
	5666 : 25;
	5667 : 25;
	5668 : 25;
	5669 : 24;
	5670 : 24;
	5671 : 24;
	5672 : 24;
	5673 : 25;
	5674 : 24;
	5675 : 24;
	5676 : 24;
	5677 : 24;
	5678 : 24;
	5679 : 24;
	5680 : 24;
	5681 : 24;
	5682 : 24;
	5683 : 24;
	5684 : 24;
	5685 : 24;
	5686 : 24;
	5687 : 24;
	5688 : 24;
	5689 : 24;
	5690 : 24;
	5691 : 24;
	5692 : 24;
	5693 : 24;
	5694 : 24;
	5695 : 25;
	5696 : 25;
	5697 : 25;
	5698 : 25;
	5699 : 24;
	5700 : 24;
	5701 : 24;
	5702 : 25;
	5703 : 45;
	5704 : 45;
	5705 : 45;
	5706 : 45;
	5707 : 45;
	5708 : 45;
	5709 : 25;
	5710 : 24;
	5711 : 25;
	5712 : 25;
	5713 : 25;
	5714 : 49;
	5715 : 49;
	5716 : 49;
	5717 : 49;
	5718 : 45;
	5719 : 25;
	5720 : 25;
	5721 : 25;
	5722 : 49;
	5723 : 49;
	5724 : 69;
	5725 : 49;
	5726 : 25;
	5727 : 25;
	5728 : 25;
	5729 : 25;
	5730 : 25;
	5731 : 25;
	5732 : 25;
	5733 : 29;
	5734 : 25;
	5735 : 25;
	5736 : 24;
	5737 : 04;
	5738 : 04;
	5739 : 24;
	5740 : 24;
	5741 : 25;
	5742 : 24;
	5743 : 24;
	5744 : 24;
	5745 : 24;
	5746 : 25;
	5747 : 25;
	5748 : 25;
	5749 : 25;
	5750 : 25;
	5751 : 25;
	5752 : 25;
	5753 : 25;
	5754 : 25;
	5755 : 25;
	5756 : 25;
	5757 : 25;
	5758 : 25;
	5759 : 25;
	5760 : 25;
	5761 : 25;
	5762 : 25;
	5763 : 25;
	5764 : 25;
	5765 : 25;
	5766 : 25;
	5767 : 25;
	5768 : 25;
	5769 : 29;
	5770 : 29;
	5771 : 29;
	5772 : 29;
	5773 : 29;
	5774 : 29;
	5775 : 29;
	5776 : 29;
	5777 : 29;
	5778 : 29;
	5779 : 29;
	5780 : 29;
	5781 : 29;
	5782 : 29;
	5783 : 29;
	5784 : 29;
	5785 : 29;
	5786 : 29;
	5787 : 29;
	5788 : 29;
	5789 : 29;
	5790 : 29;
	5791 : 29;
	5792 : 29;
	5793 : 29;
	5794 : 29;
	5795 : 29;
	5796 : 29;
	5797 : 29;
	5798 : 25;
	5799 : 24;
	5800 : 24;
	5801 : 24;
	5802 : 24;
	5803 : 24;
	5804 : 24;
	5805 : 24;
	5806 : 24;
	5807 : 24;
	5808 : 24;
	5809 : 24;
	5810 : 24;
	5811 : 20;
	5812 : 20;
	5813 : 24;
	5814 : 24;
	5815 : 20;
	5816 : 00;
	5817 : 00;
	5818 : 04;
	5819 : 04;
	5820 : 04;
	5821 : 24;
	5822 : 24;
	5823 : 25;
	5824 : 25;
	5825 : 24;
	5826 : 24;
	5827 : 24;
	5828 : 25;
	5829 : 25;
	5830 : 25;
	5831 : 25;
	5832 : 25;
	5833 : 25;
	5834 : 25;
	5835 : 25;
	5836 : 25;
	5837 : 25;
	5838 : 25;
	5839 : 25;
	5840 : 25;
	5841 : 25;
	5842 : 25;
	5843 : 25;
	5844 : 25;
	5845 : 25;
	5846 : 25;
	5847 : 25;
	5848 : 25;
	5849 : 25;
	5850 : 25;
	5851 : 25;
	5852 : 25;
	5853 : 25;
	5854 : 25;
	5855 : 25;
	5856 : 25;
	5857 : 25;
	5858 : 25;
	5859 : 25;
	5860 : 25;
	5861 : 25;
	5862 : 25;
	5863 : 24;
	5864 : 24;
	5865 : 25;
	5866 : 49;
	5867 : 49;
	5868 : 49;
	5869 : 25;
	5870 : 24;
	5871 : 24;
	5872 : 24;
	5873 : 25;
	5874 : 24;
	5875 : 24;
	5876 : 24;
	5877 : 24;
	5878 : 24;
	5879 : 24;
	5880 : 24;
	5881 : 24;
	5882 : 24;
	5883 : 24;
	5884 : 24;
	5885 : 24;
	5886 : 24;
	5887 : 24;
	5888 : 24;
	5889 : 24;
	5890 : 24;
	5891 : 24;
	5892 : 24;
	5893 : 24;
	5894 : 24;
	5895 : 25;
	5896 : 45;
	5897 : 25;
	5898 : 25;
	5899 : 24;
	5900 : 24;
	5901 : 24;
	5902 : 25;
	5903 : 45;
	5904 : 49;
	5905 : 49;
	5906 : 45;
	5907 : 45;
	5908 : 25;
	5909 : 24;
	5910 : 24;
	5911 : 24;
	5912 : 24;
	5913 : 24;
	5914 : 24;
	5915 : 24;
	5916 : 24;
	5917 : 25;
	5918 : 25;
	5919 : 25;
	5920 : 49;
	5921 : 49;
	5922 : 49;
	5923 : 69;
	5924 : 49;
	5925 : 49;
	5926 : 25;
	5927 : 25;
	5928 : 25;
	5929 : 25;
	5930 : 25;
	5931 : 25;
	5932 : 29;
	5933 : 29;
	5934 : 25;
	5935 : 25;
	5936 : 24;
	5937 : 24;
	5938 : 24;
	5939 : 24;
	5940 : 24;
	5941 : 24;
	5942 : 24;
	5943 : 24;
	5944 : 24;
	5945 : 24;
	5946 : 25;
	5947 : 25;
	5948 : 25;
	5949 : 25;
	5950 : 25;
	5951 : 25;
	5952 : 25;
	5953 : 25;
	5954 : 25;
	5955 : 25;
	5956 : 25;
	5957 : 25;
	5958 : 25;
	5959 : 25;
	5960 : 25;
	5961 : 25;
	5962 : 25;
	5963 : 25;
	5964 : 25;
	5965 : 25;
	5966 : 25;
	5967 : 25;
	5968 : 25;
	5969 : 29;
	5970 : 29;
	5971 : 29;
	5972 : 29;
	5973 : 29;
	5974 : 29;
	5975 : 29;
	5976 : 29;
	5977 : 29;
	5978 : 29;
	5979 : 29;
	5980 : 29;
	5981 : 29;
	5982 : 29;
	5983 : 29;
	5984 : 29;
	5985 : 29;
	5986 : 29;
	5987 : 29;
	5988 : 29;
	5989 : 29;
	5990 : 29;
	5991 : 29;
	5992 : 29;
	5993 : 29;
	5994 : 29;
	5995 : 29;
	5996 : 29;
	5997 : 29;
	5998 : 25;
	5999 : 24;
	6000 : 24;
	6001 : 24;
	6002 : 24;
	6003 : 24;
	6004 : 24;
	6005 : 24;
	6006 : 24;
	6007 : 24;
	6008 : 24;
	6009 : 24;
	6010 : 24;
	6011 : 24;
	6012 : 24;
	6013 : 24;
	6014 : 24;
	6015 : 24;
	6016 : 24;
	6017 : 20;
	6018 : 00;
	6019 : 00;
	6020 : 24;
	6021 : 24;
	6022 : 24;
	6023 : 25;
	6024 : 25;
	6025 : 24;
	6026 : 24;
	6027 : 24;
	6028 : 25;
	6029 : 25;
	6030 : 25;
	6031 : 25;
	6032 : 25;
	6033 : 25;
	6034 : 25;
	6035 : 25;
	6036 : 25;
	6037 : 25;
	6038 : 25;
	6039 : 25;
	6040 : 25;
	6041 : 25;
	6042 : 25;
	6043 : 25;
	6044 : 25;
	6045 : 25;
	6046 : 25;
	6047 : 25;
	6048 : 25;
	6049 : 25;
	6050 : 25;
	6051 : 25;
	6052 : 25;
	6053 : 25;
	6054 : 25;
	6055 : 25;
	6056 : 25;
	6057 : 25;
	6058 : 25;
	6059 : 25;
	6060 : 25;
	6061 : 25;
	6062 : 24;
	6063 : 24;
	6064 : 24;
	6065 : 24;
	6066 : 49;
	6067 : 49;
	6068 : 49;
	6069 : 45;
	6070 : 24;
	6071 : 24;
	6072 : 24;
	6073 : 45;
	6074 : 24;
	6075 : 24;
	6076 : 24;
	6077 : 24;
	6078 : 24;
	6079 : 24;
	6080 : 24;
	6081 : 24;
	6082 : 24;
	6083 : 24;
	6084 : 24;
	6085 : 24;
	6086 : 24;
	6087 : 24;
	6088 : 24;
	6089 : 24;
	6090 : 24;
	6091 : 24;
	6092 : 24;
	6093 : 24;
	6094 : 24;
	6095 : 25;
	6096 : 45;
	6097 : 25;
	6098 : 25;
	6099 : 24;
	6100 : 24;
	6101 : 24;
	6102 : 25;
	6103 : 49;
	6104 : 69;
	6105 : 49;
	6106 : 45;
	6107 : 45;
	6108 : 25;
	6109 : 24;
	6110 : 04;
	6111 : 04;
	6112 : 04;
	6113 : 04;
	6114 : 04;
	6115 : 04;
	6116 : 24;
	6117 : 24;
	6118 : 25;
	6119 : 49;
	6120 : 49;
	6121 : 49;
	6122 : 69;
	6123 : 69;
	6124 : 49;
	6125 : 25;
	6126 : 25;
	6127 : 25;
	6128 : 25;
	6129 : 25;
	6130 : 25;
	6131 : 25;
	6132 : 29;
	6133 : 29;
	6134 : 25;
	6135 : 25;
	6136 : 25;
	6137 : 24;
	6138 : 24;
	6139 : 24;
	6140 : 24;
	6141 : 24;
	6142 : 24;
	6143 : 24;
	6144 : 24;
	6145 : 24;
	6146 : 25;
	6147 : 25;
	6148 : 25;
	6149 : 25;
	6150 : 25;
	6151 : 25;
	6152 : 24;
	6153 : 24;
	6154 : 24;
	6155 : 25;
	6156 : 25;
	6157 : 25;
	6158 : 25;
	6159 : 25;
	6160 : 25;
	6161 : 25;
	6162 : 25;
	6163 : 25;
	6164 : 25;
	6165 : 25;
	6166 : 25;
	6167 : 25;
	6168 : 25;
	6169 : 29;
	6170 : 29;
	6171 : 29;
	6172 : 29;
	6173 : 29;
	6174 : 29;
	6175 : 29;
	6176 : 29;
	6177 : 29;
	6178 : 29;
	6179 : 29;
	6180 : 29;
	6181 : 29;
	6182 : 29;
	6183 : 29;
	6184 : 29;
	6185 : 29;
	6186 : 29;
	6187 : 29;
	6188 : 29;
	6189 : 29;
	6190 : 29;
	6191 : 29;
	6192 : 29;
	6193 : 29;
	6194 : 29;
	6195 : 29;
	6196 : 29;
	6197 : 29;
	6198 : 25;
	6199 : 24;
	6200 : 24;
	6201 : 24;
	6202 : 24;
	6203 : 24;
	6204 : 24;
	6205 : 24;
	6206 : 24;
	6207 : 24;
	6208 : 24;
	6209 : 24;
	6210 : 24;
	6211 : 24;
	6212 : 24;
	6213 : 24;
	6214 : 24;
	6215 : 24;
	6216 : 24;
	6217 : 24;
	6218 : 00;
	6219 : 24;
	6220 : 24;
	6221 : 24;
	6222 : 24;
	6223 : 25;
	6224 : 25;
	6225 : 24;
	6226 : 24;
	6227 : 24;
	6228 : 25;
	6229 : 24;
	6230 : 25;
	6231 : 25;
	6232 : 25;
	6233 : 25;
	6234 : 25;
	6235 : 25;
	6236 : 25;
	6237 : 25;
	6238 : 25;
	6239 : 25;
	6240 : 25;
	6241 : 25;
	6242 : 25;
	6243 : 25;
	6244 : 25;
	6245 : 25;
	6246 : 25;
	6247 : 25;
	6248 : 25;
	6249 : 25;
	6250 : 29;
	6251 : 29;
	6252 : 25;
	6253 : 25;
	6254 : 25;
	6255 : 25;
	6256 : 25;
	6257 : 25;
	6258 : 24;
	6259 : 24;
	6260 : 24;
	6261 : 24;
	6262 : 24;
	6263 : 24;
	6264 : 24;
	6265 : 24;
	6266 : 49;
	6267 : 49;
	6268 : 49;
	6269 : 45;
	6270 : 25;
	6271 : 25;
	6272 : 25;
	6273 : 49;
	6274 : 49;
	6275 : 45;
	6276 : 45;
	6277 : 24;
	6278 : 24;
	6279 : 24;
	6280 : 24;
	6281 : 24;
	6282 : 24;
	6283 : 24;
	6284 : 24;
	6285 : 24;
	6286 : 24;
	6287 : 24;
	6288 : 24;
	6289 : 24;
	6290 : 24;
	6291 : 24;
	6292 : 24;
	6293 : 24;
	6294 : 24;
	6295 : 25;
	6296 : 25;
	6297 : 25;
	6298 : 25;
	6299 : 24;
	6300 : 24;
	6301 : 24;
	6302 : 25;
	6303 : 49;
	6304 : 69;
	6305 : 69;
	6306 : 45;
	6307 : 45;
	6308 : 25;
	6309 : 24;
	6310 : 24;
	6311 : 24;
	6312 : 24;
	6313 : 24;
	6314 : 24;
	6315 : 04;
	6316 : 24;
	6317 : 25;
	6318 : 45;
	6319 : 49;
	6320 : 69;
	6321 : 49;
	6322 : 49;
	6323 : 49;
	6324 : 49;
	6325 : 29;
	6326 : 29;
	6327 : 49;
	6328 : 25;
	6329 : 25;
	6330 : 25;
	6331 : 25;
	6332 : 29;
	6333 : 29;
	6334 : 25;
	6335 : 25;
	6336 : 24;
	6337 : 24;
	6338 : 25;
	6339 : 24;
	6340 : 24;
	6341 : 24;
	6342 : 24;
	6343 : 24;
	6344 : 24;
	6345 : 24;
	6346 : 25;
	6347 : 25;
	6348 : 25;
	6349 : 25;
	6350 : 25;
	6351 : 25;
	6352 : 24;
	6353 : 24;
	6354 : 24;
	6355 : 25;
	6356 : 25;
	6357 : 25;
	6358 : 25;
	6359 : 25;
	6360 : 25;
	6361 : 25;
	6362 : 25;
	6363 : 25;
	6364 : 25;
	6365 : 25;
	6366 : 25;
	6367 : 25;
	6368 : 25;
	6369 : 25;
	6370 : 29;
	6371 : 29;
	6372 : 29;
	6373 : 29;
	6374 : 29;
	6375 : 29;
	6376 : 29;
	6377 : 29;
	6378 : 29;
	6379 : 29;
	6380 : 29;
	6381 : 29;
	6382 : 29;
	6383 : 29;
	6384 : 29;
	6385 : 29;
	6386 : 29;
	6387 : 29;
	6388 : 29;
	6389 : 29;
	6390 : 29;
	6391 : 29;
	6392 : 29;
	6393 : 29;
	6394 : 29;
	6395 : 29;
	6396 : 29;
	6397 : 29;
	6398 : 29;
	6399 : 24;
	6400 : 24;
	6401 : 24;
	6402 : 24;
	6403 : 24;
	6404 : 24;
	6405 : 24;
	6406 : 24;
	6407 : 24;
	6408 : 24;
	6409 : 24;
	6410 : 24;
	6411 : 24;
	6412 : 24;
	6413 : 24;
	6414 : 24;
	6415 : 24;
	6416 : 24;
	6417 : 24;
	6418 : 00;
	6419 : 24;
	6420 : 24;
	6421 : 24;
	6422 : 24;
	6423 : 25;
	6424 : 25;
	6425 : 24;
	6426 : 24;
	6427 : 24;
	6428 : 24;
	6429 : 24;
	6430 : 24;
	6431 : 25;
	6432 : 25;
	6433 : 25;
	6434 : 25;
	6435 : 25;
	6436 : 25;
	6437 : 25;
	6438 : 25;
	6439 : 25;
	6440 : 25;
	6441 : 25;
	6442 : 25;
	6443 : 25;
	6444 : 25;
	6445 : 25;
	6446 : 25;
	6447 : 25;
	6448 : 25;
	6449 : 25;
	6450 : 25;
	6451 : 25;
	6452 : 25;
	6453 : 25;
	6454 : 25;
	6455 : 25;
	6456 : 24;
	6457 : 24;
	6458 : 24;
	6459 : 24;
	6460 : 24;
	6461 : 24;
	6462 : 24;
	6463 : 24;
	6464 : 24;
	6465 : 24;
	6466 : 48;
	6467 : 48;
	6468 : 49;
	6469 : 49;
	6470 : 25;
	6471 : 25;
	6472 : 25;
	6473 : 49;
	6474 : 49;
	6475 : 45;
	6476 : 45;
	6477 : 24;
	6478 : 24;
	6479 : 24;
	6480 : 24;
	6481 : 24;
	6482 : 24;
	6483 : 24;
	6484 : 24;
	6485 : 24;
	6486 : 24;
	6487 : 24;
	6488 : 24;
	6489 : 24;
	6490 : 24;
	6491 : 24;
	6492 : 24;
	6493 : 24;
	6494 : 25;
	6495 : 25;
	6496 : 25;
	6497 : 25;
	6498 : 25;
	6499 : 24;
	6500 : 24;
	6501 : 24;
	6502 : 25;
	6503 : 49;
	6504 : 69;
	6505 : 69;
	6506 : 49;
	6507 : 45;
	6508 : 25;
	6509 : 25;
	6510 : 25;
	6511 : 25;
	6512 : 25;
	6513 : 25;
	6514 : 24;
	6515 : 24;
	6516 : 25;
	6517 : 49;
	6518 : 49;
	6519 : 49;
	6520 : 49;
	6521 : 49;
	6522 : 49;
	6523 : 49;
	6524 : 49;
	6525 : 49;
	6526 : 49;
	6527 : 49;
	6528 : 49;
	6529 : 29;
	6530 : 25;
	6531 : 25;
	6532 : 29;
	6533 : 29;
	6534 : 25;
	6535 : 25;
	6536 : 24;
	6537 : 24;
	6538 : 24;
	6539 : 24;
	6540 : 24;
	6541 : 24;
	6542 : 24;
	6543 : 24;
	6544 : 24;
	6545 : 24;
	6546 : 24;
	6547 : 25;
	6548 : 25;
	6549 : 25;
	6550 : 25;
	6551 : 25;
	6552 : 25;
	6553 : 25;
	6554 : 25;
	6555 : 25;
	6556 : 25;
	6557 : 25;
	6558 : 25;
	6559 : 25;
	6560 : 25;
	6561 : 25;
	6562 : 25;
	6563 : 25;
	6564 : 25;
	6565 : 25;
	6566 : 25;
	6567 : 25;
	6568 : 25;
	6569 : 25;
	6570 : 29;
	6571 : 29;
	6572 : 29;
	6573 : 29;
	6574 : 29;
	6575 : 29;
	6576 : 29;
	6577 : 29;
	6578 : 29;
	6579 : 29;
	6580 : 29;
	6581 : 29;
	6582 : 29;
	6583 : 29;
	6584 : 29;
	6585 : 29;
	6586 : 29;
	6587 : 29;
	6588 : 29;
	6589 : 29;
	6590 : 29;
	6591 : 29;
	6592 : 29;
	6593 : 29;
	6594 : 29;
	6595 : 29;
	6596 : 29;
	6597 : 29;
	6598 : 29;
	6599 : 24;
	6600 : 24;
	6601 : 24;
	6602 : 24;
	6603 : 24;
	6604 : 24;
	6605 : 24;
	6606 : 24;
	6607 : 24;
	6608 : 24;
	6609 : 24;
	6610 : 24;
	6611 : 24;
	6612 : 24;
	6613 : 24;
	6614 : 24;
	6615 : 24;
	6616 : 24;
	6617 : 24;
	6618 : 24;
	6619 : 24;
	6620 : 24;
	6621 : 24;
	6622 : 24;
	6623 : 24;
	6624 : 24;
	6625 : 24;
	6626 : 24;
	6627 : 24;
	6628 : 24;
	6629 : 24;
	6630 : 24;
	6631 : 25;
	6632 : 25;
	6633 : 25;
	6634 : 25;
	6635 : 25;
	6636 : 25;
	6637 : 25;
	6638 : 25;
	6639 : 25;
	6640 : 25;
	6641 : 25;
	6642 : 25;
	6643 : 25;
	6644 : 25;
	6645 : 25;
	6646 : 25;
	6647 : 25;
	6648 : 25;
	6649 : 25;
	6650 : 25;
	6651 : 25;
	6652 : 25;
	6653 : 25;
	6654 : 25;
	6655 : 24;
	6656 : 24;
	6657 : 24;
	6658 : 24;
	6659 : 24;
	6660 : 24;
	6661 : 25;
	6662 : 25;
	6663 : 24;
	6664 : 24;
	6665 : 24;
	6666 : 48;
	6667 : 48;
	6668 : 48;
	6669 : 44;
	6670 : 25;
	6671 : 24;
	6672 : 24;
	6673 : 25;
	6674 : 45;
	6675 : 45;
	6676 : 45;
	6677 : 24;
	6678 : 24;
	6679 : 24;
	6680 : 24;
	6681 : 24;
	6682 : 24;
	6683 : 24;
	6684 : 24;
	6685 : 24;
	6686 : 24;
	6687 : 24;
	6688 : 24;
	6689 : 24;
	6690 : 24;
	6691 : 24;
	6692 : 24;
	6693 : 25;
	6694 : 25;
	6695 : 25;
	6696 : 25;
	6697 : 25;
	6698 : 25;
	6699 : 24;
	6700 : 24;
	6701 : 24;
	6702 : 25;
	6703 : 49;
	6704 : 49;
	6705 : 69;
	6706 : 69;
	6707 : 45;
	6708 : 25;
	6709 : 25;
	6710 : 25;
	6711 : 25;
	6712 : 25;
	6713 : 25;
	6714 : 25;
	6715 : 25;
	6716 : 25;
	6717 : 49;
	6718 : 49;
	6719 : 49;
	6720 : 49;
	6721 : 49;
	6722 : 49;
	6723 : 49;
	6724 : 49;
	6725 : 29;
	6726 : 49;
	6727 : 49;
	6728 : 49;
	6729 : 49;
	6730 : 25;
	6731 : 25;
	6732 : 29;
	6733 : 29;
	6734 : 25;
	6735 : 25;
	6736 : 24;
	6737 : 24;
	6738 : 24;
	6739 : 24;
	6740 : 24;
	6741 : 24;
	6742 : 24;
	6743 : 24;
	6744 : 24;
	6745 : 24;
	6746 : 24;
	6747 : 24;
	6748 : 25;
	6749 : 25;
	6750 : 25;
	6751 : 25;
	6752 : 25;
	6753 : 25;
	6754 : 25;
	6755 : 25;
	6756 : 25;
	6757 : 25;
	6758 : 25;
	6759 : 25;
	6760 : 25;
	6761 : 25;
	6762 : 25;
	6763 : 25;
	6764 : 25;
	6765 : 25;
	6766 : 25;
	6767 : 25;
	6768 : 25;
	6769 : 25;
	6770 : 29;
	6771 : 29;
	6772 : 29;
	6773 : 29;
	6774 : 29;
	6775 : 29;
	6776 : 29;
	6777 : 29;
	6778 : 29;
	6779 : 29;
	6780 : 29;
	6781 : 29;
	6782 : 29;
	6783 : 29;
	6784 : 29;
	6785 : 29;
	6786 : 29;
	6787 : 29;
	6788 : 29;
	6789 : 29;
	6790 : 29;
	6791 : 29;
	6792 : 29;
	6793 : 29;
	6794 : 29;
	6795 : 29;
	6796 : 29;
	6797 : 29;
	6798 : 29;
	6799 : 24;
	6800 : 24;
	6801 : 24;
	6802 : 24;
	6803 : 24;
	6804 : 24;
	6805 : 24;
	6806 : 24;
	6807 : 24;
	6808 : 24;
	6809 : 24;
	6810 : 24;
	6811 : 24;
	6812 : 24;
	6813 : 24;
	6814 : 24;
	6815 : 24;
	6816 : 24;
	6817 : 24;
	6818 : 24;
	6819 : 24;
	6820 : 24;
	6821 : 24;
	6822 : 24;
	6823 : 24;
	6824 : 24;
	6825 : 24;
	6826 : 24;
	6827 : 24;
	6828 : 24;
	6829 : 24;
	6830 : 24;
	6831 : 25;
	6832 : 25;
	6833 : 25;
	6834 : 25;
	6835 : 25;
	6836 : 25;
	6837 : 25;
	6838 : 25;
	6839 : 25;
	6840 : 25;
	6841 : 25;
	6842 : 25;
	6843 : 25;
	6844 : 25;
	6845 : 25;
	6846 : 25;
	6847 : 25;
	6848 : 25;
	6849 : 25;
	6850 : 25;
	6851 : 25;
	6852 : 25;
	6853 : 25;
	6854 : 25;
	6855 : 25;
	6856 : 25;
	6857 : 25;
	6858 : 25;
	6859 : 25;
	6860 : 25;
	6861 : 25;
	6862 : 25;
	6863 : 24;
	6864 : 24;
	6865 : 24;
	6866 : 48;
	6867 : 48;
	6868 : 48;
	6869 : 48;
	6870 : 25;
	6871 : 24;
	6872 : 24;
	6873 : 24;
	6874 : 45;
	6875 : 45;
	6876 : 45;
	6877 : 24;
	6878 : 24;
	6879 : 24;
	6880 : 24;
	6881 : 24;
	6882 : 24;
	6883 : 24;
	6884 : 24;
	6885 : 24;
	6886 : 24;
	6887 : 24;
	6888 : 24;
	6889 : 24;
	6890 : 25;
	6891 : 25;
	6892 : 25;
	6893 : 25;
	6894 : 25;
	6895 : 25;
	6896 : 25;
	6897 : 49;
	6898 : 25;
	6899 : 24;
	6900 : 24;
	6901 : 24;
	6902 : 25;
	6903 : 49;
	6904 : 49;
	6905 : 69;
	6906 : 69;
	6907 : 45;
	6908 : 25;
	6909 : 25;
	6910 : 25;
	6911 : 25;
	6912 : 25;
	6913 : 25;
	6914 : 25;
	6915 : 25;
	6916 : 25;
	6917 : 49;
	6918 : 69;
	6919 : 69;
	6920 : 49;
	6921 : 25;
	6922 : 25;
	6923 : 25;
	6924 : 25;
	6925 : 25;
	6926 : 25;
	6927 : 49;
	6928 : 6D;
	6929 : 49;
	6930 : 25;
	6931 : 25;
	6932 : 29;
	6933 : 49;
	6934 : 25;
	6935 : 25;
	6936 : 24;
	6937 : 24;
	6938 : 24;
	6939 : 24;
	6940 : 24;
	6941 : 25;
	6942 : 24;
	6943 : 24;
	6944 : 24;
	6945 : 24;
	6946 : 24;
	6947 : 24;
	6948 : 25;
	6949 : 25;
	6950 : 25;
	6951 : 25;
	6952 : 25;
	6953 : 25;
	6954 : 25;
	6955 : 25;
	6956 : 25;
	6957 : 25;
	6958 : 25;
	6959 : 25;
	6960 : 25;
	6961 : 25;
	6962 : 25;
	6963 : 25;
	6964 : 25;
	6965 : 25;
	6966 : 25;
	6967 : 25;
	6968 : 25;
	6969 : 25;
	6970 : 25;
	6971 : 29;
	6972 : 29;
	6973 : 29;
	6974 : 29;
	6975 : 29;
	6976 : 29;
	6977 : 29;
	6978 : 29;
	6979 : 29;
	6980 : 29;
	6981 : 29;
	6982 : 29;
	6983 : 29;
	6984 : 29;
	6985 : 29;
	6986 : 29;
	6987 : 29;
	6988 : 29;
	6989 : 29;
	6990 : 29;
	6991 : 29;
	6992 : 29;
	6993 : 29;
	6994 : 29;
	6995 : 29;
	6996 : 29;
	6997 : 29;
	6998 : 25;
	6999 : 24;
	7000 : 24;
	7001 : 24;
	7002 : 24;
	7003 : 24;
	7004 : 24;
	7005 : 24;
	7006 : 24;
	7007 : 24;
	7008 : 24;
	7009 : 24;
	7010 : 24;
	7011 : 24;
	7012 : 24;
	7013 : 24;
	7014 : 24;
	7015 : 24;
	7016 : 24;
	7017 : 24;
	7018 : 24;
	7019 : 24;
	7020 : 24;
	7021 : 24;
	7022 : 24;
	7023 : 24;
	7024 : 24;
	7025 : 24;
	7026 : 24;
	7027 : 24;
	7028 : 24;
	7029 : 24;
	7030 : 24;
	7031 : 25;
	7032 : 25;
	7033 : 25;
	7034 : 25;
	7035 : 25;
	7036 : 25;
	7037 : 25;
	7038 : 25;
	7039 : 25;
	7040 : 25;
	7041 : 25;
	7042 : 25;
	7043 : 45;
	7044 : 45;
	7045 : 45;
	7046 : 25;
	7047 : 25;
	7048 : 25;
	7049 : 25;
	7050 : 25;
	7051 : 25;
	7052 : 25;
	7053 : 25;
	7054 : 25;
	7055 : 25;
	7056 : 25;
	7057 : 25;
	7058 : 25;
	7059 : 24;
	7060 : 24;
	7061 : 24;
	7062 : 24;
	7063 : 24;
	7064 : 24;
	7065 : 24;
	7066 : 48;
	7067 : 48;
	7068 : 48;
	7069 : 48;
	7070 : 25;
	7071 : 24;
	7072 : 24;
	7073 : 49;
	7074 : 49;
	7075 : 45;
	7076 : 45;
	7077 : 24;
	7078 : 24;
	7079 : 24;
	7080 : 24;
	7081 : 24;
	7082 : 24;
	7083 : 24;
	7084 : 24;
	7085 : 24;
	7086 : 24;
	7087 : 24;
	7088 : 24;
	7089 : 24;
	7090 : 25;
	7091 : 24;
	7092 : 24;
	7093 : 25;
	7094 : 25;
	7095 : 25;
	7096 : 25;
	7097 : 49;
	7098 : 25;
	7099 : 24;
	7100 : 24;
	7101 : 24;
	7102 : 25;
	7103 : 49;
	7104 : 6D;
	7105 : 69;
	7106 : 69;
	7107 : 49;
	7108 : 45;
	7109 : 25;
	7110 : 25;
	7111 : 25;
	7112 : 25;
	7113 : 25;
	7114 : 25;
	7115 : 25;
	7116 : 25;
	7117 : 25;
	7118 : 49;
	7119 : 69;
	7120 : 69;
	7121 : 49;
	7122 : 25;
	7123 : 25;
	7124 : 25;
	7125 : 25;
	7126 : 25;
	7127 : 49;
	7128 : 49;
	7129 : 49;
	7130 : 25;
	7131 : 25;
	7132 : 49;
	7133 : 49;
	7134 : 25;
	7135 : 25;
	7136 : 24;
	7137 : 24;
	7138 : 24;
	7139 : 24;
	7140 : 24;
	7141 : 24;
	7142 : 24;
	7143 : 24;
	7144 : 24;
	7145 : 24;
	7146 : 24;
	7147 : 25;
	7148 : 25;
	7149 : 25;
	7150 : 25;
	7151 : 25;
	7152 : 25;
	7153 : 25;
	7154 : 25;
	7155 : 25;
	7156 : 25;
	7157 : 25;
	7158 : 25;
	7159 : 25;
	7160 : 25;
	7161 : 25;
	7162 : 25;
	7163 : 25;
	7164 : 25;
	7165 : 25;
	7166 : 25;
	7167 : 25;
	7168 : 25;
	7169 : 25;
	7170 : 25;
	7171 : 29;
	7172 : 29;
	7173 : 29;
	7174 : 29;
	7175 : 29;
	7176 : 29;
	7177 : 29;
	7178 : 29;
	7179 : 29;
	7180 : 29;
	7181 : 29;
	7182 : 29;
	7183 : 29;
	7184 : 29;
	7185 : 29;
	7186 : 29;
	7187 : 29;
	7188 : 29;
	7189 : 29;
	7190 : 29;
	7191 : 29;
	7192 : 29;
	7193 : 29;
	7194 : 29;
	7195 : 29;
	7196 : 29;
	7197 : 29;
	7198 : 25;
	7199 : 24;
	7200 : 24;
	7201 : 24;
	7202 : 24;
	7203 : 24;
	7204 : 24;
	7205 : 24;
	7206 : 24;
	7207 : 24;
	7208 : 24;
	7209 : 24;
	7210 : 24;
	7211 : 24;
	7212 : 24;
	7213 : 24;
	7214 : 24;
	7215 : 24;
	7216 : 24;
	7217 : 24;
	7218 : 24;
	7219 : 24;
	7220 : 24;
	7221 : 24;
	7222 : 24;
	7223 : 24;
	7224 : 24;
	7225 : 24;
	7226 : 24;
	7227 : 24;
	7228 : 24;
	7229 : 24;
	7230 : 25;
	7231 : 25;
	7232 : 25;
	7233 : 25;
	7234 : 25;
	7235 : 25;
	7236 : 25;
	7237 : 25;
	7238 : 25;
	7239 : 25;
	7240 : 25;
	7241 : 25;
	7242 : 25;
	7243 : 45;
	7244 : 45;
	7245 : 49;
	7246 : 45;
	7247 : 45;
	7248 : 25;
	7249 : 25;
	7250 : 25;
	7251 : 25;
	7252 : 25;
	7253 : 25;
	7254 : 25;
	7255 : 25;
	7256 : 25;
	7257 : 25;
	7258 : 24;
	7259 : 24;
	7260 : 24;
	7261 : 24;
	7262 : 24;
	7263 : 24;
	7264 : 24;
	7265 : 24;
	7266 : 48;
	7267 : 48;
	7268 : 48;
	7269 : 44;
	7270 : 25;
	7271 : 24;
	7272 : 24;
	7273 : 49;
	7274 : 49;
	7275 : 45;
	7276 : 25;
	7277 : 24;
	7278 : 24;
	7279 : 24;
	7280 : 24;
	7281 : 24;
	7282 : 24;
	7283 : 24;
	7284 : 24;
	7285 : 24;
	7286 : 24;
	7287 : 24;
	7288 : 24;
	7289 : 24;
	7290 : 24;
	7291 : 24;
	7292 : 24;
	7293 : 24;
	7294 : 25;
	7295 : 25;
	7296 : 25;
	7297 : 49;
	7298 : 25;
	7299 : 24;
	7300 : 24;
	7301 : 24;
	7302 : 25;
	7303 : 49;
	7304 : 6D;
	7305 : 6D;
	7306 : 69;
	7307 : 69;
	7308 : 45;
	7309 : 25;
	7310 : 25;
	7311 : 25;
	7312 : 25;
	7313 : 25;
	7314 : 25;
	7315 : 25;
	7316 : 25;
	7317 : 25;
	7318 : 49;
	7319 : 69;
	7320 : 69;
	7321 : 49;
	7322 : 25;
	7323 : 25;
	7324 : 25;
	7325 : 25;
	7326 : 25;
	7327 : 29;
	7328 : 49;
	7329 : 49;
	7330 : 25;
	7331 : 25;
	7332 : 49;
	7333 : 49;
	7334 : 25;
	7335 : 25;
	7336 : 24;
	7337 : 24;
	7338 : 24;
	7339 : 24;
	7340 : 24;
	7341 : 24;
	7342 : 24;
	7343 : 24;
	7344 : 24;
	7345 : 24;
	7346 : 24;
	7347 : 25;
	7348 : 25;
	7349 : 25;
	7350 : 25;
	7351 : 25;
	7352 : 25;
	7353 : 25;
	7354 : 25;
	7355 : 25;
	7356 : 25;
	7357 : 25;
	7358 : 25;
	7359 : 25;
	7360 : 24;
	7361 : 24;
	7362 : 24;
	7363 : 24;
	7364 : 25;
	7365 : 25;
	7366 : 25;
	7367 : 25;
	7368 : 25;
	7369 : 25;
	7370 : 25;
	7371 : 29;
	7372 : 29;
	7373 : 29;
	7374 : 29;
	7375 : 29;
	7376 : 29;
	7377 : 29;
	7378 : 29;
	7379 : 29;
	7380 : 29;
	7381 : 29;
	7382 : 29;
	7383 : 29;
	7384 : 29;
	7385 : 29;
	7386 : 29;
	7387 : 29;
	7388 : 29;
	7389 : 29;
	7390 : 29;
	7391 : 29;
	7392 : 29;
	7393 : 29;
	7394 : 29;
	7395 : 29;
	7396 : 29;
	7397 : 29;
	7398 : 25;
	7399 : 24;
	7400 : 24;
	7401 : 24;
	7402 : 24;
	7403 : 24;
	7404 : 24;
	7405 : 24;
	7406 : 24;
	7407 : 24;
	7408 : 24;
	7409 : 24;
	7410 : 24;
	7411 : 24;
	7412 : 24;
	7413 : 24;
	7414 : 24;
	7415 : 24;
	7416 : 24;
	7417 : 24;
	7418 : 24;
	7419 : 24;
	7420 : 24;
	7421 : 24;
	7422 : 24;
	7423 : 24;
	7424 : 24;
	7425 : 24;
	7426 : 24;
	7427 : 24;
	7428 : 24;
	7429 : 24;
	7430 : 24;
	7431 : 25;
	7432 : 25;
	7433 : 25;
	7434 : 25;
	7435 : 25;
	7436 : 25;
	7437 : 25;
	7438 : 25;
	7439 : 25;
	7440 : 25;
	7441 : 25;
	7442 : 25;
	7443 : 45;
	7444 : 45;
	7445 : 49;
	7446 : 49;
	7447 : 45;
	7448 : 25;
	7449 : 25;
	7450 : 25;
	7451 : 25;
	7452 : 25;
	7453 : 25;
	7454 : 25;
	7455 : 25;
	7456 : 25;
	7457 : 25;
	7458 : 24;
	7459 : 24;
	7460 : 24;
	7461 : 24;
	7462 : 24;
	7463 : 24;
	7464 : 24;
	7465 : 25;
	7466 : 49;
	7467 : 48;
	7468 : 48;
	7469 : 44;
	7470 : 25;
	7471 : 24;
	7472 : 25;
	7473 : 49;
	7474 : 49;
	7475 : 45;
	7476 : 25;
	7477 : 24;
	7478 : 24;
	7479 : 25;
	7480 : 24;
	7481 : 24;
	7482 : 24;
	7483 : 24;
	7484 : 24;
	7485 : 24;
	7486 : 24;
	7487 : 24;
	7488 : 24;
	7489 : 24;
	7490 : 25;
	7491 : 24;
	7492 : 24;
	7493 : 24;
	7494 : 24;
	7495 : 25;
	7496 : 25;
	7497 : 49;
	7498 : 25;
	7499 : 24;
	7500 : 24;
	7501 : 24;
	7502 : 25;
	7503 : 49;
	7504 : 6D;
	7505 : 6D;
	7506 : 69;
	7507 : 69;
	7508 : 49;
	7509 : 45;
	7510 : 25;
	7511 : 25;
	7512 : 25;
	7513 : 25;
	7514 : 25;
	7515 : 25;
	7516 : 25;
	7517 : 25;
	7518 : 49;
	7519 : 69;
	7520 : 69;
	7521 : 49;
	7522 : 25;
	7523 : 25;
	7524 : 25;
	7525 : 25;
	7526 : 25;
	7527 : 49;
	7528 : 49;
	7529 : 49;
	7530 : 25;
	7531 : 25;
	7532 : 49;
	7533 : 49;
	7534 : 25;
	7535 : 25;
	7536 : 24;
	7537 : 24;
	7538 : 24;
	7539 : 24;
	7540 : 24;
	7541 : 24;
	7542 : 24;
	7543 : 24;
	7544 : 24;
	7545 : 24;
	7546 : 24;
	7547 : 25;
	7548 : 25;
	7549 : 25;
	7550 : 25;
	7551 : 25;
	7552 : 25;
	7553 : 25;
	7554 : 24;
	7555 : 24;
	7556 : 24;
	7557 : 24;
	7558 : 44;
	7559 : 44;
	7560 : 44;
	7561 : 44;
	7562 : 44;
	7563 : 44;
	7564 : 24;
	7565 : 25;
	7566 : 25;
	7567 : 25;
	7568 : 25;
	7569 : 25;
	7570 : 25;
	7571 : 29;
	7572 : 29;
	7573 : 29;
	7574 : 29;
	7575 : 29;
	7576 : 29;
	7577 : 29;
	7578 : 29;
	7579 : 29;
	7580 : 29;
	7581 : 29;
	7582 : 29;
	7583 : 29;
	7584 : 29;
	7585 : 29;
	7586 : 29;
	7587 : 29;
	7588 : 29;
	7589 : 29;
	7590 : 29;
	7591 : 29;
	7592 : 29;
	7593 : 29;
	7594 : 29;
	7595 : 29;
	7596 : 29;
	7597 : 29;
	7598 : 25;
	7599 : 24;
	7600 : 00;
	7601 : 20;
	7602 : 24;
	7603 : 24;
	7604 : 24;
	7605 : 24;
	7606 : 24;
	7607 : 24;
	7608 : 24;
	7609 : 24;
	7610 : 24;
	7611 : 24;
	7612 : 24;
	7613 : 24;
	7614 : 24;
	7615 : 24;
	7616 : 24;
	7617 : 24;
	7618 : 24;
	7619 : 24;
	7620 : 24;
	7621 : 24;
	7622 : 24;
	7623 : 24;
	7624 : 24;
	7625 : 24;
	7626 : 24;
	7627 : 24;
	7628 : 24;
	7629 : 24;
	7630 : 24;
	7631 : 25;
	7632 : 25;
	7633 : 25;
	7634 : 25;
	7635 : 25;
	7636 : 25;
	7637 : 25;
	7638 : 25;
	7639 : 25;
	7640 : 25;
	7641 : 25;
	7642 : 25;
	7643 : 45;
	7644 : 45;
	7645 : 45;
	7646 : 49;
	7647 : 45;
	7648 : 25;
	7649 : 25;
	7650 : 25;
	7651 : 25;
	7652 : 25;
	7653 : 25;
	7654 : 25;
	7655 : 25;
	7656 : 24;
	7657 : 24;
	7658 : 24;
	7659 : 24;
	7660 : 24;
	7661 : 25;
	7662 : 24;
	7663 : 24;
	7664 : 24;
	7665 : 25;
	7666 : 49;
	7667 : 49;
	7668 : 48;
	7669 : 44;
	7670 : 25;
	7671 : 24;
	7672 : 25;
	7673 : 49;
	7674 : 49;
	7675 : 49;
	7676 : 25;
	7677 : 24;
	7678 : 24;
	7679 : 25;
	7680 : 24;
	7681 : 24;
	7682 : 24;
	7683 : 24;
	7684 : 24;
	7685 : 24;
	7686 : 24;
	7687 : 24;
	7688 : 25;
	7689 : 25;
	7690 : 49;
	7691 : 25;
	7692 : 24;
	7693 : 24;
	7694 : 24;
	7695 : 24;
	7696 : 25;
	7697 : 49;
	7698 : 25;
	7699 : 24;
	7700 : 24;
	7701 : 24;
	7702 : 25;
	7703 : 49;
	7704 : 6D;
	7705 : 6D;
	7706 : 6D;
	7707 : 69;
	7708 : 49;
	7709 : 45;
	7710 : 25;
	7711 : 25;
	7712 : 25;
	7713 : 25;
	7714 : 25;
	7715 : 25;
	7716 : 25;
	7717 : 24;
	7718 : 49;
	7719 : 49;
	7720 : 69;
	7721 : 49;
	7722 : 25;
	7723 : 29;
	7724 : 29;
	7725 : 29;
	7726 : 29;
	7727 : 49;
	7728 : 49;
	7729 : 49;
	7730 : 25;
	7731 : 25;
	7732 : 49;
	7733 : 49;
	7734 : 25;
	7735 : 25;
	7736 : 24;
	7737 : 24;
	7738 : 24;
	7739 : 24;
	7740 : 24;
	7741 : 24;
	7742 : 24;
	7743 : 24;
	7744 : 24;
	7745 : 24;
	7746 : 24;
	7747 : 25;
	7748 : 25;
	7749 : 24;
	7750 : 44;
	7751 : 44;
	7752 : 44;
	7753 : 44;
	7754 : 44;
	7755 : 44;
	7756 : 44;
	7757 : 44;
	7758 : 44;
	7759 : 44;
	7760 : 44;
	7761 : 44;
	7762 : 44;
	7763 : 44;
	7764 : 25;
	7765 : 25;
	7766 : 25;
	7767 : 25;
	7768 : 25;
	7769 : 25;
	7770 : 25;
	7771 : 29;
	7772 : 29;
	7773 : 29;
	7774 : 29;
	7775 : 29;
	7776 : 29;
	7777 : 29;
	7778 : 29;
	7779 : 29;
	7780 : 29;
	7781 : 29;
	7782 : 29;
	7783 : 29;
	7784 : 29;
	7785 : 29;
	7786 : 29;
	7787 : 29;
	7788 : 29;
	7789 : 29;
	7790 : 29;
	7791 : 29;
	7792 : 29;
	7793 : 29;
	7794 : 29;
	7795 : 29;
	7796 : 29;
	7797 : 29;
	7798 : 25;
	7799 : 24;
	7800 : 24;
	7801 : 24;
	7802 : 00;
	7803 : 00;
	7804 : 20;
	7805 : 24;
	7806 : 24;
	7807 : 24;
	7808 : 24;
	7809 : 24;
	7810 : 24;
	7811 : 24;
	7812 : 24;
	7813 : 24;
	7814 : 24;
	7815 : 24;
	7816 : 24;
	7817 : 24;
	7818 : 24;
	7819 : 24;
	7820 : 24;
	7821 : 24;
	7822 : 24;
	7823 : 24;
	7824 : 24;
	7825 : 24;
	7826 : 24;
	7827 : 24;
	7828 : 24;
	7829 : 24;
	7830 : 24;
	7831 : 25;
	7832 : 29;
	7833 : 25;
	7834 : 25;
	7835 : 25;
	7836 : 25;
	7837 : 29;
	7838 : 29;
	7839 : 29;
	7840 : 29;
	7841 : 25;
	7842 : 25;
	7843 : 45;
	7844 : 45;
	7845 : 45;
	7846 : 49;
	7847 : 45;
	7848 : 25;
	7849 : 25;
	7850 : 49;
	7851 : 49;
	7852 : 25;
	7853 : 25;
	7854 : 25;
	7855 : 25;
	7856 : 24;
	7857 : 24;
	7858 : 24;
	7859 : 24;
	7860 : 25;
	7861 : 25;
	7862 : 24;
	7863 : 24;
	7864 : 24;
	7865 : 24;
	7866 : 48;
	7867 : 48;
	7868 : 48;
	7869 : 44;
	7870 : 25;
	7871 : 24;
	7872 : 25;
	7873 : 49;
	7874 : 49;
	7875 : 45;
	7876 : 24;
	7877 : 24;
	7878 : 24;
	7879 : 24;
	7880 : 24;
	7881 : 24;
	7882 : 24;
	7883 : 24;
	7884 : 24;
	7885 : 24;
	7886 : 24;
	7887 : 24;
	7888 : 24;
	7889 : 25;
	7890 : 49;
	7891 : 25;
	7892 : 24;
	7893 : 24;
	7894 : 24;
	7895 : 25;
	7896 : 25;
	7897 : 49;
	7898 : 25;
	7899 : 24;
	7900 : 24;
	7901 : 24;
	7902 : 25;
	7903 : 49;
	7904 : 6D;
	7905 : 6D;
	7906 : 69;
	7907 : 69;
	7908 : 69;
	7909 : 45;
	7910 : 25;
	7911 : 25;
	7912 : 25;
	7913 : 25;
	7914 : 25;
	7915 : 25;
	7916 : 25;
	7917 : 25;
	7918 : 25;
	7919 : 49;
	7920 : 49;
	7921 : 25;
	7922 : 25;
	7923 : 29;
	7924 : 29;
	7925 : 29;
	7926 : 49;
	7927 : 49;
	7928 : 49;
	7929 : 49;
	7930 : 29;
	7931 : 25;
	7932 : 49;
	7933 : 49;
	7934 : 25;
	7935 : 25;
	7936 : 24;
	7937 : 24;
	7938 : 24;
	7939 : 24;
	7940 : 24;
	7941 : 24;
	7942 : 24;
	7943 : 24;
	7944 : 24;
	7945 : 24;
	7946 : 25;
	7947 : 25;
	7948 : 25;
	7949 : 24;
	7950 : 44;
	7951 : 44;
	7952 : 44;
	7953 : 44;
	7954 : 44;
	7955 : 44;
	7956 : 44;
	7957 : 44;
	7958 : 44;
	7959 : 44;
	7960 : 44;
	7961 : 44;
	7962 : 44;
	7963 : 44;
	7964 : 24;
	7965 : 25;
	7966 : 25;
	7967 : 25;
	7968 : 25;
	7969 : 25;
	7970 : 25;
	7971 : 25;
	7972 : 29;
	7973 : 29;
	7974 : 29;
	7975 : 29;
	7976 : 29;
	7977 : 29;
	7978 : 29;
	7979 : 29;
	7980 : 29;
	7981 : 29;
	7982 : 29;
	7983 : 29;
	7984 : 29;
	7985 : 29;
	7986 : 29;
	7987 : 29;
	7988 : 29;
	7989 : 29;
	7990 : 29;
	7991 : 29;
	7992 : 29;
	7993 : 2A;
	7994 : 2A;
	7995 : 2A;
	7996 : 2A;
	7997 : 29;
	7998 : 25;
	7999 : 24;
	8000 : 24;
	8001 : 24;
	8002 : 24;
	8003 : 24;
	8004 : 24;
	8005 : 24;
	8006 : 24;
	8007 : 24;
	8008 : 24;
	8009 : 24;
	8010 : 24;
	8011 : 24;
	8012 : 24;
	8013 : 24;
	8014 : 24;
	8015 : 24;
	8016 : 24;
	8017 : 24;
	8018 : 24;
	8019 : 24;
	8020 : 24;
	8021 : 24;
	8022 : 24;
	8023 : 24;
	8024 : 24;
	8025 : 24;
	8026 : 24;
	8027 : 24;
	8028 : 24;
	8029 : 24;
	8030 : 24;
	8031 : 25;
	8032 : 25;
	8033 : 25;
	8034 : 25;
	8035 : 25;
	8036 : 29;
	8037 : 29;
	8038 : 29;
	8039 : 29;
	8040 : 29;
	8041 : 25;
	8042 : 25;
	8043 : 45;
	8044 : 45;
	8045 : 49;
	8046 : 49;
	8047 : 45;
	8048 : 25;
	8049 : 25;
	8050 : 49;
	8051 : 49;
	8052 : 25;
	8053 : 25;
	8054 : 25;
	8055 : 25;
	8056 : 25;
	8057 : 25;
	8058 : 25;
	8059 : 25;
	8060 : 25;
	8061 : 25;
	8062 : 24;
	8063 : 24;
	8064 : 24;
	8065 : 24;
	8066 : 48;
	8067 : 48;
	8068 : 48;
	8069 : 44;
	8070 : 25;
	8071 : 24;
	8072 : 25;
	8073 : 49;
	8074 : 49;
	8075 : 45;
	8076 : 24;
	8077 : 24;
	8078 : 24;
	8079 : 24;
	8080 : 24;
	8081 : 24;
	8082 : 24;
	8083 : 24;
	8084 : 24;
	8085 : 24;
	8086 : 25;
	8087 : 24;
	8088 : 24;
	8089 : 25;
	8090 : 49;
	8091 : 25;
	8092 : 24;
	8093 : 24;
	8094 : 24;
	8095 : 25;
	8096 : 25;
	8097 : 49;
	8098 : 25;
	8099 : 24;
	8100 : 24;
	8101 : 24;
	8102 : 25;
	8103 : 49;
	8104 : 6D;
	8105 : 6D;
	8106 : 69;
	8107 : 69;
	8108 : 69;
	8109 : 49;
	8110 : 25;
	8111 : 25;
	8112 : 25;
	8113 : 25;
	8114 : 25;
	8115 : 25;
	8116 : 25;
	8117 : 25;
	8118 : 25;
	8119 : 29;
	8120 : 49;
	8121 : 25;
	8122 : 25;
	8123 : 25;
	8124 : 29;
	8125 : 29;
	8126 : 49;
	8127 : 69;
	8128 : 69;
	8129 : 49;
	8130 : 49;
	8131 : 29;
	8132 : 49;
	8133 : 49;
	8134 : 25;
	8135 : 24;
	8136 : 24;
	8137 : 24;
	8138 : 24;
	8139 : 24;
	8140 : 24;
	8141 : 24;
	8142 : 24;
	8143 : 24;
	8144 : 24;
	8145 : 24;
	8146 : 24;
	8147 : 25;
	8148 : 24;
	8149 : 24;
	8150 : 44;
	8151 : 44;
	8152 : 44;
	8153 : 44;
	8154 : 44;
	8155 : 44;
	8156 : 44;
	8157 : 48;
	8158 : 48;
	8159 : 48;
	8160 : 48;
	8161 : 48;
	8162 : 49;
	8163 : 44;
	8164 : 24;
	8165 : 25;
	8166 : 25;
	8167 : 25;
	8168 : 25;
	8169 : 25;
	8170 : 25;
	8171 : 25;
	8172 : 29;
	8173 : 29;
	8174 : 29;
	8175 : 29;
	8176 : 29;
	8177 : 29;
	8178 : 29;
	8179 : 29;
	8180 : 29;
	8181 : 29;
	8182 : 29;
	8183 : 29;
	8184 : 29;
	8185 : 29;
	8186 : 29;
	8187 : 29;
	8188 : 29;
	8189 : 29;
	8190 : 2A;
	8191 : 2A;
	8192 : 2A;
	8193 : 2A;
	8194 : 2A;
	8195 : 2A;
	8196 : 2A;
	8197 : 29;
	8198 : 25;
	8199 : 24;
	8200 : 24;
	8201 : 24;
	8202 : 24;
	8203 : 24;
	8204 : 24;
	8205 : 24;
	8206 : 24;
	8207 : 24;
	8208 : 24;
	8209 : 24;
	8210 : 24;
	8211 : 24;
	8212 : 24;
	8213 : 24;
	8214 : 24;
	8215 : 24;
	8216 : 24;
	8217 : 24;
	8218 : 24;
	8219 : 24;
	8220 : 24;
	8221 : 24;
	8222 : 24;
	8223 : 24;
	8224 : 24;
	8225 : 44;
	8226 : 44;
	8227 : 44;
	8228 : 44;
	8229 : 44;
	8230 : 24;
	8231 : 24;
	8232 : 25;
	8233 : 25;
	8234 : 25;
	8235 : 25;
	8236 : 25;
	8237 : 29;
	8238 : 29;
	8239 : 29;
	8240 : 29;
	8241 : 29;
	8242 : 25;
	8243 : 45;
	8244 : 45;
	8245 : 69;
	8246 : 49;
	8247 : 45;
	8248 : 25;
	8249 : 25;
	8250 : 49;
	8251 : 45;
	8252 : 25;
	8253 : 25;
	8254 : 25;
	8255 : 25;
	8256 : 25;
	8257 : 25;
	8258 : 25;
	8259 : 25;
	8260 : 25;
	8261 : 25;
	8262 : 24;
	8263 : 24;
	8264 : 24;
	8265 : 24;
	8266 : 49;
	8267 : 48;
	8268 : 48;
	8269 : 45;
	8270 : 25;
	8271 : 24;
	8272 : 25;
	8273 : 49;
	8274 : 49;
	8275 : 24;
	8276 : 24;
	8277 : 24;
	8278 : 24;
	8279 : 25;
	8280 : 25;
	8281 : 25;
	8282 : 25;
	8283 : 24;
	8284 : 24;
	8285 : 24;
	8286 : 25;
	8287 : 24;
	8288 : 25;
	8289 : 25;
	8290 : 25;
	8291 : 24;
	8292 : 24;
	8293 : 24;
	8294 : 25;
	8295 : 25;
	8296 : 49;
	8297 : 49;
	8298 : 25;
	8299 : 24;
	8300 : 24;
	8301 : 24;
	8302 : 25;
	8303 : 49;
	8304 : 49;
	8305 : 6D;
	8306 : 6D;
	8307 : 49;
	8308 : 69;
	8309 : 49;
	8310 : 45;
	8311 : 45;
	8312 : 25;
	8313 : 25;
	8314 : 25;
	8315 : 29;
	8316 : 29;
	8317 : 29;
	8318 : 29;
	8319 : 25;
	8320 : 25;
	8321 : 25;
	8322 : 25;
	8323 : 25;
	8324 : 25;
	8325 : 29;
	8326 : 49;
	8327 : 69;
	8328 : 69;
	8329 : 49;
	8330 : 49;
	8331 : 29;
	8332 : 49;
	8333 : 49;
	8334 : 25;
	8335 : 24;
	8336 : 24;
	8337 : 24;
	8338 : 24;
	8339 : 24;
	8340 : 24;
	8341 : 24;
	8342 : 24;
	8343 : 24;
	8344 : 24;
	8345 : 24;
	8346 : 24;
	8347 : 24;
	8348 : 24;
	8349 : 24;
	8350 : 44;
	8351 : 44;
	8352 : 44;
	8353 : 44;
	8354 : 48;
	8355 : 49;
	8356 : 69;
	8357 : 69;
	8358 : 69;
	8359 : 69;
	8360 : 69;
	8361 : 69;
	8362 : 69;
	8363 : 45;
	8364 : 24;
	8365 : 25;
	8366 : 25;
	8367 : 25;
	8368 : 25;
	8369 : 25;
	8370 : 25;
	8371 : 25;
	8372 : 29;
	8373 : 29;
	8374 : 29;
	8375 : 29;
	8376 : 29;
	8377 : 29;
	8378 : 29;
	8379 : 29;
	8380 : 29;
	8381 : 29;
	8382 : 29;
	8383 : 29;
	8384 : 29;
	8385 : 29;
	8386 : 29;
	8387 : 29;
	8388 : 29;
	8389 : 29;
	8390 : 2A;
	8391 : 2E;
	8392 : 2E;
	8393 : 4E;
	8394 : 4E;
	8395 : 2E;
	8396 : 2E;
	8397 : 29;
	8398 : 25;
	8399 : 24;
	8400 : 49;
	8401 : 49;
	8402 : 45;
	8403 : 25;
	8404 : 24;
	8405 : 24;
	8406 : 24;
	8407 : 24;
	8408 : 24;
	8409 : 24;
	8410 : 24;
	8411 : 24;
	8412 : 24;
	8413 : 24;
	8414 : 24;
	8415 : 24;
	8416 : 24;
	8417 : 24;
	8418 : 24;
	8419 : 24;
	8420 : 24;
	8421 : 24;
	8422 : 24;
	8423 : 24;
	8424 : 24;
	8425 : 44;
	8426 : 44;
	8427 : 44;
	8428 : 44;
	8429 : 44;
	8430 : 44;
	8431 : 44;
	8432 : 44;
	8433 : 24;
	8434 : 24;
	8435 : 25;
	8436 : 25;
	8437 : 25;
	8438 : 29;
	8439 : 29;
	8440 : 29;
	8441 : 29;
	8442 : 25;
	8443 : 45;
	8444 : 49;
	8445 : 69;
	8446 : 49;
	8447 : 45;
	8448 : 25;
	8449 : 25;
	8450 : 49;
	8451 : 25;
	8452 : 25;
	8453 : 25;
	8454 : 25;
	8455 : 25;
	8456 : 25;
	8457 : 25;
	8458 : 25;
	8459 : 25;
	8460 : 25;
	8461 : 25;
	8462 : 24;
	8463 : 24;
	8464 : 24;
	8465 : 24;
	8466 : 49;
	8467 : 49;
	8468 : 49;
	8469 : 49;
	8470 : 29;
	8471 : 24;
	8472 : 24;
	8473 : 45;
	8474 : 49;
	8475 : 49;
	8476 : 24;
	8477 : 25;
	8478 : 25;
	8479 : 25;
	8480 : 25;
	8481 : 25;
	8482 : 25;
	8483 : 24;
	8484 : 24;
	8485 : 24;
	8486 : 25;
	8487 : 24;
	8488 : 24;
	8489 : 24;
	8490 : 24;
	8491 : 24;
	8492 : 24;
	8493 : 24;
	8494 : 25;
	8495 : 49;
	8496 : 49;
	8497 : 49;
	8498 : 25;
	8499 : 24;
	8500 : 24;
	8501 : 24;
	8502 : 25;
	8503 : 49;
	8504 : 49;
	8505 : 69;
	8506 : 6D;
	8507 : 69;
	8508 : 49;
	8509 : 49;
	8510 : 49;
	8511 : 45;
	8512 : 45;
	8513 : 25;
	8514 : 25;
	8515 : 25;
	8516 : 25;
	8517 : 25;
	8518 : 25;
	8519 : 25;
	8520 : 25;
	8521 : 25;
	8522 : 25;
	8523 : 25;
	8524 : 25;
	8525 : 49;
	8526 : 69;
	8527 : 69;
	8528 : 69;
	8529 : 49;
	8530 : 49;
	8531 : 29;
	8532 : 49;
	8533 : 49;
	8534 : 25;
	8535 : 25;
	8536 : 24;
	8537 : 25;
	8538 : 24;
	8539 : 24;
	8540 : 24;
	8541 : 24;
	8542 : 24;
	8543 : 24;
	8544 : 24;
	8545 : 24;
	8546 : 25;
	8547 : 25;
	8548 : 24;
	8549 : 44;
	8550 : 48;
	8551 : 69;
	8552 : 69;
	8553 : 69;
	8554 : 49;
	8555 : 44;
	8556 : 44;
	8557 : 49;
	8558 : 6D;
	8559 : 6D;
	8560 : 69;
	8561 : 69;
	8562 : 69;
	8563 : 49;
	8564 : 24;
	8565 : 25;
	8566 : 25;
	8567 : 25;
	8568 : 25;
	8569 : 25;
	8570 : 25;
	8571 : 29;
	8572 : 29;
	8573 : 29;
	8574 : 29;
	8575 : 29;
	8576 : 29;
	8577 : 29;
	8578 : 29;
	8579 : 29;
	8580 : 29;
	8581 : 29;
	8582 : 29;
	8583 : 29;
	8584 : 29;
	8585 : 29;
	8586 : 29;
	8587 : 29;
	8588 : 29;
	8589 : 29;
	8590 : 2A;
	8591 : 2E;
	8592 : 2E;
	8593 : 2E;
	8594 : 2E;
	8595 : 2E;
	8596 : 2E;
	8597 : 29;
	8598 : 25;
	8599 : 24;
	8600 : 49;
	8601 : 45;
	8602 : 49;
	8603 : 49;
	8604 : 49;
	8605 : 49;
	8606 : 45;
	8607 : 45;
	8608 : 24;
	8609 : 24;
	8610 : 24;
	8611 : 24;
	8612 : 24;
	8613 : 24;
	8614 : 24;
	8615 : 24;
	8616 : 24;
	8617 : 24;
	8618 : 24;
	8619 : 24;
	8620 : 24;
	8621 : 24;
	8622 : 24;
	8623 : 24;
	8624 : 24;
	8625 : 24;
	8626 : 24;
	8627 : 24;
	8628 : 24;
	8629 : 24;
	8630 : 24;
	8631 : 24;
	8632 : 24;
	8633 : 44;
	8634 : 44;
	8635 : 44;
	8636 : 24;
	8637 : 25;
	8638 : 25;
	8639 : 25;
	8640 : 25;
	8641 : 25;
	8642 : 25;
	8643 : 45;
	8644 : 45;
	8645 : 49;
	8646 : 49;
	8647 : 45;
	8648 : 25;
	8649 : 25;
	8650 : 49;
	8651 : 45;
	8652 : 25;
	8653 : 25;
	8654 : 25;
	8655 : 25;
	8656 : 25;
	8657 : 25;
	8658 : 25;
	8659 : 25;
	8660 : 25;
	8661 : 25;
	8662 : 25;
	8663 : 24;
	8664 : 24;
	8665 : 24;
	8666 : 48;
	8667 : 48;
	8668 : 48;
	8669 : 49;
	8670 : 29;
	8671 : 25;
	8672 : 25;
	8673 : 49;
	8674 : 49;
	8675 : 49;
	8676 : 49;
	8677 : 25;
	8678 : 25;
	8679 : 25;
	8680 : 25;
	8681 : 25;
	8682 : 25;
	8683 : 24;
	8684 : 45;
	8685 : 45;
	8686 : 25;
	8687 : 24;
	8688 : 24;
	8689 : 24;
	8690 : 24;
	8691 : 24;
	8692 : 24;
	8693 : 25;
	8694 : 49;
	8695 : 49;
	8696 : 49;
	8697 : 49;
	8698 : 25;
	8699 : 24;
	8700 : 24;
	8701 : 24;
	8702 : 25;
	8703 : 45;
	8704 : 49;
	8705 : 69;
	8706 : 6D;
	8707 : 6D;
	8708 : 49;
	8709 : 49;
	8710 : 45;
	8711 : 45;
	8712 : 45;
	8713 : 25;
	8714 : 25;
	8715 : 25;
	8716 : 25;
	8717 : 25;
	8718 : 25;
	8719 : 25;
	8720 : 25;
	8721 : 25;
	8722 : 25;
	8723 : 25;
	8724 : 25;
	8725 : 49;
	8726 : 69;
	8727 : 69;
	8728 : 69;
	8729 : 49;
	8730 : 29;
	8731 : 29;
	8732 : 49;
	8733 : 49;
	8734 : 25;
	8735 : 25;
	8736 : 25;
	8737 : 25;
	8738 : 24;
	8739 : 24;
	8740 : 24;
	8741 : 24;
	8742 : 24;
	8743 : 24;
	8744 : 24;
	8745 : 24;
	8746 : 25;
	8747 : 25;
	8748 : 25;
	8749 : 49;
	8750 : 49;
	8751 : 69;
	8752 : 69;
	8753 : 6D;
	8754 : 69;
	8755 : 24;
	8756 : 24;
	8757 : 48;
	8758 : 6D;
	8759 : 6D;
	8760 : 69;
	8761 : 69;
	8762 : 69;
	8763 : 49;
	8764 : 25;
	8765 : 25;
	8766 : 25;
	8767 : 25;
	8768 : 25;
	8769 : 25;
	8770 : 25;
	8771 : 29;
	8772 : 29;
	8773 : 29;
	8774 : 29;
	8775 : 29;
	8776 : 29;
	8777 : 29;
	8778 : 29;
	8779 : 29;
	8780 : 29;
	8781 : 29;
	8782 : 29;
	8783 : 29;
	8784 : 29;
	8785 : 29;
	8786 : 29;
	8787 : 29;
	8788 : 29;
	8789 : 29;
	8790 : 2A;
	8791 : 2E;
	8792 : 2E;
	8793 : 2E;
	8794 : 2E;
	8795 : 2E;
	8796 : 2E;
	8797 : 29;
	8798 : 25;
	8799 : 24;
	8800 : 45;
	8801 : 44;
	8802 : 45;
	8803 : 49;
	8804 : 49;
	8805 : 49;
	8806 : 49;
	8807 : 49;
	8808 : 49;
	8809 : 49;
	8810 : 45;
	8811 : 45;
	8812 : 44;
	8813 : 24;
	8814 : 24;
	8815 : 24;
	8816 : 24;
	8817 : 24;
	8818 : 24;
	8819 : 24;
	8820 : 24;
	8821 : 24;
	8822 : 24;
	8823 : 24;
	8824 : 24;
	8825 : 24;
	8826 : 24;
	8827 : 24;
	8828 : 24;
	8829 : 24;
	8830 : 24;
	8831 : 24;
	8832 : 24;
	8833 : 44;
	8834 : 44;
	8835 : 44;
	8836 : 44;
	8837 : 24;
	8838 : 25;
	8839 : 25;
	8840 : 25;
	8841 : 25;
	8842 : 25;
	8843 : 25;
	8844 : 45;
	8845 : 49;
	8846 : 49;
	8847 : 49;
	8848 : 25;
	8849 : 25;
	8850 : 49;
	8851 : 45;
	8852 : 25;
	8853 : 25;
	8854 : 25;
	8855 : 25;
	8856 : 25;
	8857 : 25;
	8858 : 25;
	8859 : 25;
	8860 : 25;
	8861 : 25;
	8862 : 45;
	8863 : 24;
	8864 : 24;
	8865 : 24;
	8866 : 48;
	8867 : 48;
	8868 : 48;
	8869 : 49;
	8870 : 29;
	8871 : 29;
	8872 : 49;
	8873 : 49;
	8874 : 49;
	8875 : 49;
	8876 : 49;
	8877 : 45;
	8878 : 25;
	8879 : 24;
	8880 : 25;
	8881 : 25;
	8882 : 25;
	8883 : 45;
	8884 : 49;
	8885 : 49;
	8886 : 49;
	8887 : 24;
	8888 : 24;
	8889 : 25;
	8890 : 45;
	8891 : 25;
	8892 : 25;
	8893 : 45;
	8894 : 49;
	8895 : 49;
	8896 : 49;
	8897 : 49;
	8898 : 25;
	8899 : 24;
	8900 : 24;
	8901 : 24;
	8902 : 25;
	8903 : 45;
	8904 : 49;
	8905 : 49;
	8906 : 69;
	8907 : 6D;
	8908 : 49;
	8909 : 49;
	8910 : 45;
	8911 : 45;
	8912 : 45;
	8913 : 24;
	8914 : 25;
	8915 : 25;
	8916 : 25;
	8917 : 25;
	8918 : 25;
	8919 : 25;
	8920 : 25;
	8921 : 25;
	8922 : 25;
	8923 : 25;
	8924 : 25;
	8925 : 49;
	8926 : 69;
	8927 : 69;
	8928 : 69;
	8929 : 49;
	8930 : 25;
	8931 : 29;
	8932 : 49;
	8933 : 49;
	8934 : 25;
	8935 : 25;
	8936 : 25;
	8937 : 25;
	8938 : 24;
	8939 : 25;
	8940 : 24;
	8941 : 24;
	8942 : 24;
	8943 : 24;
	8944 : 24;
	8945 : 24;
	8946 : 24;
	8947 : 25;
	8948 : 25;
	8949 : 49;
	8950 : 69;
	8951 : 69;
	8952 : 6D;
	8953 : 6D;
	8954 : 69;
	8955 : 24;
	8956 : 24;
	8957 : 24;
	8958 : 49;
	8959 : 69;
	8960 : 6D;
	8961 : 6D;
	8962 : 69;
	8963 : 49;
	8964 : 25;
	8965 : 25;
	8966 : 25;
	8967 : 25;
	8968 : 25;
	8969 : 25;
	8970 : 29;
	8971 : 29;
	8972 : 29;
	8973 : 29;
	8974 : 29;
	8975 : 29;
	8976 : 29;
	8977 : 29;
	8978 : 29;
	8979 : 29;
	8980 : 29;
	8981 : 29;
	8982 : 29;
	8983 : 29;
	8984 : 29;
	8985 : 29;
	8986 : 29;
	8987 : 29;
	8988 : 29;
	8989 : 2A;
	8990 : 2E;
	8991 : 2E;
	8992 : 2E;
	8993 : 2E;
	8994 : 2E;
	8995 : 2E;
	8996 : 2A;
	8997 : 29;
	8998 : 25;
	8999 : 24;
	9000 : 44;
	9001 : 44;
	9002 : 44;
	9003 : 44;
	9004 : 44;
	9005 : 45;
	9006 : 49;
	9007 : 49;
	9008 : 69;
	9009 : 69;
	9010 : 49;
	9011 : 49;
	9012 : 49;
	9013 : 45;
	9014 : 44;
	9015 : 24;
	9016 : 24;
	9017 : 24;
	9018 : 24;
	9019 : 24;
	9020 : 24;
	9021 : 24;
	9022 : 24;
	9023 : 24;
	9024 : 24;
	9025 : 24;
	9026 : 24;
	9027 : 24;
	9028 : 24;
	9029 : 24;
	9030 : 24;
	9031 : 24;
	9032 : 25;
	9033 : 25;
	9034 : 25;
	9035 : 25;
	9036 : 25;
	9037 : 25;
	9038 : 25;
	9039 : 25;
	9040 : 25;
	9041 : 25;
	9042 : 25;
	9043 : 25;
	9044 : 45;
	9045 : 49;
	9046 : 49;
	9047 : 49;
	9048 : 45;
	9049 : 25;
	9050 : 49;
	9051 : 45;
	9052 : 25;
	9053 : 25;
	9054 : 25;
	9055 : 25;
	9056 : 25;
	9057 : 25;
	9058 : 25;
	9059 : 45;
	9060 : 45;
	9061 : 45;
	9062 : 45;
	9063 : 25;
	9064 : 24;
	9065 : 24;
	9066 : 48;
	9067 : 48;
	9068 : 44;
	9069 : 45;
	9070 : 29;
	9071 : 29;
	9072 : 49;
	9073 : 49;
	9074 : 49;
	9075 : 49;
	9076 : 49;
	9077 : 45;
	9078 : 24;
	9079 : 24;
	9080 : 24;
	9081 : 24;
	9082 : 25;
	9083 : 49;
	9084 : 49;
	9085 : 49;
	9086 : 49;
	9087 : 45;
	9088 : 49;
	9089 : 49;
	9090 : 49;
	9091 : 49;
	9092 : 49;
	9093 : 49;
	9094 : 49;
	9095 : 49;
	9096 : 49;
	9097 : 49;
	9098 : 25;
	9099 : 24;
	9100 : 24;
	9101 : 24;
	9102 : 25;
	9103 : 45;
	9104 : 45;
	9105 : 49;
	9106 : 69;
	9107 : 6D;
	9108 : 6D;
	9109 : 49;
	9110 : 45;
	9111 : 45;
	9112 : 24;
	9113 : 24;
	9114 : 25;
	9115 : 25;
	9116 : 25;
	9117 : 25;
	9118 : 25;
	9119 : 25;
	9120 : 25;
	9121 : 25;
	9122 : 25;
	9123 : 25;
	9124 : 25;
	9125 : 49;
	9126 : 69;
	9127 : 69;
	9128 : 49;
	9129 : 49;
	9130 : 25;
	9131 : 29;
	9132 : 49;
	9133 : 49;
	9134 : 25;
	9135 : 25;
	9136 : 25;
	9137 : 24;
	9138 : 25;
	9139 : 25;
	9140 : 24;
	9141 : 24;
	9142 : 24;
	9143 : 24;
	9144 : 24;
	9145 : 24;
	9146 : 24;
	9147 : 25;
	9148 : 25;
	9149 : 49;
	9150 : 69;
	9151 : 69;
	9152 : 6D;
	9153 : 6D;
	9154 : 49;
	9155 : 24;
	9156 : 20;
	9157 : 20;
	9158 : 24;
	9159 : 49;
	9160 : 69;
	9161 : 6D;
	9162 : 69;
	9163 : 49;
	9164 : 25;
	9165 : 25;
	9166 : 25;
	9167 : 25;
	9168 : 25;
	9169 : 25;
	9170 : 29;
	9171 : 29;
	9172 : 29;
	9173 : 29;
	9174 : 29;
	9175 : 29;
	9176 : 29;
	9177 : 29;
	9178 : 25;
	9179 : 29;
	9180 : 29;
	9181 : 29;
	9182 : 29;
	9183 : 29;
	9184 : 29;
	9185 : 29;
	9186 : 29;
	9187 : 29;
	9188 : 29;
	9189 : 2A;
	9190 : 2A;
	9191 : 2E;
	9192 : 2E;
	9193 : 2E;
	9194 : 2E;
	9195 : 2E;
	9196 : 2E;
	9197 : 29;
	9198 : 25;
	9199 : 24;
	9200 : 44;
	9201 : 44;
	9202 : 44;
	9203 : 44;
	9204 : 44;
	9205 : 44;
	9206 : 49;
	9207 : 69;
	9208 : 69;
	9209 : 49;
	9210 : 45;
	9211 : 44;
	9212 : 49;
	9213 : 49;
	9214 : 49;
	9215 : 49;
	9216 : 49;
	9217 : 49;
	9218 : 45;
	9219 : 44;
	9220 : 24;
	9221 : 24;
	9222 : 24;
	9223 : 24;
	9224 : 24;
	9225 : 24;
	9226 : 24;
	9227 : 24;
	9228 : 24;
	9229 : 25;
	9230 : 25;
	9231 : 25;
	9232 : 25;
	9233 : 25;
	9234 : 25;
	9235 : 25;
	9236 : 25;
	9237 : 25;
	9238 : 25;
	9239 : 25;
	9240 : 25;
	9241 : 25;
	9242 : 25;
	9243 : 45;
	9244 : 45;
	9245 : 69;
	9246 : 49;
	9247 : 49;
	9248 : 45;
	9249 : 25;
	9250 : 49;
	9251 : 49;
	9252 : 25;
	9253 : 25;
	9254 : 25;
	9255 : 25;
	9256 : 25;
	9257 : 25;
	9258 : 25;
	9259 : 25;
	9260 : 25;
	9261 : 25;
	9262 : 45;
	9263 : 24;
	9264 : 24;
	9265 : 24;
	9266 : 48;
	9267 : 48;
	9268 : 48;
	9269 : 48;
	9270 : 29;
	9271 : 29;
	9272 : 49;
	9273 : 49;
	9274 : 49;
	9275 : 49;
	9276 : 49;
	9277 : 49;
	9278 : 24;
	9279 : 24;
	9280 : 24;
	9281 : 25;
	9282 : 49;
	9283 : 49;
	9284 : 49;
	9285 : 49;
	9286 : 49;
	9287 : 49;
	9288 : 49;
	9289 : 49;
	9290 : 49;
	9291 : 49;
	9292 : 49;
	9293 : 25;
	9294 : 25;
	9295 : 25;
	9296 : 25;
	9297 : 49;
	9298 : 25;
	9299 : 24;
	9300 : 24;
	9301 : 24;
	9302 : 25;
	9303 : 25;
	9304 : 45;
	9305 : 49;
	9306 : 49;
	9307 : 6D;
	9308 : 6D;
	9309 : 69;
	9310 : 49;
	9311 : 45;
	9312 : 25;
	9313 : 25;
	9314 : 25;
	9315 : 25;
	9316 : 25;
	9317 : 25;
	9318 : 25;
	9319 : 25;
	9320 : 25;
	9321 : 25;
	9322 : 25;
	9323 : 25;
	9324 : 25;
	9325 : 49;
	9326 : 69;
	9327 : 69;
	9328 : 49;
	9329 : 45;
	9330 : 25;
	9331 : 29;
	9332 : 49;
	9333 : 49;
	9334 : 25;
	9335 : 25;
	9336 : 24;
	9337 : 24;
	9338 : 24;
	9339 : 24;
	9340 : 24;
	9341 : 24;
	9342 : 25;
	9343 : 25;
	9344 : 24;
	9345 : 24;
	9346 : 24;
	9347 : 25;
	9348 : 24;
	9349 : 49;
	9350 : 49;
	9351 : 48;
	9352 : 49;
	9353 : 49;
	9354 : 24;
	9355 : 24;
	9356 : 20;
	9357 : 20;
	9358 : 20;
	9359 : 24;
	9360 : 49;
	9361 : 6D;
	9362 : 69;
	9363 : 49;
	9364 : 25;
	9365 : 25;
	9366 : 25;
	9367 : 25;
	9368 : 25;
	9369 : 25;
	9370 : 29;
	9371 : 29;
	9372 : 29;
	9373 : 29;
	9374 : 29;
	9375 : 29;
	9376 : 29;
	9377 : 29;
	9378 : 25;
	9379 : 29;
	9380 : 29;
	9381 : 29;
	9382 : 29;
	9383 : 29;
	9384 : 29;
	9385 : 29;
	9386 : 29;
	9387 : 29;
	9388 : 29;
	9389 : 2A;
	9390 : 2A;
	9391 : 2E;
	9392 : 2E;
	9393 : 2E;
	9394 : 2E;
	9395 : 2E;
	9396 : 2E;
	9397 : 29;
	9398 : 25;
	9399 : 24;
	9400 : 44;
	9401 : 44;
	9402 : 44;
	9403 : 44;
	9404 : 44;
	9405 : 44;
	9406 : 69;
	9407 : 69;
	9408 : 69;
	9409 : 49;
	9410 : 44;
	9411 : 44;
	9412 : 44;
	9413 : 49;
	9414 : 69;
	9415 : 69;
	9416 : 49;
	9417 : 49;
	9418 : 49;
	9419 : 45;
	9420 : 44;
	9421 : 24;
	9422 : 24;
	9423 : 24;
	9424 : 24;
	9425 : 24;
	9426 : 24;
	9427 : 24;
	9428 : 25;
	9429 : 25;
	9430 : 25;
	9431 : 29;
	9432 : 25;
	9433 : 25;
	9434 : 25;
	9435 : 25;
	9436 : 25;
	9437 : 25;
	9438 : 25;
	9439 : 25;
	9440 : 25;
	9441 : 25;
	9442 : 25;
	9443 : 45;
	9444 : 45;
	9445 : 69;
	9446 : 49;
	9447 : 49;
	9448 : 45;
	9449 : 25;
	9450 : 49;
	9451 : 49;
	9452 : 45;
	9453 : 25;
	9454 : 25;
	9455 : 25;
	9456 : 25;
	9457 : 25;
	9458 : 25;
	9459 : 45;
	9460 : 25;
	9461 : 45;
	9462 : 45;
	9463 : 25;
	9464 : 25;
	9465 : 24;
	9466 : 48;
	9467 : 48;
	9468 : 48;
	9469 : 48;
	9470 : 29;
	9471 : 25;
	9472 : 45;
	9473 : 49;
	9474 : 49;
	9475 : 49;
	9476 : 49;
	9477 : 49;
	9478 : 49;
	9479 : 45;
	9480 : 45;
	9481 : 49;
	9482 : 49;
	9483 : 49;
	9484 : 49;
	9485 : 45;
	9486 : 25;
	9487 : 25;
	9488 : 25;
	9489 : 25;
	9490 : 25;
	9491 : 25;
	9492 : 25;
	9493 : 25;
	9494 : 24;
	9495 : 24;
	9496 : 25;
	9497 : 49;
	9498 : 25;
	9499 : 24;
	9500 : 24;
	9501 : 24;
	9502 : 25;
	9503 : 25;
	9504 : 45;
	9505 : 45;
	9506 : 49;
	9507 : 69;
	9508 : 6D;
	9509 : 6D;
	9510 : 49;
	9511 : 25;
	9512 : 25;
	9513 : 25;
	9514 : 25;
	9515 : 25;
	9516 : 25;
	9517 : 25;
	9518 : 25;
	9519 : 25;
	9520 : 25;
	9521 : 25;
	9522 : 25;
	9523 : 25;
	9524 : 25;
	9525 : 49;
	9526 : 69;
	9527 : 49;
	9528 : 49;
	9529 : 45;
	9530 : 25;
	9531 : 29;
	9532 : 49;
	9533 : 29;
	9534 : 25;
	9535 : 25;
	9536 : 24;
	9537 : 24;
	9538 : 24;
	9539 : 24;
	9540 : 24;
	9541 : 25;
	9542 : 25;
	9543 : 25;
	9544 : 24;
	9545 : 44;
	9546 : 24;
	9547 : 24;
	9548 : 24;
	9549 : 44;
	9550 : 48;
	9551 : 44;
	9552 : 44;
	9553 : 24;
	9554 : 24;
	9555 : 24;
	9556 : 24;
	9557 : 24;
	9558 : 24;
	9559 : 44;
	9560 : 69;
	9561 : 6D;
	9562 : 69;
	9563 : 49;
	9564 : 25;
	9565 : 25;
	9566 : 25;
	9567 : 25;
	9568 : 25;
	9569 : 25;
	9570 : 25;
	9571 : 29;
	9572 : 29;
	9573 : 29;
	9574 : 29;
	9575 : 25;
	9576 : 29;
	9577 : 29;
	9578 : 29;
	9579 : 29;
	9580 : 29;
	9581 : 29;
	9582 : 29;
	9583 : 29;
	9584 : 29;
	9585 : 29;
	9586 : 29;
	9587 : 29;
	9588 : 29;
	9589 : 2A;
	9590 : 2E;
	9591 : 2E;
	9592 : 2E;
	9593 : 2E;
	9594 : 2E;
	9595 : 2E;
	9596 : 2A;
	9597 : 29;
	9598 : 25;
	9599 : 24;
	9600 : 44;
	9601 : 44;
	9602 : 44;
	9603 : 44;
	9604 : 44;
	9605 : 44;
	9606 : 69;
	9607 : 69;
	9608 : 69;
	9609 : 44;
	9610 : 44;
	9611 : 44;
	9612 : 44;
	9613 : 44;
	9614 : 64;
	9615 : 64;
	9616 : 69;
	9617 : 69;
	9618 : 69;
	9619 : 49;
	9620 : 44;
	9621 : 24;
	9622 : 25;
	9623 : 25;
	9624 : 24;
	9625 : 24;
	9626 : 25;
	9627 : 25;
	9628 : 25;
	9629 : 25;
	9630 : 29;
	9631 : 49;
	9632 : 25;
	9633 : 25;
	9634 : 25;
	9635 : 25;
	9636 : 25;
	9637 : 25;
	9638 : 25;
	9639 : 25;
	9640 : 25;
	9641 : 25;
	9642 : 25;
	9643 : 45;
	9644 : 45;
	9645 : 49;
	9646 : 49;
	9647 : 45;
	9648 : 45;
	9649 : 25;
	9650 : 25;
	9651 : 45;
	9652 : 25;
	9653 : 25;
	9654 : 25;
	9655 : 25;
	9656 : 25;
	9657 : 25;
	9658 : 25;
	9659 : 45;
	9660 : 45;
	9661 : 45;
	9662 : 45;
	9663 : 25;
	9664 : 25;
	9665 : 24;
	9666 : 48;
	9667 : 48;
	9668 : 48;
	9669 : 44;
	9670 : 29;
	9671 : 24;
	9672 : 24;
	9673 : 49;
	9674 : 49;
	9675 : 49;
	9676 : 49;
	9677 : 49;
	9678 : 49;
	9679 : 49;
	9680 : 49;
	9681 : 49;
	9682 : 45;
	9683 : 24;
	9684 : 24;
	9685 : 24;
	9686 : 24;
	9687 : 24;
	9688 : 24;
	9689 : 24;
	9690 : 24;
	9691 : 24;
	9692 : 24;
	9693 : 24;
	9694 : 24;
	9695 : 24;
	9696 : 25;
	9697 : 49;
	9698 : 25;
	9699 : 24;
	9700 : 24;
	9701 : 24;
	9702 : 25;
	9703 : 25;
	9704 : 45;
	9705 : 45;
	9706 : 49;
	9707 : 49;
	9708 : 6D;
	9709 : 6D;
	9710 : 6D;
	9711 : 49;
	9712 : 25;
	9713 : 25;
	9714 : 25;
	9715 : 25;
	9716 : 25;
	9717 : 25;
	9718 : 25;
	9719 : 25;
	9720 : 25;
	9721 : 29;
	9722 : 25;
	9723 : 25;
	9724 : 25;
	9725 : 49;
	9726 : 49;
	9727 : 49;
	9728 : 49;
	9729 : 45;
	9730 : 25;
	9731 : 29;
	9732 : 29;
	9733 : 29;
	9734 : 25;
	9735 : 25;
	9736 : 24;
	9737 : 24;
	9738 : 24;
	9739 : 24;
	9740 : 25;
	9741 : 45;
	9742 : 25;
	9743 : 25;
	9744 : 49;
	9745 : 49;
	9746 : 25;
	9747 : 24;
	9748 : 24;
	9749 : 44;
	9750 : 49;
	9751 : 49;
	9752 : 45;
	9753 : 49;
	9754 : 49;
	9755 : 24;
	9756 : 24;
	9757 : 24;
	9758 : 24;
	9759 : 49;
	9760 : 6D;
	9761 : 6D;
	9762 : 6D;
	9763 : 49;
	9764 : 25;
	9765 : 25;
	9766 : 25;
	9767 : 25;
	9768 : 25;
	9769 : 25;
	9770 : 25;
	9771 : 29;
	9772 : 29;
	9773 : 29;
	9774 : 29;
	9775 : 25;
	9776 : 29;
	9777 : 29;
	9778 : 29;
	9779 : 29;
	9780 : 29;
	9781 : 29;
	9782 : 4D;
	9783 : 49;
	9784 : 49;
	9785 : 29;
	9786 : 29;
	9787 : 49;
	9788 : 29;
	9789 : 2A;
	9790 : 2E;
	9791 : 2E;
	9792 : 2E;
	9793 : 2E;
	9794 : 29;
	9795 : 29;
	9796 : 29;
	9797 : 25;
	9798 : 25;
	9799 : 24;
	9800 : 45;
	9801 : 44;
	9802 : 44;
	9803 : 44;
	9804 : 49;
	9805 : 44;
	9806 : 49;
	9807 : 69;
	9808 : 49;
	9809 : 44;
	9810 : 44;
	9811 : 44;
	9812 : 44;
	9813 : 44;
	9814 : 64;
	9815 : 64;
	9816 : 69;
	9817 : 69;
	9818 : 69;
	9819 : 49;
	9820 : 24;
	9821 : 24;
	9822 : 24;
	9823 : 24;
	9824 : 45;
	9825 : 45;
	9826 : 25;
	9827 : 25;
	9828 : 25;
	9829 : 45;
	9830 : 49;
	9831 : 68;
	9832 : 69;
	9833 : 45;
	9834 : 25;
	9835 : 25;
	9836 : 25;
	9837 : 25;
	9838 : 25;
	9839 : 25;
	9840 : 25;
	9841 : 25;
	9842 : 25;
	9843 : 45;
	9844 : 49;
	9845 : 49;
	9846 : 49;
	9847 : 49;
	9848 : 45;
	9849 : 25;
	9850 : 49;
	9851 : 49;
	9852 : 45;
	9853 : 45;
	9854 : 45;
	9855 : 49;
	9856 : 25;
	9857 : 25;
	9858 : 45;
	9859 : 49;
	9860 : 45;
	9861 : 45;
	9862 : 45;
	9863 : 25;
	9864 : 24;
	9865 : 24;
	9866 : 48;
	9867 : 48;
	9868 : 48;
	9869 : 44;
	9870 : 25;
	9871 : 24;
	9872 : 24;
	9873 : 25;
	9874 : 49;
	9875 : 49;
	9876 : 49;
	9877 : 49;
	9878 : 49;
	9879 : 25;
	9880 : 24;
	9881 : 24;
	9882 : 24;
	9883 : 24;
	9884 : 24;
	9885 : 24;
	9886 : 24;
	9887 : 24;
	9888 : 24;
	9889 : 24;
	9890 : 24;
	9891 : 24;
	9892 : 24;
	9893 : 24;
	9894 : 24;
	9895 : 24;
	9896 : 25;
	9897 : 49;
	9898 : 25;
	9899 : 24;
	9900 : 24;
	9901 : 24;
	9902 : 25;
	9903 : 25;
	9904 : 45;
	9905 : 45;
	9906 : 45;
	9907 : 49;
	9908 : 69;
	9909 : 6D;
	9910 : 6D;
	9911 : 49;
	9912 : 25;
	9913 : 25;
	9914 : 25;
	9915 : 25;
	9916 : 25;
	9917 : 25;
	9918 : 25;
	9919 : 25;
	9920 : 25;
	9921 : 25;
	9922 : 25;
	9923 : 25;
	9924 : 25;
	9925 : 49;
	9926 : 49;
	9927 : 49;
	9928 : 49;
	9929 : 45;
	9930 : 25;
	9931 : 29;
	9932 : 29;
	9933 : 29;
	9934 : 25;
	9935 : 24;
	9936 : 24;
	9937 : 24;
	9938 : 24;
	9939 : 24;
	9940 : 24;
	9941 : 45;
	9942 : 25;
	9943 : 25;
	9944 : 45;
	9945 : 45;
	9946 : 25;
	9947 : 25;
	9948 : 24;
	9949 : 49;
	9950 : 69;
	9951 : 6D;
	9952 : 6D;
	9953 : 6D;
	9954 : 49;
	9955 : 24;
	9956 : 20;
	9957 : 24;
	9958 : 24;
	9959 : 49;
	9960 : 6D;
	9961 : 6D;
	9962 : 6D;
	9963 : 49;
	9964 : 25;
	9965 : 25;
	9966 : 25;
	9967 : 25;
	9968 : 25;
	9969 : 25;
	9970 : 25;
	9971 : 25;
	9972 : 29;
	9973 : 29;
	9974 : 29;
	9975 : 29;
	9976 : 29;
	9977 : 29;
	9978 : 29;
	9979 : 29;
	9980 : 29;
	9981 : 29;
	9982 : 4D;
	9983 : 4D;
	9984 : 4D;
	9985 : 4D;
	9986 : 4D;
	9987 : 4D;
	9988 : 4D;
	9989 : 2A;
	9990 : 2E;
	9991 : 2E;
	9992 : 2E;
	9993 : 2E;
	9994 : 29;
	9995 : 29;
	9996 : 29;
	9997 : 29;
	9998 : 25;
	9999 : 24;
	10000 : 44;
	10001 : 44;
	10002 : 44;
	10003 : 44;
	10004 : 44;
	10005 : 44;
	10006 : 49;
	10007 : 69;
	10008 : 49;
	10009 : 44;
	10010 : 44;
	10011 : 44;
	10012 : 44;
	10013 : 44;
	10014 : 64;
	10015 : 64;
	10016 : 69;
	10017 : 69;
	10018 : 69;
	10019 : 49;
	10020 : 44;
	10021 : 24;
	10022 : 25;
	10023 : 25;
	10024 : 49;
	10025 : 49;
	10026 : 45;
	10027 : 45;
	10028 : 64;
	10029 : 64;
	10030 : 84;
	10031 : 88;
	10032 : 84;
	10033 : 64;
	10034 : 65;
	10035 : 45;
	10036 : 25;
	10037 : 25;
	10038 : 25;
	10039 : 25;
	10040 : 25;
	10041 : 25;
	10042 : 25;
	10043 : 45;
	10044 : 49;
	10045 : 69;
	10046 : 49;
	10047 : 49;
	10048 : 45;
	10049 : 25;
	10050 : 49;
	10051 : 49;
	10052 : 49;
	10053 : 49;
	10054 : 49;
	10055 : 49;
	10056 : 25;
	10057 : 25;
	10058 : 25;
	10059 : 25;
	10060 : 25;
	10061 : 24;
	10062 : 24;
	10063 : 24;
	10064 : 24;
	10065 : 24;
	10066 : 48;
	10067 : 48;
	10068 : 48;
	10069 : 44;
	10070 : 29;
	10071 : 25;
	10072 : 24;
	10073 : 25;
	10074 : 25;
	10075 : 24;
	10076 : 24;
	10077 : 24;
	10078 : 24;
	10079 : 24;
	10080 : 24;
	10081 : 24;
	10082 : 24;
	10083 : 24;
	10084 : 24;
	10085 : 24;
	10086 : 24;
	10087 : 24;
	10088 : 24;
	10089 : 24;
	10090 : 24;
	10091 : 24;
	10092 : 24;
	10093 : 24;
	10094 : 24;
	10095 : 24;
	10096 : 25;
	10097 : 49;
	10098 : 25;
	10099 : 24;
	10100 : 24;
	10101 : 24;
	10102 : 25;
	10103 : 25;
	10104 : 25;
	10105 : 45;
	10106 : 45;
	10107 : 45;
	10108 : 49;
	10109 : 6D;
	10110 : 6D;
	10111 : 49;
	10112 : 25;
	10113 : 25;
	10114 : 25;
	10115 : 25;
	10116 : 25;
	10117 : 25;
	10118 : 25;
	10119 : 25;
	10120 : 25;
	10121 : 49;
	10122 : 29;
	10123 : 25;
	10124 : 25;
	10125 : 49;
	10126 : 49;
	10127 : 49;
	10128 : 49;
	10129 : 25;
	10130 : 25;
	10131 : 29;
	10132 : 29;
	10133 : 29;
	10134 : 25;
	10135 : 24;
	10136 : 24;
	10137 : 24;
	10138 : 24;
	10139 : 24;
	10140 : 24;
	10141 : 24;
	10142 : 25;
	10143 : 25;
	10144 : 45;
	10145 : 45;
	10146 : 25;
	10147 : 25;
	10148 : 24;
	10149 : 49;
	10150 : 69;
	10151 : 6D;
	10152 : 6D;
	10153 : 6D;
	10154 : 49;
	10155 : 24;
	10156 : 20;
	10157 : 20;
	10158 : 24;
	10159 : 49;
	10160 : 6D;
	10161 : 6D;
	10162 : 69;
	10163 : 49;
	10164 : 25;
	10165 : 25;
	10166 : 25;
	10167 : 25;
	10168 : 24;
	10169 : 24;
	10170 : 25;
	10171 : 25;
	10172 : 29;
	10173 : 29;
	10174 : 29;
	10175 : 29;
	10176 : 29;
	10177 : 29;
	10178 : 29;
	10179 : 29;
	10180 : 29;
	10181 : 29;
	10182 : 4D;
	10183 : 4D;
	10184 : 4D;
	10185 : 4D;
	10186 : 4D;
	10187 : 4D;
	10188 : 4E;
	10189 : 2E;
	10190 : 2E;
	10191 : 2E;
	10192 : 2E;
	10193 : 2E;
	10194 : 29;
	10195 : 29;
	10196 : 29;
	10197 : 29;
	10198 : 25;
	10199 : 24;
	10200 : 44;
	10201 : 64;
	10202 : 64;
	10203 : 44;
	10204 : 44;
	10205 : 44;
	10206 : 69;
	10207 : 69;
	10208 : 49;
	10209 : 44;
	10210 : 44;
	10211 : 44;
	10212 : 44;
	10213 : 44;
	10214 : 44;
	10215 : 44;
	10216 : 68;
	10217 : 69;
	10218 : 69;
	10219 : 49;
	10220 : 44;
	10221 : 24;
	10222 : 25;
	10223 : 29;
	10224 : 49;
	10225 : 49;
	10226 : 65;
	10227 : 64;
	10228 : A4;
	10229 : A8;
	10230 : A8;
	10231 : A8;
	10232 : A8;
	10233 : A4;
	10234 : 84;
	10235 : 65;
	10236 : 45;
	10237 : 45;
	10238 : 25;
	10239 : 25;
	10240 : 25;
	10241 : 25;
	10242 : 25;
	10243 : 45;
	10244 : 49;
	10245 : 69;
	10246 : 69;
	10247 : 49;
	10248 : 45;
	10249 : 25;
	10250 : 49;
	10251 : 49;
	10252 : 49;
	10253 : 49;
	10254 : 45;
	10255 : 25;
	10256 : 25;
	10257 : 25;
	10258 : 25;
	10259 : 24;
	10260 : 24;
	10261 : 24;
	10262 : 24;
	10263 : 24;
	10264 : 24;
	10265 : 24;
	10266 : 48;
	10267 : 48;
	10268 : 48;
	10269 : 45;
	10270 : 29;
	10271 : 25;
	10272 : 25;
	10273 : 49;
	10274 : 25;
	10275 : 24;
	10276 : 24;
	10277 : 24;
	10278 : 24;
	10279 : 24;
	10280 : 24;
	10281 : 24;
	10282 : 24;
	10283 : 24;
	10284 : 24;
	10285 : 24;
	10286 : 24;
	10287 : 24;
	10288 : 24;
	10289 : 24;
	10290 : 24;
	10291 : 24;
	10292 : 04;
	10293 : 04;
	10294 : 24;
	10295 : 25;
	10296 : 49;
	10297 : 49;
	10298 : 25;
	10299 : 24;
	10300 : 24;
	10301 : 24;
	10302 : 25;
	10303 : 25;
	10304 : 25;
	10305 : 45;
	10306 : 45;
	10307 : 45;
	10308 : 49;
	10309 : 69;
	10310 : 6D;
	10311 : 49;
	10312 : 25;
	10313 : 25;
	10314 : 25;
	10315 : 25;
	10316 : 25;
	10317 : 25;
	10318 : 25;
	10319 : 25;
	10320 : 45;
	10321 : 49;
	10322 : 49;
	10323 : 49;
	10324 : 29;
	10325 : 49;
	10326 : 49;
	10327 : 49;
	10328 : 25;
	10329 : 25;
	10330 : 25;
	10331 : 29;
	10332 : 29;
	10333 : 29;
	10334 : 25;
	10335 : 25;
	10336 : 25;
	10337 : 24;
	10338 : 24;
	10339 : 24;
	10340 : 24;
	10341 : 24;
	10342 : 24;
	10343 : 44;
	10344 : 45;
	10345 : 45;
	10346 : 25;
	10347 : 25;
	10348 : 24;
	10349 : 49;
	10350 : 69;
	10351 : 6D;
	10352 : 6D;
	10353 : 49;
	10354 : 24;
	10355 : 20;
	10356 : 20;
	10357 : 20;
	10358 : 20;
	10359 : 44;
	10360 : 69;
	10361 : 6D;
	10362 : 69;
	10363 : 49;
	10364 : 25;
	10365 : 25;
	10366 : 25;
	10367 : 25;
	10368 : 24;
	10369 : 24;
	10370 : 24;
	10371 : 25;
	10372 : 25;
	10373 : 25;
	10374 : 25;
	10375 : 29;
	10376 : 29;
	10377 : 29;
	10378 : 29;
	10379 : 29;
	10380 : 29;
	10381 : 29;
	10382 : 4D;
	10383 : 4D;
	10384 : 4D;
	10385 : 4D;
	10386 : 4E;
	10387 : 4E;
	10388 : 4E;
	10389 : 2E;
	10390 : 2E;
	10391 : 2E;
	10392 : 2E;
	10393 : 2E;
	10394 : 29;
	10395 : 29;
	10396 : 29;
	10397 : 29;
	10398 : 25;
	10399 : 24;
	10400 : 44;
	10401 : 44;
	10402 : 44;
	10403 : 44;
	10404 : 44;
	10405 : 49;
	10406 : 69;
	10407 : 69;
	10408 : 69;
	10409 : 68;
	10410 : 64;
	10411 : 64;
	10412 : 44;
	10413 : 44;
	10414 : 44;
	10415 : 44;
	10416 : 69;
	10417 : 69;
	10418 : 69;
	10419 : 49;
	10420 : 44;
	10421 : 25;
	10422 : 29;
	10423 : 29;
	10424 : 49;
	10425 : 49;
	10426 : 84;
	10427 : A4;
	10428 : C8;
	10429 : CC;
	10430 : CD;
	10431 : CD;
	10432 : CC;
	10433 : C8;
	10434 : C8;
	10435 : A4;
	10436 : 64;
	10437 : 45;
	10438 : 25;
	10439 : 25;
	10440 : 25;
	10441 : 25;
	10442 : 45;
	10443 : 45;
	10444 : 49;
	10445 : 69;
	10446 : 49;
	10447 : 49;
	10448 : 45;
	10449 : 25;
	10450 : 49;
	10451 : 49;
	10452 : 25;
	10453 : 25;
	10454 : 25;
	10455 : 24;
	10456 : 24;
	10457 : 24;
	10458 : 24;
	10459 : 24;
	10460 : 24;
	10461 : 24;
	10462 : 24;
	10463 : 24;
	10464 : 25;
	10465 : 25;
	10466 : 49;
	10467 : 48;
	10468 : 48;
	10469 : 44;
	10470 : 29;
	10471 : 25;
	10472 : 25;
	10473 : 49;
	10474 : 45;
	10475 : 24;
	10476 : 24;
	10477 : 24;
	10478 : 24;
	10479 : 24;
	10480 : 24;
	10481 : 24;
	10482 : 24;
	10483 : 24;
	10484 : 24;
	10485 : 24;
	10486 : 24;
	10487 : 25;
	10488 : 24;
	10489 : 24;
	10490 : 24;
	10491 : 24;
	10492 : 24;
	10493 : 24;
	10494 : 24;
	10495 : 25;
	10496 : 49;
	10497 : 49;
	10498 : 25;
	10499 : 24;
	10500 : 24;
	10501 : 24;
	10502 : 25;
	10503 : 25;
	10504 : 25;
	10505 : 25;
	10506 : 45;
	10507 : 45;
	10508 : 49;
	10509 : 49;
	10510 : 6D;
	10511 : 49;
	10512 : 25;
	10513 : 25;
	10514 : 25;
	10515 : 25;
	10516 : 25;
	10517 : 25;
	10518 : 25;
	10519 : 25;
	10520 : 49;
	10521 : 69;
	10522 : 69;
	10523 : 69;
	10524 : 49;
	10525 : 49;
	10526 : 49;
	10527 : 49;
	10528 : 25;
	10529 : 25;
	10530 : 25;
	10531 : 25;
	10532 : 29;
	10533 : 29;
	10534 : 25;
	10535 : 25;
	10536 : 24;
	10537 : 24;
	10538 : 24;
	10539 : 24;
	10540 : 24;
	10541 : 04;
	10542 : 24;
	10543 : 24;
	10544 : 45;
	10545 : 49;
	10546 : 25;
	10547 : 25;
	10548 : 25;
	10549 : 49;
	10550 : 69;
	10551 : 69;
	10552 : 6D;
	10553 : 49;
	10554 : 24;
	10555 : 20;
	10556 : 24;
	10557 : 24;
	10558 : 24;
	10559 : 24;
	10560 : 49;
	10561 : 6D;
	10562 : 6D;
	10563 : 49;
	10564 : 25;
	10565 : 25;
	10566 : 25;
	10567 : 25;
	10568 : 24;
	10569 : 24;
	10570 : 25;
	10571 : 25;
	10572 : 25;
	10573 : 25;
	10574 : 25;
	10575 : 29;
	10576 : 29;
	10577 : 29;
	10578 : 29;
	10579 : 29;
	10580 : 29;
	10581 : 29;
	10582 : 29;
	10583 : 29;
	10584 : 29;
	10585 : 29;
	10586 : 4D;
	10587 : 4E;
	10588 : 4E;
	10589 : 2E;
	10590 : 2E;
	10591 : 2E;
	10592 : 2E;
	10593 : 2E;
	10594 : 29;
	10595 : 29;
	10596 : 29;
	10597 : 29;
	10598 : 25;
	10599 : 24;
	10600 : 49;
	10601 : 44;
	10602 : 45;
	10603 : 45;
	10604 : 45;
	10605 : 69;
	10606 : 69;
	10607 : 6D;
	10608 : 69;
	10609 : 69;
	10610 : 64;
	10611 : 69;
	10612 : 44;
	10613 : 44;
	10614 : 44;
	10615 : 44;
	10616 : 69;
	10617 : 69;
	10618 : 69;
	10619 : 69;
	10620 : 45;
	10621 : 25;
	10622 : 29;
	10623 : 29;
	10624 : 49;
	10625 : 65;
	10626 : 84;
	10627 : A8;
	10628 : CC;
	10629 : D1;
	10630 : D1;
	10631 : D1;
	10632 : CD;
	10633 : CC;
	10634 : C8;
	10635 : A4;
	10636 : 84;
	10637 : 69;
	10638 : 49;
	10639 : 49;
	10640 : 49;
	10641 : 45;
	10642 : 25;
	10643 : 45;
	10644 : 49;
	10645 : 49;
	10646 : 49;
	10647 : 49;
	10648 : 45;
	10649 : 25;
	10650 : 25;
	10651 : 25;
	10652 : 25;
	10653 : 25;
	10654 : 25;
	10655 : 25;
	10656 : 25;
	10657 : 25;
	10658 : 25;
	10659 : 25;
	10660 : 25;
	10661 : 25;
	10662 : 25;
	10663 : 24;
	10664 : 24;
	10665 : 24;
	10666 : 25;
	10667 : 45;
	10668 : 45;
	10669 : 49;
	10670 : 29;
	10671 : 25;
	10672 : 24;
	10673 : 24;
	10674 : 49;
	10675 : 49;
	10676 : 44;
	10677 : 24;
	10678 : 24;
	10679 : 24;
	10680 : 24;
	10681 : 24;
	10682 : 24;
	10683 : 24;
	10684 : 24;
	10685 : 24;
	10686 : 24;
	10687 : 24;
	10688 : 24;
	10689 : 24;
	10690 : 24;
	10691 : 24;
	10692 : 24;
	10693 : 24;
	10694 : 24;
	10695 : 25;
	10696 : 49;
	10697 : 49;
	10698 : 25;
	10699 : 24;
	10700 : 24;
	10701 : 24;
	10702 : 25;
	10703 : 25;
	10704 : 25;
	10705 : 25;
	10706 : 45;
	10707 : 45;
	10708 : 45;
	10709 : 49;
	10710 : 69;
	10711 : 49;
	10712 : 25;
	10713 : 25;
	10714 : 25;
	10715 : 25;
	10716 : 25;
	10717 : 25;
	10718 : 25;
	10719 : 25;
	10720 : 25;
	10721 : 49;
	10722 : 49;
	10723 : 69;
	10724 : 69;
	10725 : 69;
	10726 : 49;
	10727 : 49;
	10728 : 49;
	10729 : 25;
	10730 : 25;
	10731 : 25;
	10732 : 29;
	10733 : 29;
	10734 : 25;
	10735 : 25;
	10736 : 24;
	10737 : 24;
	10738 : 24;
	10739 : 24;
	10740 : 24;
	10741 : 24;
	10742 : 24;
	10743 : 24;
	10744 : 24;
	10745 : 44;
	10746 : 25;
	10747 : 25;
	10748 : 25;
	10749 : 44;
	10750 : 69;
	10751 : 69;
	10752 : 69;
	10753 : 44;
	10754 : 24;
	10755 : 24;
	10756 : 49;
	10757 : 49;
	10758 : 24;
	10759 : 24;
	10760 : 44;
	10761 : 69;
	10762 : 69;
	10763 : 49;
	10764 : 24;
	10765 : 25;
	10766 : 25;
	10767 : 25;
	10768 : 25;
	10769 : 25;
	10770 : 25;
	10771 : 25;
	10772 : 25;
	10773 : 25;
	10774 : 25;
	10775 : 25;
	10776 : 29;
	10777 : 29;
	10778 : 29;
	10779 : 29;
	10780 : 29;
	10781 : 29;
	10782 : 29;
	10783 : 29;
	10784 : 29;
	10785 : 29;
	10786 : 4E;
	10787 : 4E;
	10788 : 4E;
	10789 : 2A;
	10790 : 2E;
	10791 : 2E;
	10792 : 2E;
	10793 : 2E;
	10794 : 29;
	10795 : 29;
	10796 : 29;
	10797 : 29;
	10798 : 25;
	10799 : 24;
	10800 : 49;
	10801 : 49;
	10802 : 49;
	10803 : 69;
	10804 : 69;
	10805 : 49;
	10806 : 69;
	10807 : 69;
	10808 : 69;
	10809 : 69;
	10810 : 69;
	10811 : 69;
	10812 : 44;
	10813 : 44;
	10814 : 44;
	10815 : 44;
	10816 : 69;
	10817 : 69;
	10818 : 69;
	10819 : 69;
	10820 : 45;
	10821 : 25;
	10822 : 29;
	10823 : 29;
	10824 : 45;
	10825 : 64;
	10826 : A4;
	10827 : C8;
	10828 : CC;
	10829 : D1;
	10830 : D5;
	10831 : D1;
	10832 : D1;
	10833 : CC;
	10834 : C8;
	10835 : C8;
	10836 : A4;
	10837 : 69;
	10838 : 49;
	10839 : 49;
	10840 : 49;
	10841 : 49;
	10842 : 45;
	10843 : 49;
	10844 : 49;
	10845 : 49;
	10846 : 49;
	10847 : 49;
	10848 : 45;
	10849 : 25;
	10850 : 25;
	10851 : 25;
	10852 : 25;
	10853 : 25;
	10854 : 25;
	10855 : 25;
	10856 : 25;
	10857 : 25;
	10858 : 25;
	10859 : 25;
	10860 : 25;
	10861 : 25;
	10862 : 25;
	10863 : 24;
	10864 : 24;
	10865 : 24;
	10866 : 24;
	10867 : 25;
	10868 : 25;
	10869 : 25;
	10870 : 25;
	10871 : 24;
	10872 : 24;
	10873 : 24;
	10874 : 49;
	10875 : 49;
	10876 : 49;
	10877 : 24;
	10878 : 24;
	10879 : 24;
	10880 : 24;
	10881 : 24;
	10882 : 24;
	10883 : 24;
	10884 : 24;
	10885 : 24;
	10886 : 24;
	10887 : 24;
	10888 : 24;
	10889 : 24;
	10890 : 24;
	10891 : 24;
	10892 : 25;
	10893 : 24;
	10894 : 24;
	10895 : 25;
	10896 : 49;
	10897 : 49;
	10898 : 25;
	10899 : 25;
	10900 : 24;
	10901 : 24;
	10902 : 25;
	10903 : 25;
	10904 : 25;
	10905 : 25;
	10906 : 45;
	10907 : 45;
	10908 : 45;
	10909 : 49;
	10910 : 49;
	10911 : 49;
	10912 : 25;
	10913 : 25;
	10914 : 25;
	10915 : 25;
	10916 : 25;
	10917 : 25;
	10918 : 25;
	10919 : 25;
	10920 : 25;
	10921 : 29;
	10922 : 49;
	10923 : 49;
	10924 : 69;
	10925 : 69;
	10926 : 69;
	10927 : 69;
	10928 : 49;
	10929 : 49;
	10930 : 25;
	10931 : 25;
	10932 : 29;
	10933 : 29;
	10934 : 25;
	10935 : 25;
	10936 : 24;
	10937 : 24;
	10938 : 24;
	10939 : 24;
	10940 : 24;
	10941 : 24;
	10942 : 24;
	10943 : 24;
	10944 : 24;
	10945 : 24;
	10946 : 24;
	10947 : 25;
	10948 : 24;
	10949 : 44;
	10950 : 69;
	10951 : 69;
	10952 : 49;
	10953 : 24;
	10954 : 24;
	10955 : 49;
	10956 : 6D;
	10957 : 6D;
	10958 : 49;
	10959 : 24;
	10960 : 24;
	10961 : 49;
	10962 : 69;
	10963 : 49;
	10964 : 24;
	10965 : 25;
	10966 : 25;
	10967 : 25;
	10968 : 25;
	10969 : 25;
	10970 : 25;
	10971 : 25;
	10972 : 25;
	10973 : 25;
	10974 : 25;
	10975 : 25;
	10976 : 25;
	10977 : 29;
	10978 : 29;
	10979 : 29;
	10980 : 29;
	10981 : 29;
	10982 : 29;
	10983 : 29;
	10984 : 29;
	10985 : 29;
	10986 : 4D;
	10987 : 4E;
	10988 : 2A;
	10989 : 2A;
	10990 : 2E;
	10991 : 2E;
	10992 : 2E;
	10993 : 2E;
	10994 : 29;
	10995 : 29;
	10996 : 29;
	10997 : 29;
	10998 : 25;
	10999 : 24;
	11000 : 69;
	11001 : 49;
	11002 : 69;
	11003 : 69;
	11004 : 69;
	11005 : 49;
	11006 : 69;
	11007 : 69;
	11008 : 69;
	11009 : 69;
	11010 : 69;
	11011 : 69;
	11012 : 44;
	11013 : 45;
	11014 : 69;
	11015 : 65;
	11016 : 69;
	11017 : 69;
	11018 : 69;
	11019 : 69;
	11020 : 45;
	11021 : 25;
	11022 : 25;
	11023 : 25;
	11024 : 45;
	11025 : 65;
	11026 : A4;
	11027 : A8;
	11028 : C8;
	11029 : D1;
	11030 : D1;
	11031 : D1;
	11032 : CD;
	11033 : CC;
	11034 : C8;
	11035 : C8;
	11036 : A8;
	11037 : 89;
	11038 : 69;
	11039 : 49;
	11040 : 69;
	11041 : 69;
	11042 : 88;
	11043 : 88;
	11044 : 64;
	11045 : 65;
	11046 : 45;
	11047 : 49;
	11048 : 49;
	11049 : 49;
	11050 : 49;
	11051 : 45;
	11052 : 25;
	11053 : 25;
	11054 : 25;
	11055 : 25;
	11056 : 25;
	11057 : 25;
	11058 : 25;
	11059 : 24;
	11060 : 25;
	11061 : 24;
	11062 : 24;
	11063 : 24;
	11064 : 24;
	11065 : 24;
	11066 : 24;
	11067 : 24;
	11068 : 24;
	11069 : 24;
	11070 : 24;
	11071 : 24;
	11072 : 25;
	11073 : 45;
	11074 : 49;
	11075 : 49;
	11076 : 49;
	11077 : 24;
	11078 : 24;
	11079 : 24;
	11080 : 24;
	11081 : 24;
	11082 : 24;
	11083 : 24;
	11084 : 24;
	11085 : 24;
	11086 : 24;
	11087 : 04;
	11088 : 24;
	11089 : 24;
	11090 : 24;
	11091 : 24;
	11092 : 24;
	11093 : 24;
	11094 : 24;
	11095 : 25;
	11096 : 49;
	11097 : 49;
	11098 : 25;
	11099 : 25;
	11100 : 24;
	11101 : 24;
	11102 : 25;
	11103 : 25;
	11104 : 25;
	11105 : 25;
	11106 : 25;
	11107 : 45;
	11108 : 45;
	11109 : 49;
	11110 : 49;
	11111 : 49;
	11112 : 25;
	11113 : 25;
	11114 : 25;
	11115 : 25;
	11116 : 25;
	11117 : 25;
	11118 : 25;
	11119 : 29;
	11120 : 29;
	11121 : 25;
	11122 : 25;
	11123 : 25;
	11124 : 49;
	11125 : 49;
	11126 : 69;
	11127 : 69;
	11128 : 69;
	11129 : 49;
	11130 : 25;
	11131 : 25;
	11132 : 29;
	11133 : 29;
	11134 : 25;
	11135 : 24;
	11136 : 24;
	11137 : 04;
	11138 : 24;
	11139 : 24;
	11140 : 24;
	11141 : 24;
	11142 : 24;
	11143 : 24;
	11144 : 24;
	11145 : 24;
	11146 : 24;
	11147 : 24;
	11148 : 24;
	11149 : 44;
	11150 : 49;
	11151 : 69;
	11152 : 24;
	11153 : 24;
	11154 : 44;
	11155 : 6D;
	11156 : 6D;
	11157 : 6D;
	11158 : 6D;
	11159 : 24;
	11160 : 24;
	11161 : 24;
	11162 : 69;
	11163 : 49;
	11164 : 24;
	11165 : 25;
	11166 : 25;
	11167 : 29;
	11168 : 29;
	11169 : 25;
	11170 : 25;
	11171 : 25;
	11172 : 25;
	11173 : 25;
	11174 : 25;
	11175 : 25;
	11176 : 25;
	11177 : 29;
	11178 : 29;
	11179 : 29;
	11180 : 29;
	11181 : 29;
	11182 : 29;
	11183 : 29;
	11184 : 29;
	11185 : 29;
	11186 : 29;
	11187 : 29;
	11188 : 29;
	11189 : 2A;
	11190 : 2E;
	11191 : 4E;
	11192 : 4E;
	11193 : 2E;
	11194 : 29;
	11195 : 29;
	11196 : 29;
	11197 : 29;
	11198 : 29;
	11199 : 24;
	11200 : 49;
	11201 : 49;
	11202 : 69;
	11203 : 69;
	11204 : 6D;
	11205 : 6D;
	11206 : 6D;
	11207 : 6D;
	11208 : 69;
	11209 : 6D;
	11210 : 6D;
	11211 : 69;
	11212 : 69;
	11213 : 69;
	11214 : 69;
	11215 : 69;
	11216 : 69;
	11217 : 69;
	11218 : 69;
	11219 : 69;
	11220 : 44;
	11221 : 25;
	11222 : 25;
	11223 : 25;
	11224 : 25;
	11225 : 45;
	11226 : 84;
	11227 : A8;
	11228 : C8;
	11229 : CC;
	11230 : CD;
	11231 : CD;
	11232 : CC;
	11233 : C8;
	11234 : C8;
	11235 : C8;
	11236 : A8;
	11237 : 69;
	11238 : 69;
	11239 : 69;
	11240 : 89;
	11241 : A8;
	11242 : A8;
	11243 : A8;
	11244 : A8;
	11245 : 84;
	11246 : 84;
	11247 : 69;
	11248 : 49;
	11249 : 49;
	11250 : 45;
	11251 : 25;
	11252 : 25;
	11253 : 25;
	11254 : 25;
	11255 : 24;
	11256 : 24;
	11257 : 24;
	11258 : 25;
	11259 : 25;
	11260 : 25;
	11261 : 25;
	11262 : 25;
	11263 : 24;
	11264 : 24;
	11265 : 24;
	11266 : 24;
	11267 : 24;
	11268 : 24;
	11269 : 24;
	11270 : 24;
	11271 : 24;
	11272 : 25;
	11273 : 45;
	11274 : 49;
	11275 : 49;
	11276 : 49;
	11277 : 24;
	11278 : 24;
	11279 : 24;
	11280 : 24;
	11281 : 24;
	11282 : 24;
	11283 : 24;
	11284 : 24;
	11285 : 24;
	11286 : 24;
	11287 : 24;
	11288 : 24;
	11289 : 24;
	11290 : 24;
	11291 : 24;
	11292 : 24;
	11293 : 24;
	11294 : 24;
	11295 : 25;
	11296 : 49;
	11297 : 49;
	11298 : 25;
	11299 : 24;
	11300 : 24;
	11301 : 24;
	11302 : 25;
	11303 : 25;
	11304 : 25;
	11305 : 25;
	11306 : 25;
	11307 : 25;
	11308 : 45;
	11309 : 49;
	11310 : 49;
	11311 : 45;
	11312 : 25;
	11313 : 25;
	11314 : 25;
	11315 : 25;
	11316 : 25;
	11317 : 49;
	11318 : 49;
	11319 : 25;
	11320 : 25;
	11321 : 25;
	11322 : 25;
	11323 : 25;
	11324 : 25;
	11325 : 49;
	11326 : 49;
	11327 : 69;
	11328 : 69;
	11329 : 49;
	11330 : 25;
	11331 : 25;
	11332 : 29;
	11333 : 29;
	11334 : 25;
	11335 : 24;
	11336 : 24;
	11337 : 24;
	11338 : 24;
	11339 : 24;
	11340 : 24;
	11341 : 24;
	11342 : 24;
	11343 : 24;
	11344 : 24;
	11345 : 24;
	11346 : 24;
	11347 : 24;
	11348 : 24;
	11349 : 44;
	11350 : 49;
	11351 : 49;
	11352 : 24;
	11353 : 24;
	11354 : 44;
	11355 : 69;
	11356 : 69;
	11357 : 69;
	11358 : 69;
	11359 : 48;
	11360 : 24;
	11361 : 24;
	11362 : 69;
	11363 : 45;
	11364 : 24;
	11365 : 25;
	11366 : 25;
	11367 : 25;
	11368 : 29;
	11369 : 29;
	11370 : 25;
	11371 : 25;
	11372 : 25;
	11373 : 25;
	11374 : 25;
	11375 : 25;
	11376 : 25;
	11377 : 29;
	11378 : 29;
	11379 : 29;
	11380 : 29;
	11381 : 29;
	11382 : 29;
	11383 : 29;
	11384 : 29;
	11385 : 29;
	11386 : 29;
	11387 : 29;
	11388 : 29;
	11389 : 2A;
	11390 : 2E;
	11391 : 4E;
	11392 : 4E;
	11393 : 4E;
	11394 : 29;
	11395 : 29;
	11396 : 29;
	11397 : 49;
	11398 : 29;
	11399 : 24;
	11400 : 49;
	11401 : 49;
	11402 : 49;
	11403 : 49;
	11404 : 49;
	11405 : 69;
	11406 : 69;
	11407 : 69;
	11408 : 69;
	11409 : 6D;
	11410 : 6D;
	11411 : 6D;
	11412 : 69;
	11413 : 69;
	11414 : 69;
	11415 : 69;
	11416 : 69;
	11417 : 69;
	11418 : 49;
	11419 : 69;
	11420 : 44;
	11421 : 24;
	11422 : 25;
	11423 : 25;
	11424 : 25;
	11425 : 45;
	11426 : 65;
	11427 : 88;
	11428 : A8;
	11429 : A8;
	11430 : A8;
	11431 : A8;
	11432 : A8;
	11433 : A8;
	11434 : A8;
	11435 : A8;
	11436 : 89;
	11437 : 69;
	11438 : 69;
	11439 : A8;
	11440 : A8;
	11441 : CC;
	11442 : CC;
	11443 : CC;
	11444 : C8;
	11445 : C8;
	11446 : A4;
	11447 : 84;
	11448 : 69;
	11449 : 49;
	11450 : 45;
	11451 : 25;
	11452 : 25;
	11453 : 25;
	11454 : 24;
	11455 : 24;
	11456 : 24;
	11457 : 25;
	11458 : 25;
	11459 : 25;
	11460 : 25;
	11461 : 25;
	11462 : 25;
	11463 : 24;
	11464 : 24;
	11465 : 24;
	11466 : 24;
	11467 : 24;
	11468 : 24;
	11469 : 24;
	11470 : 24;
	11471 : 24;
	11472 : 25;
	11473 : 49;
	11474 : 49;
	11475 : 49;
	11476 : 49;
	11477 : 24;
	11478 : 24;
	11479 : 24;
	11480 : 24;
	11481 : 24;
	11482 : 24;
	11483 : 24;
	11484 : 24;
	11485 : 24;
	11486 : 24;
	11487 : 24;
	11488 : 24;
	11489 : 24;
	11490 : 24;
	11491 : 24;
	11492 : 24;
	11493 : 24;
	11494 : 24;
	11495 : 25;
	11496 : 49;
	11497 : 49;
	11498 : 25;
	11499 : 24;
	11500 : 24;
	11501 : 24;
	11502 : 25;
	11503 : 25;
	11504 : 25;
	11505 : 25;
	11506 : 25;
	11507 : 25;
	11508 : 25;
	11509 : 25;
	11510 : 49;
	11511 : 25;
	11512 : 25;
	11513 : 25;
	11514 : 25;
	11515 : 25;
	11516 : 25;
	11517 : 49;
	11518 : 49;
	11519 : 29;
	11520 : 25;
	11521 : 25;
	11522 : 25;
	11523 : 25;
	11524 : 25;
	11525 : 25;
	11526 : 45;
	11527 : 49;
	11528 : 49;
	11529 : 49;
	11530 : 25;
	11531 : 25;
	11532 : 29;
	11533 : 29;
	11534 : 25;
	11535 : 24;
	11536 : 24;
	11537 : 24;
	11538 : 24;
	11539 : 24;
	11540 : 24;
	11541 : 24;
	11542 : 24;
	11543 : 24;
	11544 : 24;
	11545 : 24;
	11546 : 24;
	11547 : 25;
	11548 : 24;
	11549 : 44;
	11550 : 49;
	11551 : 49;
	11552 : 24;
	11553 : 24;
	11554 : 49;
	11555 : 69;
	11556 : 69;
	11557 : 69;
	11558 : 69;
	11559 : 49;
	11560 : 44;
	11561 : 44;
	11562 : 69;
	11563 : 45;
	11564 : 24;
	11565 : 25;
	11566 : 25;
	11567 : 25;
	11568 : 25;
	11569 : 29;
	11570 : 25;
	11571 : 25;
	11572 : 25;
	11573 : 25;
	11574 : 25;
	11575 : 25;
	11576 : 25;
	11577 : 29;
	11578 : 29;
	11579 : 29;
	11580 : 29;
	11581 : 29;
	11582 : 29;
	11583 : 29;
	11584 : 29;
	11585 : 29;
	11586 : 29;
	11587 : 29;
	11588 : 2A;
	11589 : 2E;
	11590 : 2E;
	11591 : 4E;
	11592 : 4E;
	11593 : 4E;
	11594 : 29;
	11595 : 29;
	11596 : 29;
	11597 : 29;
	11598 : 29;
	11599 : 24;
	11600 : 25;
	11601 : 25;
	11602 : 45;
	11603 : 45;
	11604 : 49;
	11605 : 49;
	11606 : 49;
	11607 : 49;
	11608 : 49;
	11609 : 69;
	11610 : 69;
	11611 : 6D;
	11612 : 6D;
	11613 : 6D;
	11614 : 69;
	11615 : 69;
	11616 : 6D;
	11617 : 69;
	11618 : 49;
	11619 : 69;
	11620 : 44;
	11621 : 44;
	11622 : 25;
	11623 : 25;
	11624 : 25;
	11625 : 25;
	11626 : 45;
	11627 : 45;
	11628 : 64;
	11629 : 88;
	11630 : 88;
	11631 : A8;
	11632 : A8;
	11633 : 88;
	11634 : 84;
	11635 : 89;
	11636 : 69;
	11637 : 69;
	11638 : 89;
	11639 : C8;
	11640 : CC;
	11641 : CD;
	11642 : D1;
	11643 : D1;
	11644 : CD;
	11645 : C8;
	11646 : C8;
	11647 : A4;
	11648 : 84;
	11649 : 49;
	11650 : 45;
	11651 : 25;
	11652 : 25;
	11653 : 24;
	11654 : 24;
	11655 : 24;
	11656 : 25;
	11657 : 25;
	11658 : 25;
	11659 : 25;
	11660 : 25;
	11661 : 25;
	11662 : 24;
	11663 : 24;
	11664 : 24;
	11665 : 24;
	11666 : 24;
	11667 : 24;
	11668 : 24;
	11669 : 25;
	11670 : 25;
	11671 : 25;
	11672 : 25;
	11673 : 49;
	11674 : 49;
	11675 : 49;
	11676 : 49;
	11677 : 24;
	11678 : 24;
	11679 : 24;
	11680 : 24;
	11681 : 24;
	11682 : 24;
	11683 : 24;
	11684 : 24;
	11685 : 24;
	11686 : 24;
	11687 : 24;
	11688 : 24;
	11689 : 24;
	11690 : 24;
	11691 : 24;
	11692 : 24;
	11693 : 24;
	11694 : 24;
	11695 : 25;
	11696 : 49;
	11697 : 49;
	11698 : 25;
	11699 : 25;
	11700 : 24;
	11701 : 24;
	11702 : 25;
	11703 : 25;
	11704 : 25;
	11705 : 25;
	11706 : 25;
	11707 : 25;
	11708 : 25;
	11709 : 25;
	11710 : 25;
	11711 : 25;
	11712 : 25;
	11713 : 25;
	11714 : 25;
	11715 : 25;
	11716 : 25;
	11717 : 25;
	11718 : 49;
	11719 : 49;
	11720 : 25;
	11721 : 25;
	11722 : 25;
	11723 : 25;
	11724 : 25;
	11725 : 25;
	11726 : 25;
	11727 : 25;
	11728 : 49;
	11729 : 49;
	11730 : 25;
	11731 : 25;
	11732 : 29;
	11733 : 29;
	11734 : 25;
	11735 : 24;
	11736 : 24;
	11737 : 24;
	11738 : 24;
	11739 : 24;
	11740 : 24;
	11741 : 24;
	11742 : 24;
	11743 : 24;
	11744 : 24;
	11745 : 44;
	11746 : 25;
	11747 : 25;
	11748 : 25;
	11749 : 45;
	11750 : 49;
	11751 : 48;
	11752 : 24;
	11753 : 44;
	11754 : 49;
	11755 : 69;
	11756 : 69;
	11757 : 69;
	11758 : 69;
	11759 : 69;
	11760 : 48;
	11761 : 44;
	11762 : 49;
	11763 : 45;
	11764 : 25;
	11765 : 25;
	11766 : 25;
	11767 : 25;
	11768 : 25;
	11769 : 25;
	11770 : 25;
	11771 : 25;
	11772 : 25;
	11773 : 25;
	11774 : 25;
	11775 : 25;
	11776 : 29;
	11777 : 29;
	11778 : 29;
	11779 : 29;
	11780 : 29;
	11781 : 29;
	11782 : 29;
	11783 : 29;
	11784 : 29;
	11785 : 29;
	11786 : 29;
	11787 : 2A;
	11788 : 2A;
	11789 : 2E;
	11790 : 4E;
	11791 : 4E;
	11792 : 4E;
	11793 : 4E;
	11794 : 29;
	11795 : 29;
	11796 : 29;
	11797 : 29;
	11798 : 25;
	11799 : 24;
	11800 : 24;
	11801 : 24;
	11802 : 24;
	11803 : 24;
	11804 : 24;
	11805 : 24;
	11806 : 25;
	11807 : 45;
	11808 : 45;
	11809 : 49;
	11810 : 49;
	11811 : 49;
	11812 : 49;
	11813 : 69;
	11814 : 69;
	11815 : 69;
	11816 : 69;
	11817 : 69;
	11818 : 49;
	11819 : 69;
	11820 : 64;
	11821 : 44;
	11822 : 25;
	11823 : 25;
	11824 : 25;
	11825 : 25;
	11826 : 25;
	11827 : 25;
	11828 : 45;
	11829 : 69;
	11830 : 88;
	11831 : AC;
	11832 : 88;
	11833 : 69;
	11834 : 49;
	11835 : 49;
	11836 : 49;
	11837 : 69;
	11838 : 89;
	11839 : C8;
	11840 : CC;
	11841 : D1;
	11842 : F5;
	11843 : D1;
	11844 : D1;
	11845 : CC;
	11846 : C8;
	11847 : A8;
	11848 : 84;
	11849 : 45;
	11850 : 49;
	11851 : 25;
	11852 : 24;
	11853 : 24;
	11854 : 25;
	11855 : 25;
	11856 : 25;
	11857 : 25;
	11858 : 25;
	11859 : 25;
	11860 : 25;
	11861 : 24;
	11862 : 24;
	11863 : 25;
	11864 : 25;
	11865 : 24;
	11866 : 25;
	11867 : 25;
	11868 : 25;
	11869 : 25;
	11870 : 25;
	11871 : 25;
	11872 : 25;
	11873 : 49;
	11874 : 49;
	11875 : 49;
	11876 : 49;
	11877 : 24;
	11878 : 24;
	11879 : 24;
	11880 : 24;
	11881 : 24;
	11882 : 24;
	11883 : 24;
	11884 : 24;
	11885 : 24;
	11886 : 24;
	11887 : 24;
	11888 : 24;
	11889 : 24;
	11890 : 24;
	11891 : 24;
	11892 : 24;
	11893 : 24;
	11894 : 24;
	11895 : 25;
	11896 : 49;
	11897 : 49;
	11898 : 25;
	11899 : 25;
	11900 : 24;
	11901 : 24;
	11902 : 25;
	11903 : 25;
	11904 : 25;
	11905 : 25;
	11906 : 25;
	11907 : 25;
	11908 : 25;
	11909 : 25;
	11910 : 25;
	11911 : 25;
	11912 : 25;
	11913 : 25;
	11914 : 25;
	11915 : 25;
	11916 : 25;
	11917 : 25;
	11918 : 49;
	11919 : 49;
	11920 : 49;
	11921 : 25;
	11922 : 25;
	11923 : 25;
	11924 : 25;
	11925 : 25;
	11926 : 25;
	11927 : 25;
	11928 : 25;
	11929 : 25;
	11930 : 25;
	11931 : 25;
	11932 : 29;
	11933 : 29;
	11934 : 25;
	11935 : 24;
	11936 : 24;
	11937 : 24;
	11938 : 24;
	11939 : 24;
	11940 : 24;
	11941 : 24;
	11942 : 24;
	11943 : 24;
	11944 : 24;
	11945 : 24;
	11946 : 24;
	11947 : 24;
	11948 : 24;
	11949 : 45;
	11950 : 44;
	11951 : 44;
	11952 : 44;
	11953 : 48;
	11954 : 49;
	11955 : 49;
	11956 : 49;
	11957 : 49;
	11958 : 49;
	11959 : 49;
	11960 : 49;
	11961 : 49;
	11962 : 49;
	11963 : 45;
	11964 : 25;
	11965 : 25;
	11966 : 25;
	11967 : 25;
	11968 : 25;
	11969 : 25;
	11970 : 25;
	11971 : 25;
	11972 : 29;
	11973 : 29;
	11974 : 29;
	11975 : 29;
	11976 : 29;
	11977 : 29;
	11978 : 29;
	11979 : 29;
	11980 : 29;
	11981 : 29;
	11982 : 29;
	11983 : 29;
	11984 : 29;
	11985 : 29;
	11986 : 29;
	11987 : 2A;
	11988 : 2E;
	11989 : 2E;
	11990 : 4E;
	11991 : 4E;
	11992 : 52;
	11993 : 4E;
	11994 : 29;
	11995 : 29;
	11996 : 29;
	11997 : 29;
	11998 : 29;
	11999 : 24;
	12000 : 24;
	12001 : 24;
	12002 : 24;
	12003 : 24;
	12004 : 24;
	12005 : 24;
	12006 : 24;
	12007 : 24;
	12008 : 24;
	12009 : 24;
	12010 : 24;
	12011 : 24;
	12012 : 45;
	12013 : 45;
	12014 : 49;
	12015 : 49;
	12016 : 69;
	12017 : 69;
	12018 : 69;
	12019 : 69;
	12020 : 64;
	12021 : 44;
	12022 : 24;
	12023 : 25;
	12024 : 25;
	12025 : 25;
	12026 : 25;
	12027 : 25;
	12028 : 25;
	12029 : 49;
	12030 : 68;
	12031 : 88;
	12032 : 88;
	12033 : 49;
	12034 : 49;
	12035 : 49;
	12036 : 49;
	12037 : 69;
	12038 : 89;
	12039 : C8;
	12040 : CC;
	12041 : D1;
	12042 : D1;
	12043 : D1;
	12044 : CD;
	12045 : C8;
	12046 : C8;
	12047 : A8;
	12048 : 84;
	12049 : 49;
	12050 : 49;
	12051 : 45;
	12052 : 25;
	12053 : 25;
	12054 : 25;
	12055 : 25;
	12056 : 25;
	12057 : 25;
	12058 : 25;
	12059 : 25;
	12060 : 25;
	12061 : 25;
	12062 : 25;
	12063 : 25;
	12064 : 25;
	12065 : 25;
	12066 : 25;
	12067 : 25;
	12068 : 25;
	12069 : 25;
	12070 : 25;
	12071 : 25;
	12072 : 25;
	12073 : 49;
	12074 : 49;
	12075 : 49;
	12076 : 49;
	12077 : 24;
	12078 : 24;
	12079 : 24;
	12080 : 24;
	12081 : 24;
	12082 : 24;
	12083 : 24;
	12084 : 24;
	12085 : 24;
	12086 : 24;
	12087 : 24;
	12088 : 24;
	12089 : 24;
	12090 : 24;
	12091 : 24;
	12092 : 24;
	12093 : 24;
	12094 : 24;
	12095 : 25;
	12096 : 49;
	12097 : 49;
	12098 : 25;
	12099 : 25;
	12100 : 24;
	12101 : 24;
	12102 : 25;
	12103 : 25;
	12104 : 25;
	12105 : 25;
	12106 : 25;
	12107 : 25;
	12108 : 25;
	12109 : 25;
	12110 : 25;
	12111 : 25;
	12112 : 25;
	12113 : 25;
	12114 : 25;
	12115 : 25;
	12116 : 25;
	12117 : 25;
	12118 : 25;
	12119 : 49;
	12120 : 49;
	12121 : 49;
	12122 : 45;
	12123 : 25;
	12124 : 25;
	12125 : 25;
	12126 : 25;
	12127 : 25;
	12128 : 25;
	12129 : 25;
	12130 : 25;
	12131 : 25;
	12132 : 29;
	12133 : 29;
	12134 : 25;
	12135 : 24;
	12136 : 24;
	12137 : 24;
	12138 : 24;
	12139 : 24;
	12140 : 24;
	12141 : 24;
	12142 : 24;
	12143 : 24;
	12144 : 24;
	12145 : 24;
	12146 : 24;
	12147 : 24;
	12148 : 24;
	12149 : 44;
	12150 : 44;
	12151 : 44;
	12152 : 44;
	12153 : 44;
	12154 : 45;
	12155 : 45;
	12156 : 44;
	12157 : 44;
	12158 : 44;
	12159 : 44;
	12160 : 44;
	12161 : 44;
	12162 : 44;
	12163 : 24;
	12164 : 24;
	12165 : 25;
	12166 : 25;
	12167 : 25;
	12168 : 25;
	12169 : 25;
	12170 : 25;
	12171 : 25;
	12172 : 49;
	12173 : 49;
	12174 : 49;
	12175 : 29;
	12176 : 25;
	12177 : 25;
	12178 : 25;
	12179 : 25;
	12180 : 29;
	12181 : 29;
	12182 : 29;
	12183 : 29;
	12184 : 29;
	12185 : 29;
	12186 : 29;
	12187 : 2A;
	12188 : 4E;
	12189 : 4E;
	12190 : 4E;
	12191 : 52;
	12192 : 52;
	12193 : 4E;
	12194 : 29;
	12195 : 29;
	12196 : 29;
	12197 : 29;
	12198 : 29;
	12199 : 24;
	12200 : 25;
	12201 : 24;
	12202 : 24;
	12203 : 24;
	12204 : 24;
	12205 : 24;
	12206 : 24;
	12207 : 24;
	12208 : 24;
	12209 : 24;
	12210 : 24;
	12211 : 24;
	12212 : 24;
	12213 : 24;
	12214 : 24;
	12215 : 44;
	12216 : 44;
	12217 : 44;
	12218 : 69;
	12219 : 69;
	12220 : 64;
	12221 : 44;
	12222 : 24;
	12223 : 25;
	12224 : 25;
	12225 : 25;
	12226 : 25;
	12227 : 25;
	12228 : 25;
	12229 : 49;
	12230 : 49;
	12231 : 69;
	12232 : 69;
	12233 : 49;
	12234 : 29;
	12235 : 29;
	12236 : 49;
	12237 : 49;
	12238 : 89;
	12239 : A8;
	12240 : C8;
	12241 : CC;
	12242 : CD;
	12243 : CD;
	12244 : CC;
	12245 : C8;
	12246 : A8;
	12247 : A4;
	12248 : 85;
	12249 : 49;
	12250 : 49;
	12251 : 49;
	12252 : 25;
	12253 : 25;
	12254 : 25;
	12255 : 25;
	12256 : 25;
	12257 : 25;
	12258 : 25;
	12259 : 25;
	12260 : 25;
	12261 : 25;
	12262 : 25;
	12263 : 25;
	12264 : 25;
	12265 : 25;
	12266 : 25;
	12267 : 25;
	12268 : 25;
	12269 : 25;
	12270 : 25;
	12271 : 25;
	12272 : 25;
	12273 : 25;
	12274 : 49;
	12275 : 49;
	12276 : 25;
	12277 : 24;
	12278 : 24;
	12279 : 24;
	12280 : 24;
	12281 : 24;
	12282 : 24;
	12283 : 24;
	12284 : 24;
	12285 : 24;
	12286 : 24;
	12287 : 25;
	12288 : 25;
	12289 : 25;
	12290 : 24;
	12291 : 25;
	12292 : 25;
	12293 : 25;
	12294 : 25;
	12295 : 45;
	12296 : 49;
	12297 : 49;
	12298 : 25;
	12299 : 25;
	12300 : 24;
	12301 : 24;
	12302 : 24;
	12303 : 25;
	12304 : 25;
	12305 : 25;
	12306 : 25;
	12307 : 25;
	12308 : 25;
	12309 : 25;
	12310 : 25;
	12311 : 25;
	12312 : 25;
	12313 : 25;
	12314 : 25;
	12315 : 25;
	12316 : 25;
	12317 : 25;
	12318 : 25;
	12319 : 25;
	12320 : 49;
	12321 : 49;
	12322 : 25;
	12323 : 25;
	12324 : 25;
	12325 : 25;
	12326 : 25;
	12327 : 25;
	12328 : 25;
	12329 : 25;
	12330 : 25;
	12331 : 25;
	12332 : 29;
	12333 : 29;
	12334 : 25;
	12335 : 25;
	12336 : 24;
	12337 : 24;
	12338 : 24;
	12339 : 24;
	12340 : 24;
	12341 : 24;
	12342 : 24;
	12343 : 24;
	12344 : 24;
	12345 : 24;
	12346 : 24;
	12347 : 25;
	12348 : 25;
	12349 : 24;
	12350 : 24;
	12351 : 24;
	12352 : 24;
	12353 : 24;
	12354 : 24;
	12355 : 24;
	12356 : 24;
	12357 : 24;
	12358 : 24;
	12359 : 24;
	12360 : 24;
	12361 : 24;
	12362 : 24;
	12363 : 24;
	12364 : 25;
	12365 : 25;
	12366 : 25;
	12367 : 25;
	12368 : 25;
	12369 : 25;
	12370 : 25;
	12371 : 25;
	12372 : 49;
	12373 : 6D;
	12374 : 6D;
	12375 : 49;
	12376 : 25;
	12377 : 25;
	12378 : 25;
	12379 : 25;
	12380 : 29;
	12381 : 29;
	12382 : 29;
	12383 : 29;
	12384 : 29;
	12385 : 29;
	12386 : 29;
	12387 : 4A;
	12388 : 4E;
	12389 : 4E;
	12390 : 4E;
	12391 : 52;
	12392 : 52;
	12393 : 4E;
	12394 : 29;
	12395 : 29;
	12396 : 29;
	12397 : 49;
	12398 : 29;
	12399 : 24;
	12400 : 49;
	12401 : 45;
	12402 : 25;
	12403 : 24;
	12404 : 24;
	12405 : 24;
	12406 : 24;
	12407 : 24;
	12408 : 24;
	12409 : 24;
	12410 : 24;
	12411 : 24;
	12412 : 24;
	12413 : 24;
	12414 : 24;
	12415 : 24;
	12416 : 24;
	12417 : 44;
	12418 : 44;
	12419 : 64;
	12420 : 64;
	12421 : 44;
	12422 : 24;
	12423 : 24;
	12424 : 25;
	12425 : 25;
	12426 : 25;
	12427 : 25;
	12428 : 25;
	12429 : 25;
	12430 : 25;
	12431 : 49;
	12432 : 29;
	12433 : 29;
	12434 : 29;
	12435 : 29;
	12436 : 29;
	12437 : 49;
	12438 : 69;
	12439 : 89;
	12440 : A8;
	12441 : A8;
	12442 : A8;
	12443 : A8;
	12444 : A8;
	12445 : A4;
	12446 : A4;
	12447 : 84;
	12448 : 69;
	12449 : 29;
	12450 : 49;
	12451 : 49;
	12452 : 25;
	12453 : 25;
	12454 : 25;
	12455 : 25;
	12456 : 25;
	12457 : 25;
	12458 : 25;
	12459 : 25;
	12460 : 25;
	12461 : 25;
	12462 : 25;
	12463 : 25;
	12464 : 25;
	12465 : 25;
	12466 : 25;
	12467 : 25;
	12468 : 25;
	12469 : 25;
	12470 : 25;
	12471 : 25;
	12472 : 25;
	12473 : 25;
	12474 : 25;
	12475 : 25;
	12476 : 24;
	12477 : 24;
	12478 : 24;
	12479 : 24;
	12480 : 24;
	12481 : 24;
	12482 : 24;
	12483 : 24;
	12484 : 45;
	12485 : 45;
	12486 : 45;
	12487 : 29;
	12488 : 29;
	12489 : 25;
	12490 : 24;
	12491 : 25;
	12492 : 49;
	12493 : 49;
	12494 : 45;
	12495 : 49;
	12496 : 49;
	12497 : 49;
	12498 : 25;
	12499 : 25;
	12500 : 25;
	12501 : 24;
	12502 : 04;
	12503 : 04;
	12504 : 04;
	12505 : 24;
	12506 : 24;
	12507 : 04;
	12508 : 24;
	12509 : 24;
	12510 : 24;
	12511 : 24;
	12512 : 24;
	12513 : 24;
	12514 : 24;
	12515 : 24;
	12516 : 24;
	12517 : 25;
	12518 : 25;
	12519 : 25;
	12520 : 25;
	12521 : 25;
	12522 : 25;
	12523 : 25;
	12524 : 25;
	12525 : 25;
	12526 : 25;
	12527 : 25;
	12528 : 25;
	12529 : 25;
	12530 : 25;
	12531 : 25;
	12532 : 29;
	12533 : 29;
	12534 : 25;
	12535 : 25;
	12536 : 24;
	12537 : 24;
	12538 : 24;
	12539 : 24;
	12540 : 24;
	12541 : 24;
	12542 : 24;
	12543 : 24;
	12544 : 24;
	12545 : 24;
	12546 : 24;
	12547 : 24;
	12548 : 25;
	12549 : 24;
	12550 : 24;
	12551 : 24;
	12552 : 25;
	12553 : 25;
	12554 : 25;
	12555 : 25;
	12556 : 25;
	12557 : 25;
	12558 : 25;
	12559 : 25;
	12560 : 25;
	12561 : 25;
	12562 : 25;
	12563 : 25;
	12564 : 25;
	12565 : 25;
	12566 : 25;
	12567 : 25;
	12568 : 25;
	12569 : 29;
	12570 : 25;
	12571 : 29;
	12572 : 69;
	12573 : 6D;
	12574 : 6D;
	12575 : 49;
	12576 : 25;
	12577 : 25;
	12578 : 25;
	12579 : 29;
	12580 : 29;
	12581 : 29;
	12582 : 29;
	12583 : 29;
	12584 : 29;
	12585 : 29;
	12586 : 29;
	12587 : 4A;
	12588 : 4E;
	12589 : 4E;
	12590 : 4E;
	12591 : 52;
	12592 : 52;
	12593 : 52;
	12594 : 4D;
	12595 : 29;
	12596 : 29;
	12597 : 29;
	12598 : 25;
	12599 : 24;
	12600 : 49;
	12601 : 49;
	12602 : 49;
	12603 : 25;
	12604 : 24;
	12605 : 24;
	12606 : 24;
	12607 : 24;
	12608 : 24;
	12609 : 24;
	12610 : 24;
	12611 : 24;
	12612 : 24;
	12613 : 24;
	12614 : 24;
	12615 : 24;
	12616 : 44;
	12617 : 44;
	12618 : 64;
	12619 : 69;
	12620 : 68;
	12621 : 44;
	12622 : 24;
	12623 : 24;
	12624 : 25;
	12625 : 49;
	12626 : 25;
	12627 : 25;
	12628 : 25;
	12629 : 25;
	12630 : 45;
	12631 : 49;
	12632 : 29;
	12633 : 25;
	12634 : 25;
	12635 : 25;
	12636 : 29;
	12637 : 29;
	12638 : 49;
	12639 : 69;
	12640 : 69;
	12641 : 88;
	12642 : 88;
	12643 : A8;
	12644 : 88;
	12645 : 88;
	12646 : 69;
	12647 : 49;
	12648 : 49;
	12649 : 25;
	12650 : 49;
	12651 : 29;
	12652 : 25;
	12653 : 25;
	12654 : 25;
	12655 : 25;
	12656 : 25;
	12657 : 25;
	12658 : 25;
	12659 : 25;
	12660 : 25;
	12661 : 25;
	12662 : 25;
	12663 : 25;
	12664 : 25;
	12665 : 25;
	12666 : 25;
	12667 : 25;
	12668 : 25;
	12669 : 25;
	12670 : 25;
	12671 : 25;
	12672 : 25;
	12673 : 25;
	12674 : 49;
	12675 : 49;
	12676 : 25;
	12677 : 24;
	12678 : 24;
	12679 : 24;
	12680 : 25;
	12681 : 25;
	12682 : 25;
	12683 : 25;
	12684 : 45;
	12685 : 45;
	12686 : 25;
	12687 : 25;
	12688 : 29;
	12689 : 25;
	12690 : 24;
	12691 : 25;
	12692 : 49;
	12693 : 49;
	12694 : 49;
	12695 : 49;
	12696 : 49;
	12697 : 49;
	12698 : 25;
	12699 : 25;
	12700 : 25;
	12701 : 24;
	12702 : 24;
	12703 : 24;
	12704 : 24;
	12705 : 24;
	12706 : 24;
	12707 : 04;
	12708 : 24;
	12709 : 24;
	12710 : 24;
	12711 : 24;
	12712 : 24;
	12713 : 24;
	12714 : 24;
	12715 : 24;
	12716 : 24;
	12717 : 24;
	12718 : 24;
	12719 : 24;
	12720 : 24;
	12721 : 24;
	12722 : 24;
	12723 : 24;
	12724 : 24;
	12725 : 24;
	12726 : 24;
	12727 : 24;
	12728 : 24;
	12729 : 24;
	12730 : 25;
	12731 : 25;
	12732 : 29;
	12733 : 29;
	12734 : 25;
	12735 : 25;
	12736 : 25;
	12737 : 24;
	12738 : 24;
	12739 : 24;
	12740 : 24;
	12741 : 24;
	12742 : 24;
	12743 : 24;
	12744 : 24;
	12745 : 24;
	12746 : 24;
	12747 : 24;
	12748 : 25;
	12749 : 25;
	12750 : 25;
	12751 : 25;
	12752 : 25;
	12753 : 25;
	12754 : 25;
	12755 : 25;
	12756 : 25;
	12757 : 25;
	12758 : 25;
	12759 : 25;
	12760 : 25;
	12761 : 25;
	12762 : 25;
	12763 : 25;
	12764 : 25;
	12765 : 25;
	12766 : 25;
	12767 : 25;
	12768 : 25;
	12769 : 25;
	12770 : 25;
	12771 : 29;
	12772 : 69;
	12773 : 6D;
	12774 : 6D;
	12775 : 49;
	12776 : 25;
	12777 : 25;
	12778 : 25;
	12779 : 29;
	12780 : 29;
	12781 : 29;
	12782 : 29;
	12783 : 29;
	12784 : 29;
	12785 : 29;
	12786 : 29;
	12787 : 49;
	12788 : 4E;
	12789 : 4E;
	12790 : 4E;
	12791 : 52;
	12792 : 52;
	12793 : 4E;
	12794 : 49;
	12795 : 29;
	12796 : 29;
	12797 : 29;
	12798 : 25;
	12799 : 24;
	12800 : 6D;
	12801 : 6D;
	12802 : 49;
	12803 : 49;
	12804 : 49;
	12805 : 45;
	12806 : 24;
	12807 : 24;
	12808 : 24;
	12809 : 24;
	12810 : 24;
	12811 : 24;
	12812 : 24;
	12813 : 24;
	12814 : 24;
	12815 : 44;
	12816 : 44;
	12817 : 64;
	12818 : 68;
	12819 : 69;
	12820 : 68;
	12821 : 44;
	12822 : 24;
	12823 : 24;
	12824 : 25;
	12825 : 49;
	12826 : 25;
	12827 : 25;
	12828 : 25;
	12829 : 25;
	12830 : 45;
	12831 : 45;
	12832 : 29;
	12833 : 25;
	12834 : 25;
	12835 : 25;
	12836 : 25;
	12837 : 29;
	12838 : 29;
	12839 : 49;
	12840 : 49;
	12841 : 69;
	12842 : 88;
	12843 : 88;
	12844 : 88;
	12845 : 69;
	12846 : 49;
	12847 : 49;
	12848 : 29;
	12849 : 25;
	12850 : 49;
	12851 : 25;
	12852 : 25;
	12853 : 25;
	12854 : 25;
	12855 : 25;
	12856 : 25;
	12857 : 25;
	12858 : 25;
	12859 : 25;
	12860 : 25;
	12861 : 25;
	12862 : 25;
	12863 : 25;
	12864 : 25;
	12865 : 25;
	12866 : 25;
	12867 : 25;
	12868 : 25;
	12869 : 49;
	12870 : 25;
	12871 : 25;
	12872 : 25;
	12873 : 25;
	12874 : 49;
	12875 : 49;
	12876 : 49;
	12877 : 25;
	12878 : 24;
	12879 : 24;
	12880 : 25;
	12881 : 29;
	12882 : 29;
	12883 : 25;
	12884 : 45;
	12885 : 45;
	12886 : 25;
	12887 : 25;
	12888 : 25;
	12889 : 25;
	12890 : 25;
	12891 : 49;
	12892 : 49;
	12893 : 49;
	12894 : 49;
	12895 : 49;
	12896 : 49;
	12897 : 49;
	12898 : 25;
	12899 : 25;
	12900 : 25;
	12901 : 25;
	12902 : 24;
	12903 : 24;
	12904 : 24;
	12905 : 24;
	12906 : 24;
	12907 : 24;
	12908 : 24;
	12909 : 24;
	12910 : 24;
	12911 : 24;
	12912 : 24;
	12913 : 24;
	12914 : 24;
	12915 : 24;
	12916 : 24;
	12917 : 25;
	12918 : 25;
	12919 : 25;
	12920 : 25;
	12921 : 24;
	12922 : 24;
	12923 : 04;
	12924 : 04;
	12925 : 24;
	12926 : 24;
	12927 : 24;
	12928 : 24;
	12929 : 24;
	12930 : 25;
	12931 : 25;
	12932 : 29;
	12933 : 25;
	12934 : 25;
	12935 : 25;
	12936 : 25;
	12937 : 25;
	12938 : 25;
	12939 : 24;
	12940 : 24;
	12941 : 24;
	12942 : 24;
	12943 : 24;
	12944 : 24;
	12945 : 24;
	12946 : 24;
	12947 : 24;
	12948 : 25;
	12949 : 25;
	12950 : 25;
	12951 : 25;
	12952 : 25;
	12953 : 25;
	12954 : 25;
	12955 : 25;
	12956 : 25;
	12957 : 25;
	12958 : 25;
	12959 : 25;
	12960 : 25;
	12961 : 25;
	12962 : 24;
	12963 : 25;
	12964 : 25;
	12965 : 25;
	12966 : 25;
	12967 : 25;
	12968 : 25;
	12969 : 25;
	12970 : 25;
	12971 : 29;
	12972 : 49;
	12973 : 6D;
	12974 : 69;
	12975 : 49;
	12976 : 25;
	12977 : 25;
	12978 : 25;
	12979 : 29;
	12980 : 29;
	12981 : 29;
	12982 : 25;
	12983 : 29;
	12984 : 29;
	12985 : 29;
	12986 : 29;
	12987 : 49;
	12988 : 49;
	12989 : 4E;
	12990 : 4E;
	12991 : 4E;
	12992 : 4E;
	12993 : 49;
	12994 : 49;
	12995 : 29;
	12996 : 29;
	12997 : 29;
	12998 : 25;
	12999 : 24;
	13000 : 6D;
	13001 : 6D;
	13002 : 6D;
	13003 : 6D;
	13004 : 49;
	13005 : 49;
	13006 : 24;
	13007 : 24;
	13008 : 24;
	13009 : 24;
	13010 : 24;
	13011 : 24;
	13012 : 24;
	13013 : 24;
	13014 : 44;
	13015 : 44;
	13016 : 44;
	13017 : 68;
	13018 : 69;
	13019 : 89;
	13020 : 68;
	13021 : 44;
	13022 : 24;
	13023 : 24;
	13024 : 24;
	13025 : 45;
	13026 : 25;
	13027 : 25;
	13028 : 25;
	13029 : 25;
	13030 : 25;
	13031 : 45;
	13032 : 25;
	13033 : 25;
	13034 : 25;
	13035 : 25;
	13036 : 25;
	13037 : 25;
	13038 : 29;
	13039 : 29;
	13040 : 29;
	13041 : 49;
	13042 : 89;
	13043 : 88;
	13044 : 68;
	13045 : 49;
	13046 : 49;
	13047 : 29;
	13048 : 29;
	13049 : 25;
	13050 : 49;
	13051 : 25;
	13052 : 25;
	13053 : 25;
	13054 : 25;
	13055 : 49;
	13056 : 49;
	13057 : 49;
	13058 : 49;
	13059 : 25;
	13060 : 25;
	13061 : 25;
	13062 : 25;
	13063 : 25;
	13064 : 25;
	13065 : 25;
	13066 : 25;
	13067 : 24;
	13068 : 25;
	13069 : 49;
	13070 : 25;
	13071 : 25;
	13072 : 25;
	13073 : 49;
	13074 : 49;
	13075 : 49;
	13076 : 49;
	13077 : 24;
	13078 : 24;
	13079 : 24;
	13080 : 25;
	13081 : 29;
	13082 : 29;
	13083 : 25;
	13084 : 45;
	13085 : 45;
	13086 : 25;
	13087 : 25;
	13088 : 25;
	13089 : 25;
	13090 : 25;
	13091 : 49;
	13092 : 49;
	13093 : 49;
	13094 : 49;
	13095 : 49;
	13096 : 49;
	13097 : 49;
	13098 : 25;
	13099 : 25;
	13100 : 25;
	13101 : 25;
	13102 : 25;
	13103 : 24;
	13104 : 24;
	13105 : 25;
	13106 : 25;
	13107 : 24;
	13108 : 24;
	13109 : 25;
	13110 : 25;
	13111 : 25;
	13112 : 25;
	13113 : 25;
	13114 : 25;
	13115 : 25;
	13116 : 25;
	13117 : 25;
	13118 : 25;
	13119 : 25;
	13120 : 25;
	13121 : 25;
	13122 : 25;
	13123 : 25;
	13124 : 25;
	13125 : 25;
	13126 : 25;
	13127 : 25;
	13128 : 25;
	13129 : 25;
	13130 : 25;
	13131 : 25;
	13132 : 25;
	13133 : 25;
	13134 : 25;
	13135 : 25;
	13136 : 25;
	13137 : 25;
	13138 : 25;
	13139 : 25;
	13140 : 24;
	13141 : 24;
	13142 : 24;
	13143 : 24;
	13144 : 24;
	13145 : 24;
	13146 : 24;
	13147 : 24;
	13148 : 24;
	13149 : 25;
	13150 : 25;
	13151 : 49;
	13152 : 49;
	13153 : 49;
	13154 : 49;
	13155 : 49;
	13156 : 49;
	13157 : 49;
	13158 : 49;
	13159 : 49;
	13160 : 49;
	13161 : 49;
	13162 : 24;
	13163 : 25;
	13164 : 25;
	13165 : 44;
	13166 : 25;
	13167 : 25;
	13168 : 25;
	13169 : 25;
	13170 : 25;
	13171 : 25;
	13172 : 49;
	13173 : 69;
	13174 : 49;
	13175 : 49;
	13176 : 25;
	13177 : 25;
	13178 : 25;
	13179 : 25;
	13180 : 25;
	13181 : 25;
	13182 : 25;
	13183 : 25;
	13184 : 25;
	13185 : 25;
	13186 : 29;
	13187 : 45;
	13188 : 49;
	13189 : 4D;
	13190 : 52;
	13191 : 4E;
	13192 : 49;
	13193 : 45;
	13194 : 49;
	13195 : 29;
	13196 : 29;
	13197 : 29;
	13198 : 25;
	13199 : 24;
	13200 : 6D;
	13201 : 8D;
	13202 : 6D;
	13203 : 6D;
	13204 : 69;
	13205 : 49;
	13206 : 24;
	13207 : 24;
	13208 : 24;
	13209 : 24;
	13210 : 24;
	13211 : 24;
	13212 : 24;
	13213 : 44;
	13214 : 45;
	13215 : 49;
	13216 : 64;
	13217 : 68;
	13218 : 69;
	13219 : 89;
	13220 : 69;
	13221 : 44;
	13222 : 24;
	13223 : 24;
	13224 : 24;
	13225 : 44;
	13226 : 25;
	13227 : 25;
	13228 : 29;
	13229 : 25;
	13230 : 25;
	13231 : 25;
	13232 : 25;
	13233 : 25;
	13234 : 25;
	13235 : 25;
	13236 : 25;
	13237 : 25;
	13238 : 25;
	13239 : 29;
	13240 : 29;
	13241 : 29;
	13242 : 49;
	13243 : 49;
	13244 : 49;
	13245 : 49;
	13246 : 29;
	13247 : 29;
	13248 : 25;
	13249 : 25;
	13250 : 25;
	13251 : 25;
	13252 : 25;
	13253 : 25;
	13254 : 49;
	13255 : 49;
	13256 : 49;
	13257 : 49;
	13258 : 49;
	13259 : 25;
	13260 : 25;
	13261 : 25;
	13262 : 49;
	13263 : 25;
	13264 : 25;
	13265 : 25;
	13266 : 25;
	13267 : 25;
	13268 : 25;
	13269 : 49;
	13270 : 25;
	13271 : 25;
	13272 : 25;
	13273 : 49;
	13274 : 49;
	13275 : 49;
	13276 : 49;
	13277 : 24;
	13278 : 24;
	13279 : 24;
	13280 : 25;
	13281 : 25;
	13282 : 25;
	13283 : 24;
	13284 : 24;
	13285 : 25;
	13286 : 25;
	13287 : 25;
	13288 : 25;
	13289 : 25;
	13290 : 25;
	13291 : 49;
	13292 : 49;
	13293 : 49;
	13294 : 49;
	13295 : 49;
	13296 : 49;
	13297 : 49;
	13298 : 25;
	13299 : 25;
	13300 : 25;
	13301 : 25;
	13302 : 25;
	13303 : 24;
	13304 : 24;
	13305 : 24;
	13306 : 24;
	13307 : 24;
	13308 : 04;
	13309 : 25;
	13310 : 25;
	13311 : 25;
	13312 : 25;
	13313 : 25;
	13314 : 25;
	13315 : 25;
	13316 : 25;
	13317 : 25;
	13318 : 25;
	13319 : 25;
	13320 : 25;
	13321 : 25;
	13322 : 25;
	13323 : 25;
	13324 : 25;
	13325 : 25;
	13326 : 25;
	13327 : 25;
	13328 : 25;
	13329 : 25;
	13330 : 25;
	13331 : 29;
	13332 : 25;
	13333 : 25;
	13334 : 25;
	13335 : 25;
	13336 : 25;
	13337 : 25;
	13338 : 25;
	13339 : 25;
	13340 : 25;
	13341 : 24;
	13342 : 24;
	13343 : 24;
	13344 : 24;
	13345 : 25;
	13346 : 24;
	13347 : 24;
	13348 : 24;
	13349 : 29;
	13350 : 49;
	13351 : 49;
	13352 : 49;
	13353 : 49;
	13354 : 49;
	13355 : 69;
	13356 : 49;
	13357 : 49;
	13358 : 69;
	13359 : 69;
	13360 : 69;
	13361 : 49;
	13362 : 25;
	13363 : 25;
	13364 : 44;
	13365 : 44;
	13366 : 44;
	13367 : 44;
	13368 : 44;
	13369 : 44;
	13370 : 45;
	13371 : 45;
	13372 : 44;
	13373 : 69;
	13374 : 49;
	13375 : 49;
	13376 : 25;
	13377 : 24;
	13378 : 24;
	13379 : 25;
	13380 : 25;
	13381 : 25;
	13382 : 44;
	13383 : 44;
	13384 : 25;
	13385 : 25;
	13386 : 25;
	13387 : 44;
	13388 : 45;
	13389 : 49;
	13390 : 4E;
	13391 : 4E;
	13392 : 49;
	13393 : 45;
	13394 : 45;
	13395 : 29;
	13396 : 29;
	13397 : 49;
	13398 : 29;
	13399 : 24;
	13400 : 6D;
	13401 : 91;
	13402 : 6D;
	13403 : 6D;
	13404 : 69;
	13405 : 49;
	13406 : 25;
	13407 : 24;
	13408 : 24;
	13409 : 24;
	13410 : 24;
	13411 : 24;
	13412 : 24;
	13413 : 44;
	13414 : 49;
	13415 : 69;
	13416 : 44;
	13417 : 68;
	13418 : 69;
	13419 : 89;
	13420 : 69;
	13421 : 44;
	13422 : 24;
	13423 : 24;
	13424 : 24;
	13425 : 25;
	13426 : 25;
	13427 : 25;
	13428 : 25;
	13429 : 25;
	13430 : 25;
	13431 : 29;
	13432 : 25;
	13433 : 25;
	13434 : 25;
	13435 : 25;
	13436 : 25;
	13437 : 25;
	13438 : 25;
	13439 : 29;
	13440 : 29;
	13441 : 29;
	13442 : 49;
	13443 : 49;
	13444 : 49;
	13445 : 29;
	13446 : 29;
	13447 : 29;
	13448 : 29;
	13449 : 25;
	13450 : 25;
	13451 : 25;
	13452 : 25;
	13453 : 25;
	13454 : 49;
	13455 : 49;
	13456 : 49;
	13457 : 49;
	13458 : 49;
	13459 : 25;
	13460 : 49;
	13461 : 49;
	13462 : 49;
	13463 : 49;
	13464 : 49;
	13465 : 25;
	13466 : 25;
	13467 : 25;
	13468 : 25;
	13469 : 25;
	13470 : 25;
	13471 : 25;
	13472 : 25;
	13473 : 49;
	13474 : 49;
	13475 : 49;
	13476 : 49;
	13477 : 24;
	13478 : 24;
	13479 : 25;
	13480 : 25;
	13481 : 25;
	13482 : 25;
	13483 : 24;
	13484 : 25;
	13485 : 25;
	13486 : 25;
	13487 : 25;
	13488 : 25;
	13489 : 25;
	13490 : 49;
	13491 : 49;
	13492 : 49;
	13493 : 49;
	13494 : 49;
	13495 : 49;
	13496 : 49;
	13497 : 49;
	13498 : 25;
	13499 : 24;
	13500 : 24;
	13501 : 25;
	13502 : 25;
	13503 : 25;
	13504 : 24;
	13505 : 24;
	13506 : 25;
	13507 : 24;
	13508 : 04;
	13509 : 25;
	13510 : 25;
	13511 : 29;
	13512 : 25;
	13513 : 25;
	13514 : 25;
	13515 : 25;
	13516 : 25;
	13517 : 25;
	13518 : 25;
	13519 : 25;
	13520 : 25;
	13521 : 25;
	13522 : 25;
	13523 : 25;
	13524 : 25;
	13525 : 25;
	13526 : 29;
	13527 : 29;
	13528 : 29;
	13529 : 25;
	13530 : 25;
	13531 : 25;
	13532 : 25;
	13533 : 25;
	13534 : 25;
	13535 : 25;
	13536 : 25;
	13537 : 25;
	13538 : 25;
	13539 : 25;
	13540 : 25;
	13541 : 24;
	13542 : 24;
	13543 : 24;
	13544 : 24;
	13545 : 25;
	13546 : 25;
	13547 : 25;
	13548 : 25;
	13549 : 49;
	13550 : 49;
	13551 : 49;
	13552 : 49;
	13553 : 49;
	13554 : 69;
	13555 : 69;
	13556 : 69;
	13557 : 69;
	13558 : 69;
	13559 : 69;
	13560 : 69;
	13561 : 49;
	13562 : 25;
	13563 : 45;
	13564 : 44;
	13565 : 44;
	13566 : 44;
	13567 : 44;
	13568 : 44;
	13569 : 44;
	13570 : 44;
	13571 : 45;
	13572 : 44;
	13573 : 69;
	13574 : 69;
	13575 : 49;
	13576 : 45;
	13577 : 44;
	13578 : 44;
	13579 : 25;
	13580 : 25;
	13581 : 25;
	13582 : 44;
	13583 : 44;
	13584 : 45;
	13585 : 29;
	13586 : 49;
	13587 : 45;
	13588 : 49;
	13589 : 49;
	13590 : 52;
	13591 : 4E;
	13592 : 4D;
	13593 : 49;
	13594 : 29;
	13595 : 29;
	13596 : 29;
	13597 : 49;
	13598 : 29;
	13599 : 24;
	13600 : 6D;
	13601 : 91;
	13602 : 91;
	13603 : 6D;
	13604 : 6D;
	13605 : 49;
	13606 : 45;
	13607 : 24;
	13608 : 24;
	13609 : 24;
	13610 : 24;
	13611 : 24;
	13612 : 24;
	13613 : 44;
	13614 : 49;
	13615 : 69;
	13616 : 69;
	13617 : 69;
	13618 : 69;
	13619 : 69;
	13620 : 69;
	13621 : 44;
	13622 : 25;
	13623 : 25;
	13624 : 25;
	13625 : 25;
	13626 : 25;
	13627 : 25;
	13628 : 25;
	13629 : 25;
	13630 : 29;
	13631 : 29;
	13632 : 29;
	13633 : 25;
	13634 : 25;
	13635 : 29;
	13636 : 29;
	13637 : 25;
	13638 : 25;
	13639 : 29;
	13640 : 29;
	13641 : 29;
	13642 : 29;
	13643 : 49;
	13644 : 49;
	13645 : 29;
	13646 : 29;
	13647 : 29;
	13648 : 29;
	13649 : 25;
	13650 : 25;
	13651 : 25;
	13652 : 49;
	13653 : 49;
	13654 : 49;
	13655 : 49;
	13656 : 49;
	13657 : 49;
	13658 : 49;
	13659 : 25;
	13660 : 49;
	13661 : 49;
	13662 : 49;
	13663 : 49;
	13664 : 49;
	13665 : 49;
	13666 : 25;
	13667 : 25;
	13668 : 25;
	13669 : 25;
	13670 : 25;
	13671 : 25;
	13672 : 49;
	13673 : 49;
	13674 : 49;
	13675 : 49;
	13676 : 49;
	13677 : 25;
	13678 : 25;
	13679 : 25;
	13680 : 25;
	13681 : 25;
	13682 : 25;
	13683 : 25;
	13684 : 25;
	13685 : 25;
	13686 : 49;
	13687 : 49;
	13688 : 49;
	13689 : 49;
	13690 : 49;
	13691 : 49;
	13692 : 25;
	13693 : 25;
	13694 : 25;
	13695 : 49;
	13696 : 49;
	13697 : 49;
	13698 : 25;
	13699 : 24;
	13700 : 24;
	13701 : 25;
	13702 : 25;
	13703 : 25;
	13704 : 24;
	13705 : 25;
	13706 : 25;
	13707 : 24;
	13708 : 24;
	13709 : 25;
	13710 : 25;
	13711 : 25;
	13712 : 25;
	13713 : 25;
	13714 : 25;
	13715 : 25;
	13716 : 25;
	13717 : 25;
	13718 : 24;
	13719 : 25;
	13720 : 25;
	13721 : 25;
	13722 : 25;
	13723 : 25;
	13724 : 25;
	13725 : 25;
	13726 : 25;
	13727 : 29;
	13728 : 25;
	13729 : 25;
	13730 : 25;
	13731 : 25;
	13732 : 25;
	13733 : 25;
	13734 : 25;
	13735 : 25;
	13736 : 25;
	13737 : 25;
	13738 : 25;
	13739 : 25;
	13740 : 25;
	13741 : 24;
	13742 : 24;
	13743 : 24;
	13744 : 24;
	13745 : 25;
	13746 : 25;
	13747 : 25;
	13748 : 25;
	13749 : 49;
	13750 : 49;
	13751 : 49;
	13752 : 49;
	13753 : 49;
	13754 : 49;
	13755 : 69;
	13756 : 49;
	13757 : 49;
	13758 : 49;
	13759 : 69;
	13760 : 49;
	13761 : 49;
	13762 : 25;
	13763 : 25;
	13764 : 45;
	13765 : 44;
	13766 : 25;
	13767 : 45;
	13768 : 44;
	13769 : 44;
	13770 : 45;
	13771 : 45;
	13772 : 44;
	13773 : 69;
	13774 : 69;
	13775 : 49;
	13776 : 45;
	13777 : 44;
	13778 : 44;
	13779 : 25;
	13780 : 25;
	13781 : 25;
	13782 : 45;
	13783 : 45;
	13784 : 25;
	13785 : 29;
	13786 : 29;
	13787 : 49;
	13788 : 49;
	13789 : 4E;
	13790 : 52;
	13791 : 52;
	13792 : 52;
	13793 : 4D;
	13794 : 29;
	13795 : 29;
	13796 : 29;
	13797 : 29;
	13798 : 29;
	13799 : 24;
	13800 : 6D;
	13801 : 92;
	13802 : 91;
	13803 : 6D;
	13804 : 6D;
	13805 : 69;
	13806 : 49;
	13807 : 24;
	13808 : 24;
	13809 : 24;
	13810 : 24;
	13811 : 24;
	13812 : 24;
	13813 : 44;
	13814 : 49;
	13815 : 69;
	13816 : 69;
	13817 : 69;
	13818 : 69;
	13819 : 69;
	13820 : 69;
	13821 : 25;
	13822 : 25;
	13823 : 25;
	13824 : 25;
	13825 : 25;
	13826 : 25;
	13827 : 25;
	13828 : 25;
	13829 : 25;
	13830 : 29;
	13831 : 29;
	13832 : 29;
	13833 : 29;
	13834 : 29;
	13835 : 29;
	13836 : 29;
	13837 : 29;
	13838 : 29;
	13839 : 29;
	13840 : 29;
	13841 : 29;
	13842 : 25;
	13843 : 45;
	13844 : 49;
	13845 : 29;
	13846 : 29;
	13847 : 29;
	13848 : 29;
	13849 : 29;
	13850 : 49;
	13851 : 49;
	13852 : 49;
	13853 : 49;
	13854 : 49;
	13855 : 49;
	13856 : 49;
	13857 : 49;
	13858 : 25;
	13859 : 25;
	13860 : 49;
	13861 : 49;
	13862 : 49;
	13863 : 49;
	13864 : 49;
	13865 : 49;
	13866 : 49;
	13867 : 49;
	13868 : 25;
	13869 : 25;
	13870 : 25;
	13871 : 49;
	13872 : 49;
	13873 : 49;
	13874 : 49;
	13875 : 49;
	13876 : 49;
	13877 : 49;
	13878 : 25;
	13879 : 25;
	13880 : 25;
	13881 : 25;
	13882 : 25;
	13883 : 25;
	13884 : 49;
	13885 : 49;
	13886 : 45;
	13887 : 25;
	13888 : 25;
	13889 : 25;
	13890 : 25;
	13891 : 24;
	13892 : 24;
	13893 : 24;
	13894 : 24;
	13895 : 24;
	13896 : 24;
	13897 : 24;
	13898 : 24;
	13899 : 24;
	13900 : 24;
	13901 : 24;
	13902 : 24;
	13903 : 24;
	13904 : 24;
	13905 : 24;
	13906 : 24;
	13907 : 24;
	13908 : 25;
	13909 : 25;
	13910 : 25;
	13911 : 25;
	13912 : 25;
	13913 : 25;
	13914 : 25;
	13915 : 25;
	13916 : 25;
	13917 : 25;
	13918 : 25;
	13919 : 25;
	13920 : 25;
	13921 : 25;
	13922 : 25;
	13923 : 25;
	13924 : 25;
	13925 : 25;
	13926 : 25;
	13927 : 25;
	13928 : 25;
	13929 : 25;
	13930 : 25;
	13931 : 25;
	13932 : 25;
	13933 : 25;
	13934 : 24;
	13935 : 25;
	13936 : 25;
	13937 : 25;
	13938 : 25;
	13939 : 25;
	13940 : 25;
	13941 : 24;
	13942 : 24;
	13943 : 24;
	13944 : 25;
	13945 : 25;
	13946 : 25;
	13947 : 24;
	13948 : 24;
	13949 : 25;
	13950 : 49;
	13951 : 49;
	13952 : 49;
	13953 : 49;
	13954 : 49;
	13955 : 49;
	13956 : 49;
	13957 : 25;
	13958 : 25;
	13959 : 25;
	13960 : 24;
	13961 : 24;
	13962 : 24;
	13963 : 25;
	13964 : 45;
	13965 : 25;
	13966 : 25;
	13967 : 25;
	13968 : 25;
	13969 : 49;
	13970 : 29;
	13971 : 49;
	13972 : 49;
	13973 : 69;
	13974 : 69;
	13975 : 49;
	13976 : 29;
	13977 : 25;
	13978 : 25;
	13979 : 29;
	13980 : 29;
	13981 : 25;
	13982 : 25;
	13983 : 25;
	13984 : 29;
	13985 : 29;
	13986 : 29;
	13987 : 4D;
	13988 : 4E;
	13989 : 4E;
	13990 : 52;
	13991 : 52;
	13992 : 52;
	13993 : 52;
	13994 : 4D;
	13995 : 29;
	13996 : 29;
	13997 : 29;
	13998 : 25;
	13999 : 24;
	14000 : 6D;
	14001 : 6D;
	14002 : 6D;
	14003 : 6D;
	14004 : 49;
	14005 : 49;
	14006 : 49;
	14007 : 24;
	14008 : 24;
	14009 : 24;
	14010 : 24;
	14011 : 45;
	14012 : 24;
	14013 : 45;
	14014 : 49;
	14015 : 69;
	14016 : 69;
	14017 : 69;
	14018 : 69;
	14019 : 89;
	14020 : 69;
	14021 : 45;
	14022 : 25;
	14023 : 25;
	14024 : 25;
	14025 : 25;
	14026 : 25;
	14027 : 25;
	14028 : 25;
	14029 : 25;
	14030 : 29;
	14031 : 29;
	14032 : 29;
	14033 : 29;
	14034 : 29;
	14035 : 29;
	14036 : 29;
	14037 : 29;
	14038 : 29;
	14039 : 29;
	14040 : 29;
	14041 : 25;
	14042 : 25;
	14043 : 45;
	14044 : 25;
	14045 : 25;
	14046 : 25;
	14047 : 25;
	14048 : 25;
	14049 : 25;
	14050 : 49;
	14051 : 49;
	14052 : 49;
	14053 : 49;
	14054 : 49;
	14055 : 49;
	14056 : 29;
	14057 : 29;
	14058 : 25;
	14059 : 25;
	14060 : 49;
	14061 : 49;
	14062 : 49;
	14063 : 49;
	14064 : 49;
	14065 : 49;
	14066 : 49;
	14067 : 25;
	14068 : 25;
	14069 : 25;
	14070 : 45;
	14071 : 49;
	14072 : 49;
	14073 : 45;
	14074 : 25;
	14075 : 25;
	14076 : 25;
	14077 : 25;
	14078 : 25;
	14079 : 24;
	14080 : 24;
	14081 : 24;
	14082 : 24;
	14083 : 24;
	14084 : 24;
	14085 : 24;
	14086 : 24;
	14087 : 24;
	14088 : 24;
	14089 : 24;
	14090 : 24;
	14091 : 24;
	14092 : 24;
	14093 : 24;
	14094 : 24;
	14095 : 24;
	14096 : 24;
	14097 : 24;
	14098 : 24;
	14099 : 24;
	14100 : 24;
	14101 : 24;
	14102 : 24;
	14103 : 24;
	14104 : 24;
	14105 : 25;
	14106 : 25;
	14107 : 25;
	14108 : 25;
	14109 : 25;
	14110 : 25;
	14111 : 25;
	14112 : 25;
	14113 : 25;
	14114 : 25;
	14115 : 25;
	14116 : 25;
	14117 : 25;
	14118 : 25;
	14119 : 25;
	14120 : 25;
	14121 : 25;
	14122 : 25;
	14123 : 25;
	14124 : 25;
	14125 : 25;
	14126 : 25;
	14127 : 25;
	14128 : 25;
	14129 : 25;
	14130 : 24;
	14131 : 24;
	14132 : 24;
	14133 : 24;
	14134 : 24;
	14135 : 25;
	14136 : 25;
	14137 : 25;
	14138 : 25;
	14139 : 25;
	14140 : 25;
	14141 : 25;
	14142 : 24;
	14143 : 24;
	14144 : 24;
	14145 : 25;
	14146 : 25;
	14147 : 24;
	14148 : 24;
	14149 : 25;
	14150 : 25;
	14151 : 25;
	14152 : 25;
	14153 : 25;
	14154 : 25;
	14155 : 25;
	14156 : 25;
	14157 : 25;
	14158 : 25;
	14159 : 25;
	14160 : 25;
	14161 : 25;
	14162 : 25;
	14163 : 25;
	14164 : 25;
	14165 : 25;
	14166 : 25;
	14167 : 25;
	14168 : 25;
	14169 : 25;
	14170 : 29;
	14171 : 29;
	14172 : 49;
	14173 : 69;
	14174 : 69;
	14175 : 49;
	14176 : 29;
	14177 : 25;
	14178 : 25;
	14179 : 29;
	14180 : 29;
	14181 : 29;
	14182 : 29;
	14183 : 29;
	14184 : 29;
	14185 : 29;
	14186 : 29;
	14187 : 4E;
	14188 : 4E;
	14189 : 52;
	14190 : 52;
	14191 : 52;
	14192 : 52;
	14193 : 52;
	14194 : 4E;
	14195 : 29;
	14196 : 29;
	14197 : 29;
	14198 : 29;
	14199 : 25;
	14200 : 49;
	14201 : 49;
	14202 : 49;
	14203 : 49;
	14204 : 49;
	14205 : 69;
	14206 : 49;
	14207 : 49;
	14208 : 45;
	14209 : 25;
	14210 : 25;
	14211 : 45;
	14212 : 24;
	14213 : 45;
	14214 : 69;
	14215 : 69;
	14216 : 69;
	14217 : 69;
	14218 : 69;
	14219 : 89;
	14220 : 69;
	14221 : 49;
	14222 : 25;
	14223 : 25;
	14224 : 25;
	14225 : 25;
	14226 : 25;
	14227 : 25;
	14228 : 25;
	14229 : 25;
	14230 : 29;
	14231 : 29;
	14232 : 29;
	14233 : 29;
	14234 : 29;
	14235 : 29;
	14236 : 29;
	14237 : 29;
	14238 : 29;
	14239 : 29;
	14240 : 29;
	14241 : 25;
	14242 : 25;
	14243 : 25;
	14244 : 25;
	14245 : 25;
	14246 : 25;
	14247 : 25;
	14248 : 25;
	14249 : 25;
	14250 : 49;
	14251 : 49;
	14252 : 49;
	14253 : 49;
	14254 : 49;
	14255 : 49;
	14256 : 29;
	14257 : 49;
	14258 : 49;
	14259 : 29;
	14260 : 29;
	14261 : 29;
	14262 : 25;
	14263 : 25;
	14264 : 25;
	14265 : 25;
	14266 : 25;
	14267 : 25;
	14268 : 25;
	14269 : 25;
	14270 : 25;
	14271 : 25;
	14272 : 25;
	14273 : 25;
	14274 : 25;
	14275 : 25;
	14276 : 24;
	14277 : 24;
	14278 : 24;
	14279 : 24;
	14280 : 24;
	14281 : 24;
	14282 : 24;
	14283 : 24;
	14284 : 24;
	14285 : 24;
	14286 : 24;
	14287 : 24;
	14288 : 24;
	14289 : 24;
	14290 : 24;
	14291 : 24;
	14292 : 24;
	14293 : 24;
	14294 : 24;
	14295 : 24;
	14296 : 24;
	14297 : 24;
	14298 : 24;
	14299 : 24;
	14300 : 04;
	14301 : 24;
	14302 : 24;
	14303 : 25;
	14304 : 25;
	14305 : 25;
	14306 : 25;
	14307 : 25;
	14308 : 25;
	14309 : 25;
	14310 : 25;
	14311 : 25;
	14312 : 25;
	14313 : 25;
	14314 : 25;
	14315 : 25;
	14316 : 25;
	14317 : 25;
	14318 : 25;
	14319 : 25;
	14320 : 25;
	14321 : 25;
	14322 : 25;
	14323 : 25;
	14324 : 25;
	14325 : 24;
	14326 : 24;
	14327 : 24;
	14328 : 24;
	14329 : 24;
	14330 : 25;
	14331 : 24;
	14332 : 24;
	14333 : 24;
	14334 : 24;
	14335 : 24;
	14336 : 24;
	14337 : 25;
	14338 : 25;
	14339 : 25;
	14340 : 25;
	14341 : 25;
	14342 : 25;
	14343 : 24;
	14344 : 24;
	14345 : 25;
	14346 : 25;
	14347 : 24;
	14348 : 24;
	14349 : 25;
	14350 : 25;
	14351 : 25;
	14352 : 25;
	14353 : 25;
	14354 : 25;
	14355 : 25;
	14356 : 25;
	14357 : 25;
	14358 : 25;
	14359 : 25;
	14360 : 25;
	14361 : 25;
	14362 : 25;
	14363 : 25;
	14364 : 25;
	14365 : 25;
	14366 : 25;
	14367 : 25;
	14368 : 25;
	14369 : 25;
	14370 : 25;
	14371 : 29;
	14372 : 49;
	14373 : 69;
	14374 : 49;
	14375 : 49;
	14376 : 29;
	14377 : 25;
	14378 : 25;
	14379 : 25;
	14380 : 29;
	14381 : 29;
	14382 : 29;
	14383 : 29;
	14384 : 29;
	14385 : 29;
	14386 : 29;
	14387 : 4E;
	14388 : 4E;
	14389 : 52;
	14390 : 52;
	14391 : 52;
	14392 : 52;
	14393 : 52;
	14394 : 4E;
	14395 : 4E;
	14396 : 4E;
	14397 : 4E;
	14398 : 29;
	14399 : 25;
	14400 : 25;
	14401 : 24;
	14402 : 24;
	14403 : 25;
	14404 : 49;
	14405 : 6D;
	14406 : 6D;
	14407 : 6D;
	14408 : 49;
	14409 : 49;
	14410 : 49;
	14411 : 45;
	14412 : 24;
	14413 : 45;
	14414 : 69;
	14415 : 69;
	14416 : 69;
	14417 : 69;
	14418 : 69;
	14419 : 89;
	14420 : 69;
	14421 : 49;
	14422 : 25;
	14423 : 25;
	14424 : 25;
	14425 : 25;
	14426 : 25;
	14427 : 25;
	14428 : 25;
	14429 : 25;
	14430 : 29;
	14431 : 29;
	14432 : 29;
	14433 : 29;
	14434 : 29;
	14435 : 29;
	14436 : 29;
	14437 : 29;
	14438 : 29;
	14439 : 29;
	14440 : 29;
	14441 : 25;
	14442 : 25;
	14443 : 25;
	14444 : 25;
	14445 : 25;
	14446 : 25;
	14447 : 25;
	14448 : 25;
	14449 : 25;
	14450 : 49;
	14451 : 49;
	14452 : 49;
	14453 : 49;
	14454 : 49;
	14455 : 49;
	14456 : 49;
	14457 : 49;
	14458 : 29;
	14459 : 25;
	14460 : 25;
	14461 : 25;
	14462 : 25;
	14463 : 25;
	14464 : 25;
	14465 : 25;
	14466 : 25;
	14467 : 25;
	14468 : 25;
	14469 : 25;
	14470 : 24;
	14471 : 24;
	14472 : 24;
	14473 : 24;
	14474 : 24;
	14475 : 04;
	14476 : 04;
	14477 : 04;
	14478 : 04;
	14479 : 04;
	14480 : 24;
	14481 : 24;
	14482 : 24;
	14483 : 24;
	14484 : 24;
	14485 : 24;
	14486 : 24;
	14487 : 24;
	14488 : 24;
	14489 : 24;
	14490 : 24;
	14491 : 24;
	14492 : 24;
	14493 : 24;
	14494 : 24;
	14495 : 24;
	14496 : 24;
	14497 : 24;
	14498 : 24;
	14499 : 24;
	14500 : 04;
	14501 : 24;
	14502 : 24;
	14503 : 25;
	14504 : 25;
	14505 : 25;
	14506 : 45;
	14507 : 25;
	14508 : 25;
	14509 : 25;
	14510 : 25;
	14511 : 29;
	14512 : 25;
	14513 : 25;
	14514 : 25;
	14515 : 25;
	14516 : 25;
	14517 : 25;
	14518 : 45;
	14519 : 25;
	14520 : 25;
	14521 : 25;
	14522 : 25;
	14523 : 25;
	14524 : 25;
	14525 : 25;
	14526 : 24;
	14527 : 24;
	14528 : 24;
	14529 : 25;
	14530 : 25;
	14531 : 25;
	14532 : 25;
	14533 : 25;
	14534 : 25;
	14535 : 25;
	14536 : 25;
	14537 : 25;
	14538 : 25;
	14539 : 25;
	14540 : 25;
	14541 : 25;
	14542 : 25;
	14543 : 25;
	14544 : 25;
	14545 : 25;
	14546 : 25;
	14547 : 24;
	14548 : 24;
	14549 : 25;
	14550 : 25;
	14551 : 25;
	14552 : 25;
	14553 : 25;
	14554 : 25;
	14555 : 25;
	14556 : 25;
	14557 : 25;
	14558 : 25;
	14559 : 25;
	14560 : 25;
	14561 : 25;
	14562 : 25;
	14563 : 25;
	14564 : 25;
	14565 : 25;
	14566 : 25;
	14567 : 25;
	14568 : 25;
	14569 : 25;
	14570 : 25;
	14571 : 25;
	14572 : 29;
	14573 : 49;
	14574 : 49;
	14575 : 29;
	14576 : 25;
	14577 : 25;
	14578 : 25;
	14579 : 25;
	14580 : 29;
	14581 : 29;
	14582 : 29;
	14583 : 29;
	14584 : 29;
	14585 : 29;
	14586 : 29;
	14587 : 2D;
	14588 : 4E;
	14589 : 4E;
	14590 : 52;
	14591 : 52;
	14592 : 4E;
	14593 : 2E;
	14594 : 2D;
	14595 : 29;
	14596 : 29;
	14597 : 29;
	14598 : 29;
	14599 : 25;
	14600 : 49;
	14601 : 45;
	14602 : 25;
	14603 : 49;
	14604 : 49;
	14605 : 91;
	14606 : 91;
	14607 : 91;
	14608 : 91;
	14609 : 6D;
	14610 : 6D;
	14611 : 49;
	14612 : 49;
	14613 : 49;
	14614 : 69;
	14615 : 69;
	14616 : 69;
	14617 : 69;
	14618 : 69;
	14619 : 89;
	14620 : 69;
	14621 : 49;
	14622 : 25;
	14623 : 25;
	14624 : 25;
	14625 : 25;
	14626 : 25;
	14627 : 25;
	14628 : 25;
	14629 : 25;
	14630 : 29;
	14631 : 29;
	14632 : 29;
	14633 : 29;
	14634 : 29;
	14635 : 29;
	14636 : 29;
	14637 : 29;
	14638 : 29;
	14639 : 29;
	14640 : 29;
	14641 : 29;
	14642 : 25;
	14643 : 29;
	14644 : 29;
	14645 : 29;
	14646 : 25;
	14647 : 25;
	14648 : 25;
	14649 : 25;
	14650 : 25;
	14651 : 25;
	14652 : 25;
	14653 : 25;
	14654 : 25;
	14655 : 25;
	14656 : 25;
	14657 : 25;
	14658 : 25;
	14659 : 25;
	14660 : 25;
	14661 : 25;
	14662 : 25;
	14663 : 25;
	14664 : 25;
	14665 : 25;
	14666 : 25;
	14667 : 25;
	14668 : 25;
	14669 : 25;
	14670 : 25;
	14671 : 25;
	14672 : 25;
	14673 : 24;
	14674 : 24;
	14675 : 24;
	14676 : 24;
	14677 : 24;
	14678 : 24;
	14679 : 24;
	14680 : 24;
	14681 : 24;
	14682 : 24;
	14683 : 24;
	14684 : 24;
	14685 : 24;
	14686 : 24;
	14687 : 24;
	14688 : 24;
	14689 : 24;
	14690 : 24;
	14691 : 24;
	14692 : 24;
	14693 : 24;
	14694 : 24;
	14695 : 24;
	14696 : 24;
	14697 : 24;
	14698 : 24;
	14699 : 24;
	14700 : 24;
	14701 : 24;
	14702 : 24;
	14703 : 25;
	14704 : 25;
	14705 : 45;
	14706 : 45;
	14707 : 49;
	14708 : 49;
	14709 : 49;
	14710 : 45;
	14711 : 29;
	14712 : 49;
	14713 : 49;
	14714 : 49;
	14715 : 49;
	14716 : 49;
	14717 : 49;
	14718 : 49;
	14719 : 49;
	14720 : 49;
	14721 : 45;
	14722 : 45;
	14723 : 25;
	14724 : 25;
	14725 : 25;
	14726 : 24;
	14727 : 25;
	14728 : 25;
	14729 : 25;
	14730 : 25;
	14731 : 45;
	14732 : 45;
	14733 : 25;
	14734 : 25;
	14735 : 25;
	14736 : 25;
	14737 : 25;
	14738 : 25;
	14739 : 25;
	14740 : 25;
	14741 : 25;
	14742 : 25;
	14743 : 25;
	14744 : 25;
	14745 : 25;
	14746 : 24;
	14747 : 24;
	14748 : 24;
	14749 : 25;
	14750 : 25;
	14751 : 25;
	14752 : 25;
	14753 : 25;
	14754 : 25;
	14755 : 25;
	14756 : 25;
	14757 : 25;
	14758 : 25;
	14759 : 25;
	14760 : 25;
	14761 : 25;
	14762 : 25;
	14763 : 25;
	14764 : 25;
	14765 : 25;
	14766 : 25;
	14767 : 25;
	14768 : 25;
	14769 : 25;
	14770 : 25;
	14771 : 25;
	14772 : 25;
	14773 : 25;
	14774 : 29;
	14775 : 29;
	14776 : 25;
	14777 : 25;
	14778 : 29;
	14779 : 29;
	14780 : 29;
	14781 : 29;
	14782 : 29;
	14783 : 29;
	14784 : 29;
	14785 : 29;
	14786 : 29;
	14787 : 2D;
	14788 : 4E;
	14789 : 4E;
	14790 : 4E;
	14791 : 4E;
	14792 : 4E;
	14793 : 2D;
	14794 : 29;
	14795 : 29;
	14796 : 29;
	14797 : 29;
	14798 : 25;
	14799 : 25;
	14800 : 25;
	14801 : 25;
	14802 : 25;
	14803 : 49;
	14804 : 49;
	14805 : 91;
	14806 : 91;
	14807 : 91;
	14808 : 91;
	14809 : 91;
	14810 : 8D;
	14811 : 6D;
	14812 : 49;
	14813 : 49;
	14814 : 69;
	14815 : 69;
	14816 : 69;
	14817 : 69;
	14818 : 69;
	14819 : 89;
	14820 : 69;
	14821 : 49;
	14822 : 25;
	14823 : 25;
	14824 : 25;
	14825 : 25;
	14826 : 25;
	14827 : 25;
	14828 : 25;
	14829 : 25;
	14830 : 29;
	14831 : 29;
	14832 : 29;
	14833 : 29;
	14834 : 29;
	14835 : 25;
	14836 : 25;
	14837 : 25;
	14838 : 25;
	14839 : 25;
	14840 : 25;
	14841 : 29;
	14842 : 29;
	14843 : 29;
	14844 : 29;
	14845 : 29;
	14846 : 25;
	14847 : 29;
	14848 : 25;
	14849 : 25;
	14850 : 25;
	14851 : 25;
	14852 : 25;
	14853 : 25;
	14854 : 25;
	14855 : 25;
	14856 : 25;
	14857 : 25;
	14858 : 25;
	14859 : 25;
	14860 : 25;
	14861 : 25;
	14862 : 25;
	14863 : 25;
	14864 : 25;
	14865 : 25;
	14866 : 25;
	14867 : 25;
	14868 : 25;
	14869 : 25;
	14870 : 25;
	14871 : 25;
	14872 : 25;
	14873 : 25;
	14874 : 25;
	14875 : 25;
	14876 : 24;
	14877 : 24;
	14878 : 24;
	14879 : 24;
	14880 : 24;
	14881 : 24;
	14882 : 24;
	14883 : 24;
	14884 : 24;
	14885 : 24;
	14886 : 24;
	14887 : 24;
	14888 : 24;
	14889 : 24;
	14890 : 24;
	14891 : 24;
	14892 : 24;
	14893 : 24;
	14894 : 24;
	14895 : 24;
	14896 : 24;
	14897 : 24;
	14898 : 24;
	14899 : 24;
	14900 : 24;
	14901 : 24;
	14902 : 24;
	14903 : 25;
	14904 : 25;
	14905 : 45;
	14906 : 49;
	14907 : 49;
	14908 : 49;
	14909 : 49;
	14910 : 49;
	14911 : 49;
	14912 : 49;
	14913 : 49;
	14914 : 49;
	14915 : 49;
	14916 : 49;
	14917 : 49;
	14918 : 49;
	14919 : 49;
	14920 : 49;
	14921 : 49;
	14922 : 49;
	14923 : 45;
	14924 : 25;
	14925 : 25;
	14926 : 25;
	14927 : 25;
	14928 : 25;
	14929 : 25;
	14930 : 45;
	14931 : 45;
	14932 : 45;
	14933 : 45;
	14934 : 45;
	14935 : 25;
	14936 : 25;
	14937 : 25;
	14938 : 25;
	14939 : 25;
	14940 : 25;
	14941 : 25;
	14942 : 25;
	14943 : 25;
	14944 : 25;
	14945 : 25;
	14946 : 25;
	14947 : 24;
	14948 : 24;
	14949 : 25;
	14950 : 25;
	14951 : 25;
	14952 : 25;
	14953 : 25;
	14954 : 25;
	14955 : 25;
	14956 : 25;
	14957 : 25;
	14958 : 25;
	14959 : 25;
	14960 : 25;
	14961 : 25;
	14962 : 25;
	14963 : 25;
	14964 : 25;
	14965 : 25;
	14966 : 25;
	14967 : 25;
	14968 : 25;
	14969 : 25;
	14970 : 25;
	14971 : 25;
	14972 : 25;
	14973 : 25;
	14974 : 25;
	14975 : 25;
	14976 : 25;
	14977 : 25;
	14978 : 29;
	14979 : 49;
	14980 : 49;
	14981 : 29;
	14982 : 29;
	14983 : 29;
	14984 : 29;
	14985 : 29;
	14986 : 29;
	14987 : 29;
	14988 : 29;
	14989 : 2E;
	14990 : 2E;
	14991 : 2E;
	14992 : 29;
	14993 : 29;
	14994 : 29;
	14995 : 29;
	14996 : 29;
	14997 : 29;
	14998 : 25;
	14999 : 24;
	15000 : 25;
	15001 : 25;
	15002 : 25;
	15003 : 49;
	15004 : 49;
	15005 : 91;
	15006 : 91;
	15007 : 91;
	15008 : 91;
	15009 : 92;
	15010 : 91;
	15011 : 91;
	15012 : 6D;
	15013 : 49;
	15014 : 49;
	15015 : 69;
	15016 : 69;
	15017 : 69;
	15018 : 69;
	15019 : 69;
	15020 : 69;
	15021 : 49;
	15022 : 25;
	15023 : 25;
	15024 : 25;
	15025 : 25;
	15026 : 25;
	15027 : 25;
	15028 : 25;
	15029 : 25;
	15030 : 25;
	15031 : 25;
	15032 : 25;
	15033 : 25;
	15034 : 25;
	15035 : 25;
	15036 : 25;
	15037 : 25;
	15038 : 25;
	15039 : 25;
	15040 : 25;
	15041 : 29;
	15042 : 29;
	15043 : 29;
	15044 : 29;
	15045 : 29;
	15046 : 29;
	15047 : 29;
	15048 : 29;
	15049 : 25;
	15050 : 25;
	15051 : 25;
	15052 : 25;
	15053 : 25;
	15054 : 25;
	15055 : 25;
	15056 : 25;
	15057 : 25;
	15058 : 25;
	15059 : 25;
	15060 : 29;
	15061 : 29;
	15062 : 29;
	15063 : 29;
	15064 : 29;
	15065 : 29;
	15066 : 49;
	15067 : 45;
	15068 : 25;
	15069 : 29;
	15070 : 29;
	15071 : 25;
	15072 : 25;
	15073 : 25;
	15074 : 25;
	15075 : 25;
	15076 : 24;
	15077 : 24;
	15078 : 24;
	15079 : 24;
	15080 : 24;
	15081 : 24;
	15082 : 24;
	15083 : 24;
	15084 : 24;
	15085 : 24;
	15086 : 24;
	15087 : 24;
	15088 : 24;
	15089 : 24;
	15090 : 24;
	15091 : 24;
	15092 : 24;
	15093 : 24;
	15094 : 24;
	15095 : 24;
	15096 : 24;
	15097 : 24;
	15098 : 24;
	15099 : 24;
	15100 : 24;
	15101 : 24;
	15102 : 24;
	15103 : 25;
	15104 : 25;
	15105 : 49;
	15106 : 49;
	15107 : 49;
	15108 : 49;
	15109 : 49;
	15110 : 49;
	15111 : 49;
	15112 : 49;
	15113 : 49;
	15114 : 49;
	15115 : 49;
	15116 : 49;
	15117 : 49;
	15118 : 49;
	15119 : 49;
	15120 : 49;
	15121 : 49;
	15122 : 49;
	15123 : 49;
	15124 : 25;
	15125 : 25;
	15126 : 25;
	15127 : 25;
	15128 : 25;
	15129 : 25;
	15130 : 45;
	15131 : 45;
	15132 : 45;
	15133 : 45;
	15134 : 45;
	15135 : 45;
	15136 : 45;
	15137 : 45;
	15138 : 25;
	15139 : 25;
	15140 : 25;
	15141 : 25;
	15142 : 25;
	15143 : 25;
	15144 : 25;
	15145 : 24;
	15146 : 25;
	15147 : 25;
	15148 : 25;
	15149 : 25;
	15150 : 25;
	15151 : 25;
	15152 : 25;
	15153 : 25;
	15154 : 25;
	15155 : 25;
	15156 : 25;
	15157 : 25;
	15158 : 25;
	15159 : 25;
	15160 : 25;
	15161 : 25;
	15162 : 25;
	15163 : 25;
	15164 : 25;
	15165 : 25;
	15166 : 25;
	15167 : 25;
	15168 : 25;
	15169 : 25;
	15170 : 25;
	15171 : 25;
	15172 : 25;
	15173 : 25;
	15174 : 25;
	15175 : 25;
	15176 : 25;
	15177 : 25;
	15178 : 29;
	15179 : 49;
	15180 : 49;
	15181 : 29;
	15182 : 29;
	15183 : 29;
	15184 : 29;
	15185 : 29;
	15186 : 29;
	15187 : 29;
	15188 : 29;
	15189 : 29;
	15190 : 29;
	15191 : 29;
	15192 : 29;
	15193 : 29;
	15194 : 29;
	15195 : 29;
	15196 : 25;
	15197 : 29;
	15198 : 25;
	15199 : 24;
	15200 : 49;
	15201 : 49;
	15202 : 49;
	15203 : 49;
	15204 : 49;
	15205 : 91;
	15206 : 92;
	15207 : 92;
	15208 : 92;
	15209 : 92;
	15210 : 92;
	15211 : 91;
	15212 : 6D;
	15213 : 49;
	15214 : 49;
	15215 : 69;
	15216 : 69;
	15217 : 6D;
	15218 : 6D;
	15219 : 8D;
	15220 : 69;
	15221 : 49;
	15222 : 25;
	15223 : 25;
	15224 : 25;
	15225 : 25;
	15226 : 25;
	15227 : 25;
	15228 : 25;
	15229 : 25;
	15230 : 25;
	15231 : 25;
	15232 : 25;
	15233 : 25;
	15234 : 25;
	15235 : 25;
	15236 : 25;
	15237 : 25;
	15238 : 25;
	15239 : 25;
	15240 : 25;
	15241 : 29;
	15242 : 29;
	15243 : 29;
	15244 : 29;
	15245 : 29;
	15246 : 29;
	15247 : 29;
	15248 : 29;
	15249 : 25;
	15250 : 29;
	15251 : 29;
	15252 : 29;
	15253 : 25;
	15254 : 25;
	15255 : 25;
	15256 : 25;
	15257 : 29;
	15258 : 29;
	15259 : 45;
	15260 : 45;
	15261 : 49;
	15262 : 45;
	15263 : 45;
	15264 : 45;
	15265 : 45;
	15266 : 45;
	15267 : 45;
	15268 : 45;
	15269 : 25;
	15270 : 29;
	15271 : 25;
	15272 : 25;
	15273 : 24;
	15274 : 24;
	15275 : 24;
	15276 : 24;
	15277 : 24;
	15278 : 24;
	15279 : 24;
	15280 : 24;
	15281 : 24;
	15282 : 24;
	15283 : 24;
	15284 : 24;
	15285 : 24;
	15286 : 24;
	15287 : 24;
	15288 : 24;
	15289 : 24;
	15290 : 24;
	15291 : 24;
	15292 : 24;
	15293 : 24;
	15294 : 24;
	15295 : 24;
	15296 : 24;
	15297 : 24;
	15298 : 24;
	15299 : 24;
	15300 : 24;
	15301 : 24;
	15302 : 24;
	15303 : 25;
	15304 : 25;
	15305 : 49;
	15306 : 49;
	15307 : 49;
	15308 : 49;
	15309 : 49;
	15310 : 49;
	15311 : 49;
	15312 : 49;
	15313 : 49;
	15314 : 49;
	15315 : 49;
	15316 : 49;
	15317 : 49;
	15318 : 49;
	15319 : 49;
	15320 : 49;
	15321 : 49;
	15322 : 49;
	15323 : 49;
	15324 : 25;
	15325 : 25;
	15326 : 25;
	15327 : 25;
	15328 : 25;
	15329 : 25;
	15330 : 45;
	15331 : 45;
	15332 : 45;
	15333 : 45;
	15334 : 45;
	15335 : 45;
	15336 : 45;
	15337 : 45;
	15338 : 45;
	15339 : 45;
	15340 : 25;
	15341 : 25;
	15342 : 25;
	15343 : 25;
	15344 : 25;
	15345 : 25;
	15346 : 25;
	15347 : 25;
	15348 : 25;
	15349 : 25;
	15350 : 25;
	15351 : 25;
	15352 : 25;
	15353 : 25;
	15354 : 25;
	15355 : 25;
	15356 : 25;
	15357 : 25;
	15358 : 25;
	15359 : 25;
	15360 : 25;
	15361 : 25;
	15362 : 25;
	15363 : 25;
	15364 : 25;
	15365 : 25;
	15366 : 25;
	15367 : 25;
	15368 : 25;
	15369 : 25;
	15370 : 25;
	15371 : 25;
	15372 : 25;
	15373 : 25;
	15374 : 25;
	15375 : 25;
	15376 : 25;
	15377 : 25;
	15378 : 25;
	15379 : 45;
	15380 : 49;
	15381 : 49;
	15382 : 25;
	15383 : 29;
	15384 : 25;
	15385 : 25;
	15386 : 25;
	15387 : 25;
	15388 : 25;
	15389 : 25;
	15390 : 29;
	15391 : 29;
	15392 : 25;
	15393 : 29;
	15394 : 29;
	15395 : 25;
	15396 : 25;
	15397 : 25;
	15398 : 25;
	15399 : 24;
	15400 : 49;
	15401 : 49;
	15402 : 49;
	15403 : 49;
	15404 : 49;
	15405 : 91;
	15406 : 92;
	15407 : 92;
	15408 : 92;
	15409 : 92;
	15410 : 92;
	15411 : 91;
	15412 : 6D;
	15413 : 49;
	15414 : 49;
	15415 : 69;
	15416 : 69;
	15417 : 6D;
	15418 : 6D;
	15419 : 8D;
	15420 : 69;
	15421 : 45;
	15422 : 25;
	15423 : 25;
	15424 : 45;
	15425 : 49;
	15426 : 49;
	15427 : 49;
	15428 : 49;
	15429 : 49;
	15430 : 49;
	15431 : 45;
	15432 : 25;
	15433 : 25;
	15434 : 25;
	15435 : 25;
	15436 : 25;
	15437 : 25;
	15438 : 25;
	15439 : 25;
	15440 : 25;
	15441 : 25;
	15442 : 25;
	15443 : 25;
	15444 : 25;
	15445 : 25;
	15446 : 25;
	15447 : 25;
	15448 : 25;
	15449 : 25;
	15450 : 25;
	15451 : 25;
	15452 : 25;
	15453 : 25;
	15454 : 25;
	15455 : 25;
	15456 : 25;
	15457 : 29;
	15458 : 45;
	15459 : 45;
	15460 : 45;
	15461 : 45;
	15462 : 45;
	15463 : 45;
	15464 : 45;
	15465 : 45;
	15466 : 45;
	15467 : 45;
	15468 : 45;
	15469 : 25;
	15470 : 29;
	15471 : 25;
	15472 : 25;
	15473 : 25;
	15474 : 24;
	15475 : 24;
	15476 : 24;
	15477 : 24;
	15478 : 24;
	15479 : 24;
	15480 : 24;
	15481 : 24;
	15482 : 24;
	15483 : 24;
	15484 : 24;
	15485 : 24;
	15486 : 24;
	15487 : 24;
	15488 : 24;
	15489 : 24;
	15490 : 24;
	15491 : 24;
	15492 : 24;
	15493 : 24;
	15494 : 24;
	15495 : 24;
	15496 : 24;
	15497 : 24;
	15498 : 24;
	15499 : 24;
	15500 : 24;
	15501 : 24;
	15502 : 24;
	15503 : 25;
	15504 : 25;
	15505 : 49;
	15506 : 49;
	15507 : 49;
	15508 : 49;
	15509 : 49;
	15510 : 49;
	15511 : 49;
	15512 : 49;
	15513 : 49;
	15514 : 49;
	15515 : 49;
	15516 : 49;
	15517 : 49;
	15518 : 49;
	15519 : 49;
	15520 : 49;
	15521 : 49;
	15522 : 49;
	15523 : 49;
	15524 : 25;
	15525 : 25;
	15526 : 25;
	15527 : 25;
	15528 : 25;
	15529 : 25;
	15530 : 45;
	15531 : 45;
	15532 : 45;
	15533 : 45;
	15534 : 45;
	15535 : 45;
	15536 : 45;
	15537 : 45;
	15538 : 45;
	15539 : 45;
	15540 : 45;
	15541 : 25;
	15542 : 25;
	15543 : 25;
	15544 : 25;
	15545 : 49;
	15546 : 49;
	15547 : 49;
	15548 : 49;
	15549 : 25;
	15550 : 25;
	15551 : 25;
	15552 : 25;
	15553 : 25;
	15554 : 25;
	15555 : 25;
	15556 : 25;
	15557 : 25;
	15558 : 25;
	15559 : 25;
	15560 : 25;
	15561 : 25;
	15562 : 25;
	15563 : 25;
	15564 : 25;
	15565 : 25;
	15566 : 25;
	15567 : 25;
	15568 : 25;
	15569 : 25;
	15570 : 25;
	15571 : 25;
	15572 : 25;
	15573 : 25;
	15574 : 25;
	15575 : 25;
	15576 : 25;
	15577 : 25;
	15578 : 49;
	15579 : 49;
	15580 : 49;
	15581 : 49;
	15582 : 25;
	15583 : 25;
	15584 : 25;
	15585 : 25;
	15586 : 25;
	15587 : 25;
	15588 : 25;
	15589 : 25;
	15590 : 29;
	15591 : 29;
	15592 : 25;
	15593 : 25;
	15594 : 25;
	15595 : 25;
	15596 : 25;
	15597 : 25;
	15598 : 25;
	15599 : 24;
	15600 : 49;
	15601 : 49;
	15602 : 49;
	15603 : 49;
	15604 : 49;
	15605 : 91;
	15606 : 92;
	15607 : 92;
	15608 : 92;
	15609 : 92;
	15610 : 92;
	15611 : 91;
	15612 : 6D;
	15613 : 49;
	15614 : 49;
	15615 : 69;
	15616 : 69;
	15617 : 6D;
	15618 : 6D;
	15619 : 8D;
	15620 : 69;
	15621 : 45;
	15622 : 25;
	15623 : 25;
	15624 : 45;
	15625 : 49;
	15626 : 49;
	15627 : 49;
	15628 : 49;
	15629 : 49;
	15630 : 49;
	15631 : 49;
	15632 : 25;
	15633 : 25;
	15634 : 25;
	15635 : 25;
	15636 : 25;
	15637 : 25;
	15638 : 25;
	15639 : 25;
	15640 : 25;
	15641 : 25;
	15642 : 25;
	15643 : 25;
	15644 : 25;
	15645 : 25;
	15646 : 25;
	15647 : 25;
	15648 : 25;
	15649 : 25;
	15650 : 25;
	15651 : 25;
	15652 : 25;
	15653 : 25;
	15654 : 25;
	15655 : 25;
	15656 : 25;
	15657 : 25;
	15658 : 25;
	15659 : 45;
	15660 : 45;
	15661 : 45;
	15662 : 45;
	15663 : 45;
	15664 : 45;
	15665 : 45;
	15666 : 45;
	15667 : 45;
	15668 : 45;
	15669 : 29;
	15670 : 29;
	15671 : 29;
	15672 : 25;
	15673 : 25;
	15674 : 25;
	15675 : 24;
	15676 : 24;
	15677 : 24;
	15678 : 24;
	15679 : 24;
	15680 : 24;
	15681 : 24;
	15682 : 24;
	15683 : 24;
	15684 : 24;
	15685 : 24;
	15686 : 24;
	15687 : 24;
	15688 : 24;
	15689 : 24;
	15690 : 24;
	15691 : 24;
	15692 : 24;
	15693 : 24;
	15694 : 24;
	15695 : 24;
	15696 : 24;
	15697 : 24;
	15698 : 24;
	15699 : 24;
	15700 : 24;
	15701 : 24;
	15702 : 24;
	15703 : 25;
	15704 : 25;
	15705 : 25;
	15706 : 45;
	15707 : 25;
	15708 : 29;
	15709 : 29;
	15710 : 25;
	15711 : 29;
	15712 : 29;
	15713 : 29;
	15714 : 29;
	15715 : 25;
	15716 : 25;
	15717 : 25;
	15718 : 29;
	15719 : 29;
	15720 : 49;
	15721 : 49;
	15722 : 49;
	15723 : 49;
	15724 : 25;
	15725 : 25;
	15726 : 25;
	15727 : 25;
	15728 : 25;
	15729 : 25;
	15730 : 25;
	15731 : 25;
	15732 : 25;
	15733 : 45;
	15734 : 45;
	15735 : 45;
	15736 : 45;
	15737 : 45;
	15738 : 45;
	15739 : 45;
	15740 : 45;
	15741 : 25;
	15742 : 25;
	15743 : 25;
	15744 : 25;
	15745 : 69;
	15746 : 69;
	15747 : 69;
	15748 : 69;
	15749 : 49;
	15750 : 49;
	15751 : 25;
	15752 : 25;
	15753 : 25;
	15754 : 25;
	15755 : 25;
	15756 : 25;
	15757 : 25;
	15758 : 25;
	15759 : 25;
	15760 : 25;
	15761 : 25;
	15762 : 25;
	15763 : 25;
	15764 : 25;
	15765 : 25;
	15766 : 25;
	15767 : 29;
	15768 : 29;
	15769 : 25;
	15770 : 25;
	15771 : 25;
	15772 : 25;
	15773 : 25;
	15774 : 25;
	15775 : 25;
	15776 : 25;
	15777 : 29;
	15778 : 49;
	15779 : 49;
	15780 : 49;
	15781 : 49;
	15782 : 25;
	15783 : 29;
	15784 : 25;
	15785 : 25;
	15786 : 25;
	15787 : 29;
	15788 : 29;
	15789 : 25;
	15790 : 29;
	15791 : 29;
	15792 : 25;
	15793 : 29;
	15794 : 29;
	15795 : 29;
	15796 : 25;
	15797 : 29;
	15798 : 25;
	15799 : 25;
	15800 : 49;
	15801 : 49;
	15802 : 49;
	15803 : 49;
	15804 : 49;
	15805 : 91;
	15806 : 92;
	15807 : 92;
	15808 : 92;
	15809 : 92;
	15810 : 92;
	15811 : 91;
	15812 : 6D;
	15813 : 49;
	15814 : 49;
	15815 : 49;
	15816 : 69;
	15817 : 69;
	15818 : 69;
	15819 : 6D;
	15820 : 69;
	15821 : 45;
	15822 : 25;
	15823 : 25;
	15824 : 45;
	15825 : 49;
	15826 : 45;
	15827 : 45;
	15828 : 45;
	15829 : 49;
	15830 : 49;
	15831 : 49;
	15832 : 25;
	15833 : 25;
	15834 : 25;
	15835 : 25;
	15836 : 25;
	15837 : 25;
	15838 : 25;
	15839 : 25;
	15840 : 25;
	15841 : 25;
	15842 : 25;
	15843 : 25;
	15844 : 25;
	15845 : 25;
	15846 : 25;
	15847 : 25;
	15848 : 25;
	15849 : 25;
	15850 : 25;
	15851 : 25;
	15852 : 25;
	15853 : 25;
	15854 : 25;
	15855 : 25;
	15856 : 25;
	15857 : 25;
	15858 : 25;
	15859 : 45;
	15860 : 45;
	15861 : 45;
	15862 : 45;
	15863 : 45;
	15864 : 45;
	15865 : 45;
	15866 : 45;
	15867 : 25;
	15868 : 25;
	15869 : 29;
	15870 : 29;
	15871 : 29;
	15872 : 25;
	15873 : 25;
	15874 : 25;
	15875 : 25;
	15876 : 24;
	15877 : 24;
	15878 : 24;
	15879 : 24;
	15880 : 24;
	15881 : 24;
	15882 : 24;
	15883 : 24;
	15884 : 24;
	15885 : 24;
	15886 : 24;
	15887 : 24;
	15888 : 24;
	15889 : 24;
	15890 : 24;
	15891 : 24;
	15892 : 24;
	15893 : 24;
	15894 : 24;
	15895 : 24;
	15896 : 24;
	15897 : 24;
	15898 : 24;
	15899 : 24;
	15900 : 24;
	15901 : 24;
	15902 : 24;
	15903 : 25;
	15904 : 25;
	15905 : 25;
	15906 : 25;
	15907 : 25;
	15908 : 25;
	15909 : 25;
	15910 : 25;
	15911 : 25;
	15912 : 25;
	15913 : 25;
	15914 : 25;
	15915 : 25;
	15916 : 25;
	15917 : 25;
	15918 : 25;
	15919 : 25;
	15920 : 25;
	15921 : 25;
	15922 : 25;
	15923 : 25;
	15924 : 25;
	15925 : 25;
	15926 : 25;
	15927 : 25;
	15928 : 25;
	15929 : 25;
	15930 : 25;
	15931 : 25;
	15932 : 25;
	15933 : 25;
	15934 : 25;
	15935 : 25;
	15936 : 45;
	15937 : 45;
	15938 : 45;
	15939 : 45;
	15940 : 45;
	15941 : 25;
	15942 : 25;
	15943 : 25;
	15944 : 49;
	15945 : 69;
	15946 : 69;
	15947 : 69;
	15948 : 69;
	15949 : 69;
	15950 : 69;
	15951 : 49;
	15952 : 49;
	15953 : 25;
	15954 : 24;
	15955 : 24;
	15956 : 25;
	15957 : 25;
	15958 : 25;
	15959 : 25;
	15960 : 25;
	15961 : 25;
	15962 : 25;
	15963 : 25;
	15964 : 25;
	15965 : 25;
	15966 : 29;
	15967 : 29;
	15968 : 29;
	15969 : 29;
	15970 : 25;
	15971 : 25;
	15972 : 25;
	15973 : 25;
	15974 : 25;
	15975 : 25;
	15976 : 25;
	15977 : 29;
	15978 : 29;
	15979 : 49;
	15980 : 49;
	15981 : 29;
	15982 : 29;
	15983 : 29;
	15984 : 29;
	15985 : 29;
	15986 : 29;
	15987 : 29;
	15988 : 29;
	15989 : 29;
	15990 : 29;
	15991 : 29;
	15992 : 29;
	15993 : 29;
	15994 : 29;
	15995 : 49;
	15996 : 49;
	15997 : 29;
	15998 : 25;
	15999 : 25;
	16000 : 49;
	16001 : 49;
	16002 : 49;
	16003 : 49;
	16004 : 69;
	16005 : 91;
	16006 : 92;
	16007 : 92;
	16008 : 91;
	16009 : 92;
	16010 : 92;
	16011 : 91;
	16012 : 6D;
	16013 : 49;
	16014 : 49;
	16015 : 49;
	16016 : 69;
	16017 : 69;
	16018 : 69;
	16019 : 69;
	16020 : 49;
	16021 : 25;
	16022 : 25;
	16023 : 25;
	16024 : 45;
	16025 : 49;
	16026 : 45;
	16027 : 45;
	16028 : 45;
	16029 : 45;
	16030 : 49;
	16031 : 45;
	16032 : 25;
	16033 : 25;
	16034 : 25;
	16035 : 29;
	16036 : 49;
	16037 : 49;
	16038 : 69;
	16039 : 69;
	16040 : 69;
	16041 : 69;
	16042 : 69;
	16043 : 69;
	16044 : 49;
	16045 : 45;
	16046 : 25;
	16047 : 25;
	16048 : 25;
	16049 : 25;
	16050 : 25;
	16051 : 25;
	16052 : 25;
	16053 : 29;
	16054 : 25;
	16055 : 25;
	16056 : 25;
	16057 : 29;
	16058 : 29;
	16059 : 25;
	16060 : 25;
	16061 : 25;
	16062 : 25;
	16063 : 25;
	16064 : 25;
	16065 : 25;
	16066 : 25;
	16067 : 25;
	16068 : 25;
	16069 : 25;
	16070 : 25;
	16071 : 25;
	16072 : 25;
	16073 : 25;
	16074 : 24;
	16075 : 24;
	16076 : 24;
	16077 : 24;
	16078 : 24;
	16079 : 24;
	16080 : 24;
	16081 : 24;
	16082 : 24;
	16083 : 24;
	16084 : 24;
	16085 : 24;
	16086 : 24;
	16087 : 24;
	16088 : 24;
	16089 : 24;
	16090 : 24;
	16091 : 24;
	16092 : 24;
	16093 : 24;
	16094 : 24;
	16095 : 24;
	16096 : 24;
	16097 : 24;
	16098 : 24;
	16099 : 24;
	16100 : 24;
	16101 : 24;
	16102 : 24;
	16103 : 24;
	16104 : 25;
	16105 : 25;
	16106 : 24;
	16107 : 24;
	16108 : 25;
	16109 : 25;
	16110 : 25;
	16111 : 25;
	16112 : 25;
	16113 : 25;
	16114 : 25;
	16115 : 25;
	16116 : 25;
	16117 : 25;
	16118 : 25;
	16119 : 25;
	16120 : 25;
	16121 : 25;
	16122 : 25;
	16123 : 25;
	16124 : 25;
	16125 : 24;
	16126 : 24;
	16127 : 25;
	16128 : 25;
	16129 : 25;
	16130 : 25;
	16131 : 25;
	16132 : 25;
	16133 : 25;
	16134 : 25;
	16135 : 25;
	16136 : 25;
	16137 : 29;
	16138 : 45;
	16139 : 45;
	16140 : 45;
	16141 : 25;
	16142 : 25;
	16143 : 25;
	16144 : 49;
	16145 : 69;
	16146 : 69;
	16147 : 69;
	16148 : 69;
	16149 : 69;
	16150 : 69;
	16151 : 69;
	16152 : 49;
	16153 : 25;
	16154 : 24;
	16155 : 44;
	16156 : 24;
	16157 : 25;
	16158 : 25;
	16159 : 25;
	16160 : 25;
	16161 : 25;
	16162 : 25;
	16163 : 25;
	16164 : 25;
	16165 : 25;
	16166 : 25;
	16167 : 29;
	16168 : 29;
	16169 : 29;
	16170 : 29;
	16171 : 25;
	16172 : 25;
	16173 : 25;
	16174 : 25;
	16175 : 25;
	16176 : 25;
	16177 : 25;
	16178 : 29;
	16179 : 49;
	16180 : 49;
	16181 : 29;
	16182 : 29;
	16183 : 29;
	16184 : 29;
	16185 : 29;
	16186 : 29;
	16187 : 29;
	16188 : 29;
	16189 : 29;
	16190 : 29;
	16191 : 29;
	16192 : 29;
	16193 : 29;
	16194 : 49;
	16195 : 49;
	16196 : 49;
	16197 : 49;
	16198 : 25;
	16199 : 25;
	16200 : 49;
	16201 : 49;
	16202 : 49;
	16203 : 49;
	16204 : 6D;
	16205 : 91;
	16206 : 91;
	16207 : 92;
	16208 : 91;
	16209 : 92;
	16210 : 92;
	16211 : 91;
	16212 : 6D;
	16213 : 49;
	16214 : 49;
	16215 : 49;
	16216 : 69;
	16217 : 69;
	16218 : 69;
	16219 : 69;
	16220 : 49;
	16221 : 25;
	16222 : 25;
	16223 : 25;
	16224 : 25;
	16225 : 45;
	16226 : 45;
	16227 : 45;
	16228 : 45;
	16229 : 45;
	16230 : 45;
	16231 : 25;
	16232 : 25;
	16233 : 25;
	16234 : 25;
	16235 : 29;
	16236 : 49;
	16237 : 69;
	16238 : 69;
	16239 : 69;
	16240 : 69;
	16241 : 69;
	16242 : 69;
	16243 : 69;
	16244 : 68;
	16245 : 44;
	16246 : 24;
	16247 : 24;
	16248 : 44;
	16249 : 24;
	16250 : 24;
	16251 : 25;
	16252 : 25;
	16253 : 25;
	16254 : 25;
	16255 : 25;
	16256 : 25;
	16257 : 25;
	16258 : 25;
	16259 : 25;
	16260 : 25;
	16261 : 25;
	16262 : 25;
	16263 : 25;
	16264 : 25;
	16265 : 25;
	16266 : 25;
	16267 : 25;
	16268 : 25;
	16269 : 25;
	16270 : 25;
	16271 : 25;
	16272 : 25;
	16273 : 25;
	16274 : 24;
	16275 : 24;
	16276 : 24;
	16277 : 24;
	16278 : 24;
	16279 : 24;
	16280 : 24;
	16281 : 24;
	16282 : 24;
	16283 : 24;
	16284 : 24;
	16285 : 24;
	16286 : 24;
	16287 : 24;
	16288 : 24;
	16289 : 24;
	16290 : 24;
	16291 : 24;
	16292 : 24;
	16293 : 24;
	16294 : 24;
	16295 : 24;
	16296 : 24;
	16297 : 24;
	16298 : 24;
	16299 : 24;
	16300 : 24;
	16301 : 25;
	16302 : 25;
	16303 : 24;
	16304 : 25;
	16305 : 25;
	16306 : 25;
	16307 : 25;
	16308 : 25;
	16309 : 25;
	16310 : 25;
	16311 : 25;
	16312 : 25;
	16313 : 25;
	16314 : 25;
	16315 : 25;
	16316 : 25;
	16317 : 25;
	16318 : 25;
	16319 : 25;
	16320 : 25;
	16321 : 25;
	16322 : 25;
	16323 : 25;
	16324 : 25;
	16325 : 24;
	16326 : 25;
	16327 : 25;
	16328 : 25;
	16329 : 25;
	16330 : 25;
	16331 : 25;
	16332 : 25;
	16333 : 25;
	16334 : 25;
	16335 : 25;
	16336 : 25;
	16337 : 25;
	16338 : 29;
	16339 : 25;
	16340 : 25;
	16341 : 25;
	16342 : 25;
	16343 : 25;
	16344 : 49;
	16345 : 69;
	16346 : 6D;
	16347 : 6D;
	16348 : 6D;
	16349 : 6D;
	16350 : 69;
	16351 : 69;
	16352 : 49;
	16353 : 25;
	16354 : 24;
	16355 : 44;
	16356 : 44;
	16357 : 25;
	16358 : 25;
	16359 : 25;
	16360 : 25;
	16361 : 25;
	16362 : 25;
	16363 : 25;
	16364 : 25;
	16365 : 25;
	16366 : 25;
	16367 : 25;
	16368 : 29;
	16369 : 29;
	16370 : 25;
	16371 : 25;
	16372 : 25;
	16373 : 25;
	16374 : 25;
	16375 : 29;
	16376 : 25;
	16377 : 25;
	16378 : 29;
	16379 : 29;
	16380 : 29;
	16381 : 29;
	16382 : 29;
	16383 : 29;
	16384 : 29;
	16385 : 29;
	16386 : 29;
	16387 : 29;
	16388 : 49;
	16389 : 49;
	16390 : 49;
	16391 : 29;
	16392 : 29;
	16393 : 29;
	16394 : 49;
	16395 : 69;
	16396 : 69;
	16397 : 49;
	16398 : 25;
	16399 : 25;
	16400 : 49;
	16401 : 69;
	16402 : 69;
	16403 : 69;
	16404 : 6D;
	16405 : 91;
	16406 : 91;
	16407 : 92;
	16408 : 91;
	16409 : 92;
	16410 : 92;
	16411 : 91;
	16412 : 6D;
	16413 : 49;
	16414 : 49;
	16415 : 49;
	16416 : 69;
	16417 : 69;
	16418 : 69;
	16419 : 69;
	16420 : 49;
	16421 : 25;
	16422 : 25;
	16423 : 25;
	16424 : 25;
	16425 : 25;
	16426 : 25;
	16427 : 25;
	16428 : 25;
	16429 : 25;
	16430 : 25;
	16431 : 25;
	16432 : 25;
	16433 : 25;
	16434 : 25;
	16435 : 29;
	16436 : 69;
	16437 : 68;
	16438 : 68;
	16439 : 68;
	16440 : 68;
	16441 : 68;
	16442 : 68;
	16443 : 89;
	16444 : 68;
	16445 : 44;
	16446 : 24;
	16447 : 24;
	16448 : 24;
	16449 : 24;
	16450 : 24;
	16451 : 24;
	16452 : 25;
	16453 : 25;
	16454 : 25;
	16455 : 25;
	16456 : 29;
	16457 : 25;
	16458 : 25;
	16459 : 25;
	16460 : 25;
	16461 : 25;
	16462 : 25;
	16463 : 25;
	16464 : 25;
	16465 : 04;
	16466 : 04;
	16467 : 25;
	16468 : 25;
	16469 : 25;
	16470 : 25;
	16471 : 25;
	16472 : 25;
	16473 : 25;
	16474 : 25;
	16475 : 24;
	16476 : 25;
	16477 : 25;
	16478 : 25;
	16479 : 25;
	16480 : 25;
	16481 : 25;
	16482 : 25;
	16483 : 25;
	16484 : 25;
	16485 : 25;
	16486 : 25;
	16487 : 25;
	16488 : 25;
	16489 : 25;
	16490 : 25;
	16491 : 25;
	16492 : 25;
	16493 : 25;
	16494 : 25;
	16495 : 25;
	16496 : 25;
	16497 : 24;
	16498 : 24;
	16499 : 24;
	16500 : 24;
	16501 : 25;
	16502 : 25;
	16503 : 25;
	16504 : 25;
	16505 : 25;
	16506 : 25;
	16507 : 25;
	16508 : 25;
	16509 : 25;
	16510 : 25;
	16511 : 25;
	16512 : 29;
	16513 : 29;
	16514 : 29;
	16515 : 25;
	16516 : 25;
	16517 : 25;
	16518 : 29;
	16519 : 25;
	16520 : 25;
	16521 : 25;
	16522 : 25;
	16523 : 25;
	16524 : 25;
	16525 : 25;
	16526 : 25;
	16527 : 29;
	16528 : 29;
	16529 : 29;
	16530 : 25;
	16531 : 25;
	16532 : 25;
	16533 : 25;
	16534 : 25;
	16535 : 25;
	16536 : 25;
	16537 : 25;
	16538 : 25;
	16539 : 25;
	16540 : 25;
	16541 : 25;
	16542 : 25;
	16543 : 25;
	16544 : 49;
	16545 : 6D;
	16546 : 6D;
	16547 : 6D;
	16548 : 6D;
	16549 : 6D;
	16550 : 6D;
	16551 : 69;
	16552 : 49;
	16553 : 25;
	16554 : 24;
	16555 : 44;
	16556 : 44;
	16557 : 25;
	16558 : 25;
	16559 : 25;
	16560 : 25;
	16561 : 25;
	16562 : 25;
	16563 : 25;
	16564 : 25;
	16565 : 25;
	16566 : 25;
	16567 : 25;
	16568 : 25;
	16569 : 29;
	16570 : 25;
	16571 : 25;
	16572 : 25;
	16573 : 25;
	16574 : 29;
	16575 : 29;
	16576 : 29;
	16577 : 29;
	16578 : 25;
	16579 : 29;
	16580 : 29;
	16581 : 29;
	16582 : 29;
	16583 : 29;
	16584 : 29;
	16585 : 29;
	16586 : 49;
	16587 : 49;
	16588 : 49;
	16589 : 6D;
	16590 : 49;
	16591 : 29;
	16592 : 29;
	16593 : 29;
	16594 : 49;
	16595 : 49;
	16596 : 6D;
	16597 : 69;
	16598 : 49;
	16599 : 25;
	16600 : 49;
	16601 : 69;
	16602 : 69;
	16603 : 69;
	16604 : 6D;
	16605 : 91;
	16606 : 91;
	16607 : 91;
	16608 : 92;
	16609 : 91;
	16610 : 91;
	16611 : 8D;
	16612 : 6D;
	16613 : 49;
	16614 : 49;
	16615 : 49;
	16616 : 49;
	16617 : 69;
	16618 : 69;
	16619 : 69;
	16620 : 49;
	16621 : 25;
	16622 : 25;
	16623 : 25;
	16624 : 25;
	16625 : 25;
	16626 : 29;
	16627 : 29;
	16628 : 29;
	16629 : 29;
	16630 : 29;
	16631 : 29;
	16632 : 29;
	16633 : 25;
	16634 : 25;
	16635 : 25;
	16636 : 68;
	16637 : 68;
	16638 : 68;
	16639 : 89;
	16640 : 89;
	16641 : 89;
	16642 : 68;
	16643 : 89;
	16644 : 68;
	16645 : 44;
	16646 : 24;
	16647 : 24;
	16648 : 24;
	16649 : 24;
	16650 : 24;
	16651 : 24;
	16652 : 25;
	16653 : 25;
	16654 : 25;
	16655 : 25;
	16656 : 49;
	16657 : 29;
	16658 : 25;
	16659 : 25;
	16660 : 25;
	16661 : 25;
	16662 : 25;
	16663 : 25;
	16664 : 25;
	16665 : 04;
	16666 : 24;
	16667 : 25;
	16668 : 25;
	16669 : 25;
	16670 : 25;
	16671 : 25;
	16672 : 25;
	16673 : 25;
	16674 : 25;
	16675 : 25;
	16676 : 25;
	16677 : 25;
	16678 : 25;
	16679 : 25;
	16680 : 25;
	16681 : 25;
	16682 : 25;
	16683 : 25;
	16684 : 25;
	16685 : 25;
	16686 : 25;
	16687 : 25;
	16688 : 25;
	16689 : 25;
	16690 : 24;
	16691 : 24;
	16692 : 24;
	16693 : 24;
	16694 : 24;
	16695 : 24;
	16696 : 24;
	16697 : 04;
	16698 : 24;
	16699 : 24;
	16700 : 24;
	16701 : 25;
	16702 : 25;
	16703 : 25;
	16704 : 29;
	16705 : 29;
	16706 : 49;
	16707 : 49;
	16708 : 49;
	16709 : 49;
	16710 : 49;
	16711 : 49;
	16712 : 49;
	16713 : 49;
	16714 : 49;
	16715 : 49;
	16716 : 49;
	16717 : 49;
	16718 : 49;
	16719 : 49;
	16720 : 25;
	16721 : 25;
	16722 : 25;
	16723 : 25;
	16724 : 25;
	16725 : 25;
	16726 : 29;
	16727 : 49;
	16728 : 49;
	16729 : 49;
	16730 : 49;
	16731 : 49;
	16732 : 49;
	16733 : 49;
	16734 : 29;
	16735 : 25;
	16736 : 25;
	16737 : 25;
	16738 : 25;
	16739 : 25;
	16740 : 25;
	16741 : 25;
	16742 : 25;
	16743 : 25;
	16744 : 49;
	16745 : 49;
	16746 : 69;
	16747 : 6D;
	16748 : 6D;
	16749 : 6D;
	16750 : 6D;
	16751 : 69;
	16752 : 25;
	16753 : 25;
	16754 : 45;
	16755 : 44;
	16756 : 44;
	16757 : 25;
	16758 : 25;
	16759 : 25;
	16760 : 25;
	16761 : 25;
	16762 : 25;
	16763 : 25;
	16764 : 25;
	16765 : 25;
	16766 : 25;
	16767 : 25;
	16768 : 25;
	16769 : 25;
	16770 : 25;
	16771 : 25;
	16772 : 25;
	16773 : 25;
	16774 : 29;
	16775 : 29;
	16776 : 29;
	16777 : 29;
	16778 : 29;
	16779 : 29;
	16780 : 29;
	16781 : 29;
	16782 : 29;
	16783 : 29;
	16784 : 29;
	16785 : 29;
	16786 : 29;
	16787 : 29;
	16788 : 49;
	16789 : 69;
	16790 : 49;
	16791 : 29;
	16792 : 29;
	16793 : 29;
	16794 : 29;
	16795 : 49;
	16796 : 49;
	16797 : 49;
	16798 : 25;
	16799 : 25;
	16800 : 49;
	16801 : 69;
	16802 : 69;
	16803 : 69;
	16804 : 6D;
	16805 : 91;
	16806 : 91;
	16807 : 91;
	16808 : 91;
	16809 : 91;
	16810 : 91;
	16811 : 8D;
	16812 : 6D;
	16813 : 49;
	16814 : 49;
	16815 : 49;
	16816 : 49;
	16817 : 69;
	16818 : 69;
	16819 : 69;
	16820 : 49;
	16821 : 45;
	16822 : 25;
	16823 : 25;
	16824 : 25;
	16825 : 25;
	16826 : 25;
	16827 : 29;
	16828 : 29;
	16829 : 29;
	16830 : 29;
	16831 : 29;
	16832 : 29;
	16833 : 25;
	16834 : 25;
	16835 : 25;
	16836 : 48;
	16837 : 68;
	16838 : 68;
	16839 : 89;
	16840 : 89;
	16841 : 89;
	16842 : 68;
	16843 : 89;
	16844 : 68;
	16845 : 44;
	16846 : 24;
	16847 : 24;
	16848 : 24;
	16849 : 24;
	16850 : 24;
	16851 : 24;
	16852 : 24;
	16853 : 25;
	16854 : 25;
	16855 : 25;
	16856 : 29;
	16857 : 29;
	16858 : 25;
	16859 : 25;
	16860 : 25;
	16861 : 25;
	16862 : 25;
	16863 : 25;
	16864 : 24;
	16865 : 25;
	16866 : 25;
	16867 : 25;
	16868 : 25;
	16869 : 25;
	16870 : 25;
	16871 : 25;
	16872 : 25;
	16873 : 25;
	16874 : 25;
	16875 : 25;
	16876 : 25;
	16877 : 25;
	16878 : 25;
	16879 : 24;
	16880 : 24;
	16881 : 24;
	16882 : 24;
	16883 : 24;
	16884 : 24;
	16885 : 24;
	16886 : 24;
	16887 : 24;
	16888 : 24;
	16889 : 24;
	16890 : 24;
	16891 : 24;
	16892 : 24;
	16893 : 24;
	16894 : 24;
	16895 : 24;
	16896 : 24;
	16897 : 04;
	16898 : 24;
	16899 : 24;
	16900 : 24;
	16901 : 25;
	16902 : 25;
	16903 : 25;
	16904 : 29;
	16905 : 49;
	16906 : 49;
	16907 : 49;
	16908 : 4D;
	16909 : 4D;
	16910 : 4D;
	16911 : 4D;
	16912 : 4D;
	16913 : 4D;
	16914 : 4D;
	16915 : 4D;
	16916 : 4D;
	16917 : 49;
	16918 : 4D;
	16919 : 49;
	16920 : 29;
	16921 : 25;
	16922 : 25;
	16923 : 25;
	16924 : 25;
	16925 : 25;
	16926 : 49;
	16927 : 4D;
	16928 : 4D;
	16929 : 4D;
	16930 : 4D;
	16931 : 4D;
	16932 : 49;
	16933 : 49;
	16934 : 49;
	16935 : 49;
	16936 : 49;
	16937 : 25;
	16938 : 25;
	16939 : 25;
	16940 : 25;
	16941 : 25;
	16942 : 25;
	16943 : 25;
	16944 : 29;
	16945 : 49;
	16946 : 49;
	16947 : 49;
	16948 : 49;
	16949 : 49;
	16950 : 49;
	16951 : 49;
	16952 : 25;
	16953 : 25;
	16954 : 45;
	16955 : 44;
	16956 : 44;
	16957 : 45;
	16958 : 25;
	16959 : 25;
	16960 : 25;
	16961 : 25;
	16962 : 25;
	16963 : 25;
	16964 : 25;
	16965 : 25;
	16966 : 25;
	16967 : 25;
	16968 : 25;
	16969 : 25;
	16970 : 25;
	16971 : 25;
	16972 : 25;
	16973 : 25;
	16974 : 25;
	16975 : 29;
	16976 : 29;
	16977 : 29;
	16978 : 29;
	16979 : 29;
	16980 : 29;
	16981 : 29;
	16982 : 29;
	16983 : 29;
	16984 : 29;
	16985 : 29;
	16986 : 29;
	16987 : 29;
	16988 : 49;
	16989 : 49;
	16990 : 49;
	16991 : 29;
	16992 : 29;
	16993 : 29;
	16994 : 29;
	16995 : 29;
	16996 : 29;
	16997 : 49;
	16998 : 49;
	16999 : 25;
	17000 : 49;
	17001 : 49;
	17002 : 69;
	17003 : 69;
	17004 : 6D;
	17005 : 8D;
	17006 : 8D;
	17007 : 8D;
	17008 : 91;
	17009 : 91;
	17010 : 91;
	17011 : 8D;
	17012 : 6D;
	17013 : 49;
	17014 : 49;
	17015 : 49;
	17016 : 49;
	17017 : 69;
	17018 : 69;
	17019 : 69;
	17020 : 49;
	17021 : 45;
	17022 : 45;
	17023 : 45;
	17024 : 45;
	17025 : 45;
	17026 : 25;
	17027 : 25;
	17028 : 25;
	17029 : 29;
	17030 : 29;
	17031 : 29;
	17032 : 29;
	17033 : 25;
	17034 : 25;
	17035 : 25;
	17036 : 49;
	17037 : 68;
	17038 : 68;
	17039 : 89;
	17040 : 89;
	17041 : 68;
	17042 : 68;
	17043 : 89;
	17044 : 68;
	17045 : 44;
	17046 : 24;
	17047 : 24;
	17048 : 24;
	17049 : 24;
	17050 : 24;
	17051 : 24;
	17052 : 24;
	17053 : 25;
	17054 : 25;
	17055 : 25;
	17056 : 29;
	17057 : 29;
	17058 : 25;
	17059 : 25;
	17060 : 25;
	17061 : 25;
	17062 : 25;
	17063 : 24;
	17064 : 25;
	17065 : 25;
	17066 : 25;
	17067 : 25;
	17068 : 25;
	17069 : 25;
	17070 : 25;
	17071 : 25;
	17072 : 25;
	17073 : 25;
	17074 : 25;
	17075 : 25;
	17076 : 25;
	17077 : 25;
	17078 : 25;
	17079 : 24;
	17080 : 24;
	17081 : 04;
	17082 : 04;
	17083 : 04;
	17084 : 24;
	17085 : 24;
	17086 : 24;
	17087 : 04;
	17088 : 04;
	17089 : 04;
	17090 : 24;
	17091 : 24;
	17092 : 24;
	17093 : 24;
	17094 : 24;
	17095 : 24;
	17096 : 24;
	17097 : 04;
	17098 : 24;
	17099 : 24;
	17100 : 24;
	17101 : 25;
	17102 : 25;
	17103 : 25;
	17104 : 29;
	17105 : 29;
	17106 : 49;
	17107 : 49;
	17108 : 4D;
	17109 : 4D;
	17110 : 4D;
	17111 : 4D;
	17112 : 4D;
	17113 : 4D;
	17114 : 4D;
	17115 : 4D;
	17116 : 4D;
	17117 : 4D;
	17118 : 4D;
	17119 : 49;
	17120 : 49;
	17121 : 25;
	17122 : 25;
	17123 : 25;
	17124 : 25;
	17125 : 25;
	17126 : 49;
	17127 : 4D;
	17128 : 4D;
	17129 : 4D;
	17130 : 4D;
	17131 : 4D;
	17132 : 4D;
	17133 : 4D;
	17134 : 4D;
	17135 : 4D;
	17136 : 49;
	17137 : 29;
	17138 : 25;
	17139 : 25;
	17140 : 25;
	17141 : 25;
	17142 : 49;
	17143 : 49;
	17144 : 49;
	17145 : 29;
	17146 : 25;
	17147 : 25;
	17148 : 25;
	17149 : 25;
	17150 : 25;
	17151 : 25;
	17152 : 25;
	17153 : 25;
	17154 : 44;
	17155 : 64;
	17156 : 44;
	17157 : 45;
	17158 : 25;
	17159 : 25;
	17160 : 25;
	17161 : 25;
	17162 : 25;
	17163 : 25;
	17164 : 25;
	17165 : 25;
	17166 : 25;
	17167 : 25;
	17168 : 25;
	17169 : 25;
	17170 : 25;
	17171 : 25;
	17172 : 25;
	17173 : 25;
	17174 : 25;
	17175 : 29;
	17176 : 29;
	17177 : 29;
	17178 : 29;
	17179 : 29;
	17180 : 29;
	17181 : 25;
	17182 : 29;
	17183 : 29;
	17184 : 29;
	17185 : 29;
	17186 : 29;
	17187 : 49;
	17188 : 49;
	17189 : 49;
	17190 : 29;
	17191 : 29;
	17192 : 29;
	17193 : 29;
	17194 : 29;
	17195 : 29;
	17196 : 49;
	17197 : 69;
	17198 : 49;
	17199 : 25;
	17200 : 49;
	17201 : 49;
	17202 : 49;
	17203 : 49;
	17204 : 69;
	17205 : 69;
	17206 : 69;
	17207 : 6D;
	17208 : 8D;
	17209 : 91;
	17210 : 91;
	17211 : 8D;
	17212 : 6D;
	17213 : 49;
	17214 : 49;
	17215 : 49;
	17216 : 49;
	17217 : 69;
	17218 : 69;
	17219 : 69;
	17220 : 49;
	17221 : 45;
	17222 : 25;
	17223 : 45;
	17224 : 45;
	17225 : 45;
	17226 : 45;
	17227 : 45;
	17228 : 25;
	17229 : 29;
	17230 : 29;
	17231 : 29;
	17232 : 29;
	17233 : 25;
	17234 : 25;
	17235 : 25;
	17236 : 69;
	17237 : 68;
	17238 : 68;
	17239 : 89;
	17240 : 68;
	17241 : 68;
	17242 : 89;
	17243 : 89;
	17244 : 68;
	17245 : 44;
	17246 : 24;
	17247 : 24;
	17248 : 24;
	17249 : 24;
	17250 : 24;
	17251 : 24;
	17252 : 25;
	17253 : 25;
	17254 : 25;
	17255 : 25;
	17256 : 29;
	17257 : 29;
	17258 : 29;
	17259 : 25;
	17260 : 25;
	17261 : 25;
	17262 : 25;
	17263 : 25;
	17264 : 25;
	17265 : 25;
	17266 : 25;
	17267 : 25;
	17268 : 25;
	17269 : 25;
	17270 : 25;
	17271 : 25;
	17272 : 25;
	17273 : 25;
	17274 : 25;
	17275 : 25;
	17276 : 25;
	17277 : 25;
	17278 : 25;
	17279 : 25;
	17280 : 24;
	17281 : 04;
	17282 : 04;
	17283 : 04;
	17284 : 25;
	17285 : 25;
	17286 : 24;
	17287 : 04;
	17288 : 24;
	17289 : 24;
	17290 : 24;
	17291 : 24;
	17292 : 24;
	17293 : 25;
	17294 : 25;
	17295 : 25;
	17296 : 24;
	17297 : 04;
	17298 : 24;
	17299 : 25;
	17300 : 25;
	17301 : 25;
	17302 : 25;
	17303 : 25;
	17304 : 29;
	17305 : 29;
	17306 : 49;
	17307 : 49;
	17308 : 4D;
	17309 : 4D;
	17310 : 4D;
	17311 : 4D;
	17312 : 4D;
	17313 : 4D;
	17314 : 4D;
	17315 : 4D;
	17316 : 49;
	17317 : 49;
	17318 : 4D;
	17319 : 49;
	17320 : 49;
	17321 : 25;
	17322 : 25;
	17323 : 25;
	17324 : 25;
	17325 : 25;
	17326 : 49;
	17327 : 4D;
	17328 : 4D;
	17329 : 4D;
	17330 : 49;
	17331 : 49;
	17332 : 49;
	17333 : 49;
	17334 : 49;
	17335 : 4D;
	17336 : 49;
	17337 : 49;
	17338 : 25;
	17339 : 25;
	17340 : 25;
	17341 : 29;
	17342 : 4D;
	17343 : 6D;
	17344 : 6D;
	17345 : 6D;
	17346 : 4D;
	17347 : 49;
	17348 : 49;
	17349 : 29;
	17350 : 25;
	17351 : 25;
	17352 : 25;
	17353 : 25;
	17354 : 25;
	17355 : 25;
	17356 : 25;
	17357 : 25;
	17358 : 25;
	17359 : 25;
	17360 : 25;
	17361 : 25;
	17362 : 25;
	17363 : 25;
	17364 : 25;
	17365 : 29;
	17366 : 25;
	17367 : 25;
	17368 : 25;
	17369 : 25;
	17370 : 25;
	17371 : 25;
	17372 : 25;
	17373 : 25;
	17374 : 25;
	17375 : 25;
	17376 : 25;
	17377 : 29;
	17378 : 29;
	17379 : 29;
	17380 : 29;
	17381 : 29;
	17382 : 29;
	17383 : 29;
	17384 : 29;
	17385 : 29;
	17386 : 49;
	17387 : 49;
	17388 : 49;
	17389 : 49;
	17390 : 49;
	17391 : 29;
	17392 : 29;
	17393 : 29;
	17394 : 29;
	17395 : 49;
	17396 : 49;
	17397 : 69;
	17398 : 49;
	17399 : 25;
	17400 : 69;
	17401 : 69;
	17402 : 49;
	17403 : 69;
	17404 : 69;
	17405 : 69;
	17406 : 69;
	17407 : 6D;
	17408 : 91;
	17409 : 91;
	17410 : 91;
	17411 : 8D;
	17412 : 6D;
	17413 : 49;
	17414 : 49;
	17415 : 49;
	17416 : 49;
	17417 : 49;
	17418 : 69;
	17419 : 69;
	17420 : 49;
	17421 : 25;
	17422 : 24;
	17423 : 24;
	17424 : 24;
	17425 : 45;
	17426 : 45;
	17427 : 45;
	17428 : 25;
	17429 : 29;
	17430 : 29;
	17431 : 29;
	17432 : 29;
	17433 : 25;
	17434 : 25;
	17435 : 29;
	17436 : 69;
	17437 : 68;
	17438 : 88;
	17439 : 88;
	17440 : 89;
	17441 : 89;
	17442 : 89;
	17443 : 89;
	17444 : 68;
	17445 : 44;
	17446 : 24;
	17447 : 24;
	17448 : 24;
	17449 : 24;
	17450 : 24;
	17451 : 24;
	17452 : 25;
	17453 : 25;
	17454 : 25;
	17455 : 25;
	17456 : 49;
	17457 : 29;
	17458 : 25;
	17459 : 25;
	17460 : 25;
	17461 : 25;
	17462 : 25;
	17463 : 25;
	17464 : 25;
	17465 : 25;
	17466 : 25;
	17467 : 25;
	17468 : 25;
	17469 : 25;
	17470 : 25;
	17471 : 25;
	17472 : 25;
	17473 : 25;
	17474 : 25;
	17475 : 25;
	17476 : 25;
	17477 : 25;
	17478 : 25;
	17479 : 25;
	17480 : 24;
	17481 : 24;
	17482 : 24;
	17483 : 24;
	17484 : 25;
	17485 : 25;
	17486 : 24;
	17487 : 24;
	17488 : 24;
	17489 : 24;
	17490 : 24;
	17491 : 24;
	17492 : 24;
	17493 : 24;
	17494 : 24;
	17495 : 25;
	17496 : 24;
	17497 : 24;
	17498 : 25;
	17499 : 25;
	17500 : 25;
	17501 : 25;
	17502 : 25;
	17503 : 25;
	17504 : 29;
	17505 : 49;
	17506 : 49;
	17507 : 49;
	17508 : 4D;
	17509 : 4D;
	17510 : 49;
	17511 : 49;
	17512 : 49;
	17513 : 49;
	17514 : 49;
	17515 : 49;
	17516 : 49;
	17517 : 29;
	17518 : 4D;
	17519 : 49;
	17520 : 49;
	17521 : 25;
	17522 : 29;
	17523 : 25;
	17524 : 25;
	17525 : 25;
	17526 : 49;
	17527 : 49;
	17528 : 49;
	17529 : 49;
	17530 : 49;
	17531 : 49;
	17532 : 49;
	17533 : 49;
	17534 : 49;
	17535 : 49;
	17536 : 49;
	17537 : 49;
	17538 : 25;
	17539 : 25;
	17540 : 25;
	17541 : 29;
	17542 : 4D;
	17543 : 6D;
	17544 : 6D;
	17545 : 6D;
	17546 : 4D;
	17547 : 4D;
	17548 : 4D;
	17549 : 49;
	17550 : 25;
	17551 : 25;
	17552 : 25;
	17553 : 25;
	17554 : 25;
	17555 : 25;
	17556 : 25;
	17557 : 25;
	17558 : 25;
	17559 : 25;
	17560 : 25;
	17561 : 25;
	17562 : 25;
	17563 : 25;
	17564 : 25;
	17565 : 25;
	17566 : 29;
	17567 : 25;
	17568 : 25;
	17569 : 25;
	17570 : 25;
	17571 : 25;
	17572 : 49;
	17573 : 49;
	17574 : 49;
	17575 : 29;
	17576 : 25;
	17577 : 29;
	17578 : 29;
	17579 : 29;
	17580 : 29;
	17581 : 29;
	17582 : 29;
	17583 : 29;
	17584 : 29;
	17585 : 29;
	17586 : 49;
	17587 : 4D;
	17588 : 6D;
	17589 : 4D;
	17590 : 49;
	17591 : 29;
	17592 : 29;
	17593 : 29;
	17594 : 29;
	17595 : 29;
	17596 : 49;
	17597 : 49;
	17598 : 49;
	17599 : 25;
	17600 : 69;
	17601 : 69;
	17602 : 49;
	17603 : 69;
	17604 : 69;
	17605 : 49;
	17606 : 69;
	17607 : 69;
	17608 : 6D;
	17609 : 6D;
	17610 : 6D;
	17611 : 6D;
	17612 : 69;
	17613 : 49;
	17614 : 49;
	17615 : 49;
	17616 : 49;
	17617 : 49;
	17618 : 49;
	17619 : 49;
	17620 : 49;
	17621 : 45;
	17622 : 24;
	17623 : 24;
	17624 : 24;
	17625 : 24;
	17626 : 45;
	17627 : 25;
	17628 : 25;
	17629 : 29;
	17630 : 29;
	17631 : 29;
	17632 : 29;
	17633 : 25;
	17634 : 25;
	17635 : 29;
	17636 : 69;
	17637 : 68;
	17638 : 88;
	17639 : 68;
	17640 : 89;
	17641 : 89;
	17642 : 89;
	17643 : 89;
	17644 : 68;
	17645 : 44;
	17646 : 24;
	17647 : 24;
	17648 : 24;
	17649 : 24;
	17650 : 24;
	17651 : 24;
	17652 : 24;
	17653 : 45;
	17654 : 25;
	17655 : 25;
	17656 : 49;
	17657 : 45;
	17658 : 25;
	17659 : 25;
	17660 : 24;
	17661 : 25;
	17662 : 25;
	17663 : 25;
	17664 : 25;
	17665 : 25;
	17666 : 25;
	17667 : 25;
	17668 : 25;
	17669 : 25;
	17670 : 25;
	17671 : 25;
	17672 : 25;
	17673 : 25;
	17674 : 25;
	17675 : 25;
	17676 : 25;
	17677 : 25;
	17678 : 25;
	17679 : 25;
	17680 : 24;
	17681 : 24;
	17682 : 24;
	17683 : 25;
	17684 : 25;
	17685 : 25;
	17686 : 24;
	17687 : 24;
	17688 : 24;
	17689 : 24;
	17690 : 24;
	17691 : 24;
	17692 : 24;
	17693 : 24;
	17694 : 24;
	17695 : 24;
	17696 : 24;
	17697 : 24;
	17698 : 25;
	17699 : 25;
	17700 : 25;
	17701 : 25;
	17702 : 25;
	17703 : 25;
	17704 : 29;
	17705 : 29;
	17706 : 49;
	17707 : 49;
	17708 : 4D;
	17709 : 4D;
	17710 : 4D;
	17711 : 29;
	17712 : 29;
	17713 : 29;
	17714 : 49;
	17715 : 49;
	17716 : 29;
	17717 : 29;
	17718 : 4D;
	17719 : 49;
	17720 : 49;
	17721 : 25;
	17722 : 29;
	17723 : 25;
	17724 : 25;
	17725 : 25;
	17726 : 29;
	17727 : 49;
	17728 : 29;
	17729 : 25;
	17730 : 25;
	17731 : 25;
	17732 : 49;
	17733 : 49;
	17734 : 49;
	17735 : 49;
	17736 : 49;
	17737 : 49;
	17738 : 25;
	17739 : 25;
	17740 : 25;
	17741 : 29;
	17742 : 49;
	17743 : 4D;
	17744 : 6D;
	17745 : 6D;
	17746 : 6D;
	17747 : 6D;
	17748 : 6D;
	17749 : 49;
	17750 : 25;
	17751 : 25;
	17752 : 25;
	17753 : 25;
	17754 : 25;
	17755 : 25;
	17756 : 25;
	17757 : 25;
	17758 : 25;
	17759 : 25;
	17760 : 25;
	17761 : 25;
	17762 : 25;
	17763 : 25;
	17764 : 25;
	17765 : 25;
	17766 : 25;
	17767 : 25;
	17768 : 25;
	17769 : 25;
	17770 : 25;
	17771 : 29;
	17772 : 49;
	17773 : 69;
	17774 : 49;
	17775 : 49;
	17776 : 29;
	17777 : 29;
	17778 : 29;
	17779 : 29;
	17780 : 29;
	17781 : 29;
	17782 : 29;
	17783 : 29;
	17784 : 29;
	17785 : 29;
	17786 : 49;
	17787 : 4D;
	17788 : 4D;
	17789 : 49;
	17790 : 49;
	17791 : 29;
	17792 : 29;
	17793 : 29;
	17794 : 29;
	17795 : 29;
	17796 : 29;
	17797 : 49;
	17798 : 29;
	17799 : 25;
	17800 : 6D;
	17801 : 69;
	17802 : 49;
	17803 : 49;
	17804 : 69;
	17805 : 69;
	17806 : 69;
	17807 : 69;
	17808 : 6D;
	17809 : 6D;
	17810 : 6D;
	17811 : 6D;
	17812 : 69;
	17813 : 49;
	17814 : 49;
	17815 : 49;
	17816 : 49;
	17817 : 49;
	17818 : 49;
	17819 : 49;
	17820 : 49;
	17821 : 45;
	17822 : 25;
	17823 : 24;
	17824 : 24;
	17825 : 24;
	17826 : 24;
	17827 : 25;
	17828 : 25;
	17829 : 29;
	17830 : 29;
	17831 : 29;
	17832 : 29;
	17833 : 25;
	17834 : 25;
	17835 : 29;
	17836 : 69;
	17837 : 68;
	17838 : 88;
	17839 : 89;
	17840 : 89;
	17841 : 89;
	17842 : 89;
	17843 : 69;
	17844 : 48;
	17845 : 44;
	17846 : 24;
	17847 : 24;
	17848 : 24;
	17849 : 24;
	17850 : 24;
	17851 : 24;
	17852 : 44;
	17853 : 44;
	17854 : 44;
	17855 : 44;
	17856 : 44;
	17857 : 44;
	17858 : 44;
	17859 : 44;
	17860 : 44;
	17861 : 24;
	17862 : 25;
	17863 : 25;
	17864 : 25;
	17865 : 25;
	17866 : 25;
	17867 : 25;
	17868 : 25;
	17869 : 25;
	17870 : 25;
	17871 : 25;
	17872 : 25;
	17873 : 25;
	17874 : 25;
	17875 : 25;
	17876 : 25;
	17877 : 25;
	17878 : 25;
	17879 : 25;
	17880 : 24;
	17881 : 24;
	17882 : 24;
	17883 : 25;
	17884 : 25;
	17885 : 25;
	17886 : 25;
	17887 : 24;
	17888 : 24;
	17889 : 24;
	17890 : 24;
	17891 : 24;
	17892 : 24;
	17893 : 24;
	17894 : 24;
	17895 : 24;
	17896 : 24;
	17897 : 24;
	17898 : 45;
	17899 : 25;
	17900 : 25;
	17901 : 25;
	17902 : 25;
	17903 : 25;
	17904 : 29;
	17905 : 29;
	17906 : 49;
	17907 : 49;
	17908 : 49;
	17909 : 4D;
	17910 : 4D;
	17911 : 29;
	17912 : 49;
	17913 : 4D;
	17914 : 4D;
	17915 : 4D;
	17916 : 49;
	17917 : 29;
	17918 : 4D;
	17919 : 49;
	17920 : 49;
	17921 : 25;
	17922 : 29;
	17923 : 25;
	17924 : 25;
	17925 : 25;
	17926 : 25;
	17927 : 29;
	17928 : 25;
	17929 : 25;
	17930 : 25;
	17931 : 25;
	17932 : 25;
	17933 : 25;
	17934 : 49;
	17935 : 49;
	17936 : 49;
	17937 : 29;
	17938 : 25;
	17939 : 25;
	17940 : 25;
	17941 : 25;
	17942 : 25;
	17943 : 49;
	17944 : 49;
	17945 : 6D;
	17946 : 6D;
	17947 : 6D;
	17948 : 6D;
	17949 : 49;
	17950 : 29;
	17951 : 25;
	17952 : 25;
	17953 : 25;
	17954 : 25;
	17955 : 25;
	17956 : 25;
	17957 : 25;
	17958 : 25;
	17959 : 25;
	17960 : 25;
	17961 : 25;
	17962 : 25;
	17963 : 25;
	17964 : 25;
	17965 : 25;
	17966 : 25;
	17967 : 25;
	17968 : 25;
	17969 : 25;
	17970 : 25;
	17971 : 25;
	17972 : 49;
	17973 : 49;
	17974 : 49;
	17975 : 49;
	17976 : 29;
	17977 : 29;
	17978 : 29;
	17979 : 29;
	17980 : 29;
	17981 : 29;
	17982 : 29;
	17983 : 29;
	17984 : 29;
	17985 : 29;
	17986 : 29;
	17987 : 49;
	17988 : 49;
	17989 : 29;
	17990 : 29;
	17991 : 29;
	17992 : 29;
	17993 : 29;
	17994 : 29;
	17995 : 29;
	17996 : 49;
	17997 : 49;
	17998 : 49;
	17999 : 25;
	18000 : 69;
	18001 : 69;
	18002 : 69;
	18003 : 6D;
	18004 : 6D;
	18005 : 8D;
	18006 : 8D;
	18007 : 8D;
	18008 : 8D;
	18009 : 8D;
	18010 : 8D;
	18011 : 8D;
	18012 : 6D;
	18013 : 69;
	18014 : 69;
	18015 : 69;
	18016 : 69;
	18017 : 69;
	18018 : 69;
	18019 : 69;
	18020 : 69;
	18021 : 49;
	18022 : 25;
	18023 : 24;
	18024 : 24;
	18025 : 24;
	18026 : 25;
	18027 : 25;
	18028 : 25;
	18029 : 29;
	18030 : 29;
	18031 : 29;
	18032 : 29;
	18033 : 25;
	18034 : 25;
	18035 : 49;
	18036 : 69;
	18037 : 69;
	18038 : 89;
	18039 : 89;
	18040 : 89;
	18041 : 89;
	18042 : 89;
	18043 : 69;
	18044 : 68;
	18045 : 44;
	18046 : 24;
	18047 : 24;
	18048 : 24;
	18049 : 24;
	18050 : 24;
	18051 : 24;
	18052 : 44;
	18053 : 44;
	18054 : 44;
	18055 : 44;
	18056 : 44;
	18057 : 24;
	18058 : 24;
	18059 : 24;
	18060 : 44;
	18061 : 24;
	18062 : 24;
	18063 : 25;
	18064 : 25;
	18065 : 25;
	18066 : 25;
	18067 : 25;
	18068 : 25;
	18069 : 25;
	18070 : 25;
	18071 : 25;
	18072 : 25;
	18073 : 25;
	18074 : 25;
	18075 : 25;
	18076 : 25;
	18077 : 25;
	18078 : 25;
	18079 : 25;
	18080 : 24;
	18081 : 24;
	18082 : 24;
	18083 : 25;
	18084 : 25;
	18085 : 25;
	18086 : 25;
	18087 : 24;
	18088 : 25;
	18089 : 25;
	18090 : 25;
	18091 : 25;
	18092 : 25;
	18093 : 24;
	18094 : 24;
	18095 : 24;
	18096 : 24;
	18097 : 25;
	18098 : 49;
	18099 : 45;
	18100 : 25;
	18101 : 25;
	18102 : 25;
	18103 : 25;
	18104 : 29;
	18105 : 25;
	18106 : 49;
	18107 : 49;
	18108 : 49;
	18109 : 4D;
	18110 : 4D;
	18111 : 49;
	18112 : 4D;
	18113 : 6D;
	18114 : 6E;
	18115 : 6D;
	18116 : 4D;
	18117 : 29;
	18118 : 4D;
	18119 : 49;
	18120 : 49;
	18121 : 25;
	18122 : 29;
	18123 : 25;
	18124 : 25;
	18125 : 25;
	18126 : 25;
	18127 : 25;
	18128 : 25;
	18129 : 25;
	18130 : 25;
	18131 : 29;
	18132 : 29;
	18133 : 29;
	18134 : 49;
	18135 : 4D;
	18136 : 49;
	18137 : 29;
	18138 : 25;
	18139 : 25;
	18140 : 25;
	18141 : 25;
	18142 : 25;
	18143 : 49;
	18144 : 49;
	18145 : 6D;
	18146 : 6D;
	18147 : 6D;
	18148 : 6D;
	18149 : 49;
	18150 : 29;
	18151 : 25;
	18152 : 25;
	18153 : 25;
	18154 : 25;
	18155 : 25;
	18156 : 25;
	18157 : 25;
	18158 : 25;
	18159 : 25;
	18160 : 25;
	18161 : 25;
	18162 : 25;
	18163 : 25;
	18164 : 25;
	18165 : 25;
	18166 : 25;
	18167 : 25;
	18168 : 25;
	18169 : 25;
	18170 : 25;
	18171 : 25;
	18172 : 25;
	18173 : 29;
	18174 : 29;
	18175 : 29;
	18176 : 29;
	18177 : 29;
	18178 : 29;
	18179 : 29;
	18180 : 49;
	18181 : 49;
	18182 : 49;
	18183 : 29;
	18184 : 29;
	18185 : 29;
	18186 : 29;
	18187 : 29;
	18188 : 29;
	18189 : 29;
	18190 : 29;
	18191 : 29;
	18192 : 29;
	18193 : 29;
	18194 : 29;
	18195 : 29;
	18196 : 29;
	18197 : 49;
	18198 : 29;
	18199 : 25;
	18200 : 6D;
	18201 : 6D;
	18202 : 69;
	18203 : 69;
	18204 : 6D;
	18205 : 91;
	18206 : 8D;
	18207 : 8D;
	18208 : 6D;
	18209 : 8D;
	18210 : 8D;
	18211 : 91;
	18212 : 8D;
	18213 : 6D;
	18214 : 6D;
	18215 : 69;
	18216 : 69;
	18217 : 6D;
	18218 : 6D;
	18219 : 6D;
	18220 : 69;
	18221 : 49;
	18222 : 24;
	18223 : 25;
	18224 : 25;
	18225 : 25;
	18226 : 25;
	18227 : 25;
	18228 : 25;
	18229 : 29;
	18230 : 29;
	18231 : 29;
	18232 : 29;
	18233 : 25;
	18234 : 29;
	18235 : 49;
	18236 : 69;
	18237 : 68;
	18238 : 68;
	18239 : 68;
	18240 : 68;
	18241 : 68;
	18242 : 68;
	18243 : 68;
	18244 : 68;
	18245 : 44;
	18246 : 44;
	18247 : 24;
	18248 : 24;
	18249 : 24;
	18250 : 24;
	18251 : 24;
	18252 : 24;
	18253 : 24;
	18254 : 24;
	18255 : 24;
	18256 : 44;
	18257 : 24;
	18258 : 24;
	18259 : 24;
	18260 : 44;
	18261 : 24;
	18262 : 24;
	18263 : 25;
	18264 : 25;
	18265 : 25;
	18266 : 25;
	18267 : 25;
	18268 : 25;
	18269 : 25;
	18270 : 25;
	18271 : 25;
	18272 : 25;
	18273 : 25;
	18274 : 25;
	18275 : 25;
	18276 : 25;
	18277 : 25;
	18278 : 25;
	18279 : 25;
	18280 : 24;
	18281 : 24;
	18282 : 24;
	18283 : 25;
	18284 : 25;
	18285 : 25;
	18286 : 25;
	18287 : 25;
	18288 : 25;
	18289 : 25;
	18290 : 25;
	18291 : 25;
	18292 : 25;
	18293 : 25;
	18294 : 25;
	18295 : 25;
	18296 : 25;
	18297 : 25;
	18298 : 25;
	18299 : 25;
	18300 : 25;
	18301 : 25;
	18302 : 25;
	18303 : 25;
	18304 : 29;
	18305 : 25;
	18306 : 49;
	18307 : 49;
	18308 : 49;
	18309 : 49;
	18310 : 49;
	18311 : 49;
	18312 : 4D;
	18313 : 6E;
	18314 : 72;
	18315 : 6E;
	18316 : 4D;
	18317 : 29;
	18318 : 49;
	18319 : 49;
	18320 : 49;
	18321 : 25;
	18322 : 25;
	18323 : 25;
	18324 : 25;
	18325 : 25;
	18326 : 25;
	18327 : 25;
	18328 : 25;
	18329 : 25;
	18330 : 29;
	18331 : 49;
	18332 : 49;
	18333 : 49;
	18334 : 49;
	18335 : 4D;
	18336 : 49;
	18337 : 49;
	18338 : 25;
	18339 : 25;
	18340 : 25;
	18341 : 25;
	18342 : 29;
	18343 : 49;
	18344 : 49;
	18345 : 6D;
	18346 : 6D;
	18347 : 6D;
	18348 : 6D;
	18349 : 49;
	18350 : 25;
	18351 : 25;
	18352 : 25;
	18353 : 25;
	18354 : 25;
	18355 : 25;
	18356 : 25;
	18357 : 25;
	18358 : 25;
	18359 : 25;
	18360 : 25;
	18361 : 25;
	18362 : 25;
	18363 : 25;
	18364 : 25;
	18365 : 25;
	18366 : 25;
	18367 : 25;
	18368 : 25;
	18369 : 25;
	18370 : 25;
	18371 : 25;
	18372 : 25;
	18373 : 25;
	18374 : 25;
	18375 : 25;
	18376 : 29;
	18377 : 29;
	18378 : 29;
	18379 : 29;
	18380 : 49;
	18381 : 49;
	18382 : 49;
	18383 : 29;
	18384 : 29;
	18385 : 29;
	18386 : 29;
	18387 : 29;
	18388 : 29;
	18389 : 29;
	18390 : 49;
	18391 : 49;
	18392 : 29;
	18393 : 49;
	18394 : 49;
	18395 : 49;
	18396 : 29;
	18397 : 29;
	18398 : 25;
	18399 : 25;
	18400 : 6D;
	18401 : 6D;
	18402 : 69;
	18403 : 69;
	18404 : 6D;
	18405 : 8D;
	18406 : 8D;
	18407 : 6D;
	18408 : 69;
	18409 : 8D;
	18410 : 8D;
	18411 : 91;
	18412 : 8D;
	18413 : 6D;
	18414 : 6D;
	18415 : 6D;
	18416 : 6D;
	18417 : 6D;
	18418 : 6D;
	18419 : 6D;
	18420 : 69;
	18421 : 49;
	18422 : 25;
	18423 : 25;
	18424 : 25;
	18425 : 25;
	18426 : 24;
	18427 : 25;
	18428 : 25;
	18429 : 29;
	18430 : 29;
	18431 : 29;
	18432 : 29;
	18433 : 25;
	18434 : 49;
	18435 : 49;
	18436 : 68;
	18437 : 68;
	18438 : 68;
	18439 : 68;
	18440 : 68;
	18441 : 68;
	18442 : 68;
	18443 : 68;
	18444 : 68;
	18445 : 68;
	18446 : 44;
	18447 : 24;
	18448 : 24;
	18449 : 24;
	18450 : 24;
	18451 : 24;
	18452 : 24;
	18453 : 24;
	18454 : 24;
	18455 : 24;
	18456 : 24;
	18457 : 24;
	18458 : 24;
	18459 : 24;
	18460 : 44;
	18461 : 24;
	18462 : 24;
	18463 : 25;
	18464 : 25;
	18465 : 25;
	18466 : 25;
	18467 : 25;
	18468 : 25;
	18469 : 25;
	18470 : 25;
	18471 : 25;
	18472 : 25;
	18473 : 25;
	18474 : 25;
	18475 : 25;
	18476 : 25;
	18477 : 25;
	18478 : 25;
	18479 : 25;
	18480 : 24;
	18481 : 24;
	18482 : 24;
	18483 : 25;
	18484 : 25;
	18485 : 25;
	18486 : 25;
	18487 : 25;
	18488 : 25;
	18489 : 25;
	18490 : 25;
	18491 : 25;
	18492 : 25;
	18493 : 25;
	18494 : 25;
	18495 : 25;
	18496 : 25;
	18497 : 25;
	18498 : 25;
	18499 : 25;
	18500 : 25;
	18501 : 25;
	18502 : 25;
	18503 : 25;
	18504 : 29;
	18505 : 25;
	18506 : 29;
	18507 : 49;
	18508 : 49;
	18509 : 49;
	18510 : 49;
	18511 : 49;
	18512 : 4D;
	18513 : 6D;
	18514 : 4D;
	18515 : 4D;
	18516 : 49;
	18517 : 29;
	18518 : 49;
	18519 : 49;
	18520 : 49;
	18521 : 25;
	18522 : 29;
	18523 : 25;
	18524 : 25;
	18525 : 25;
	18526 : 25;
	18527 : 25;
	18528 : 25;
	18529 : 25;
	18530 : 29;
	18531 : 4D;
	18532 : 4D;
	18533 : 49;
	18534 : 49;
	18535 : 49;
	18536 : 49;
	18537 : 49;
	18538 : 25;
	18539 : 25;
	18540 : 25;
	18541 : 29;
	18542 : 49;
	18543 : 49;
	18544 : 49;
	18545 : 6D;
	18546 : 6D;
	18547 : 6D;
	18548 : 6D;
	18549 : 49;
	18550 : 25;
	18551 : 25;
	18552 : 25;
	18553 : 25;
	18554 : 25;
	18555 : 25;
	18556 : 25;
	18557 : 25;
	18558 : 25;
	18559 : 25;
	18560 : 25;
	18561 : 25;
	18562 : 25;
	18563 : 25;
	18564 : 25;
	18565 : 25;
	18566 : 25;
	18567 : 25;
	18568 : 25;
	18569 : 25;
	18570 : 25;
	18571 : 25;
	18572 : 25;
	18573 : 25;
	18574 : 25;
	18575 : 29;
	18576 : 29;
	18577 : 29;
	18578 : 29;
	18579 : 29;
	18580 : 29;
	18581 : 29;
	18582 : 29;
	18583 : 29;
	18584 : 29;
	18585 : 29;
	18586 : 29;
	18587 : 29;
	18588 : 29;
	18589 : 29;
	18590 : 49;
	18591 : 49;
	18592 : 49;
	18593 : 49;
	18594 : 49;
	18595 : 49;
	18596 : 29;
	18597 : 29;
	18598 : 25;
	18599 : 24;
	18600 : 8D;
	18601 : 6D;
	18602 : 69;
	18603 : 69;
	18604 : 69;
	18605 : 6D;
	18606 : 6D;
	18607 : 6D;
	18608 : 69;
	18609 : 6D;
	18610 : 6D;
	18611 : 8D;
	18612 : 6D;
	18613 : 6D;
	18614 : 6D;
	18615 : 8D;
	18616 : 6D;
	18617 : 69;
	18618 : 69;
	18619 : 6D;
	18620 : 6D;
	18621 : 49;
	18622 : 45;
	18623 : 24;
	18624 : 24;
	18625 : 24;
	18626 : 24;
	18627 : 25;
	18628 : 25;
	18629 : 29;
	18630 : 29;
	18631 : 29;
	18632 : 29;
	18633 : 25;
	18634 : 49;
	18635 : 49;
	18636 : 44;
	18637 : 68;
	18638 : 68;
	18639 : 68;
	18640 : 68;
	18641 : 68;
	18642 : 68;
	18643 : 68;
	18644 : 68;
	18645 : 68;
	18646 : 44;
	18647 : 24;
	18648 : 24;
	18649 : 24;
	18650 : 24;
	18651 : 24;
	18652 : 24;
	18653 : 24;
	18654 : 24;
	18655 : 24;
	18656 : 24;
	18657 : 24;
	18658 : 24;
	18659 : 44;
	18660 : 44;
	18661 : 24;
	18662 : 24;
	18663 : 25;
	18664 : 25;
	18665 : 25;
	18666 : 25;
	18667 : 25;
	18668 : 25;
	18669 : 25;
	18670 : 25;
	18671 : 25;
	18672 : 25;
	18673 : 25;
	18674 : 25;
	18675 : 25;
	18676 : 25;
	18677 : 25;
	18678 : 25;
	18679 : 25;
	18680 : 24;
	18681 : 24;
	18682 : 24;
	18683 : 25;
	18684 : 25;
	18685 : 25;
	18686 : 25;
	18687 : 25;
	18688 : 25;
	18689 : 25;
	18690 : 25;
	18691 : 25;
	18692 : 25;
	18693 : 25;
	18694 : 25;
	18695 : 25;
	18696 : 25;
	18697 : 25;
	18698 : 25;
	18699 : 25;
	18700 : 25;
	18701 : 25;
	18702 : 25;
	18703 : 25;
	18704 : 25;
	18705 : 25;
	18706 : 25;
	18707 : 29;
	18708 : 49;
	18709 : 49;
	18710 : 49;
	18711 : 29;
	18712 : 49;
	18713 : 49;
	18714 : 49;
	18715 : 49;
	18716 : 29;
	18717 : 29;
	18718 : 49;
	18719 : 49;
	18720 : 49;
	18721 : 25;
	18722 : 29;
	18723 : 25;
	18724 : 25;
	18725 : 25;
	18726 : 25;
	18727 : 25;
	18728 : 25;
	18729 : 25;
	18730 : 25;
	18731 : 49;
	18732 : 49;
	18733 : 49;
	18734 : 29;
	18735 : 49;
	18736 : 49;
	18737 : 25;
	18738 : 25;
	18739 : 25;
	18740 : 25;
	18741 : 25;
	18742 : 29;
	18743 : 29;
	18744 : 49;
	18745 : 4D;
	18746 : 4D;
	18747 : 4D;
	18748 : 4D;
	18749 : 49;
	18750 : 25;
	18751 : 25;
	18752 : 25;
	18753 : 25;
	18754 : 25;
	18755 : 25;
	18756 : 25;
	18757 : 25;
	18758 : 25;
	18759 : 25;
	18760 : 25;
	18761 : 25;
	18762 : 25;
	18763 : 25;
	18764 : 25;
	18765 : 25;
	18766 : 25;
	18767 : 25;
	18768 : 25;
	18769 : 25;
	18770 : 25;
	18771 : 25;
	18772 : 25;
	18773 : 25;
	18774 : 25;
	18775 : 29;
	18776 : 29;
	18777 : 29;
	18778 : 29;
	18779 : 29;
	18780 : 29;
	18781 : 29;
	18782 : 29;
	18783 : 29;
	18784 : 29;
	18785 : 29;
	18786 : 29;
	18787 : 29;
	18788 : 29;
	18789 : 29;
	18790 : 49;
	18791 : 49;
	18792 : 29;
	18793 : 29;
	18794 : 49;
	18795 : 49;
	18796 : 29;
	18797 : 29;
	18798 : 25;
	18799 : 25;
	18800 : 6D;
	18801 : 6D;
	18802 : 49;
	18803 : 49;
	18804 : 69;
	18805 : 69;
	18806 : 69;
	18807 : 69;
	18808 : 69;
	18809 : 6D;
	18810 : 6D;
	18811 : 69;
	18812 : 69;
	18813 : 69;
	18814 : 69;
	18815 : 69;
	18816 : 69;
	18817 : 69;
	18818 : 69;
	18819 : 69;
	18820 : 69;
	18821 : 49;
	18822 : 45;
	18823 : 45;
	18824 : 45;
	18825 : 45;
	18826 : 45;
	18827 : 45;
	18828 : 49;
	18829 : 49;
	18830 : 25;
	18831 : 25;
	18832 : 29;
	18833 : 25;
	18834 : 29;
	18835 : 49;
	18836 : 44;
	18837 : 68;
	18838 : 68;
	18839 : 89;
	18840 : 89;
	18841 : 89;
	18842 : 88;
	18843 : 69;
	18844 : 68;
	18845 : 68;
	18846 : 24;
	18847 : 24;
	18848 : 24;
	18849 : 24;
	18850 : 24;
	18851 : 24;
	18852 : 24;
	18853 : 24;
	18854 : 24;
	18855 : 24;
	18856 : 24;
	18857 : 24;
	18858 : 24;
	18859 : 44;
	18860 : 44;
	18861 : 24;
	18862 : 24;
	18863 : 25;
	18864 : 25;
	18865 : 25;
	18866 : 25;
	18867 : 25;
	18868 : 25;
	18869 : 25;
	18870 : 25;
	18871 : 25;
	18872 : 25;
	18873 : 25;
	18874 : 25;
	18875 : 25;
	18876 : 25;
	18877 : 25;
	18878 : 25;
	18879 : 25;
	18880 : 24;
	18881 : 24;
	18882 : 24;
	18883 : 25;
	18884 : 25;
	18885 : 25;
	18886 : 25;
	18887 : 25;
	18888 : 25;
	18889 : 25;
	18890 : 25;
	18891 : 25;
	18892 : 25;
	18893 : 25;
	18894 : 25;
	18895 : 25;
	18896 : 25;
	18897 : 25;
	18898 : 25;
	18899 : 25;
	18900 : 25;
	18901 : 25;
	18902 : 25;
	18903 : 25;
	18904 : 25;
	18905 : 25;
	18906 : 25;
	18907 : 29;
	18908 : 29;
	18909 : 29;
	18910 : 29;
	18911 : 29;
	18912 : 29;
	18913 : 29;
	18914 : 29;
	18915 : 29;
	18916 : 29;
	18917 : 29;
	18918 : 49;
	18919 : 49;
	18920 : 49;
	18921 : 25;
	18922 : 25;
	18923 : 25;
	18924 : 25;
	18925 : 25;
	18926 : 25;
	18927 : 25;
	18928 : 25;
	18929 : 25;
	18930 : 25;
	18931 : 25;
	18932 : 29;
	18933 : 29;
	18934 : 25;
	18935 : 29;
	18936 : 49;
	18937 : 25;
	18938 : 25;
	18939 : 25;
	18940 : 25;
	18941 : 25;
	18942 : 29;
	18943 : 29;
	18944 : 29;
	18945 : 49;
	18946 : 49;
	18947 : 4D;
	18948 : 4D;
	18949 : 49;
	18950 : 25;
	18951 : 25;
	18952 : 25;
	18953 : 25;
	18954 : 25;
	18955 : 25;
	18956 : 25;
	18957 : 25;
	18958 : 25;
	18959 : 29;
	18960 : 25;
	18961 : 25;
	18962 : 25;
	18963 : 25;
	18964 : 25;
	18965 : 25;
	18966 : 25;
	18967 : 25;
	18968 : 25;
	18969 : 25;
	18970 : 25;
	18971 : 25;
	18972 : 25;
	18973 : 25;
	18974 : 29;
	18975 : 29;
	18976 : 29;
	18977 : 29;
	18978 : 29;
	18979 : 29;
	18980 : 29;
	18981 : 29;
	18982 : 29;
	18983 : 29;
	18984 : 29;
	18985 : 29;
	18986 : 29;
	18987 : 29;
	18988 : 29;
	18989 : 29;
	18990 : 29;
	18991 : 29;
	18992 : 29;
	18993 : 29;
	18994 : 29;
	18995 : 29;
	18996 : 29;
	18997 : 25;
	18998 : 25;
	18999 : 25;
	19000 : 69;
	19001 : 49;
	19002 : 49;
	19003 : 49;
	19004 : 49;
	19005 : 49;
	19006 : 49;
	19007 : 49;
	19008 : 49;
	19009 : 49;
	19010 : 49;
	19011 : 49;
	19012 : 49;
	19013 : 49;
	19014 : 49;
	19015 : 49;
	19016 : 49;
	19017 : 49;
	19018 : 49;
	19019 : 49;
	19020 : 49;
	19021 : 49;
	19022 : 45;
	19023 : 45;
	19024 : 45;
	19025 : 45;
	19026 : 45;
	19027 : 45;
	19028 : 45;
	19029 : 45;
	19030 : 25;
	19031 : 25;
	19032 : 29;
	19033 : 25;
	19034 : 29;
	19035 : 49;
	19036 : 44;
	19037 : 68;
	19038 : 89;
	19039 : 89;
	19040 : 89;
	19041 : 89;
	19042 : 88;
	19043 : 89;
	19044 : 68;
	19045 : 68;
	19046 : 24;
	19047 : 24;
	19048 : 24;
	19049 : 24;
	19050 : 24;
	19051 : 24;
	19052 : 24;
	19053 : 24;
	19054 : 24;
	19055 : 24;
	19056 : 24;
	19057 : 24;
	19058 : 44;
	19059 : 44;
	19060 : 44;
	19061 : 24;
	19062 : 24;
	19063 : 25;
	19064 : 25;
	19065 : 25;
	19066 : 25;
	19067 : 25;
	19068 : 25;
	19069 : 25;
	19070 : 25;
	19071 : 25;
	19072 : 25;
	19073 : 25;
	19074 : 25;
	19075 : 25;
	19076 : 25;
	19077 : 25;
	19078 : 25;
	19079 : 25;
	19080 : 25;
	19081 : 24;
	19082 : 24;
	19083 : 25;
	19084 : 25;
	19085 : 25;
	19086 : 25;
	19087 : 25;
	19088 : 25;
	19089 : 25;
	19090 : 25;
	19091 : 25;
	19092 : 25;
	19093 : 25;
	19094 : 25;
	19095 : 25;
	19096 : 25;
	19097 : 25;
	19098 : 25;
	19099 : 25;
	19100 : 25;
	19101 : 25;
	19102 : 25;
	19103 : 25;
	19104 : 29;
	19105 : 29;
	19106 : 29;
	19107 : 29;
	19108 : 29;
	19109 : 29;
	19110 : 29;
	19111 : 29;
	19112 : 29;
	19113 : 29;
	19114 : 29;
	19115 : 29;
	19116 : 29;
	19117 : 29;
	19118 : 49;
	19119 : 49;
	19120 : 29;
	19121 : 25;
	19122 : 25;
	19123 : 25;
	19124 : 25;
	19125 : 25;
	19126 : 25;
	19127 : 25;
	19128 : 25;
	19129 : 25;
	19130 : 25;
	19131 : 25;
	19132 : 25;
	19133 : 25;
	19134 : 25;
	19135 : 25;
	19136 : 25;
	19137 : 25;
	19138 : 25;
	19139 : 25;
	19140 : 25;
	19141 : 25;
	19142 : 29;
	19143 : 29;
	19144 : 29;
	19145 : 49;
	19146 : 49;
	19147 : 49;
	19148 : 49;
	19149 : 49;
	19150 : 25;
	19151 : 25;
	19152 : 25;
	19153 : 25;
	19154 : 25;
	19155 : 25;
	19156 : 25;
	19157 : 25;
	19158 : 25;
	19159 : 29;
	19160 : 25;
	19161 : 25;
	19162 : 25;
	19163 : 25;
	19164 : 25;
	19165 : 25;
	19166 : 25;
	19167 : 25;
	19168 : 25;
	19169 : 25;
	19170 : 25;
	19171 : 25;
	19172 : 25;
	19173 : 25;
	19174 : 29;
	19175 : 29;
	19176 : 29;
	19177 : 29;
	19178 : 29;
	19179 : 29;
	19180 : 29;
	19181 : 29;
	19182 : 29;
	19183 : 29;
	19184 : 29;
	19185 : 29;
	19186 : 29;
	19187 : 29;
	19188 : 29;
	19189 : 29;
	19190 : 29;
	19191 : 29;
	19192 : 29;
	19193 : 29;
	19194 : 29;
	19195 : 29;
	19196 : 29;
	19197 : 25;
	19198 : 25;
	19199 : 25;
	19200 : 49;
	19201 : 49;
	19202 : 25;
	19203 : 25;
	19204 : 45;
	19205 : 45;
	19206 : 25;
	19207 : 25;
	19208 : 45;
	19209 : 25;
	19210 : 25;
	19211 : 25;
	19212 : 24;
	19213 : 24;
	19214 : 24;
	19215 : 24;
	19216 : 24;
	19217 : 24;
	19218 : 24;
	19219 : 24;
	19220 : 24;
	19221 : 24;
	19222 : 24;
	19223 : 24;
	19224 : 25;
	19225 : 25;
	19226 : 25;
	19227 : 25;
	19228 : 25;
	19229 : 25;
	19230 : 25;
	19231 : 25;
	19232 : 29;
	19233 : 25;
	19234 : 29;
	19235 : 49;
	19236 : 44;
	19237 : 68;
	19238 : 89;
	19239 : 89;
	19240 : 89;
	19241 : 88;
	19242 : 88;
	19243 : 68;
	19244 : 68;
	19245 : 48;
	19246 : 24;
	19247 : 24;
	19248 : 24;
	19249 : 24;
	19250 : 24;
	19251 : 24;
	19252 : 24;
	19253 : 24;
	19254 : 24;
	19255 : 24;
	19256 : 24;
	19257 : 24;
	19258 : 44;
	19259 : 44;
	19260 : 44;
	19261 : 24;
	19262 : 24;
	19263 : 25;
	19264 : 25;
	19265 : 25;
	19266 : 25;
	19267 : 25;
	19268 : 25;
	19269 : 25;
	19270 : 25;
	19271 : 25;
	19272 : 25;
	19273 : 25;
	19274 : 25;
	19275 : 25;
	19276 : 25;
	19277 : 25;
	19278 : 25;
	19279 : 25;
	19280 : 25;
	19281 : 24;
	19282 : 24;
	19283 : 25;
	19284 : 25;
	19285 : 25;
	19286 : 25;
	19287 : 25;
	19288 : 25;
	19289 : 25;
	19290 : 25;
	19291 : 25;
	19292 : 25;
	19293 : 25;
	19294 : 25;
	19295 : 25;
	19296 : 25;
	19297 : 25;
	19298 : 25;
	19299 : 25;
	19300 : 25;
	19301 : 25;
	19302 : 25;
	19303 : 25;
	19304 : 29;
	19305 : 29;
	19306 : 25;
	19307 : 25;
	19308 : 29;
	19309 : 29;
	19310 : 29;
	19311 : 29;
	19312 : 29;
	19313 : 29;
	19314 : 25;
	19315 : 29;
	19316 : 29;
	19317 : 29;
	19318 : 49;
	19319 : 49;
	19320 : 29;
	19321 : 25;
	19322 : 25;
	19323 : 25;
	19324 : 25;
	19325 : 25;
	19326 : 25;
	19327 : 25;
	19328 : 25;
	19329 : 25;
	19330 : 25;
	19331 : 25;
	19332 : 25;
	19333 : 25;
	19334 : 25;
	19335 : 25;
	19336 : 25;
	19337 : 25;
	19338 : 25;
	19339 : 25;
	19340 : 25;
	19341 : 25;
	19342 : 25;
	19343 : 25;
	19344 : 29;
	19345 : 49;
	19346 : 49;
	19347 : 49;
	19348 : 49;
	19349 : 49;
	19350 : 25;
	19351 : 25;
	19352 : 25;
	19353 : 25;
	19354 : 25;
	19355 : 25;
	19356 : 25;
	19357 : 25;
	19358 : 25;
	19359 : 25;
	19360 : 25;
	19361 : 25;
	19362 : 25;
	19363 : 25;
	19364 : 25;
	19365 : 25;
	19366 : 25;
	19367 : 25;
	19368 : 25;
	19369 : 25;
	19370 : 25;
	19371 : 25;
	19372 : 25;
	19373 : 25;
	19374 : 29;
	19375 : 29;
	19376 : 29;
	19377 : 29;
	19378 : 29;
	19379 : 29;
	19380 : 29;
	19381 : 29;
	19382 : 29;
	19383 : 29;
	19384 : 29;
	19385 : 29;
	19386 : 29;
	19387 : 29;
	19388 : 29;
	19389 : 29;
	19390 : 29;
	19391 : 29;
	19392 : 29;
	19393 : 29;
	19394 : 29;
	19395 : 29;
	19396 : 29;
	19397 : 25;
	19398 : 25;
	19399 : 24;
	19400 : 49;
	19401 : 49;
	19402 : 24;
	19403 : 24;
	19404 : 24;
	19405 : 24;
	19406 : 24;
	19407 : 24;
	19408 : 24;
	19409 : 24;
	19410 : 24;
	19411 : 24;
	19412 : 24;
	19413 : 24;
	19414 : 24;
	19415 : 24;
	19416 : 24;
	19417 : 24;
	19418 : 24;
	19419 : 24;
	19420 : 24;
	19421 : 24;
	19422 : 24;
	19423 : 24;
	19424 : 24;
	19425 : 25;
	19426 : 25;
	19427 : 25;
	19428 : 25;
	19429 : 25;
	19430 : 25;
	19431 : 25;
	19432 : 49;
	19433 : 49;
	19434 : 49;
	19435 : 49;
	19436 : 44;
	19437 : 68;
	19438 : 68;
	19439 : 68;
	19440 : 88;
	19441 : 88;
	19442 : 88;
	19443 : 68;
	19444 : 68;
	19445 : 44;
	19446 : 24;
	19447 : 24;
	19448 : 24;
	19449 : 24;
	19450 : 24;
	19451 : 24;
	19452 : 24;
	19453 : 24;
	19454 : 24;
	19455 : 24;
	19456 : 24;
	19457 : 24;
	19458 : 24;
	19459 : 24;
	19460 : 24;
	19461 : 24;
	19462 : 24;
	19463 : 25;
	19464 : 25;
	19465 : 25;
	19466 : 25;
	19467 : 25;
	19468 : 25;
	19469 : 25;
	19470 : 25;
	19471 : 25;
	19472 : 25;
	19473 : 25;
	19474 : 25;
	19475 : 25;
	19476 : 25;
	19477 : 25;
	19478 : 25;
	19479 : 25;
	19480 : 25;
	19481 : 25;
	19482 : 24;
	19483 : 24;
	19484 : 25;
	19485 : 25;
	19486 : 25;
	19487 : 25;
	19488 : 25;
	19489 : 25;
	19490 : 25;
	19491 : 25;
	19492 : 25;
	19493 : 25;
	19494 : 25;
	19495 : 25;
	19496 : 25;
	19497 : 25;
	19498 : 25;
	19499 : 25;
	19500 : 25;
	19501 : 25;
	19502 : 25;
	19503 : 25;
	19504 : 29;
	19505 : 25;
	19506 : 25;
	19507 : 25;
	19508 : 29;
	19509 : 29;
	19510 : 29;
	19511 : 29;
	19512 : 29;
	19513 : 25;
	19514 : 25;
	19515 : 29;
	19516 : 29;
	19517 : 29;
	19518 : 49;
	19519 : 29;
	19520 : 29;
	19521 : 25;
	19522 : 25;
	19523 : 25;
	19524 : 25;
	19525 : 25;
	19526 : 25;
	19527 : 25;
	19528 : 25;
	19529 : 25;
	19530 : 25;
	19531 : 25;
	19532 : 25;
	19533 : 25;
	19534 : 25;
	19535 : 25;
	19536 : 25;
	19537 : 25;
	19538 : 24;
	19539 : 25;
	19540 : 25;
	19541 : 25;
	19542 : 25;
	19543 : 25;
	19544 : 29;
	19545 : 49;
	19546 : 49;
	19547 : 29;
	19548 : 29;
	19549 : 29;
	19550 : 25;
	19551 : 25;
	19552 : 25;
	19553 : 25;
	19554 : 25;
	19555 : 25;
	19556 : 25;
	19557 : 25;
	19558 : 25;
	19559 : 25;
	19560 : 25;
	19561 : 25;
	19562 : 25;
	19563 : 25;
	19564 : 25;
	19565 : 25;
	19566 : 25;
	19567 : 25;
	19568 : 25;
	19569 : 25;
	19570 : 25;
	19571 : 25;
	19572 : 25;
	19573 : 25;
	19574 : 25;
	19575 : 29;
	19576 : 29;
	19577 : 29;
	19578 : 29;
	19579 : 29;
	19580 : 29;
	19581 : 29;
	19582 : 29;
	19583 : 29;
	19584 : 29;
	19585 : 29;
	19586 : 29;
	19587 : 29;
	19588 : 29;
	19589 : 29;
	19590 : 29;
	19591 : 29;
	19592 : 29;
	19593 : 29;
	19594 : 29;
	19595 : 29;
	19596 : 29;
	19597 : 25;
	19598 : 25;
	19599 : 25;
	19600 : 6D;
	19601 : 49;
	19602 : 24;
	19603 : 24;
	19604 : 24;
	19605 : 24;
	19606 : 24;
	19607 : 24;
	19608 : 24;
	19609 : 24;
	19610 : 24;
	19611 : 24;
	19612 : 24;
	19613 : 24;
	19614 : 24;
	19615 : 24;
	19616 : 24;
	19617 : 24;
	19618 : 24;
	19619 : 24;
	19620 : 24;
	19621 : 24;
	19622 : 24;
	19623 : 24;
	19624 : 44;
	19625 : 44;
	19626 : 44;
	19627 : 25;
	19628 : 25;
	19629 : 25;
	19630 : 25;
	19631 : 45;
	19632 : 49;
	19633 : 69;
	19634 : 69;
	19635 : 69;
	19636 : 68;
	19637 : 48;
	19638 : 48;
	19639 : 68;
	19640 : 68;
	19641 : 68;
	19642 : 68;
	19643 : 68;
	19644 : 68;
	19645 : 44;
	19646 : 24;
	19647 : 24;
	19648 : 24;
	19649 : 24;
	19650 : 24;
	19651 : 24;
	19652 : 24;
	19653 : 24;
	19654 : 24;
	19655 : 24;
	19656 : 24;
	19657 : 24;
	19658 : 24;
	19659 : 24;
	19660 : 24;
	19661 : 24;
	19662 : 24;
	19663 : 24;
	19664 : 25;
	19665 : 25;
	19666 : 25;
	19667 : 25;
	19668 : 49;
	19669 : 49;
	19670 : 49;
	19671 : 49;
	19672 : 25;
	19673 : 25;
	19674 : 25;
	19675 : 25;
	19676 : 25;
	19677 : 25;
	19678 : 25;
	19679 : 25;
	19680 : 25;
	19681 : 25;
	19682 : 25;
	19683 : 24;
	19684 : 24;
	19685 : 24;
	19686 : 24;
	19687 : 24;
	19688 : 25;
	19689 : 25;
	19690 : 25;
	19691 : 25;
	19692 : 25;
	19693 : 25;
	19694 : 25;
	19695 : 25;
	19696 : 25;
	19697 : 25;
	19698 : 25;
	19699 : 25;
	19700 : 25;
	19701 : 25;
	19702 : 25;
	19703 : 25;
	19704 : 25;
	19705 : 25;
	19706 : 25;
	19707 : 25;
	19708 : 29;
	19709 : 29;
	19710 : 29;
	19711 : 29;
	19712 : 29;
	19713 : 29;
	19714 : 25;
	19715 : 29;
	19716 : 29;
	19717 : 29;
	19718 : 29;
	19719 : 29;
	19720 : 29;
	19721 : 25;
	19722 : 25;
	19723 : 25;
	19724 : 25;
	19725 : 25;
	19726 : 25;
	19727 : 25;
	19728 : 25;
	19729 : 25;
	19730 : 25;
	19731 : 25;
	19732 : 25;
	19733 : 25;
	19734 : 25;
	19735 : 25;
	19736 : 25;
	19737 : 25;
	19738 : 24;
	19739 : 25;
	19740 : 25;
	19741 : 25;
	19742 : 25;
	19743 : 25;
	19744 : 29;
	19745 : 49;
	19746 : 29;
	19747 : 29;
	19748 : 29;
	19749 : 25;
	19750 : 25;
	19751 : 25;
	19752 : 25;
	19753 : 25;
	19754 : 25;
	19755 : 25;
	19756 : 25;
	19757 : 25;
	19758 : 25;
	19759 : 25;
	19760 : 25;
	19761 : 25;
	19762 : 25;
	19763 : 25;
	19764 : 25;
	19765 : 25;
	19766 : 25;
	19767 : 25;
	19768 : 25;
	19769 : 25;
	19770 : 25;
	19771 : 25;
	19772 : 25;
	19773 : 25;
	19774 : 25;
	19775 : 25;
	19776 : 25;
	19777 : 29;
	19778 : 29;
	19779 : 29;
	19780 : 29;
	19781 : 29;
	19782 : 29;
	19783 : 29;
	19784 : 29;
	19785 : 29;
	19786 : 29;
	19787 : 29;
	19788 : 29;
	19789 : 29;
	19790 : 29;
	19791 : 29;
	19792 : 29;
	19793 : 29;
	19794 : 29;
	19795 : 29;
	19796 : 29;
	19797 : 25;
	19798 : 25;
	19799 : 25;
	19800 : 6D;
	19801 : 69;
	19802 : 25;
	19803 : 24;
	19804 : 24;
	19805 : 24;
	19806 : 24;
	19807 : 24;
	19808 : 24;
	19809 : 24;
	19810 : 24;
	19811 : 24;
	19812 : 24;
	19813 : 24;
	19814 : 24;
	19815 : 24;
	19816 : 24;
	19817 : 24;
	19818 : 24;
	19819 : 24;
	19820 : 24;
	19821 : 24;
	19822 : 44;
	19823 : 44;
	19824 : 44;
	19825 : 44;
	19826 : 44;
	19827 : 44;
	19828 : 44;
	19829 : 45;
	19830 : 25;
	19831 : 45;
	19832 : 69;
	19833 : 69;
	19834 : 69;
	19835 : 69;
	19836 : 69;
	19837 : 48;
	19838 : 44;
	19839 : 44;
	19840 : 68;
	19841 : 68;
	19842 : 68;
	19843 : 68;
	19844 : 68;
	19845 : 68;
	19846 : 24;
	19847 : 24;
	19848 : 24;
	19849 : 24;
	19850 : 24;
	19851 : 24;
	19852 : 24;
	19853 : 24;
	19854 : 24;
	19855 : 24;
	19856 : 20;
	19857 : 24;
	19858 : 24;
	19859 : 24;
	19860 : 24;
	19861 : 24;
	19862 : 24;
	19863 : 24;
	19864 : 24;
	19865 : 25;
	19866 : 25;
	19867 : 45;
	19868 : 49;
	19869 : 49;
	19870 : 49;
	19871 : 49;
	19872 : 25;
	19873 : 25;
	19874 : 25;
	19875 : 25;
	19876 : 25;
	19877 : 25;
	19878 : 25;
	19879 : 25;
	19880 : 25;
	19881 : 25;
	19882 : 25;
	19883 : 24;
	19884 : 24;
	19885 : 24;
	19886 : 24;
	19887 : 24;
	19888 : 24;
	19889 : 25;
	19890 : 25;
	19891 : 25;
	19892 : 25;
	19893 : 25;
	19894 : 25;
	19895 : 25;
	19896 : 25;
	19897 : 25;
	19898 : 25;
	19899 : 25;
	19900 : 25;
	19901 : 25;
	19902 : 25;
	19903 : 25;
	19904 : 25;
	19905 : 25;
	19906 : 25;
	19907 : 25;
	19908 : 29;
	19909 : 29;
	19910 : 29;
	19911 : 29;
	19912 : 29;
	19913 : 29;
	19914 : 29;
	19915 : 29;
	19916 : 29;
	19917 : 29;
	19918 : 29;
	19919 : 29;
	19920 : 25;
	19921 : 25;
	19922 : 25;
	19923 : 25;
	19924 : 25;
	19925 : 25;
	19926 : 25;
	19927 : 25;
	19928 : 25;
	19929 : 25;
	19930 : 25;
	19931 : 25;
	19932 : 25;
	19933 : 25;
	19934 : 25;
	19935 : 25;
	19936 : 25;
	19937 : 25;
	19938 : 25;
	19939 : 25;
	19940 : 25;
	19941 : 25;
	19942 : 25;
	19943 : 25;
	19944 : 29;
	19945 : 49;
	19946 : 29;
	19947 : 29;
	19948 : 29;
	19949 : 25;
	19950 : 25;
	19951 : 25;
	19952 : 25;
	19953 : 25;
	19954 : 25;
	19955 : 25;
	19956 : 25;
	19957 : 25;
	19958 : 25;
	19959 : 25;
	19960 : 25;
	19961 : 25;
	19962 : 25;
	19963 : 25;
	19964 : 25;
	19965 : 25;
	19966 : 25;
	19967 : 25;
	19968 : 29;
	19969 : 25;
	19970 : 25;
	19971 : 25;
	19972 : 25;
	19973 : 25;
	19974 : 25;
	19975 : 25;
	19976 : 25;
	19977 : 25;
	19978 : 29;
	19979 : 29;
	19980 : 29;
	19981 : 29;
	19982 : 29;
	19983 : 29;
	19984 : 29;
	19985 : 29;
	19986 : 29;
	19987 : 29;
	19988 : 29;
	19989 : 29;
	19990 : 29;
	19991 : 29;
	19992 : 29;
	19993 : 29;
	19994 : 29;
	19995 : 29;
	19996 : 29;
	19997 : 25;
	19998 : 25;
	19999 : 25;
	20000 : 6D;
	20001 : 69;
	20002 : 25;
	20003 : 24;
	20004 : 24;
	20005 : 24;
	20006 : 24;
	20007 : 25;
	20008 : 25;
	20009 : 25;
	20010 : 25;
	20011 : 25;
	20012 : 25;
	20013 : 25;
	20014 : 25;
	20015 : 25;
	20016 : 25;
	20017 : 25;
	20018 : 25;
	20019 : 25;
	20020 : 24;
	20021 : 24;
	20022 : 24;
	20023 : 44;
	20024 : 44;
	20025 : 44;
	20026 : 44;
	20027 : 44;
	20028 : 44;
	20029 : 49;
	20030 : 44;
	20031 : 44;
	20032 : 44;
	20033 : 44;
	20034 : 44;
	20035 : 44;
	20036 : 44;
	20037 : 44;
	20038 : 44;
	20039 : 44;
	20040 : 44;
	20041 : 68;
	20042 : 68;
	20043 : 68;
	20044 : 68;
	20045 : 68;
	20046 : 24;
	20047 : 24;
	20048 : 24;
	20049 : 24;
	20050 : 24;
	20051 : 24;
	20052 : 24;
	20053 : 24;
	20054 : 24;
	20055 : 24;
	20056 : 24;
	20057 : 24;
	20058 : 24;
	20059 : 24;
	20060 : 24;
	20061 : 24;
	20062 : 24;
	20063 : 24;
	20064 : 24;
	20065 : 24;
	20066 : 25;
	20067 : 24;
	20068 : 24;
	20069 : 24;
	20070 : 24;
	20071 : 24;
	20072 : 24;
	20073 : 24;
	20074 : 24;
	20075 : 24;
	20076 : 24;
	20077 : 25;
	20078 : 25;
	20079 : 25;
	20080 : 25;
	20081 : 25;
	20082 : 25;
	20083 : 25;
	20084 : 25;
	20085 : 24;
	20086 : 24;
	20087 : 24;
	20088 : 24;
	20089 : 24;
	20090 : 25;
	20091 : 25;
	20092 : 25;
	20093 : 25;
	20094 : 25;
	20095 : 25;
	20096 : 25;
	20097 : 25;
	20098 : 25;
	20099 : 25;
	20100 : 25;
	20101 : 25;
	20102 : 25;
	20103 : 25;
	20104 : 25;
	20105 : 25;
	20106 : 25;
	20107 : 25;
	20108 : 25;
	20109 : 29;
	20110 : 29;
	20111 : 29;
	20112 : 25;
	20113 : 25;
	20114 : 25;
	20115 : 25;
	20116 : 25;
	20117 : 29;
	20118 : 29;
	20119 : 29;
	20120 : 25;
	20121 : 25;
	20122 : 25;
	20123 : 25;
	20124 : 25;
	20125 : 25;
	20126 : 25;
	20127 : 25;
	20128 : 25;
	20129 : 25;
	20130 : 25;
	20131 : 25;
	20132 : 25;
	20133 : 24;
	20134 : 25;
	20135 : 25;
	20136 : 25;
	20137 : 25;
	20138 : 24;
	20139 : 25;
	20140 : 25;
	20141 : 25;
	20142 : 25;
	20143 : 25;
	20144 : 25;
	20145 : 29;
	20146 : 29;
	20147 : 25;
	20148 : 25;
	20149 : 25;
	20150 : 25;
	20151 : 25;
	20152 : 25;
	20153 : 25;
	20154 : 25;
	20155 : 25;
	20156 : 25;
	20157 : 25;
	20158 : 25;
	20159 : 25;
	20160 : 25;
	20161 : 25;
	20162 : 25;
	20163 : 25;
	20164 : 25;
	20165 : 25;
	20166 : 25;
	20167 : 25;
	20168 : 25;
	20169 : 25;
	20170 : 25;
	20171 : 25;
	20172 : 25;
	20173 : 25;
	20174 : 25;
	20175 : 25;
	20176 : 25;
	20177 : 25;
	20178 : 29;
	20179 : 29;
	20180 : 29;
	20181 : 29;
	20182 : 29;
	20183 : 29;
	20184 : 29;
	20185 : 29;
	20186 : 29;
	20187 : 29;
	20188 : 29;
	20189 : 29;
	20190 : 29;
	20191 : 29;
	20192 : 29;
	20193 : 29;
	20194 : 29;
	20195 : 29;
	20196 : 29;
	20197 : 25;
	20198 : 25;
	20199 : 25;
	20200 : 6D;
	20201 : 69;
	20202 : 24;
	20203 : 24;
	20204 : 24;
	20205 : 24;
	20206 : 25;
	20207 : 25;
	20208 : 25;
	20209 : 25;
	20210 : 25;
	20211 : 25;
	20212 : 25;
	20213 : 25;
	20214 : 25;
	20215 : 25;
	20216 : 25;
	20217 : 25;
	20218 : 25;
	20219 : 25;
	20220 : 24;
	20221 : 24;
	20222 : 24;
	20223 : 44;
	20224 : 44;
	20225 : 44;
	20226 : 44;
	20227 : 44;
	20228 : 44;
	20229 : 44;
	20230 : 44;
	20231 : 44;
	20232 : 44;
	20233 : 44;
	20234 : 44;
	20235 : 44;
	20236 : 44;
	20237 : 44;
	20238 : 44;
	20239 : 44;
	20240 : 44;
	20241 : 68;
	20242 : 68;
	20243 : 68;
	20244 : 68;
	20245 : 48;
	20246 : 24;
	20247 : 24;
	20248 : 24;
	20249 : 24;
	20250 : 24;
	20251 : 24;
	20252 : 24;
	20253 : 24;
	20254 : 24;
	20255 : 24;
	20256 : 24;
	20257 : 24;
	20258 : 24;
	20259 : 24;
	20260 : 24;
	20261 : 24;
	20262 : 24;
	20263 : 24;
	20264 : 24;
	20265 : 24;
	20266 : 24;
	20267 : 24;
	20268 : 25;
	20269 : 25;
	20270 : 25;
	20271 : 24;
	20272 : 24;
	20273 : 24;
	20274 : 24;
	20275 : 24;
	20276 : 24;
	20277 : 24;
	20278 : 25;
	20279 : 25;
	20280 : 25;
	20281 : 25;
	20282 : 25;
	20283 : 25;
	20284 : 25;
	20285 : 24;
	20286 : 24;
	20287 : 24;
	20288 : 24;
	20289 : 24;
	20290 : 25;
	20291 : 25;
	20292 : 25;
	20293 : 25;
	20294 : 25;
	20295 : 25;
	20296 : 25;
	20297 : 24;
	20298 : 25;
	20299 : 25;
	20300 : 25;
	20301 : 25;
	20302 : 25;
	20303 : 25;
	20304 : 25;
	20305 : 25;
	20306 : 25;
	20307 : 25;
	20308 : 29;
	20309 : 29;
	20310 : 29;
	20311 : 29;
	20312 : 29;
	20313 : 29;
	20314 : 29;
	20315 : 29;
	20316 : 29;
	20317 : 29;
	20318 : 29;
	20319 : 29;
	20320 : 25;
	20321 : 25;
	20322 : 25;
	20323 : 25;
	20324 : 25;
	20325 : 25;
	20326 : 25;
	20327 : 25;
	20328 : 25;
	20329 : 25;
	20330 : 25;
	20331 : 24;
	20332 : 24;
	20333 : 24;
	20334 : 25;
	20335 : 25;
	20336 : 25;
	20337 : 25;
	20338 : 24;
	20339 : 25;
	20340 : 25;
	20341 : 25;
	20342 : 25;
	20343 : 25;
	20344 : 25;
	20345 : 49;
	20346 : 49;
	20347 : 49;
	20348 : 49;
	20349 : 49;
	20350 : 49;
	20351 : 29;
	20352 : 29;
	20353 : 29;
	20354 : 25;
	20355 : 25;
	20356 : 25;
	20357 : 25;
	20358 : 25;
	20359 : 25;
	20360 : 25;
	20361 : 25;
	20362 : 25;
	20363 : 25;
	20364 : 25;
	20365 : 25;
	20366 : 25;
	20367 : 25;
	20368 : 25;
	20369 : 25;
	20370 : 25;
	20371 : 25;
	20372 : 25;
	20373 : 25;
	20374 : 25;
	20375 : 25;
	20376 : 25;
	20377 : 25;
	20378 : 29;
	20379 : 29;
	20380 : 29;
	20381 : 29;
	20382 : 29;
	20383 : 29;
	20384 : 29;
	20385 : 29;
	20386 : 29;
	20387 : 29;
	20388 : 29;
	20389 : 29;
	20390 : 29;
	20391 : 29;
	20392 : 29;
	20393 : 29;
	20394 : 29;
	20395 : 29;
	20396 : 29;
	20397 : 25;
	20398 : 25;
	20399 : 25;
	20400 : 69;
	20401 : 49;
	20402 : 25;
	20403 : 24;
	20404 : 24;
	20405 : 25;
	20406 : 25;
	20407 : 25;
	20408 : 25;
	20409 : 25;
	20410 : 25;
	20411 : 25;
	20412 : 25;
	20413 : 25;
	20414 : 25;
	20415 : 25;
	20416 : 25;
	20417 : 25;
	20418 : 25;
	20419 : 25;
	20420 : 25;
	20421 : 25;
	20422 : 24;
	20423 : 24;
	20424 : 44;
	20425 : 68;
	20426 : 68;
	20427 : 68;
	20428 : 68;
	20429 : 44;
	20430 : 44;
	20431 : 24;
	20432 : 24;
	20433 : 44;
	20434 : 44;
	20435 : 44;
	20436 : 44;
	20437 : 44;
	20438 : 44;
	20439 : 44;
	20440 : 44;
	20441 : 44;
	20442 : 44;
	20443 : 68;
	20444 : 48;
	20445 : 44;
	20446 : 24;
	20447 : 24;
	20448 : 24;
	20449 : 24;
	20450 : 24;
	20451 : 24;
	20452 : 24;
	20453 : 24;
	20454 : 24;
	20455 : 24;
	20456 : 20;
	20457 : 24;
	20458 : 24;
	20459 : 24;
	20460 : 24;
	20461 : 24;
	20462 : 24;
	20463 : 24;
	20464 : 24;
	20465 : 24;
	20466 : 24;
	20467 : 25;
	20468 : 49;
	20469 : 49;
	20470 : 49;
	20471 : 45;
	20472 : 25;
	20473 : 24;
	20474 : 24;
	20475 : 24;
	20476 : 24;
	20477 : 24;
	20478 : 25;
	20479 : 25;
	20480 : 25;
	20481 : 24;
	20482 : 24;
	20483 : 24;
	20484 : 24;
	20485 : 24;
	20486 : 24;
	20487 : 24;
	20488 : 24;
	20489 : 24;
	20490 : 25;
	20491 : 25;
	20492 : 25;
	20493 : 25;
	20494 : 25;
	20495 : 25;
	20496 : 25;
	20497 : 25;
	20498 : 25;
	20499 : 25;
	20500 : 25;
	20501 : 25;
	20502 : 25;
	20503 : 25;
	20504 : 25;
	20505 : 25;
	20506 : 25;
	20507 : 29;
	20508 : 49;
	20509 : 49;
	20510 : 49;
	20511 : 49;
	20512 : 29;
	20513 : 29;
	20514 : 29;
	20515 : 29;
	20516 : 29;
	20517 : 29;
	20518 : 29;
	20519 : 29;
	20520 : 25;
	20521 : 25;
	20522 : 25;
	20523 : 25;
	20524 : 25;
	20525 : 25;
	20526 : 25;
	20527 : 25;
	20528 : 25;
	20529 : 25;
	20530 : 25;
	20531 : 25;
	20532 : 25;
	20533 : 25;
	20534 : 25;
	20535 : 25;
	20536 : 25;
	20537 : 25;
	20538 : 25;
	20539 : 25;
	20540 : 25;
	20541 : 25;
	20542 : 25;
	20543 : 25;
	20544 : 25;
	20545 : 49;
	20546 : 49;
	20547 : 49;
	20548 : 49;
	20549 : 49;
	20550 : 49;
	20551 : 49;
	20552 : 49;
	20553 : 49;
	20554 : 29;
	20555 : 29;
	20556 : 25;
	20557 : 25;
	20558 : 25;
	20559 : 25;
	20560 : 25;
	20561 : 25;
	20562 : 25;
	20563 : 25;
	20564 : 25;
	20565 : 25;
	20566 : 25;
	20567 : 25;
	20568 : 25;
	20569 : 25;
	20570 : 25;
	20571 : 25;
	20572 : 25;
	20573 : 25;
	20574 : 25;
	20575 : 25;
	20576 : 25;
	20577 : 25;
	20578 : 25;
	20579 : 25;
	20580 : 29;
	20581 : 29;
	20582 : 29;
	20583 : 25;
	20584 : 25;
	20585 : 29;
	20586 : 29;
	20587 : 29;
	20588 : 29;
	20589 : 29;
	20590 : 29;
	20591 : 29;
	20592 : 29;
	20593 : 29;
	20594 : 29;
	20595 : 29;
	20596 : 25;
	20597 : 25;
	20598 : 25;
	20599 : 25;
	20600 : 49;
	20601 : 49;
	20602 : 45;
	20603 : 25;
	20604 : 25;
	20605 : 25;
	20606 : 45;
	20607 : 49;
	20608 : 45;
	20609 : 45;
	20610 : 49;
	20611 : 49;
	20612 : 45;
	20613 : 45;
	20614 : 45;
	20615 : 49;
	20616 : 49;
	20617 : 49;
	20618 : 45;
	20619 : 45;
	20620 : 25;
	20621 : 25;
	20622 : 24;
	20623 : 44;
	20624 : 68;
	20625 : 89;
	20626 : 89;
	20627 : 89;
	20628 : 69;
	20629 : 68;
	20630 : 44;
	20631 : 24;
	20632 : 44;
	20633 : 44;
	20634 : 44;
	20635 : 44;
	20636 : 44;
	20637 : 44;
	20638 : 24;
	20639 : 24;
	20640 : 24;
	20641 : 44;
	20642 : 44;
	20643 : 44;
	20644 : 44;
	20645 : 24;
	20646 : 24;
	20647 : 24;
	20648 : 24;
	20649 : 24;
	20650 : 24;
	20651 : 24;
	20652 : 24;
	20653 : 24;
	20654 : 24;
	20655 : 24;
	20656 : 20;
	20657 : 24;
	20658 : 24;
	20659 : 24;
	20660 : 24;
	20661 : 24;
	20662 : 24;
	20663 : 24;
	20664 : 24;
	20665 : 24;
	20666 : 25;
	20667 : 25;
	20668 : 25;
	20669 : 49;
	20670 : 49;
	20671 : 49;
	20672 : 49;
	20673 : 25;
	20674 : 25;
	20675 : 24;
	20676 : 24;
	20677 : 25;
	20678 : 25;
	20679 : 25;
	20680 : 25;
	20681 : 24;
	20682 : 24;
	20683 : 24;
	20684 : 24;
	20685 : 24;
	20686 : 25;
	20687 : 25;
	20688 : 25;
	20689 : 25;
	20690 : 25;
	20691 : 25;
	20692 : 25;
	20693 : 25;
	20694 : 25;
	20695 : 25;
	20696 : 25;
	20697 : 25;
	20698 : 25;
	20699 : 25;
	20700 : 25;
	20701 : 25;
	20702 : 25;
	20703 : 25;
	20704 : 25;
	20705 : 25;
	20706 : 25;
	20707 : 29;
	20708 : 49;
	20709 : 49;
	20710 : 49;
	20711 : 49;
	20712 : 49;
	20713 : 49;
	20714 : 49;
	20715 : 49;
	20716 : 49;
	20717 : 49;
	20718 : 49;
	20719 : 49;
	20720 : 29;
	20721 : 25;
	20722 : 25;
	20723 : 25;
	20724 : 25;
	20725 : 25;
	20726 : 25;
	20727 : 25;
	20728 : 25;
	20729 : 25;
	20730 : 25;
	20731 : 25;
	20732 : 25;
	20733 : 25;
	20734 : 25;
	20735 : 25;
	20736 : 25;
	20737 : 25;
	20738 : 25;
	20739 : 29;
	20740 : 29;
	20741 : 25;
	20742 : 25;
	20743 : 25;
	20744 : 25;
	20745 : 49;
	20746 : 49;
	20747 : 49;
	20748 : 29;
	20749 : 29;
	20750 : 29;
	20751 : 25;
	20752 : 25;
	20753 : 25;
	20754 : 25;
	20755 : 25;
	20756 : 25;
	20757 : 29;
	20758 : 29;
	20759 : 29;
	20760 : 29;
	20761 : 29;
	20762 : 29;
	20763 : 29;
	20764 : 29;
	20765 : 29;
	20766 : 29;
	20767 : 29;
	20768 : 25;
	20769 : 25;
	20770 : 25;
	20771 : 25;
	20772 : 25;
	20773 : 25;
	20774 : 29;
	20775 : 29;
	20776 : 29;
	20777 : 29;
	20778 : 29;
	20779 : 29;
	20780 : 29;
	20781 : 29;
	20782 : 29;
	20783 : 25;
	20784 : 25;
	20785 : 25;
	20786 : 25;
	20787 : 25;
	20788 : 29;
	20789 : 29;
	20790 : 29;
	20791 : 29;
	20792 : 29;
	20793 : 29;
	20794 : 29;
	20795 : 25;
	20796 : 25;
	20797 : 25;
	20798 : 25;
	20799 : 25;
	20800 : 24;
	20801 : 24;
	20802 : 45;
	20803 : 49;
	20804 : 45;
	20805 : 49;
	20806 : 49;
	20807 : 49;
	20808 : 49;
	20809 : 49;
	20810 : 49;
	20811 : 49;
	20812 : 49;
	20813 : 49;
	20814 : 49;
	20815 : 49;
	20816 : 49;
	20817 : 49;
	20818 : 49;
	20819 : 49;
	20820 : 49;
	20821 : 25;
	20822 : 24;
	20823 : 44;
	20824 : 48;
	20825 : 69;
	20826 : 8D;
	20827 : 8D;
	20828 : 89;
	20829 : 68;
	20830 : 44;
	20831 : 44;
	20832 : 44;
	20833 : 44;
	20834 : 44;
	20835 : 44;
	20836 : 44;
	20837 : 44;
	20838 : 24;
	20839 : 24;
	20840 : 24;
	20841 : 24;
	20842 : 44;
	20843 : 44;
	20844 : 44;
	20845 : 44;
	20846 : 24;
	20847 : 24;
	20848 : 24;
	20849 : 24;
	20850 : 24;
	20851 : 24;
	20852 : 24;
	20853 : 24;
	20854 : 24;
	20855 : 24;
	20856 : 24;
	20857 : 24;
	20858 : 45;
	20859 : 49;
	20860 : 45;
	20861 : 45;
	20862 : 45;
	20863 : 45;
	20864 : 25;
	20865 : 25;
	20866 : 25;
	20867 : 25;
	20868 : 45;
	20869 : 49;
	20870 : 49;
	20871 : 49;
	20872 : 49;
	20873 : 25;
	20874 : 24;
	20875 : 24;
	20876 : 24;
	20877 : 25;
	20878 : 25;
	20879 : 25;
	20880 : 25;
	20881 : 25;
	20882 : 25;
	20883 : 24;
	20884 : 24;
	20885 : 25;
	20886 : 25;
	20887 : 25;
	20888 : 25;
	20889 : 25;
	20890 : 25;
	20891 : 25;
	20892 : 25;
	20893 : 25;
	20894 : 25;
	20895 : 25;
	20896 : 25;
	20897 : 25;
	20898 : 25;
	20899 : 25;
	20900 : 25;
	20901 : 25;
	20902 : 25;
	20903 : 25;
	20904 : 25;
	20905 : 25;
	20906 : 29;
	20907 : 29;
	20908 : 49;
	20909 : 49;
	20910 : 49;
	20911 : 49;
	20912 : 49;
	20913 : 49;
	20914 : 49;
	20915 : 49;
	20916 : 49;
	20917 : 49;
	20918 : 49;
	20919 : 49;
	20920 : 49;
	20921 : 29;
	20922 : 29;
	20923 : 29;
	20924 : 29;
	20925 : 29;
	20926 : 29;
	20927 : 25;
	20928 : 25;
	20929 : 25;
	20930 : 25;
	20931 : 25;
	20932 : 25;
	20933 : 25;
	20934 : 25;
	20935 : 25;
	20936 : 25;
	20937 : 25;
	20938 : 25;
	20939 : 25;
	20940 : 25;
	20941 : 25;
	20942 : 25;
	20943 : 25;
	20944 : 25;
	20945 : 25;
	20946 : 25;
	20947 : 25;
	20948 : 25;
	20949 : 29;
	20950 : 29;
	20951 : 29;
	20952 : 29;
	20953 : 29;
	20954 : 49;
	20955 : 49;
	20956 : 49;
	20957 : 49;
	20958 : 49;
	20959 : 49;
	20960 : 29;
	20961 : 29;
	20962 : 29;
	20963 : 29;
	20964 : 29;
	20965 : 29;
	20966 : 29;
	20967 : 29;
	20968 : 29;
	20969 : 29;
	20970 : 29;
	20971 : 29;
	20972 : 25;
	20973 : 29;
	20974 : 29;
	20975 : 29;
	20976 : 29;
	20977 : 29;
	20978 : 29;
	20979 : 29;
	20980 : 29;
	20981 : 29;
	20982 : 29;
	20983 : 29;
	20984 : 29;
	20985 : 25;
	20986 : 29;
	20987 : 29;
	20988 : 29;
	20989 : 29;
	20990 : 29;
	20991 : 29;
	20992 : 29;
	20993 : 29;
	20994 : 29;
	20995 : 25;
	20996 : 25;
	20997 : 25;
	20998 : 25;
	20999 : 25;
	21000 : 24;
	21001 : 24;
	21002 : 45;
	21003 : 49;
	21004 : 49;
	21005 : 49;
	21006 : 49;
	21007 : 49;
	21008 : 49;
	21009 : 49;
	21010 : 49;
	21011 : 49;
	21012 : 49;
	21013 : 49;
	21014 : 49;
	21015 : 49;
	21016 : 49;
	21017 : 49;
	21018 : 49;
	21019 : 49;
	21020 : 45;
	21021 : 25;
	21022 : 24;
	21023 : 44;
	21024 : 48;
	21025 : 68;
	21026 : 69;
	21027 : 89;
	21028 : 89;
	21029 : 68;
	21030 : 44;
	21031 : 44;
	21032 : 44;
	21033 : 44;
	21034 : 44;
	21035 : 44;
	21036 : 44;
	21037 : 44;
	21038 : 24;
	21039 : 24;
	21040 : 24;
	21041 : 44;
	21042 : 44;
	21043 : 44;
	21044 : 48;
	21045 : 44;
	21046 : 24;
	21047 : 24;
	21048 : 24;
	21049 : 24;
	21050 : 24;
	21051 : 24;
	21052 : 24;
	21053 : 24;
	21054 : 24;
	21055 : 24;
	21056 : 24;
	21057 : 24;
	21058 : 45;
	21059 : 49;
	21060 : 49;
	21061 : 49;
	21062 : 49;
	21063 : 49;
	21064 : 49;
	21065 : 49;
	21066 : 49;
	21067 : 49;
	21068 : 49;
	21069 : 49;
	21070 : 49;
	21071 : 49;
	21072 : 45;
	21073 : 25;
	21074 : 24;
	21075 : 24;
	21076 : 24;
	21077 : 25;
	21078 : 25;
	21079 : 25;
	21080 : 25;
	21081 : 25;
	21082 : 25;
	21083 : 25;
	21084 : 25;
	21085 : 25;
	21086 : 25;
	21087 : 25;
	21088 : 25;
	21089 : 25;
	21090 : 25;
	21091 : 25;
	21092 : 25;
	21093 : 25;
	21094 : 25;
	21095 : 25;
	21096 : 25;
	21097 : 25;
	21098 : 25;
	21099 : 25;
	21100 : 25;
	21101 : 25;
	21102 : 25;
	21103 : 25;
	21104 : 25;
	21105 : 25;
	21106 : 25;
	21107 : 29;
	21108 : 29;
	21109 : 29;
	21110 : 29;
	21111 : 29;
	21112 : 29;
	21113 : 29;
	21114 : 49;
	21115 : 49;
	21116 : 49;
	21117 : 49;
	21118 : 29;
	21119 : 29;
	21120 : 29;
	21121 : 29;
	21122 : 25;
	21123 : 25;
	21124 : 29;
	21125 : 29;
	21126 : 25;
	21127 : 25;
	21128 : 25;
	21129 : 25;
	21130 : 25;
	21131 : 25;
	21132 : 25;
	21133 : 25;
	21134 : 25;
	21135 : 25;
	21136 : 25;
	21137 : 25;
	21138 : 25;
	21139 : 25;
	21140 : 25;
	21141 : 25;
	21142 : 25;
	21143 : 25;
	21144 : 25;
	21145 : 25;
	21146 : 25;
	21147 : 25;
	21148 : 29;
	21149 : 29;
	21150 : 29;
	21151 : 29;
	21152 : 49;
	21153 : 49;
	21154 : 49;
	21155 : 49;
	21156 : 49;
	21157 : 49;
	21158 : 49;
	21159 : 49;
	21160 : 29;
	21161 : 29;
	21162 : 29;
	21163 : 29;
	21164 : 29;
	21165 : 29;
	21166 : 29;
	21167 : 29;
	21168 : 29;
	21169 : 29;
	21170 : 29;
	21171 : 29;
	21172 : 29;
	21173 : 29;
	21174 : 29;
	21175 : 29;
	21176 : 29;
	21177 : 29;
	21178 : 29;
	21179 : 29;
	21180 : 29;
	21181 : 29;
	21182 : 29;
	21183 : 29;
	21184 : 29;
	21185 : 29;
	21186 : 29;
	21187 : 29;
	21188 : 29;
	21189 : 29;
	21190 : 29;
	21191 : 29;
	21192 : 29;
	21193 : 29;
	21194 : 29;
	21195 : 29;
	21196 : 29;
	21197 : 25;
	21198 : 25;
	21199 : 25;
	21200 : 24;
	21201 : 24;
	21202 : 45;
	21203 : 49;
	21204 : 49;
	21205 : 49;
	21206 : 49;
	21207 : 49;
	21208 : 49;
	21209 : 49;
	21210 : 49;
	21211 : 49;
	21212 : 49;
	21213 : 49;
	21214 : 49;
	21215 : 49;
	21216 : 49;
	21217 : 49;
	21218 : 49;
	21219 : 49;
	21220 : 45;
	21221 : 25;
	21222 : 24;
	21223 : 44;
	21224 : 68;
	21225 : 68;
	21226 : 68;
	21227 : 69;
	21228 : 69;
	21229 : 48;
	21230 : 44;
	21231 : 44;
	21232 : 44;
	21233 : 44;
	21234 : 44;
	21235 : 44;
	21236 : 44;
	21237 : 24;
	21238 : 24;
	21239 : 24;
	21240 : 24;
	21241 : 44;
	21242 : 44;
	21243 : 44;
	21244 : 48;
	21245 : 44;
	21246 : 24;
	21247 : 24;
	21248 : 24;
	21249 : 24;
	21250 : 24;
	21251 : 24;
	21252 : 24;
	21253 : 24;
	21254 : 24;
	21255 : 24;
	21256 : 04;
	21257 : 04;
	21258 : 24;
	21259 : 49;
	21260 : 69;
	21261 : 69;
	21262 : 49;
	21263 : 49;
	21264 : 49;
	21265 : 49;
	21266 : 49;
	21267 : 49;
	21268 : 49;
	21269 : 49;
	21270 : 49;
	21271 : 45;
	21272 : 25;
	21273 : 25;
	21274 : 24;
	21275 : 24;
	21276 : 24;
	21277 : 25;
	21278 : 25;
	21279 : 25;
	21280 : 25;
	21281 : 25;
	21282 : 25;
	21283 : 25;
	21284 : 25;
	21285 : 25;
	21286 : 25;
	21287 : 25;
	21288 : 25;
	21289 : 25;
	21290 : 25;
	21291 : 25;
	21292 : 25;
	21293 : 25;
	21294 : 25;
	21295 : 25;
	21296 : 25;
	21297 : 25;
	21298 : 25;
	21299 : 25;
	21300 : 25;
	21301 : 25;
	21302 : 25;
	21303 : 25;
	21304 : 25;
	21305 : 25;
	21306 : 25;
	21307 : 25;
	21308 : 25;
	21309 : 25;
	21310 : 25;
	21311 : 25;
	21312 : 25;
	21313 : 25;
	21314 : 25;
	21315 : 25;
	21316 : 25;
	21317 : 25;
	21318 : 25;
	21319 : 25;
	21320 : 25;
	21321 : 25;
	21322 : 25;
	21323 : 25;
	21324 : 25;
	21325 : 25;
	21326 : 25;
	21327 : 25;
	21328 : 25;
	21329 : 25;
	21330 : 25;
	21331 : 25;
	21332 : 25;
	21333 : 25;
	21334 : 25;
	21335 : 25;
	21336 : 25;
	21337 : 25;
	21338 : 24;
	21339 : 25;
	21340 : 25;
	21341 : 25;
	21342 : 25;
	21343 : 25;
	21344 : 25;
	21345 : 25;
	21346 : 49;
	21347 : 49;
	21348 : 49;
	21349 : 29;
	21350 : 29;
	21351 : 29;
	21352 : 25;
	21353 : 29;
	21354 : 29;
	21355 : 29;
	21356 : 29;
	21357 : 29;
	21358 : 29;
	21359 : 29;
	21360 : 25;
	21361 : 25;
	21362 : 25;
	21363 : 29;
	21364 : 29;
	21365 : 29;
	21366 : 29;
	21367 : 29;
	21368 : 29;
	21369 : 29;
	21370 : 29;
	21371 : 29;
	21372 : 29;
	21373 : 29;
	21374 : 29;
	21375 : 29;
	21376 : 29;
	21377 : 29;
	21378 : 29;
	21379 : 29;
	21380 : 29;
	21381 : 29;
	21382 : 29;
	21383 : 29;
	21384 : 29;
	21385 : 29;
	21386 : 29;
	21387 : 29;
	21388 : 29;
	21389 : 29;
	21390 : 29;
	21391 : 29;
	21392 : 29;
	21393 : 29;
	21394 : 29;
	21395 : 29;
	21396 : 29;
	21397 : 25;
	21398 : 25;
	21399 : 25;
	21400 : 24;
	21401 : 25;
	21402 : 49;
	21403 : 49;
	21404 : 49;
	21405 : 49;
	21406 : 49;
	21407 : 49;
	21408 : 49;
	21409 : 49;
	21410 : 49;
	21411 : 49;
	21412 : 49;
	21413 : 49;
	21414 : 49;
	21415 : 49;
	21416 : 49;
	21417 : 49;
	21418 : 49;
	21419 : 49;
	21420 : 45;
	21421 : 44;
	21422 : 68;
	21423 : 69;
	21424 : 69;
	21425 : 69;
	21426 : 69;
	21427 : 69;
	21428 : 68;
	21429 : 44;
	21430 : 44;
	21431 : 24;
	21432 : 24;
	21433 : 44;
	21434 : 44;
	21435 : 44;
	21436 : 44;
	21437 : 44;
	21438 : 24;
	21439 : 24;
	21440 : 24;
	21441 : 44;
	21442 : 44;
	21443 : 44;
	21444 : 48;
	21445 : 44;
	21446 : 24;
	21447 : 24;
	21448 : 24;
	21449 : 24;
	21450 : 24;
	21451 : 24;
	21452 : 24;
	21453 : 24;
	21454 : 24;
	21455 : 24;
	21456 : 04;
	21457 : 04;
	21458 : 24;
	21459 : 24;
	21460 : 49;
	21461 : 49;
	21462 : 49;
	21463 : 49;
	21464 : 49;
	21465 : 49;
	21466 : 49;
	21467 : 49;
	21468 : 49;
	21469 : 49;
	21470 : 49;
	21471 : 25;
	21472 : 25;
	21473 : 24;
	21474 : 24;
	21475 : 24;
	21476 : 24;
	21477 : 25;
	21478 : 25;
	21479 : 25;
	21480 : 25;
	21481 : 25;
	21482 : 25;
	21483 : 25;
	21484 : 25;
	21485 : 25;
	21486 : 25;
	21487 : 25;
	21488 : 25;
	21489 : 25;
	21490 : 25;
	21491 : 25;
	21492 : 25;
	21493 : 25;
	21494 : 25;
	21495 : 25;
	21496 : 25;
	21497 : 25;
	21498 : 25;
	21499 : 25;
	21500 : 25;
	21501 : 25;
	21502 : 25;
	21503 : 29;
	21504 : 49;
	21505 : 49;
	21506 : 49;
	21507 : 49;
	21508 : 49;
	21509 : 49;
	21510 : 49;
	21511 : 49;
	21512 : 49;
	21513 : 49;
	21514 : 49;
	21515 : 49;
	21516 : 49;
	21517 : 49;
	21518 : 49;
	21519 : 49;
	21520 : 29;
	21521 : 29;
	21522 : 29;
	21523 : 25;
	21524 : 25;
	21525 : 25;
	21526 : 25;
	21527 : 25;
	21528 : 25;
	21529 : 25;
	21530 : 25;
	21531 : 25;
	21532 : 25;
	21533 : 25;
	21534 : 25;
	21535 : 25;
	21536 : 25;
	21537 : 25;
	21538 : 25;
	21539 : 25;
	21540 : 25;
	21541 : 25;
	21542 : 25;
	21543 : 25;
	21544 : 25;
	21545 : 25;
	21546 : 29;
	21547 : 29;
	21548 : 29;
	21549 : 29;
	21550 : 29;
	21551 : 29;
	21552 : 29;
	21553 : 29;
	21554 : 29;
	21555 : 29;
	21556 : 29;
	21557 : 29;
	21558 : 29;
	21559 : 29;
	21560 : 29;
	21561 : 29;
	21562 : 29;
	21563 : 29;
	21564 : 29;
	21565 : 29;
	21566 : 29;
	21567 : 29;
	21568 : 29;
	21569 : 29;
	21570 : 29;
	21571 : 29;
	21572 : 29;
	21573 : 29;
	21574 : 29;
	21575 : 29;
	21576 : 29;
	21577 : 29;
	21578 : 29;
	21579 : 29;
	21580 : 29;
	21581 : 29;
	21582 : 29;
	21583 : 29;
	21584 : 29;
	21585 : 29;
	21586 : 29;
	21587 : 29;
	21588 : 29;
	21589 : 29;
	21590 : 29;
	21591 : 49;
	21592 : 49;
	21593 : 29;
	21594 : 29;
	21595 : 29;
	21596 : 29;
	21597 : 25;
	21598 : 25;
	21599 : 25;
	21600 : 24;
	21601 : 49;
	21602 : 45;
	21603 : 49;
	21604 : 49;
	21605 : 49;
	21606 : 49;
	21607 : 49;
	21608 : 49;
	21609 : 49;
	21610 : 49;
	21611 : 49;
	21612 : 49;
	21613 : 49;
	21614 : 49;
	21615 : 49;
	21616 : 49;
	21617 : 49;
	21618 : 49;
	21619 : 49;
	21620 : 45;
	21621 : 48;
	21622 : 69;
	21623 : 89;
	21624 : 69;
	21625 : 69;
	21626 : 89;
	21627 : 89;
	21628 : 69;
	21629 : 44;
	21630 : 44;
	21631 : 44;
	21632 : 44;
	21633 : 44;
	21634 : 44;
	21635 : 44;
	21636 : 44;
	21637 : 44;
	21638 : 44;
	21639 : 24;
	21640 : 24;
	21641 : 44;
	21642 : 44;
	21643 : 44;
	21644 : 48;
	21645 : 44;
	21646 : 24;
	21647 : 24;
	21648 : 24;
	21649 : 24;
	21650 : 24;
	21651 : 24;
	21652 : 24;
	21653 : 24;
	21654 : 24;
	21655 : 24;
	21656 : 24;
	21657 : 04;
	21658 : 04;
	21659 : 24;
	21660 : 25;
	21661 : 49;
	21662 : 49;
	21663 : 49;
	21664 : 49;
	21665 : 49;
	21666 : 25;
	21667 : 25;
	21668 : 25;
	21669 : 25;
	21670 : 25;
	21671 : 25;
	21672 : 24;
	21673 : 24;
	21674 : 24;
	21675 : 24;
	21676 : 24;
	21677 : 25;
	21678 : 25;
	21679 : 25;
	21680 : 25;
	21681 : 25;
	21682 : 25;
	21683 : 25;
	21684 : 25;
	21685 : 25;
	21686 : 25;
	21687 : 25;
	21688 : 25;
	21689 : 25;
	21690 : 25;
	21691 : 25;
	21692 : 25;
	21693 : 25;
	21694 : 25;
	21695 : 25;
	21696 : 25;
	21697 : 25;
	21698 : 25;
	21699 : 25;
	21700 : 25;
	21701 : 25;
	21702 : 25;
	21703 : 29;
	21704 : 49;
	21705 : 49;
	21706 : 49;
	21707 : 49;
	21708 : 49;
	21709 : 49;
	21710 : 49;
	21711 : 49;
	21712 : 49;
	21713 : 49;
	21714 : 49;
	21715 : 49;
	21716 : 49;
	21717 : 49;
	21718 : 49;
	21719 : 49;
	21720 : 29;
	21721 : 29;
	21722 : 29;
	21723 : 25;
	21724 : 25;
	21725 : 25;
	21726 : 25;
	21727 : 25;
	21728 : 25;
	21729 : 25;
	21730 : 25;
	21731 : 25;
	21732 : 25;
	21733 : 25;
	21734 : 25;
	21735 : 25;
	21736 : 25;
	21737 : 25;
	21738 : 25;
	21739 : 25;
	21740 : 25;
	21741 : 25;
	21742 : 25;
	21743 : 25;
	21744 : 25;
	21745 : 25;
	21746 : 25;
	21747 : 29;
	21748 : 29;
	21749 : 29;
	21750 : 29;
	21751 : 29;
	21752 : 29;
	21753 : 29;
	21754 : 29;
	21755 : 29;
	21756 : 29;
	21757 : 29;
	21758 : 29;
	21759 : 29;
	21760 : 29;
	21761 : 29;
	21762 : 29;
	21763 : 29;
	21764 : 29;
	21765 : 29;
	21766 : 29;
	21767 : 29;
	21768 : 29;
	21769 : 29;
	21770 : 29;
	21771 : 29;
	21772 : 29;
	21773 : 29;
	21774 : 29;
	21775 : 29;
	21776 : 49;
	21777 : 49;
	21778 : 49;
	21779 : 49;
	21780 : 49;
	21781 : 49;
	21782 : 49;
	21783 : 49;
	21784 : 49;
	21785 : 49;
	21786 : 49;
	21787 : 29;
	21788 : 29;
	21789 : 29;
	21790 : 29;
	21791 : 49;
	21792 : 49;
	21793 : 29;
	21794 : 29;
	21795 : 49;
	21796 : 49;
	21797 : 25;
	21798 : 25;
	21799 : 25;
	21800 : 24;
	21801 : 49;
	21802 : 25;
	21803 : 45;
	21804 : 49;
	21805 : 49;
	21806 : 49;
	21807 : 49;
	21808 : 49;
	21809 : 49;
	21810 : 49;
	21811 : 49;
	21812 : 49;
	21813 : 49;
	21814 : 49;
	21815 : 49;
	21816 : 49;
	21817 : 49;
	21818 : 49;
	21819 : 25;
	21820 : 24;
	21821 : 48;
	21822 : 89;
	21823 : 8D;
	21824 : 8D;
	21825 : 8D;
	21826 : 8D;
	21827 : 8D;
	21828 : 69;
	21829 : 44;
	21830 : 44;
	21831 : 44;
	21832 : 44;
	21833 : 44;
	21834 : 44;
	21835 : 44;
	21836 : 44;
	21837 : 44;
	21838 : 44;
	21839 : 24;
	21840 : 24;
	21841 : 44;
	21842 : 44;
	21843 : 44;
	21844 : 44;
	21845 : 44;
	21846 : 24;
	21847 : 24;
	21848 : 24;
	21849 : 24;
	21850 : 24;
	21851 : 24;
	21852 : 24;
	21853 : 24;
	21854 : 24;
	21855 : 24;
	21856 : 24;
	21857 : 04;
	21858 : 04;
	21859 : 24;
	21860 : 25;
	21861 : 25;
	21862 : 25;
	21863 : 49;
	21864 : 45;
	21865 : 25;
	21866 : 25;
	21867 : 25;
	21868 : 25;
	21869 : 25;
	21870 : 25;
	21871 : 24;
	21872 : 24;
	21873 : 24;
	21874 : 24;
	21875 : 24;
	21876 : 24;
	21877 : 25;
	21878 : 25;
	21879 : 25;
	21880 : 25;
	21881 : 25;
	21882 : 25;
	21883 : 25;
	21884 : 25;
	21885 : 25;
	21886 : 25;
	21887 : 25;
	21888 : 25;
	21889 : 25;
	21890 : 25;
	21891 : 25;
	21892 : 25;
	21893 : 25;
	21894 : 25;
	21895 : 25;
	21896 : 25;
	21897 : 25;
	21898 : 25;
	21899 : 25;
	21900 : 25;
	21901 : 25;
	21902 : 25;
	21903 : 25;
	21904 : 25;
	21905 : 29;
	21906 : 29;
	21907 : 49;
	21908 : 49;
	21909 : 49;
	21910 : 49;
	21911 : 29;
	21912 : 29;
	21913 : 29;
	21914 : 49;
	21915 : 49;
	21916 : 49;
	21917 : 49;
	21918 : 29;
	21919 : 29;
	21920 : 29;
	21921 : 29;
	21922 : 25;
	21923 : 25;
	21924 : 25;
	21925 : 25;
	21926 : 25;
	21927 : 25;
	21928 : 25;
	21929 : 25;
	21930 : 25;
	21931 : 25;
	21932 : 25;
	21933 : 25;
	21934 : 25;
	21935 : 25;
	21936 : 25;
	21937 : 25;
	21938 : 25;
	21939 : 25;
	21940 : 29;
	21941 : 29;
	21942 : 29;
	21943 : 25;
	21944 : 25;
	21945 : 29;
	21946 : 29;
	21947 : 29;
	21948 : 29;
	21949 : 49;
	21950 : 49;
	21951 : 49;
	21952 : 29;
	21953 : 29;
	21954 : 29;
	21955 : 29;
	21956 : 29;
	21957 : 29;
	21958 : 29;
	21959 : 29;
	21960 : 29;
	21961 : 29;
	21962 : 29;
	21963 : 29;
	21964 : 29;
	21965 : 29;
	21966 : 29;
	21967 : 29;
	21968 : 29;
	21969 : 29;
	21970 : 29;
	21971 : 29;
	21972 : 29;
	21973 : 29;
	21974 : 49;
	21975 : 49;
	21976 : 49;
	21977 : 49;
	21978 : 49;
	21979 : 49;
	21980 : 49;
	21981 : 49;
	21982 : 49;
	21983 : 49;
	21984 : 29;
	21985 : 29;
	21986 : 29;
	21987 : 29;
	21988 : 29;
	21989 : 29;
	21990 : 29;
	21991 : 29;
	21992 : 29;
	21993 : 29;
	21994 : 49;
	21995 : 49;
	21996 : 49;
	21997 : 29;
	21998 : 25;
	21999 : 25;
	22000 : 24;
	22001 : 45;
	22002 : 24;
	22003 : 25;
	22004 : 49;
	22005 : 49;
	22006 : 49;
	22007 : 49;
	22008 : 49;
	22009 : 49;
	22010 : 49;
	22011 : 49;
	22012 : 49;
	22013 : 49;
	22014 : 49;
	22015 : 49;
	22016 : 49;
	22017 : 49;
	22018 : 25;
	22019 : 24;
	22020 : 24;
	22021 : 44;
	22022 : 69;
	22023 : 89;
	22024 : 8D;
	22025 : 8D;
	22026 : 8D;
	22027 : 8D;
	22028 : 69;
	22029 : 44;
	22030 : 44;
	22031 : 44;
	22032 : 44;
	22033 : 44;
	22034 : 44;
	22035 : 44;
	22036 : 44;
	22037 : 44;
	22038 : 44;
	22039 : 24;
	22040 : 24;
	22041 : 44;
	22042 : 44;
	22043 : 44;
	22044 : 44;
	22045 : 44;
	22046 : 24;
	22047 : 24;
	22048 : 24;
	22049 : 24;
	22050 : 24;
	22051 : 24;
	22052 : 24;
	22053 : 24;
	22054 : 24;
	22055 : 24;
	22056 : 24;
	22057 : 24;
	22058 : 24;
	22059 : 24;
	22060 : 24;
	22061 : 25;
	22062 : 25;
	22063 : 25;
	22064 : 25;
	22065 : 25;
	22066 : 25;
	22067 : 25;
	22068 : 25;
	22069 : 24;
	22070 : 24;
	22071 : 24;
	22072 : 24;
	22073 : 24;
	22074 : 24;
	22075 : 24;
	22076 : 24;
	22077 : 25;
	22078 : 25;
	22079 : 25;
	22080 : 25;
	22081 : 25;
	22082 : 25;
	22083 : 25;
	22084 : 25;
	22085 : 25;
	22086 : 25;
	22087 : 25;
	22088 : 25;
	22089 : 25;
	22090 : 25;
	22091 : 25;
	22092 : 25;
	22093 : 25;
	22094 : 25;
	22095 : 25;
	22096 : 25;
	22097 : 25;
	22098 : 25;
	22099 : 25;
	22100 : 25;
	22101 : 25;
	22102 : 25;
	22103 : 25;
	22104 : 25;
	22105 : 25;
	22106 : 25;
	22107 : 29;
	22108 : 29;
	22109 : 29;
	22110 : 29;
	22111 : 29;
	22112 : 29;
	22113 : 29;
	22114 : 29;
	22115 : 29;
	22116 : 29;
	22117 : 29;
	22118 : 29;
	22119 : 29;
	22120 : 29;
	22121 : 29;
	22122 : 29;
	22123 : 25;
	22124 : 25;
	22125 : 25;
	22126 : 25;
	22127 : 25;
	22128 : 25;
	22129 : 25;
	22130 : 25;
	22131 : 25;
	22132 : 25;
	22133 : 25;
	22134 : 25;
	22135 : 25;
	22136 : 29;
	22137 : 29;
	22138 : 29;
	22139 : 29;
	22140 : 29;
	22141 : 29;
	22142 : 29;
	22143 : 29;
	22144 : 29;
	22145 : 29;
	22146 : 29;
	22147 : 29;
	22148 : 29;
	22149 : 25;
	22150 : 25;
	22151 : 25;
	22152 : 25;
	22153 : 25;
	22154 : 25;
	22155 : 29;
	22156 : 29;
	22157 : 29;
	22158 : 29;
	22159 : 29;
	22160 : 29;
	22161 : 29;
	22162 : 49;
	22163 : 29;
	22164 : 29;
	22165 : 29;
	22166 : 29;
	22167 : 29;
	22168 : 29;
	22169 : 29;
	22170 : 29;
	22171 : 29;
	22172 : 29;
	22173 : 29;
	22174 : 29;
	22175 : 49;
	22176 : 49;
	22177 : 49;
	22178 : 49;
	22179 : 49;
	22180 : 49;
	22181 : 29;
	22182 : 29;
	22183 : 29;
	22184 : 29;
	22185 : 29;
	22186 : 29;
	22187 : 49;
	22188 : 49;
	22189 : 49;
	22190 : 29;
	22191 : 25;
	22192 : 25;
	22193 : 49;
	22194 : 49;
	22195 : 49;
	22196 : 49;
	22197 : 29;
	22198 : 25;
	22199 : 25;
	22200 : 24;
	22201 : 25;
	22202 : 24;
	22203 : 24;
	22204 : 24;
	22205 : 25;
	22206 : 24;
	22207 : 24;
	22208 : 24;
	22209 : 24;
	22210 : 24;
	22211 : 24;
	22212 : 24;
	22213 : 24;
	22214 : 24;
	22215 : 24;
	22216 : 24;
	22217 : 24;
	22218 : 24;
	22219 : 24;
	22220 : 24;
	22221 : 44;
	22222 : 69;
	22223 : 69;
	22224 : 89;
	22225 : 89;
	22226 : 89;
	22227 : 89;
	22228 : 69;
	22229 : 44;
	22230 : 44;
	22231 : 44;
	22232 : 24;
	22233 : 24;
	22234 : 44;
	22235 : 44;
	22236 : 44;
	22237 : 44;
	22238 : 24;
	22239 : 24;
	22240 : 24;
	22241 : 44;
	22242 : 44;
	22243 : 44;
	22244 : 44;
	22245 : 44;
	22246 : 24;
	22247 : 24;
	22248 : 24;
	22249 : 24;
	22250 : 24;
	22251 : 24;
	22252 : 24;
	22253 : 24;
	22254 : 24;
	22255 : 24;
	22256 : 24;
	22257 : 24;
	22258 : 24;
	22259 : 24;
	22260 : 24;
	22261 : 24;
	22262 : 24;
	22263 : 24;
	22264 : 24;
	22265 : 24;
	22266 : 24;
	22267 : 24;
	22268 : 24;
	22269 : 24;
	22270 : 24;
	22271 : 24;
	22272 : 24;
	22273 : 24;
	22274 : 24;
	22275 : 24;
	22276 : 24;
	22277 : 25;
	22278 : 25;
	22279 : 25;
	22280 : 25;
	22281 : 25;
	22282 : 25;
	22283 : 25;
	22284 : 25;
	22285 : 25;
	22286 : 25;
	22287 : 25;
	22288 : 25;
	22289 : 25;
	22290 : 25;
	22291 : 25;
	22292 : 25;
	22293 : 25;
	22294 : 25;
	22295 : 25;
	22296 : 25;
	22297 : 25;
	22298 : 25;
	22299 : 25;
	22300 : 25;
	22301 : 25;
	22302 : 25;
	22303 : 25;
	22304 : 25;
	22305 : 25;
	22306 : 25;
	22307 : 29;
	22308 : 29;
	22309 : 29;
	22310 : 29;
	22311 : 29;
	22312 : 29;
	22313 : 29;
	22314 : 29;
	22315 : 29;
	22316 : 25;
	22317 : 25;
	22318 : 29;
	22319 : 25;
	22320 : 25;
	22321 : 25;
	22322 : 25;
	22323 : 25;
	22324 : 25;
	22325 : 25;
	22326 : 25;
	22327 : 25;
	22328 : 25;
	22329 : 25;
	22330 : 25;
	22331 : 25;
	22332 : 25;
	22333 : 25;
	22334 : 25;
	22335 : 25;
	22336 : 25;
	22337 : 25;
	22338 : 25;
	22339 : 25;
	22340 : 25;
	22341 : 25;
	22342 : 25;
	22343 : 25;
	22344 : 25;
	22345 : 25;
	22346 : 29;
	22347 : 29;
	22348 : 25;
	22349 : 25;
	22350 : 29;
	22351 : 29;
	22352 : 29;
	22353 : 29;
	22354 : 29;
	22355 : 29;
	22356 : 29;
	22357 : 49;
	22358 : 49;
	22359 : 49;
	22360 : 49;
	22361 : 49;
	22362 : 49;
	22363 : 49;
	22364 : 29;
	22365 : 29;
	22366 : 29;
	22367 : 29;
	22368 : 29;
	22369 : 29;
	22370 : 49;
	22371 : 49;
	22372 : 49;
	22373 : 49;
	22374 : 49;
	22375 : 49;
	22376 : 49;
	22377 : 49;
	22378 : 49;
	22379 : 49;
	22380 : 49;
	22381 : 49;
	22382 : 49;
	22383 : 49;
	22384 : 49;
	22385 : 49;
	22386 : 49;
	22387 : 49;
	22388 : 49;
	22389 : 49;
	22390 : 29;
	22391 : 29;
	22392 : 29;
	22393 : 49;
	22394 : 49;
	22395 : 49;
	22396 : 4D;
	22397 : 29;
	22398 : 25;
	22399 : 25;
	22400 : 24;
	22401 : 24;
	22402 : 24;
	22403 : 24;
	22404 : 24;
	22405 : 24;
	22406 : 24;
	22407 : 24;
	22408 : 24;
	22409 : 24;
	22410 : 24;
	22411 : 24;
	22412 : 24;
	22413 : 24;
	22414 : 24;
	22415 : 24;
	22416 : 24;
	22417 : 24;
	22418 : 24;
	22419 : 04;
	22420 : 24;
	22421 : 44;
	22422 : 69;
	22423 : 69;
	22424 : 89;
	22425 : 89;
	22426 : 89;
	22427 : 89;
	22428 : 69;
	22429 : 44;
	22430 : 44;
	22431 : 44;
	22432 : 44;
	22433 : 44;
	22434 : 44;
	22435 : 44;
	22436 : 44;
	22437 : 44;
	22438 : 24;
	22439 : 24;
	22440 : 24;
	22441 : 44;
	22442 : 44;
	22443 : 44;
	22444 : 44;
	22445 : 44;
	22446 : 24;
	22447 : 24;
	22448 : 24;
	22449 : 24;
	22450 : 24;
	22451 : 24;
	22452 : 24;
	22453 : 24;
	22454 : 24;
	22455 : 24;
	22456 : 24;
	22457 : 24;
	22458 : 24;
	22459 : 24;
	22460 : 24;
	22461 : 24;
	22462 : 24;
	22463 : 24;
	22464 : 24;
	22465 : 24;
	22466 : 24;
	22467 : 24;
	22468 : 24;
	22469 : 24;
	22470 : 24;
	22471 : 24;
	22472 : 24;
	22473 : 24;
	22474 : 24;
	22475 : 24;
	22476 : 24;
	22477 : 25;
	22478 : 25;
	22479 : 25;
	22480 : 25;
	22481 : 25;
	22482 : 25;
	22483 : 25;
	22484 : 25;
	22485 : 25;
	22486 : 25;
	22487 : 25;
	22488 : 25;
	22489 : 25;
	22490 : 25;
	22491 : 25;
	22492 : 25;
	22493 : 25;
	22494 : 25;
	22495 : 25;
	22496 : 25;
	22497 : 25;
	22498 : 25;
	22499 : 25;
	22500 : 25;
	22501 : 25;
	22502 : 25;
	22503 : 25;
	22504 : 25;
	22505 : 25;
	22506 : 25;
	22507 : 29;
	22508 : 29;
	22509 : 29;
	22510 : 49;
	22511 : 49;
	22512 : 49;
	22513 : 49;
	22514 : 49;
	22515 : 29;
	22516 : 29;
	22517 : 29;
	22518 : 29;
	22519 : 29;
	22520 : 29;
	22521 : 25;
	22522 : 25;
	22523 : 25;
	22524 : 25;
	22525 : 25;
	22526 : 25;
	22527 : 25;
	22528 : 25;
	22529 : 25;
	22530 : 25;
	22531 : 25;
	22532 : 25;
	22533 : 25;
	22534 : 25;
	22535 : 25;
	22536 : 25;
	22537 : 25;
	22538 : 25;
	22539 : 25;
	22540 : 25;
	22541 : 25;
	22542 : 25;
	22543 : 25;
	22544 : 25;
	22545 : 25;
	22546 : 25;
	22547 : 25;
	22548 : 25;
	22549 : 25;
	22550 : 29;
	22551 : 29;
	22552 : 29;
	22553 : 29;
	22554 : 29;
	22555 : 49;
	22556 : 49;
	22557 : 49;
	22558 : 49;
	22559 : 49;
	22560 : 49;
	22561 : 49;
	22562 : 49;
	22563 : 29;
	22564 : 29;
	22565 : 29;
	22566 : 29;
	22567 : 29;
	22568 : 29;
	22569 : 49;
	22570 : 49;
	22571 : 49;
	22572 : 49;
	22573 : 49;
	22574 : 49;
	22575 : 49;
	22576 : 49;
	22577 : 49;
	22578 : 49;
	22579 : 49;
	22580 : 49;
	22581 : 49;
	22582 : 49;
	22583 : 49;
	22584 : 49;
	22585 : 49;
	22586 : 49;
	22587 : 49;
	22588 : 49;
	22589 : 49;
	22590 : 29;
	22591 : 29;
	22592 : 49;
	22593 : 49;
	22594 : 49;
	22595 : 49;
	22596 : 49;
	22597 : 29;
	22598 : 25;
	22599 : 24;
	22600 : 24;
	22601 : 24;
	22602 : 00;
	22603 : 24;
	22604 : 24;
	22605 : 24;
	22606 : 24;
	22607 : 24;
	22608 : 24;
	22609 : 24;
	22610 : 24;
	22611 : 24;
	22612 : 24;
	22613 : 24;
	22614 : 24;
	22615 : 24;
	22616 : 24;
	22617 : 24;
	22618 : 24;
	22619 : 24;
	22620 : 24;
	22621 : 44;
	22622 : 69;
	22623 : 69;
	22624 : 89;
	22625 : 89;
	22626 : 89;
	22627 : 89;
	22628 : 69;
	22629 : 44;
	22630 : 44;
	22631 : 44;
	22632 : 44;
	22633 : 44;
	22634 : 44;
	22635 : 44;
	22636 : 44;
	22637 : 44;
	22638 : 44;
	22639 : 24;
	22640 : 24;
	22641 : 44;
	22642 : 44;
	22643 : 44;
	22644 : 44;
	22645 : 44;
	22646 : 24;
	22647 : 24;
	22648 : 24;
	22649 : 24;
	22650 : 24;
	22651 : 24;
	22652 : 24;
	22653 : 24;
	22654 : 24;
	22655 : 24;
	22656 : 45;
	22657 : 45;
	22658 : 24;
	22659 : 24;
	22660 : 24;
	22661 : 24;
	22662 : 24;
	22663 : 24;
	22664 : 24;
	22665 : 24;
	22666 : 24;
	22667 : 24;
	22668 : 24;
	22669 : 24;
	22670 : 24;
	22671 : 24;
	22672 : 24;
	22673 : 24;
	22674 : 24;
	22675 : 24;
	22676 : 24;
	22677 : 25;
	22678 : 25;
	22679 : 25;
	22680 : 25;
	22681 : 25;
	22682 : 25;
	22683 : 25;
	22684 : 25;
	22685 : 24;
	22686 : 24;
	22687 : 25;
	22688 : 49;
	22689 : 49;
	22690 : 49;
	22691 : 25;
	22692 : 25;
	22693 : 25;
	22694 : 25;
	22695 : 25;
	22696 : 25;
	22697 : 25;
	22698 : 25;
	22699 : 25;
	22700 : 25;
	22701 : 25;
	22702 : 25;
	22703 : 25;
	22704 : 25;
	22705 : 29;
	22706 : 29;
	22707 : 29;
	22708 : 29;
	22709 : 29;
	22710 : 49;
	22711 : 49;
	22712 : 49;
	22713 : 49;
	22714 : 49;
	22715 : 49;
	22716 : 49;
	22717 : 49;
	22718 : 49;
	22719 : 49;
	22720 : 49;
	22721 : 25;
	22722 : 25;
	22723 : 25;
	22724 : 25;
	22725 : 25;
	22726 : 25;
	22727 : 25;
	22728 : 25;
	22729 : 25;
	22730 : 25;
	22731 : 25;
	22732 : 25;
	22733 : 25;
	22734 : 25;
	22735 : 25;
	22736 : 25;
	22737 : 25;
	22738 : 25;
	22739 : 25;
	22740 : 25;
	22741 : 25;
	22742 : 25;
	22743 : 25;
	22744 : 25;
	22745 : 25;
	22746 : 25;
	22747 : 25;
	22748 : 25;
	22749 : 25;
	22750 : 25;
	22751 : 29;
	22752 : 29;
	22753 : 29;
	22754 : 29;
	22755 : 29;
	22756 : 29;
	22757 : 29;
	22758 : 29;
	22759 : 29;
	22760 : 29;
	22761 : 29;
	22762 : 29;
	22763 : 29;
	22764 : 29;
	22765 : 29;
	22766 : 29;
	22767 : 29;
	22768 : 29;
	22769 : 49;
	22770 : 49;
	22771 : 49;
	22772 : 49;
	22773 : 49;
	22774 : 49;
	22775 : 29;
	22776 : 29;
	22777 : 29;
	22778 : 29;
	22779 : 29;
	22780 : 29;
	22781 : 29;
	22782 : 49;
	22783 : 49;
	22784 : 49;
	22785 : 49;
	22786 : 29;
	22787 : 49;
	22788 : 49;
	22789 : 49;
	22790 : 29;
	22791 : 29;
	22792 : 49;
	22793 : 49;
	22794 : 49;
	22795 : 49;
	22796 : 49;
	22797 : 25;
	22798 : 25;
	22799 : 24;
	22800 : 24;
	22801 : 20;
	22802 : 00;
	22803 : 24;
	22804 : 24;
	22805 : 24;
	22806 : 24;
	22807 : 24;
	22808 : 24;
	22809 : 24;
	22810 : 24;
	22811 : 24;
	22812 : 24;
	22813 : 24;
	22814 : 24;
	22815 : 25;
	22816 : 25;
	22817 : 25;
	22818 : 25;
	22819 : 25;
	22820 : 25;
	22821 : 44;
	22822 : 68;
	22823 : 68;
	22824 : 69;
	22825 : 69;
	22826 : 89;
	22827 : 89;
	22828 : 69;
	22829 : 44;
	22830 : 44;
	22831 : 44;
	22832 : 44;
	22833 : 44;
	22834 : 44;
	22835 : 44;
	22836 : 44;
	22837 : 44;
	22838 : 24;
	22839 : 24;
	22840 : 24;
	22841 : 24;
	22842 : 44;
	22843 : 44;
	22844 : 44;
	22845 : 44;
	22846 : 24;
	22847 : 24;
	22848 : 24;
	22849 : 24;
	22850 : 24;
	22851 : 24;
	22852 : 24;
	22853 : 24;
	22854 : 24;
	22855 : 44;
	22856 : 49;
	22857 : 44;
	22858 : 24;
	22859 : 24;
	22860 : 24;
	22861 : 24;
	22862 : 04;
	22863 : 04;
	22864 : 04;
	22865 : 24;
	22866 : 24;
	22867 : 24;
	22868 : 24;
	22869 : 24;
	22870 : 24;
	22871 : 24;
	22872 : 24;
	22873 : 24;
	22874 : 24;
	22875 : 24;
	22876 : 24;
	22877 : 24;
	22878 : 24;
	22879 : 24;
	22880 : 24;
	22881 : 24;
	22882 : 24;
	22883 : 24;
	22884 : 24;
	22885 : 24;
	22886 : 24;
	22887 : 45;
	22888 : 49;
	22889 : 49;
	22890 : 49;
	22891 : 49;
	22892 : 25;
	22893 : 25;
	22894 : 25;
	22895 : 25;
	22896 : 25;
	22897 : 25;
	22898 : 25;
	22899 : 25;
	22900 : 25;
	22901 : 25;
	22902 : 25;
	22903 : 29;
	22904 : 25;
	22905 : 29;
	22906 : 29;
	22907 : 29;
	22908 : 25;
	22909 : 29;
	22910 : 29;
	22911 : 49;
	22912 : 49;
	22913 : 49;
	22914 : 49;
	22915 : 49;
	22916 : 49;
	22917 : 49;
	22918 : 49;
	22919 : 49;
	22920 : 29;
	22921 : 25;
	22922 : 25;
	22923 : 25;
	22924 : 25;
	22925 : 25;
	22926 : 25;
	22927 : 25;
	22928 : 25;
	22929 : 25;
	22930 : 25;
	22931 : 25;
	22932 : 25;
	22933 : 25;
	22934 : 25;
	22935 : 25;
	22936 : 25;
	22937 : 25;
	22938 : 25;
	22939 : 25;
	22940 : 25;
	22941 : 25;
	22942 : 25;
	22943 : 25;
	22944 : 25;
	22945 : 25;
	22946 : 25;
	22947 : 25;
	22948 : 25;
	22949 : 25;
	22950 : 25;
	22951 : 25;
	22952 : 29;
	22953 : 29;
	22954 : 29;
	22955 : 29;
	22956 : 29;
	22957 : 29;
	22958 : 29;
	22959 : 29;
	22960 : 29;
	22961 : 29;
	22962 : 29;
	22963 : 29;
	22964 : 29;
	22965 : 29;
	22966 : 29;
	22967 : 29;
	22968 : 29;
	22969 : 29;
	22970 : 29;
	22971 : 29;
	22972 : 29;
	22973 : 29;
	22974 : 29;
	22975 : 29;
	22976 : 29;
	22977 : 29;
	22978 : 29;
	22979 : 29;
	22980 : 29;
	22981 : 29;
	22982 : 29;
	22983 : 29;
	22984 : 29;
	22985 : 29;
	22986 : 29;
	22987 : 49;
	22988 : 29;
	22989 : 25;
	22990 : 29;
	22991 : 29;
	22992 : 29;
	22993 : 49;
	22994 : 29;
	22995 : 29;
	22996 : 29;
	22997 : 25;
	22998 : 25;
	22999 : 24;
	23000 : 24;
	23001 : 24;
	23002 : 24;
	23003 : 25;
	23004 : 25;
	23005 : 25;
	23006 : 25;
	23007 : 25;
	23008 : 49;
	23009 : 49;
	23010 : 49;
	23011 : 49;
	23012 : 49;
	23013 : 49;
	23014 : 49;
	23015 : 49;
	23016 : 49;
	23017 : 49;
	23018 : 49;
	23019 : 49;
	23020 : 49;
	23021 : 49;
	23022 : 69;
	23023 : 49;
	23024 : 69;
	23025 : 68;
	23026 : 68;
	23027 : 68;
	23028 : 68;
	23029 : 44;
	23030 : 44;
	23031 : 44;
	23032 : 44;
	23033 : 44;
	23034 : 24;
	23035 : 24;
	23036 : 44;
	23037 : 44;
	23038 : 24;
	23039 : 24;
	23040 : 24;
	23041 : 24;
	23042 : 44;
	23043 : 44;
	23044 : 44;
	23045 : 44;
	23046 : 24;
	23047 : 24;
	23048 : 24;
	23049 : 24;
	23050 : 24;
	23051 : 24;
	23052 : 24;
	23053 : 24;
	23054 : 24;
	23055 : 24;
	23056 : 44;
	23057 : 24;
	23058 : 24;
	23059 : 24;
	23060 : 24;
	23061 : 24;
	23062 : 04;
	23063 : 04;
	23064 : 04;
	23065 : 24;
	23066 : 24;
	23067 : 24;
	23068 : 24;
	23069 : 24;
	23070 : 24;
	23071 : 24;
	23072 : 24;
	23073 : 24;
	23074 : 24;
	23075 : 24;
	23076 : 24;
	23077 : 24;
	23078 : 24;
	23079 : 24;
	23080 : 24;
	23081 : 24;
	23082 : 24;
	23083 : 24;
	23084 : 24;
	23085 : 25;
	23086 : 25;
	23087 : 45;
	23088 : 49;
	23089 : 49;
	23090 : 49;
	23091 : 25;
	23092 : 25;
	23093 : 25;
	23094 : 25;
	23095 : 25;
	23096 : 25;
	23097 : 25;
	23098 : 25;
	23099 : 25;
	23100 : 25;
	23101 : 25;
	23102 : 25;
	23103 : 25;
	23104 : 29;
	23105 : 29;
	23106 : 29;
	23107 : 25;
	23108 : 29;
	23109 : 29;
	23110 : 29;
	23111 : 29;
	23112 : 49;
	23113 : 49;
	23114 : 49;
	23115 : 49;
	23116 : 29;
	23117 : 25;
	23118 : 25;
	23119 : 25;
	23120 : 25;
	23121 : 25;
	23122 : 25;
	23123 : 25;
	23124 : 25;
	23125 : 25;
	23126 : 25;
	23127 : 25;
	23128 : 25;
	23129 : 25;
	23130 : 25;
	23131 : 25;
	23132 : 25;
	23133 : 25;
	23134 : 25;
	23135 : 25;
	23136 : 25;
	23137 : 25;
	23138 : 25;
	23139 : 25;
	23140 : 25;
	23141 : 25;
	23142 : 25;
	23143 : 25;
	23144 : 25;
	23145 : 25;
	23146 : 25;
	23147 : 25;
	23148 : 25;
	23149 : 25;
	23150 : 25;
	23151 : 25;
	23152 : 25;
	23153 : 25;
	23154 : 25;
	23155 : 25;
	23156 : 25;
	23157 : 25;
	23158 : 25;
	23159 : 25;
	23160 : 25;
	23161 : 29;
	23162 : 29;
	23163 : 29;
	23164 : 29;
	23165 : 29;
	23166 : 29;
	23167 : 29;
	23168 : 29;
	23169 : 29;
	23170 : 25;
	23171 : 25;
	23172 : 29;
	23173 : 29;
	23174 : 29;
	23175 : 29;
	23176 : 25;
	23177 : 25;
	23178 : 25;
	23179 : 25;
	23180 : 25;
	23181 : 25;
	23182 : 25;
	23183 : 25;
	23184 : 25;
	23185 : 25;
	23186 : 49;
	23187 : 29;
	23188 : 25;
	23189 : 25;
	23190 : 25;
	23191 : 29;
	23192 : 29;
	23193 : 29;
	23194 : 29;
	23195 : 29;
	23196 : 29;
	23197 : 25;
	23198 : 24;
	23199 : 24;
	23200 : 44;
	23201 : 45;
	23202 : 49;
	23203 : 49;
	23204 : 49;
	23205 : 49;
	23206 : 49;
	23207 : 49;
	23208 : 69;
	23209 : 69;
	23210 : 6D;
	23211 : 6D;
	23212 : 6D;
	23213 : 6D;
	23214 : 6D;
	23215 : 6D;
	23216 : 6D;
	23217 : 6D;
	23218 : 6D;
	23219 : 6D;
	23220 : 6D;
	23221 : 69;
	23222 : 69;
	23223 : 69;
	23224 : 69;
	23225 : 49;
	23226 : 49;
	23227 : 69;
	23228 : 48;
	23229 : 44;
	23230 : 44;
	23231 : 44;
	23232 : 44;
	23233 : 44;
	23234 : 45;
	23235 : 45;
	23236 : 49;
	23237 : 49;
	23238 : 49;
	23239 : 49;
	23240 : 49;
	23241 : 49;
	23242 : 45;
	23243 : 49;
	23244 : 49;
	23245 : 45;
	23246 : 44;
	23247 : 44;
	23248 : 49;
	23249 : 49;
	23250 : 49;
	23251 : 44;
	23252 : 44;
	23253 : 44;
	23254 : 24;
	23255 : 24;
	23256 : 24;
	23257 : 24;
	23258 : 24;
	23259 : 24;
	23260 : 24;
	23261 : 24;
	23262 : 24;
	23263 : 24;
	23264 : 24;
	23265 : 24;
	23266 : 24;
	23267 : 24;
	23268 : 24;
	23269 : 24;
	23270 : 24;
	23271 : 24;
	23272 : 24;
	23273 : 25;
	23274 : 25;
	23275 : 25;
	23276 : 24;
	23277 : 24;
	23278 : 24;
	23279 : 25;
	23280 : 25;
	23281 : 25;
	23282 : 25;
	23283 : 25;
	23284 : 25;
	23285 : 25;
	23286 : 25;
	23287 : 49;
	23288 : 25;
	23289 : 25;
	23290 : 25;
	23291 : 25;
	23292 : 25;
	23293 : 25;
	23294 : 25;
	23295 : 25;
	23296 : 25;
	23297 : 25;
	23298 : 25;
	23299 : 25;
	23300 : 25;
	23301 : 25;
	23302 : 25;
	23303 : 25;
	23304 : 25;
	23305 : 29;
	23306 : 29;
	23307 : 29;
	23308 : 29;
	23309 : 29;
	23310 : 29;
	23311 : 29;
	23312 : 29;
	23313 : 29;
	23314 : 29;
	23315 : 29;
	23316 : 25;
	23317 : 25;
	23318 : 25;
	23319 : 25;
	23320 : 25;
	23321 : 25;
	23322 : 25;
	23323 : 25;
	23324 : 25;
	23325 : 25;
	23326 : 25;
	23327 : 25;
	23328 : 25;
	23329 : 25;
	23330 : 25;
	23331 : 25;
	23332 : 25;
	23333 : 25;
	23334 : 25;
	23335 : 25;
	23336 : 25;
	23337 : 25;
	23338 : 25;
	23339 : 25;
	23340 : 25;
	23341 : 25;
	23342 : 25;
	23343 : 25;
	23344 : 25;
	23345 : 25;
	23346 : 25;
	23347 : 25;
	23348 : 25;
	23349 : 25;
	23350 : 25;
	23351 : 25;
	23352 : 25;
	23353 : 25;
	23354 : 25;
	23355 : 25;
	23356 : 25;
	23357 : 25;
	23358 : 25;
	23359 : 25;
	23360 : 25;
	23361 : 25;
	23362 : 25;
	23363 : 25;
	23364 : 25;
	23365 : 25;
	23366 : 25;
	23367 : 25;
	23368 : 25;
	23369 : 25;
	23370 : 25;
	23371 : 25;
	23372 : 25;
	23373 : 25;
	23374 : 25;
	23375 : 25;
	23376 : 25;
	23377 : 25;
	23378 : 25;
	23379 : 25;
	23380 : 25;
	23381 : 25;
	23382 : 25;
	23383 : 25;
	23384 : 25;
	23385 : 29;
	23386 : 49;
	23387 : 25;
	23388 : 25;
	23389 : 25;
	23390 : 25;
	23391 : 25;
	23392 : 25;
	23393 : 25;
	23394 : 25;
	23395 : 25;
	23396 : 25;
	23397 : 25;
	23398 : 24;
	23399 : 24;
	23400 : 49;
	23401 : 6D;
	23402 : 6D;
	23403 : 6D;
	23404 : 6D;
	23405 : 6D;
	23406 : 6D;
	23407 : 6D;
	23408 : 6D;
	23409 : 8D;
	23410 : 8D;
	23411 : 8D;
	23412 : 8D;
	23413 : 8D;
	23414 : 8D;
	23415 : 8D;
	23416 : 8D;
	23417 : 8D;
	23418 : 8D;
	23419 : 8D;
	23420 : 8D;
	23421 : 8D;
	23422 : 8D;
	23423 : 8D;
	23424 : 8D;
	23425 : 8D;
	23426 : 6D;
	23427 : 6D;
	23428 : 69;
	23429 : 69;
	23430 : 69;
	23431 : 69;
	23432 : 69;
	23433 : 69;
	23434 : 69;
	23435 : 69;
	23436 : 6D;
	23437 : 6D;
	23438 : 6D;
	23439 : 69;
	23440 : 69;
	23441 : 69;
	23442 : 69;
	23443 : 69;
	23444 : 69;
	23445 : 69;
	23446 : 69;
	23447 : 69;
	23448 : 69;
	23449 : 69;
	23450 : 49;
	23451 : 49;
	23452 : 49;
	23453 : 49;
	23454 : 49;
	23455 : 45;
	23456 : 24;
	23457 : 24;
	23458 : 24;
	23459 : 24;
	23460 : 24;
	23461 : 24;
	23462 : 24;
	23463 : 24;
	23464 : 24;
	23465 : 24;
	23466 : 24;
	23467 : 24;
	23468 : 24;
	23469 : 24;
	23470 : 24;
	23471 : 25;
	23472 : 25;
	23473 : 49;
	23474 : 49;
	23475 : 49;
	23476 : 49;
	23477 : 49;
	23478 : 25;
	23479 : 25;
	23480 : 25;
	23481 : 25;
	23482 : 25;
	23483 : 25;
	23484 : 25;
	23485 : 25;
	23486 : 25;
	23487 : 25;
	23488 : 25;
	23489 : 25;
	23490 : 25;
	23491 : 25;
	23492 : 25;
	23493 : 25;
	23494 : 25;
	23495 : 25;
	23496 : 25;
	23497 : 25;
	23498 : 25;
	23499 : 25;
	23500 : 25;
	23501 : 25;
	23502 : 25;
	23503 : 25;
	23504 : 25;
	23505 : 29;
	23506 : 29;
	23507 : 29;
	23508 : 29;
	23509 : 29;
	23510 : 29;
	23511 : 29;
	23512 : 29;
	23513 : 29;
	23514 : 29;
	23515 : 29;
	23516 : 25;
	23517 : 25;
	23518 : 25;
	23519 : 25;
	23520 : 25;
	23521 : 25;
	23522 : 25;
	23523 : 25;
	23524 : 25;
	23525 : 25;
	23526 : 25;
	23527 : 25;
	23528 : 25;
	23529 : 25;
	23530 : 25;
	23531 : 25;
	23532 : 25;
	23533 : 25;
	23534 : 25;
	23535 : 25;
	23536 : 25;
	23537 : 25;
	23538 : 25;
	23539 : 25;
	23540 : 25;
	23541 : 25;
	23542 : 25;
	23543 : 25;
	23544 : 25;
	23545 : 25;
	23546 : 25;
	23547 : 25;
	23548 : 25;
	23549 : 25;
	23550 : 25;
	23551 : 25;
	23552 : 25;
	23553 : 25;
	23554 : 25;
	23555 : 25;
	23556 : 25;
	23557 : 25;
	23558 : 25;
	23559 : 25;
	23560 : 25;
	23561 : 25;
	23562 : 25;
	23563 : 25;
	23564 : 25;
	23565 : 25;
	23566 : 25;
	23567 : 25;
	23568 : 25;
	23569 : 25;
	23570 : 25;
	23571 : 25;
	23572 : 25;
	23573 : 25;
	23574 : 25;
	23575 : 25;
	23576 : 25;
	23577 : 25;
	23578 : 25;
	23579 : 25;
	23580 : 25;
	23581 : 29;
	23582 : 29;
	23583 : 25;
	23584 : 25;
	23585 : 49;
	23586 : 25;
	23587 : 25;
	23588 : 25;
	23589 : 25;
	23590 : 25;
	23591 : 25;
	23592 : 25;
	23593 : 25;
	23594 : 25;
	23595 : 25;
	23596 : 25;
	23597 : 25;
	23598 : 24;
	23599 : 24;
	23600 : 49;
	23601 : 8D;
	23602 : 8D;
	23603 : 8D;
	23604 : 8D;
	23605 : 8D;
	23606 : 8D;
	23607 : 8D;
	23608 : 8D;
	23609 : 8D;
	23610 : 91;
	23611 : 91;
	23612 : 8D;
	23613 : 8D;
	23614 : 8D;
	23615 : 8D;
	23616 : 8D;
	23617 : 8D;
	23618 : 8D;
	23619 : 8D;
	23620 : 8D;
	23621 : 8D;
	23622 : 8D;
	23623 : 8D;
	23624 : 8D;
	23625 : 8D;
	23626 : 8D;
	23627 : 6D;
	23628 : 6D;
	23629 : 6D;
	23630 : 6D;
	23631 : 6D;
	23632 : 6D;
	23633 : 6D;
	23634 : 6D;
	23635 : 6D;
	23636 : 8D;
	23637 : 8D;
	23638 : 8D;
	23639 : 6D;
	23640 : 69;
	23641 : 69;
	23642 : 69;
	23643 : 69;
	23644 : 69;
	23645 : 49;
	23646 : 49;
	23647 : 49;
	23648 : 49;
	23649 : 49;
	23650 : 45;
	23651 : 45;
	23652 : 24;
	23653 : 24;
	23654 : 24;
	23655 : 24;
	23656 : 24;
	23657 : 24;
	23658 : 24;
	23659 : 24;
	23660 : 24;
	23661 : 24;
	23662 : 24;
	23663 : 24;
	23664 : 24;
	23665 : 24;
	23666 : 24;
	23667 : 24;
	23668 : 24;
	23669 : 24;
	23670 : 24;
	23671 : 24;
	23672 : 25;
	23673 : 25;
	23674 : 25;
	23675 : 25;
	23676 : 25;
	23677 : 25;
	23678 : 25;
	23679 : 25;
	23680 : 25;
	23681 : 25;
	23682 : 25;
	23683 : 25;
	23684 : 25;
	23685 : 25;
	23686 : 25;
	23687 : 25;
	23688 : 25;
	23689 : 25;
	23690 : 25;
	23691 : 25;
	23692 : 25;
	23693 : 25;
	23694 : 29;
	23695 : 29;
	23696 : 29;
	23697 : 29;
	23698 : 29;
	23699 : 29;
	23700 : 29;
	23701 : 29;
	23702 : 29;
	23703 : 29;
	23704 : 29;
	23705 : 29;
	23706 : 29;
	23707 : 29;
	23708 : 25;
	23709 : 25;
	23710 : 25;
	23711 : 25;
	23712 : 25;
	23713 : 25;
	23714 : 25;
	23715 : 25;
	23716 : 25;
	23717 : 25;
	23718 : 25;
	23719 : 25;
	23720 : 25;
	23721 : 25;
	23722 : 25;
	23723 : 25;
	23724 : 25;
	23725 : 25;
	23726 : 25;
	23727 : 25;
	23728 : 25;
	23729 : 25;
	23730 : 25;
	23731 : 25;
	23732 : 25;
	23733 : 25;
	23734 : 25;
	23735 : 25;
	23736 : 25;
	23737 : 25;
	23738 : 25;
	23739 : 25;
	23740 : 25;
	23741 : 25;
	23742 : 25;
	23743 : 25;
	23744 : 25;
	23745 : 25;
	23746 : 25;
	23747 : 25;
	23748 : 25;
	23749 : 25;
	23750 : 25;
	23751 : 25;
	23752 : 25;
	23753 : 25;
	23754 : 25;
	23755 : 25;
	23756 : 25;
	23757 : 25;
	23758 : 25;
	23759 : 25;
	23760 : 25;
	23761 : 25;
	23762 : 25;
	23763 : 25;
	23764 : 25;
	23765 : 25;
	23766 : 25;
	23767 : 25;
	23768 : 25;
	23769 : 25;
	23770 : 25;
	23771 : 25;
	23772 : 25;
	23773 : 25;
	23774 : 25;
	23775 : 25;
	23776 : 29;
	23777 : 29;
	23778 : 29;
	23779 : 25;
	23780 : 29;
	23781 : 29;
	23782 : 29;
	23783 : 29;
	23784 : 29;
	23785 : 29;
	23786 : 25;
	23787 : 25;
	23788 : 25;
	23789 : 25;
	23790 : 25;
	23791 : 25;
	23792 : 25;
	23793 : 25;
	23794 : 25;
	23795 : 25;
	23796 : 25;
	23797 : 25;
	23798 : 24;
	23799 : 24;
	23800 : 6D;
	23801 : 91;
	23802 : 91;
	23803 : 91;
	23804 : 91;
	23805 : 91;
	23806 : 91;
	23807 : 91;
	23808 : 91;
	23809 : 91;
	23810 : 91;
	23811 : 91;
	23812 : 91;
	23813 : 91;
	23814 : 8D;
	23815 : 8D;
	23816 : 8D;
	23817 : 8D;
	23818 : 8D;
	23819 : 8D;
	23820 : 8D;
	23821 : 8D;
	23822 : 8D;
	23823 : 8D;
	23824 : 8D;
	23825 : 8D;
	23826 : 6D;
	23827 : 6D;
	23828 : 6D;
	23829 : 6D;
	23830 : 8D;
	23831 : 8D;
	23832 : 8D;
	23833 : 8D;
	23834 : 6D;
	23835 : 69;
	23836 : 69;
	23837 : 69;
	23838 : 69;
	23839 : 69;
	23840 : 69;
	23841 : 49;
	23842 : 49;
	23843 : 49;
	23844 : 49;
	23845 : 45;
	23846 : 25;
	23847 : 24;
	23848 : 24;
	23849 : 24;
	23850 : 24;
	23851 : 24;
	23852 : 24;
	23853 : 24;
	23854 : 24;
	23855 : 24;
	23856 : 24;
	23857 : 24;
	23858 : 24;
	23859 : 24;
	23860 : 44;
	23861 : 44;
	23862 : 44;
	23863 : 44;
	23864 : 44;
	23865 : 44;
	23866 : 44;
	23867 : 45;
	23868 : 45;
	23869 : 45;
	23870 : 25;
	23871 : 24;
	23872 : 24;
	23873 : 24;
	23874 : 25;
	23875 : 25;
	23876 : 25;
	23877 : 25;
	23878 : 25;
	23879 : 25;
	23880 : 25;
	23881 : 25;
	23882 : 25;
	23883 : 25;
	23884 : 29;
	23885 : 49;
	23886 : 49;
	23887 : 49;
	23888 : 25;
	23889 : 25;
	23890 : 25;
	23891 : 25;
	23892 : 25;
	23893 : 25;
	23894 : 49;
	23895 : 49;
	23896 : 49;
	23897 : 49;
	23898 : 49;
	23899 : 49;
	23900 : 29;
	23901 : 29;
	23902 : 29;
	23903 : 29;
	23904 : 29;
	23905 : 29;
	23906 : 49;
	23907 : 49;
	23908 : 25;
	23909 : 25;
	23910 : 25;
	23911 : 25;
	23912 : 25;
	23913 : 25;
	23914 : 25;
	23915 : 25;
	23916 : 25;
	23917 : 25;
	23918 : 25;
	23919 : 25;
	23920 : 25;
	23921 : 25;
	23922 : 25;
	23923 : 25;
	23924 : 25;
	23925 : 25;
	23926 : 25;
	23927 : 25;
	23928 : 25;
	23929 : 25;
	23930 : 25;
	23931 : 25;
	23932 : 25;
	23933 : 25;
	23934 : 25;
	23935 : 25;
	23936 : 25;
	23937 : 25;
	23938 : 25;
	23939 : 25;
	23940 : 25;
	23941 : 25;
	23942 : 25;
	23943 : 25;
	23944 : 25;
	23945 : 25;
	23946 : 25;
	23947 : 25;
	23948 : 25;
	23949 : 25;
	23950 : 25;
	23951 : 25;
	23952 : 25;
	23953 : 25;
	23954 : 25;
	23955 : 25;
	23956 : 25;
	23957 : 25;
	23958 : 25;
	23959 : 25;
	23960 : 25;
	23961 : 25;
	23962 : 25;
	23963 : 25;
	23964 : 25;
	23965 : 25;
	23966 : 25;
	23967 : 25;
	23968 : 25;
	23969 : 25;
	23970 : 25;
	23971 : 25;
	23972 : 25;
	23973 : 25;
	23974 : 25;
	23975 : 25;
	23976 : 29;
	23977 : 49;
	23978 : 29;
	23979 : 25;
	23980 : 29;
	23981 : 49;
	23982 : 49;
	23983 : 49;
	23984 : 49;
	23985 : 29;
	23986 : 25;
	23987 : 25;
	23988 : 25;
	23989 : 25;
	23990 : 25;
	23991 : 29;
	23992 : 29;
	23993 : 29;
	23994 : 29;
	23995 : 29;
	23996 : 25;
	23997 : 25;
	23998 : 24;
	23999 : 24;
	24000 : 91;
	24001 : 91;
	24002 : 91;
	24003 : 91;
	24004 : 91;
	24005 : 91;
	24006 : 91;
	24007 : 91;
	24008 : 91;
	24009 : 91;
	24010 : 91;
	24011 : 91;
	24012 : 91;
	24013 : 91;
	24014 : 91;
	24015 : 91;
	24016 : 91;
	24017 : 8D;
	24018 : 8D;
	24019 : 8D;
	24020 : 8D;
	24021 : 8D;
	24022 : 8D;
	24023 : 6D;
	24024 : 6D;
	24025 : 6D;
	24026 : 6D;
	24027 : 6D;
	24028 : 6D;
	24029 : 6D;
	24030 : 6D;
	24031 : 6D;
	24032 : 6D;
	24033 : 6D;
	24034 : 69;
	24035 : 49;
	24036 : 49;
	24037 : 49;
	24038 : 49;
	24039 : 49;
	24040 : 45;
	24041 : 25;
	24042 : 24;
	24043 : 24;
	24044 : 24;
	24045 : 24;
	24046 : 24;
	24047 : 24;
	24048 : 24;
	24049 : 24;
	24050 : 24;
	24051 : 24;
	24052 : 24;
	24053 : 24;
	24054 : 44;
	24055 : 48;
	24056 : 49;
	24057 : 69;
	24058 : 69;
	24059 : 69;
	24060 : 69;
	24061 : 69;
	24062 : 69;
	24063 : 49;
	24064 : 49;
	24065 : 49;
	24066 : 49;
	24067 : 49;
	24068 : 49;
	24069 : 49;
	24070 : 49;
	24071 : 49;
	24072 : 45;
	24073 : 49;
	24074 : 45;
	24075 : 49;
	24076 : 49;
	24077 : 49;
	24078 : 49;
	24079 : 49;
	24080 : 49;
	24081 : 49;
	24082 : 49;
	24083 : 49;
	24084 : 49;
	24085 : 49;
	24086 : 49;
	24087 : 49;
	24088 : 49;
	24089 : 25;
	24090 : 45;
	24091 : 25;
	24092 : 49;
	24093 : 49;
	24094 : 49;
	24095 : 49;
	24096 : 49;
	24097 : 49;
	24098 : 25;
	24099 : 25;
	24100 : 25;
	24101 : 49;
	24102 : 49;
	24103 : 49;
	24104 : 25;
	24105 : 25;
	24106 : 49;
	24107 : 49;
	24108 : 29;
	24109 : 49;
	24110 : 49;
	24111 : 49;
	24112 : 49;
	24113 : 49;
	24114 : 29;
	24115 : 25;
	24116 : 25;
	24117 : 49;
	24118 : 49;
	24119 : 25;
	24120 : 25;
	24121 : 25;
	24122 : 25;
	24123 : 25;
	24124 : 25;
	24125 : 25;
	24126 : 25;
	24127 : 25;
	24128 : 25;
	24129 : 25;
	24130 : 25;
	24131 : 25;
	24132 : 25;
	24133 : 25;
	24134 : 25;
	24135 : 25;
	24136 : 25;
	24137 : 25;
	24138 : 25;
	24139 : 25;
	24140 : 25;
	24141 : 25;
	24142 : 25;
	24143 : 25;
	24144 : 25;
	24145 : 25;
	24146 : 25;
	24147 : 25;
	24148 : 25;
	24149 : 25;
	24150 : 25;
	24151 : 25;
	24152 : 25;
	24153 : 25;
	24154 : 25;
	24155 : 25;
	24156 : 25;
	24157 : 25;
	24158 : 25;
	24159 : 25;
	24160 : 25;
	24161 : 25;
	24162 : 25;
	24163 : 25;
	24164 : 25;
	24165 : 25;
	24166 : 25;
	24167 : 25;
	24168 : 25;
	24169 : 25;
	24170 : 25;
	24171 : 25;
	24172 : 25;
	24173 : 25;
	24174 : 25;
	24175 : 25;
	24176 : 29;
	24177 : 29;
	24178 : 29;
	24179 : 25;
	24180 : 29;
	24181 : 49;
	24182 : 49;
	24183 : 49;
	24184 : 29;
	24185 : 29;
	24186 : 25;
	24187 : 25;
	24188 : 25;
	24189 : 25;
	24190 : 29;
	24191 : 29;
	24192 : 29;
	24193 : 29;
	24194 : 29;
	24195 : 25;
	24196 : 25;
	24197 : 24;
	24198 : 24;
	24199 : 24;
	24200 : 91;
	24201 : 91;
	24202 : 91;
	24203 : 91;
	24204 : 8D;
	24205 : 8D;
	24206 : 8D;
	24207 : 8D;
	24208 : 8D;
	24209 : 8D;
	24210 : 8D;
	24211 : 8D;
	24212 : 8D;
	24213 : 8D;
	24214 : 8D;
	24215 : 8D;
	24216 : 8D;
	24217 : 6D;
	24218 : 6D;
	24219 : 6D;
	24220 : 6D;
	24221 : 6D;
	24222 : 69;
	24223 : 6D;
	24224 : 6D;
	24225 : 6D;
	24226 : 8D;
	24227 : 8D;
	24228 : 6D;
	24229 : 6D;
	24230 : 6D;
	24231 : 69;
	24232 : 69;
	24233 : 49;
	24234 : 45;
	24235 : 24;
	24236 : 24;
	24237 : 24;
	24238 : 24;
	24239 : 24;
	24240 : 24;
	24241 : 24;
	24242 : 24;
	24243 : 24;
	24244 : 24;
	24245 : 44;
	24246 : 48;
	24247 : 48;
	24248 : 48;
	24249 : 48;
	24250 : 69;
	24251 : 69;
	24252 : 69;
	24253 : 69;
	24254 : 69;
	24255 : 69;
	24256 : 69;
	24257 : 69;
	24258 : 69;
	24259 : 69;
	24260 : 69;
	24261 : 69;
	24262 : 69;
	24263 : 69;
	24264 : 69;
	24265 : 69;
	24266 : 69;
	24267 : 69;
	24268 : 49;
	24269 : 49;
	24270 : 49;
	24271 : 49;
	24272 : 49;
	24273 : 49;
	24274 : 49;
	24275 : 49;
	24276 : 49;
	24277 : 49;
	24278 : 49;
	24279 : 49;
	24280 : 49;
	24281 : 49;
	24282 : 49;
	24283 : 49;
	24284 : 49;
	24285 : 49;
	24286 : 49;
	24287 : 49;
	24288 : 49;
	24289 : 49;
	24290 : 49;
	24291 : 49;
	24292 : 49;
	24293 : 49;
	24294 : 49;
	24295 : 49;
	24296 : 49;
	24297 : 49;
	24298 : 49;
	24299 : 49;
	24300 : 49;
	24301 : 49;
	24302 : 49;
	24303 : 49;
	24304 : 49;
	24305 : 49;
	24306 : 49;
	24307 : 49;
	24308 : 49;
	24309 : 49;
	24310 : 49;
	24311 : 49;
	24312 : 49;
	24313 : 49;
	24314 : 49;
	24315 : 49;
	24316 : 49;
	24317 : 49;
	24318 : 49;
	24319 : 49;
	24320 : 25;
	24321 : 25;
	24322 : 25;
	24323 : 25;
	24324 : 25;
	24325 : 25;
	24326 : 25;
	24327 : 25;
	24328 : 25;
	24329 : 25;
	24330 : 25;
	24331 : 25;
	24332 : 25;
	24333 : 25;
	24334 : 25;
	24335 : 25;
	24336 : 25;
	24337 : 25;
	24338 : 25;
	24339 : 25;
	24340 : 25;
	24341 : 25;
	24342 : 25;
	24343 : 25;
	24344 : 25;
	24345 : 25;
	24346 : 25;
	24347 : 25;
	24348 : 25;
	24349 : 25;
	24350 : 25;
	24351 : 25;
	24352 : 25;
	24353 : 25;
	24354 : 25;
	24355 : 25;
	24356 : 25;
	24357 : 25;
	24358 : 25;
	24359 : 25;
	24360 : 25;
	24361 : 25;
	24362 : 25;
	24363 : 25;
	24364 : 25;
	24365 : 25;
	24366 : 25;
	24367 : 25;
	24368 : 25;
	24369 : 25;
	24370 : 25;
	24371 : 25;
	24372 : 25;
	24373 : 25;
	24374 : 25;
	24375 : 25;
	24376 : 29;
	24377 : 29;
	24378 : 29;
	24379 : 25;
	24380 : 29;
	24381 : 29;
	24382 : 29;
	24383 : 29;
	24384 : 25;
	24385 : 25;
	24386 : 25;
	24387 : 25;
	24388 : 25;
	24389 : 25;
	24390 : 29;
	24391 : 29;
	24392 : 29;
	24393 : 25;
	24394 : 25;
	24395 : 25;
	24396 : 25;
	24397 : 25;
	24398 : 24;
	24399 : 24;
	24400 : 8D;
	24401 : 8D;
	24402 : 8D;
	24403 : 8D;
	24404 : 6D;
	24405 : 6D;
	24406 : 6D;
	24407 : 6D;
	24408 : 6D;
	24409 : 6D;
	24410 : 6D;
	24411 : 6D;
	24412 : 6D;
	24413 : 6D;
	24414 : 6D;
	24415 : 6D;
	24416 : 6D;
	24417 : 6D;
	24418 : 6D;
	24419 : 69;
	24420 : 69;
	24421 : 69;
	24422 : 69;
	24423 : 69;
	24424 : 49;
	24425 : 49;
	24426 : 49;
	24427 : 49;
	24428 : 49;
	24429 : 49;
	24430 : 49;
	24431 : 45;
	24432 : 45;
	24433 : 25;
	24434 : 24;
	24435 : 24;
	24436 : 24;
	24437 : 24;
	24438 : 24;
	24439 : 44;
	24440 : 44;
	24441 : 49;
	24442 : 49;
	24443 : 49;
	24444 : 69;
	24445 : 69;
	24446 : 69;
	24447 : 69;
	24448 : 69;
	24449 : 69;
	24450 : 69;
	24451 : 69;
	24452 : 69;
	24453 : 69;
	24454 : 69;
	24455 : 69;
	24456 : 69;
	24457 : 69;
	24458 : 69;
	24459 : 69;
	24460 : 6D;
	24461 : 6D;
	24462 : 69;
	24463 : 69;
	24464 : 6D;
	24465 : 6D;
	24466 : 69;
	24467 : 69;
	24468 : 69;
	24469 : 69;
	24470 : 49;
	24471 : 49;
	24472 : 49;
	24473 : 49;
	24474 : 49;
	24475 : 49;
	24476 : 49;
	24477 : 49;
	24478 : 49;
	24479 : 49;
	24480 : 49;
	24481 : 49;
	24482 : 49;
	24483 : 49;
	24484 : 49;
	24485 : 49;
	24486 : 49;
	24487 : 49;
	24488 : 49;
	24489 : 49;
	24490 : 49;
	24491 : 49;
	24492 : 49;
	24493 : 49;
	24494 : 49;
	24495 : 49;
	24496 : 49;
	24497 : 49;
	24498 : 49;
	24499 : 49;
	24500 : 49;
	24501 : 49;
	24502 : 49;
	24503 : 49;
	24504 : 49;
	24505 : 49;
	24506 : 49;
	24507 : 49;
	24508 : 49;
	24509 : 49;
	24510 : 49;
	24511 : 49;
	24512 : 49;
	24513 : 49;
	24514 : 49;
	24515 : 49;
	24516 : 49;
	24517 : 49;
	24518 : 49;
	24519 : 49;
	24520 : 49;
	24521 : 25;
	24522 : 25;
	24523 : 25;
	24524 : 25;
	24525 : 25;
	24526 : 25;
	24527 : 25;
	24528 : 25;
	24529 : 25;
	24530 : 25;
	24531 : 25;
	24532 : 25;
	24533 : 49;
	24534 : 49;
	24535 : 25;
	24536 : 25;
	24537 : 25;
	24538 : 25;
	24539 : 25;
	24540 : 25;
	24541 : 25;
	24542 : 25;
	24543 : 25;
	24544 : 25;
	24545 : 25;
	24546 : 25;
	24547 : 25;
	24548 : 25;
	24549 : 25;
	24550 : 25;
	24551 : 25;
	24552 : 25;
	24553 : 25;
	24554 : 25;
	24555 : 25;
	24556 : 25;
	24557 : 25;
	24558 : 25;
	24559 : 25;
	24560 : 25;
	24561 : 25;
	24562 : 25;
	24563 : 25;
	24564 : 25;
	24565 : 25;
	24566 : 25;
	24567 : 25;
	24568 : 25;
	24569 : 25;
	24570 : 25;
	24571 : 25;
	24572 : 25;
	24573 : 25;
	24574 : 25;
	24575 : 25;
	24576 : 25;
	24577 : 25;
	24578 : 25;
	24579 : 25;
	24580 : 29;
	24581 : 49;
	24582 : 29;
	24583 : 25;
	24584 : 25;
	24585 : 25;
	24586 : 25;
	24587 : 25;
	24588 : 25;
	24589 : 25;
	24590 : 49;
	24591 : 29;
	24592 : 29;
	24593 : 25;
	24594 : 25;
	24595 : 25;
	24596 : 25;
	24597 : 25;
	24598 : 25;
	24599 : 25;
	24600 : 6D;
	24601 : 6D;
	24602 : 6D;
	24603 : 6D;
	24604 : 6D;
	24605 : 69;
	24606 : 69;
	24607 : 49;
	24608 : 49;
	24609 : 49;
	24610 : 69;
	24611 : 69;
	24612 : 69;
	24613 : 69;
	24614 : 69;
	24615 : 69;
	24616 : 69;
	24617 : 69;
	24618 : 49;
	24619 : 49;
	24620 : 49;
	24621 : 49;
	24622 : 49;
	24623 : 49;
	24624 : 45;
	24625 : 24;
	24626 : 24;
	24627 : 24;
	24628 : 24;
	24629 : 24;
	24630 : 24;
	24631 : 24;
	24632 : 24;
	24633 : 44;
	24634 : 49;
	24635 : 49;
	24636 : 49;
	24637 : 69;
	24638 : 69;
	24639 : 69;
	24640 : 6D;
	24641 : 6D;
	24642 : 8D;
	24643 : 8D;
	24644 : 8D;
	24645 : 8D;
	24646 : 6D;
	24647 : 6D;
	24648 : 6D;
	24649 : 69;
	24650 : 69;
	24651 : 69;
	24652 : 49;
	24653 : 49;
	24654 : 49;
	24655 : 69;
	24656 : 69;
	24657 : 69;
	24658 : 69;
	24659 : 69;
	24660 : 69;
	24661 : 6D;
	24662 : 6D;
	24663 : 6D;
	24664 : 6D;
	24665 : 6D;
	24666 : 6D;
	24667 : 6D;
	24668 : 6D;
	24669 : 69;
	24670 : 69;
	24671 : 69;
	24672 : 69;
	24673 : 69;
	24674 : 69;
	24675 : 69;
	24676 : 49;
	24677 : 49;
	24678 : 49;
	24679 : 49;
	24680 : 49;
	24681 : 49;
	24682 : 49;
	24683 : 49;
	24684 : 49;
	24685 : 49;
	24686 : 49;
	24687 : 49;
	24688 : 49;
	24689 : 49;
	24690 : 49;
	24691 : 49;
	24692 : 49;
	24693 : 49;
	24694 : 49;
	24695 : 49;
	24696 : 49;
	24697 : 49;
	24698 : 49;
	24699 : 49;
	24700 : 49;
	24701 : 49;
	24702 : 49;
	24703 : 49;
	24704 : 49;
	24705 : 49;
	24706 : 49;
	24707 : 49;
	24708 : 49;
	24709 : 49;
	24710 : 49;
	24711 : 49;
	24712 : 49;
	24713 : 49;
	24714 : 49;
	24715 : 49;
	24716 : 49;
	24717 : 49;
	24718 : 49;
	24719 : 49;
	24720 : 49;
	24721 : 49;
	24722 : 49;
	24723 : 25;
	24724 : 25;
	24725 : 25;
	24726 : 25;
	24727 : 25;
	24728 : 25;
	24729 : 25;
	24730 : 25;
	24731 : 25;
	24732 : 25;
	24733 : 49;
	24734 : 49;
	24735 : 49;
	24736 : 25;
	24737 : 25;
	24738 : 25;
	24739 : 24;
	24740 : 24;
	24741 : 25;
	24742 : 25;
	24743 : 25;
	24744 : 25;
	24745 : 25;
	24746 : 25;
	24747 : 25;
	24748 : 25;
	24749 : 25;
	24750 : 25;
	24751 : 25;
	24752 : 25;
	24753 : 25;
	24754 : 25;
	24755 : 25;
	24756 : 25;
	24757 : 25;
	24758 : 25;
	24759 : 25;
	24760 : 25;
	24761 : 25;
	24762 : 25;
	24763 : 25;
	24764 : 25;
	24765 : 25;
	24766 : 25;
	24767 : 25;
	24768 : 25;
	24769 : 25;
	24770 : 25;
	24771 : 25;
	24772 : 25;
	24773 : 25;
	24774 : 25;
	24775 : 24;
	24776 : 24;
	24777 : 24;
	24778 : 25;
	24779 : 25;
	24780 : 49;
	24781 : 49;
	24782 : 45;
	24783 : 24;
	24784 : 24;
	24785 : 25;
	24786 : 49;
	24787 : 25;
	24788 : 25;
	24789 : 25;
	24790 : 25;
	24791 : 49;
	24792 : 49;
	24793 : 25;
	24794 : 25;
	24795 : 25;
	24796 : 49;
	24797 : 49;
	24798 : 49;
	24799 : 25;
	24800 : 69;
	24801 : 6D;
	24802 : 6D;
	24803 : 6D;
	24804 : 6D;
	24805 : 69;
	24806 : 49;
	24807 : 49;
	24808 : 24;
	24809 : 24;
	24810 : 24;
	24811 : 25;
	24812 : 25;
	24813 : 25;
	24814 : 25;
	24815 : 25;
	24816 : 25;
	24817 : 24;
	24818 : 24;
	24819 : 24;
	24820 : 24;
	24821 : 24;
	24822 : 24;
	24823 : 24;
	24824 : 24;
	24825 : 24;
	24826 : 24;
	24827 : 24;
	24828 : 24;
	24829 : 24;
	24830 : 49;
	24831 : 49;
	24832 : 69;
	24833 : 6D;
	24834 : 8D;
	24835 : 8D;
	24836 : 8D;
	24837 : 8D;
	24838 : 8D;
	24839 : 8D;
	24840 : 6D;
	24841 : 6D;
	24842 : 69;
	24843 : 69;
	24844 : 69;
	24845 : 69;
	24846 : 6D;
	24847 : 6D;
	24848 : 6D;
	24849 : 6D;
	24850 : 69;
	24851 : 69;
	24852 : 69;
	24853 : 69;
	24854 : 69;
	24855 : 69;
	24856 : 69;
	24857 : 69;
	24858 : 69;
	24859 : 69;
	24860 : 69;
	24861 : 69;
	24862 : 69;
	24863 : 69;
	24864 : 69;
	24865 : 69;
	24866 : 69;
	24867 : 69;
	24868 : 69;
	24869 : 69;
	24870 : 69;
	24871 : 69;
	24872 : 69;
	24873 : 69;
	24874 : 69;
	24875 : 69;
	24876 : 69;
	24877 : 69;
	24878 : 69;
	24879 : 69;
	24880 : 69;
	24881 : 69;
	24882 : 49;
	24883 : 49;
	24884 : 49;
	24885 : 49;
	24886 : 49;
	24887 : 49;
	24888 : 49;
	24889 : 49;
	24890 : 49;
	24891 : 49;
	24892 : 49;
	24893 : 49;
	24894 : 49;
	24895 : 49;
	24896 : 49;
	24897 : 49;
	24898 : 49;
	24899 : 49;
	24900 : 49;
	24901 : 49;
	24902 : 49;
	24903 : 49;
	24904 : 49;
	24905 : 49;
	24906 : 49;
	24907 : 49;
	24908 : 49;
	24909 : 49;
	24910 : 49;
	24911 : 49;
	24912 : 49;
	24913 : 49;
	24914 : 49;
	24915 : 49;
	24916 : 49;
	24917 : 49;
	24918 : 49;
	24919 : 49;
	24920 : 49;
	24921 : 49;
	24922 : 49;
	24923 : 49;
	24924 : 49;
	24925 : 49;
	24926 : 45;
	24927 : 45;
	24928 : 25;
	24929 : 25;
	24930 : 45;
	24931 : 49;
	24932 : 25;
	24933 : 25;
	24934 : 25;
	24935 : 25;
	24936 : 25;
	24937 : 25;
	24938 : 25;
	24939 : 25;
	24940 : 25;
	24941 : 25;
	24942 : 25;
	24943 : 25;
	24944 : 25;
	24945 : 25;
	24946 : 25;
	24947 : 25;
	24948 : 25;
	24949 : 25;
	24950 : 25;
	24951 : 25;
	24952 : 25;
	24953 : 25;
	24954 : 25;
	24955 : 25;
	24956 : 25;
	24957 : 25;
	24958 : 25;
	24959 : 25;
	24960 : 25;
	24961 : 25;
	24962 : 25;
	24963 : 25;
	24964 : 25;
	24965 : 25;
	24966 : 25;
	24967 : 25;
	24968 : 25;
	24969 : 25;
	24970 : 25;
	24971 : 25;
	24972 : 25;
	24973 : 25;
	24974 : 25;
	24975 : 25;
	24976 : 25;
	24977 : 25;
	24978 : 25;
	24979 : 45;
	24980 : 49;
	24981 : 45;
	24982 : 24;
	24983 : 24;
	24984 : 25;
	24985 : 45;
	24986 : 49;
	24987 : 45;
	24988 : 25;
	24989 : 25;
	24990 : 25;
	24991 : 29;
	24992 : 49;
	24993 : 49;
	24994 : 49;
	24995 : 49;
	24996 : 49;
	24997 : 49;
	24998 : 49;
	24999 : 25;
	25000 : 49;
	25001 : 49;
	25002 : 49;
	25003 : 49;
	25004 : 49;
	25005 : 45;
	25006 : 25;
	25007 : 24;
	25008 : 24;
	25009 : 24;
	25010 : 24;
	25011 : 24;
	25012 : 24;
	25013 : 24;
	25014 : 24;
	25015 : 24;
	25016 : 24;
	25017 : 24;
	25018 : 25;
	25019 : 25;
	25020 : 25;
	25021 : 45;
	25022 : 45;
	25023 : 45;
	25024 : 49;
	25025 : 49;
	25026 : 49;
	25027 : 49;
	25028 : 49;
	25029 : 49;
	25030 : 49;
	25031 : 69;
	25032 : 69;
	25033 : 69;
	25034 : 6D;
	25035 : 8D;
	25036 : 6D;
	25037 : 6D;
	25038 : 6D;
	25039 : 6D;
	25040 : 6D;
	25041 : 6D;
	25042 : 6D;
	25043 : 6D;
	25044 : 6D;
	25045 : 6D;
	25046 : 6D;
	25047 : 6D;
	25048 : 6D;
	25049 : 6D;
	25050 : 6D;
	25051 : 6D;
	25052 : 6D;
	25053 : 69;
	25054 : 69;
	25055 : 69;
	25056 : 69;
	25057 : 69;
	25058 : 69;
	25059 : 69;
	25060 : 69;
	25061 : 69;
	25062 : 69;
	25063 : 6D;
	25064 : 69;
	25065 : 69;
	25066 : 69;
	25067 : 69;
	25068 : 69;
	25069 : 69;
	25070 : 69;
	25071 : 69;
	25072 : 69;
	25073 : 69;
	25074 : 69;
	25075 : 69;
	25076 : 69;
	25077 : 69;
	25078 : 69;
	25079 : 69;
	25080 : 69;
	25081 : 69;
	25082 : 69;
	25083 : 69;
	25084 : 49;
	25085 : 49;
	25086 : 49;
	25087 : 49;
	25088 : 49;
	25089 : 49;
	25090 : 49;
	25091 : 49;
	25092 : 49;
	25093 : 49;
	25094 : 49;
	25095 : 49;
	25096 : 49;
	25097 : 49;
	25098 : 49;
	25099 : 49;
	25100 : 49;
	25101 : 49;
	25102 : 49;
	25103 : 49;
	25104 : 49;
	25105 : 49;
	25106 : 49;
	25107 : 49;
	25108 : 49;
	25109 : 49;
	25110 : 49;
	25111 : 49;
	25112 : 49;
	25113 : 49;
	25114 : 49;
	25115 : 49;
	25116 : 49;
	25117 : 49;
	25118 : 49;
	25119 : 49;
	25120 : 49;
	25121 : 49;
	25122 : 45;
	25123 : 45;
	25124 : 45;
	25125 : 49;
	25126 : 49;
	25127 : 49;
	25128 : 45;
	25129 : 49;
	25130 : 49;
	25131 : 49;
	25132 : 25;
	25133 : 25;
	25134 : 25;
	25135 : 25;
	25136 : 25;
	25137 : 25;
	25138 : 25;
	25139 : 25;
	25140 : 25;
	25141 : 25;
	25142 : 25;
	25143 : 25;
	25144 : 25;
	25145 : 25;
	25146 : 25;
	25147 : 25;
	25148 : 25;
	25149 : 25;
	25150 : 25;
	25151 : 25;
	25152 : 25;
	25153 : 25;
	25154 : 25;
	25155 : 25;
	25156 : 25;
	25157 : 25;
	25158 : 25;
	25159 : 25;
	25160 : 25;
	25161 : 25;
	25162 : 25;
	25163 : 25;
	25164 : 25;
	25165 : 25;
	25166 : 25;
	25167 : 25;
	25168 : 25;
	25169 : 25;
	25170 : 25;
	25171 : 25;
	25172 : 25;
	25173 : 25;
	25174 : 25;
	25175 : 25;
	25176 : 25;
	25177 : 25;
	25178 : 25;
	25179 : 45;
	25180 : 44;
	25181 : 24;
	25182 : 24;
	25183 : 24;
	25184 : 25;
	25185 : 49;
	25186 : 49;
	25187 : 49;
	25188 : 49;
	25189 : 25;
	25190 : 49;
	25191 : 49;
	25192 : 49;
	25193 : 49;
	25194 : 49;
	25195 : 49;
	25196 : 49;
	25197 : 49;
	25198 : 49;
	25199 : 29;
	25200 : 24;
	25201 : 25;
	25202 : 25;
	25203 : 24;
	25204 : 24;
	25205 : 24;
	25206 : 24;
	25207 : 24;
	25208 : 24;
	25209 : 24;
	25210 : 24;
	25211 : 24;
	25212 : 24;
	25213 : 24;
	25214 : 24;
	25215 : 24;
	25216 : 25;
	25217 : 45;
	25218 : 49;
	25219 : 49;
	25220 : 49;
	25221 : 69;
	25222 : 69;
	25223 : 69;
	25224 : 69;
	25225 : 69;
	25226 : 69;
	25227 : 69;
	25228 : 6D;
	25229 : 69;
	25230 : 69;
	25231 : 69;
	25232 : 69;
	25233 : 69;
	25234 : 6D;
	25235 : 6D;
	25236 : 6D;
	25237 : 6D;
	25238 : 6D;
	25239 : 6D;
	25240 : 6D;
	25241 : 6D;
	25242 : 6D;
	25243 : 6D;
	25244 : 6D;
	25245 : 6D;
	25246 : 6D;
	25247 : 6D;
	25248 : 6D;
	25249 : 6D;
	25250 : 6D;
	25251 : 6D;
	25252 : 6D;
	25253 : 6D;
	25254 : 6D;
	25255 : 6D;
	25256 : 6D;
	25257 : 6D;
	25258 : 6D;
	25259 : 6D;
	25260 : 6D;
	25261 : 6D;
	25262 : 6D;
	25263 : 6D;
	25264 : 6D;
	25265 : 69;
	25266 : 69;
	25267 : 69;
	25268 : 69;
	25269 : 69;
	25270 : 69;
	25271 : 69;
	25272 : 69;
	25273 : 69;
	25274 : 69;
	25275 : 69;
	25276 : 69;
	25277 : 69;
	25278 : 69;
	25279 : 69;
	25280 : 69;
	25281 : 69;
	25282 : 69;
	25283 : 69;
	25284 : 69;
	25285 : 69;
	25286 : 69;
	25287 : 69;
	25288 : 69;
	25289 : 49;
	25290 : 49;
	25291 : 49;
	25292 : 49;
	25293 : 49;
	25294 : 49;
	25295 : 49;
	25296 : 49;
	25297 : 49;
	25298 : 49;
	25299 : 49;
	25300 : 49;
	25301 : 49;
	25302 : 49;
	25303 : 49;
	25304 : 49;
	25305 : 49;
	25306 : 49;
	25307 : 49;
	25308 : 49;
	25309 : 49;
	25310 : 49;
	25311 : 49;
	25312 : 49;
	25313 : 49;
	25314 : 49;
	25315 : 49;
	25316 : 49;
	25317 : 49;
	25318 : 49;
	25319 : 45;
	25320 : 45;
	25321 : 25;
	25322 : 25;
	25323 : 45;
	25324 : 45;
	25325 : 49;
	25326 : 49;
	25327 : 49;
	25328 : 49;
	25329 : 49;
	25330 : 49;
	25331 : 49;
	25332 : 45;
	25333 : 25;
	25334 : 25;
	25335 : 25;
	25336 : 25;
	25337 : 25;
	25338 : 25;
	25339 : 25;
	25340 : 25;
	25341 : 25;
	25342 : 25;
	25343 : 25;
	25344 : 25;
	25345 : 25;
	25346 : 25;
	25347 : 25;
	25348 : 25;
	25349 : 25;
	25350 : 25;
	25351 : 25;
	25352 : 25;
	25353 : 25;
	25354 : 25;
	25355 : 25;
	25356 : 25;
	25357 : 25;
	25358 : 25;
	25359 : 25;
	25360 : 25;
	25361 : 25;
	25362 : 25;
	25363 : 25;
	25364 : 25;
	25365 : 25;
	25366 : 25;
	25367 : 25;
	25368 : 25;
	25369 : 25;
	25370 : 25;
	25371 : 25;
	25372 : 25;
	25373 : 25;
	25374 : 25;
	25375 : 25;
	25376 : 25;
	25377 : 25;
	25378 : 25;
	25379 : 24;
	25380 : 24;
	25381 : 24;
	25382 : 24;
	25383 : 25;
	25384 : 25;
	25385 : 49;
	25386 : 45;
	25387 : 49;
	25388 : 49;
	25389 : 49;
	25390 : 49;
	25391 : 49;
	25392 : 49;
	25393 : 49;
	25394 : 49;
	25395 : 49;
	25396 : 49;
	25397 : 49;
	25398 : 49;
	25399 : 49;
	25400 : 24;
	25401 : 24;
	25402 : 24;
	25403 : 24;
	25404 : 24;
	25405 : 24;
	25406 : 24;
	25407 : 24;
	25408 : 24;
	25409 : 25;
	25410 : 25;
	25411 : 25;
	25412 : 25;
	25413 : 45;
	25414 : 49;
	25415 : 49;
	25416 : 49;
	25417 : 69;
	25418 : 6D;
	25419 : 6D;
	25420 : 6D;
	25421 : 8D;
	25422 : 8D;
	25423 : 8D;
	25424 : 8D;
	25425 : 8D;
	25426 : 8D;
	25427 : 8D;
	25428 : 8D;
	25429 : 8D;
	25430 : 69;
	25431 : 69;
	25432 : 69;
	25433 : 69;
	25434 : 6D;
	25435 : 6D;
	25436 : 6D;
	25437 : 6D;
	25438 : 6D;
	25439 : 6D;
	25440 : 6D;
	25441 : 6D;
	25442 : 6D;
	25443 : 6D;
	25444 : 6D;
	25445 : 6D;
	25446 : 6D;
	25447 : 6D;
	25448 : 6D;
	25449 : 6D;
	25450 : 6D;
	25451 : 6D;
	25452 : 6D;
	25453 : 6D;
	25454 : 6D;
	25455 : 6D;
	25456 : 6D;
	25457 : 6D;
	25458 : 6D;
	25459 : 6D;
	25460 : 6D;
	25461 : 6D;
	25462 : 6D;
	25463 : 6D;
	25464 : 6D;
	25465 : 6D;
	25466 : 69;
	25467 : 69;
	25468 : 69;
	25469 : 49;
	25470 : 49;
	25471 : 69;
	25472 : 69;
	25473 : 69;
	25474 : 69;
	25475 : 69;
	25476 : 69;
	25477 : 69;
	25478 : 69;
	25479 : 6D;
	25480 : 6D;
	25481 : 8D;
	25482 : 8D;
	25483 : 8D;
	25484 : 8D;
	25485 : 8D;
	25486 : 8D;
	25487 : 8D;
	25488 : 6D;
	25489 : 6D;
	25490 : 6D;
	25491 : 69;
	25492 : 69;
	25493 : 49;
	25494 : 49;
	25495 : 49;
	25496 : 49;
	25497 : 49;
	25498 : 49;
	25499 : 49;
	25500 : 49;
	25501 : 49;
	25502 : 49;
	25503 : 49;
	25504 : 49;
	25505 : 49;
	25506 : 49;
	25507 : 49;
	25508 : 49;
	25509 : 49;
	25510 : 49;
	25511 : 49;
	25512 : 49;
	25513 : 49;
	25514 : 49;
	25515 : 49;
	25516 : 49;
	25517 : 49;
	25518 : 49;
	25519 : 45;
	25520 : 45;
	25521 : 49;
	25522 : 45;
	25523 : 45;
	25524 : 25;
	25525 : 45;
	25526 : 49;
	25527 : 49;
	25528 : 49;
	25529 : 49;
	25530 : 49;
	25531 : 49;
	25532 : 49;
	25533 : 49;
	25534 : 49;
	25535 : 49;
	25536 : 49;
	25537 : 49;
	25538 : 49;
	25539 : 45;
	25540 : 25;
	25541 : 25;
	25542 : 25;
	25543 : 25;
	25544 : 25;
	25545 : 25;
	25546 : 25;
	25547 : 25;
	25548 : 45;
	25549 : 25;
	25550 : 25;
	25551 : 25;
	25552 : 25;
	25553 : 25;
	25554 : 25;
	25555 : 25;
	25556 : 25;
	25557 : 25;
	25558 : 25;
	25559 : 25;
	25560 : 25;
	25561 : 25;
	25562 : 25;
	25563 : 25;
	25564 : 25;
	25565 : 25;
	25566 : 25;
	25567 : 25;
	25568 : 25;
	25569 : 25;
	25570 : 25;
	25571 : 25;
	25572 : 25;
	25573 : 25;
	25574 : 25;
	25575 : 25;
	25576 : 25;
	25577 : 45;
	25578 : 44;
	25579 : 24;
	25580 : 24;
	25581 : 24;
	25582 : 24;
	25583 : 25;
	25584 : 45;
	25585 : 45;
	25586 : 25;
	25587 : 25;
	25588 : 25;
	25589 : 49;
	25590 : 49;
	25591 : 49;
	25592 : 29;
	25593 : 25;
	25594 : 24;
	25595 : 25;
	25596 : 49;
	25597 : 49;
	25598 : 49;
	25599 : 49;
	25600 : 24;
	25601 : 24;
	25602 : 25;
	25603 : 25;
	25604 : 49;
	25605 : 49;
	25606 : 49;
	25607 : 49;
	25608 : 49;
	25609 : 69;
	25610 : 6D;
	25611 : 6D;
	25612 : 6D;
	25613 : 6D;
	25614 : 6D;
	25615 : 6D;
	25616 : 6D;
	25617 : 6D;
	25618 : 8D;
	25619 : 91;
	25620 : 91;
	25621 : 91;
	25622 : 91;
	25623 : 8D;
	25624 : 8D;
	25625 : 8D;
	25626 : 8D;
	25627 : 8D;
	25628 : 8D;
	25629 : 8D;
	25630 : 69;
	25631 : 69;
	25632 : 69;
	25633 : 69;
	25634 : 6D;
	25635 : 6D;
	25636 : 6D;
	25637 : 6D;
	25638 : 6D;
	25639 : 6D;
	25640 : 6D;
	25641 : 6D;
	25642 : 6D;
	25643 : 6D;
	25644 : 6D;
	25645 : 6D;
	25646 : 6D;
	25647 : 6D;
	25648 : 6D;
	25649 : 6D;
	25650 : 6D;
	25651 : 6D;
	25652 : 6D;
	25653 : 6D;
	25654 : 69;
	25655 : 69;
	25656 : 69;
	25657 : 69;
	25658 : 69;
	25659 : 69;
	25660 : 69;
	25661 : 69;
	25662 : 6D;
	25663 : 6D;
	25664 : 69;
	25665 : 69;
	25666 : 69;
	25667 : 69;
	25668 : 69;
	25669 : 69;
	25670 : 6D;
	25671 : 6D;
	25672 : 6D;
	25673 : 69;
	25674 : 69;
	25675 : 69;
	25676 : 69;
	25677 : 6D;
	25678 : 6D;
	25679 : 6D;
	25680 : 8D;
	25681 : 8D;
	25682 : 8D;
	25683 : 8D;
	25684 : 8D;
	25685 : 8D;
	25686 : 8D;
	25687 : 8D;
	25688 : 6D;
	25689 : 6D;
	25690 : 69;
	25691 : 69;
	25692 : 49;
	25693 : 49;
	25694 : 49;
	25695 : 49;
	25696 : 49;
	25697 : 49;
	25698 : 49;
	25699 : 49;
	25700 : 49;
	25701 : 49;
	25702 : 49;
	25703 : 49;
	25704 : 49;
	25705 : 49;
	25706 : 49;
	25707 : 49;
	25708 : 49;
	25709 : 49;
	25710 : 49;
	25711 : 49;
	25712 : 49;
	25713 : 49;
	25714 : 49;
	25715 : 49;
	25716 : 49;
	25717 : 49;
	25718 : 49;
	25719 : 49;
	25720 : 49;
	25721 : 49;
	25722 : 49;
	25723 : 49;
	25724 : 49;
	25725 : 49;
	25726 : 49;
	25727 : 49;
	25728 : 25;
	25729 : 49;
	25730 : 49;
	25731 : 49;
	25732 : 49;
	25733 : 49;
	25734 : 49;
	25735 : 49;
	25736 : 49;
	25737 : 49;
	25738 : 49;
	25739 : 45;
	25740 : 45;
	25741 : 45;
	25742 : 45;
	25743 : 45;
	25744 : 45;
	25745 : 45;
	25746 : 45;
	25747 : 49;
	25748 : 49;
	25749 : 49;
	25750 : 45;
	25751 : 25;
	25752 : 25;
	25753 : 25;
	25754 : 25;
	25755 : 25;
	25756 : 25;
	25757 : 25;
	25758 : 25;
	25759 : 25;
	25760 : 25;
	25761 : 25;
	25762 : 25;
	25763 : 25;
	25764 : 25;
	25765 : 25;
	25766 : 25;
	25767 : 25;
	25768 : 25;
	25769 : 25;
	25770 : 25;
	25771 : 24;
	25772 : 24;
	25773 : 24;
	25774 : 24;
	25775 : 25;
	25776 : 49;
	25777 : 44;
	25778 : 24;
	25779 : 24;
	25780 : 24;
	25781 : 24;
	25782 : 24;
	25783 : 25;
	25784 : 25;
	25785 : 24;
	25786 : 24;
	25787 : 24;
	25788 : 24;
	25789 : 25;
	25790 : 49;
	25791 : 49;
	25792 : 25;
	25793 : 24;
	25794 : 04;
	25795 : 24;
	25796 : 49;
	25797 : 49;
	25798 : 49;
	25799 : 49;
	25800 : 24;
	25801 : 24;
	25802 : 49;
	25803 : 49;
	25804 : 49;
	25805 : 69;
	25806 : 49;
	25807 : 49;
	25808 : 49;
	25809 : 6D;
	25810 : 6D;
	25811 : 6D;
	25812 : 6D;
	25813 : 6D;
	25814 : 6D;
	25815 : 6D;
	25816 : 6D;
	25817 : 6D;
	25818 : 91;
	25819 : 91;
	25820 : 91;
	25821 : 91;
	25822 : 91;
	25823 : 6D;
	25824 : 6D;
	25825 : 8D;
	25826 : 8D;
	25827 : 6D;
	25828 : 6D;
	25829 : 69;
	25830 : 69;
	25831 : 69;
	25832 : 69;
	25833 : 69;
	25834 : 6D;
	25835 : 6D;
	25836 : 6D;
	25837 : 6D;
	25838 : 6D;
	25839 : 6D;
	25840 : 6D;
	25841 : 6D;
	25842 : 6D;
	25843 : 6D;
	25844 : 6D;
	25845 : 6D;
	25846 : 6D;
	25847 : 6D;
	25848 : 6D;
	25849 : 6D;
	25850 : 6D;
	25851 : 69;
	25852 : 69;
	25853 : 69;
	25854 : 69;
	25855 : 69;
	25856 : 69;
	25857 : 49;
	25858 : 49;
	25859 : 49;
	25860 : 69;
	25861 : 69;
	25862 : 69;
	25863 : 6D;
	25864 : 6D;
	25865 : 8D;
	25866 : 8D;
	25867 : 6D;
	25868 : 6D;
	25869 : 8D;
	25870 : 8D;
	25871 : 8D;
	25872 : 6D;
	25873 : 6D;
	25874 : 69;
	25875 : 69;
	25876 : 69;
	25877 : 6D;
	25878 : 6D;
	25879 : 6D;
	25880 : 6D;
	25881 : 6D;
	25882 : 6D;
	25883 : 6D;
	25884 : 6D;
	25885 : 6D;
	25886 : 6D;
	25887 : 6D;
	25888 : 69;
	25889 : 69;
	25890 : 49;
	25891 : 49;
	25892 : 49;
	25893 : 49;
	25894 : 49;
	25895 : 49;
	25896 : 49;
	25897 : 49;
	25898 : 49;
	25899 : 49;
	25900 : 49;
	25901 : 49;
	25902 : 49;
	25903 : 49;
	25904 : 49;
	25905 : 49;
	25906 : 49;
	25907 : 49;
	25908 : 49;
	25909 : 49;
	25910 : 49;
	25911 : 49;
	25912 : 49;
	25913 : 49;
	25914 : 49;
	25915 : 49;
	25916 : 49;
	25917 : 49;
	25918 : 49;
	25919 : 49;
	25920 : 49;
	25921 : 49;
	25922 : 49;
	25923 : 49;
	25924 : 49;
	25925 : 49;
	25926 : 49;
	25927 : 49;
	25928 : 25;
	25929 : 25;
	25930 : 49;
	25931 : 49;
	25932 : 49;
	25933 : 25;
	25934 : 25;
	25935 : 49;
	25936 : 49;
	25937 : 45;
	25938 : 25;
	25939 : 25;
	25940 : 25;
	25941 : 25;
	25942 : 45;
	25943 : 49;
	25944 : 49;
	25945 : 49;
	25946 : 49;
	25947 : 49;
	25948 : 49;
	25949 : 49;
	25950 : 49;
	25951 : 45;
	25952 : 25;
	25953 : 25;
	25954 : 25;
	25955 : 25;
	25956 : 25;
	25957 : 25;
	25958 : 24;
	25959 : 25;
	25960 : 25;
	25961 : 25;
	25962 : 25;
	25963 : 25;
	25964 : 25;
	25965 : 25;
	25966 : 25;
	25967 : 25;
	25968 : 25;
	25969 : 25;
	25970 : 24;
	25971 : 24;
	25972 : 24;
	25973 : 24;
	25974 : 24;
	25975 : 44;
	25976 : 49;
	25977 : 24;
	25978 : 24;
	25979 : 24;
	25980 : 24;
	25981 : 24;
	25982 : 25;
	25983 : 25;
	25984 : 24;
	25985 : 24;
	25986 : 24;
	25987 : 00;
	25988 : 00;
	25989 : 24;
	25990 : 25;
	25991 : 25;
	25992 : 24;
	25993 : 00;
	25994 : 00;
	25995 : 24;
	25996 : 29;
	25997 : 49;
	25998 : 49;
	25999 : 49;
	26000 : 44;
	26001 : 44;
	26002 : 69;
	26003 : 69;
	26004 : 69;
	26005 : 69;
	26006 : 49;
	26007 : 49;
	26008 : 49;
	26009 : 69;
	26010 : 6D;
	26011 : 6D;
	26012 : 6D;
	26013 : 6D;
	26014 : 6D;
	26015 : 6D;
	26016 : 6D;
	26017 : 6D;
	26018 : 6D;
	26019 : 6D;
	26020 : 6D;
	26021 : 6D;
	26022 : 6D;
	26023 : 6D;
	26024 : 6D;
	26025 : 6D;
	26026 : 6D;
	26027 : 69;
	26028 : 69;
	26029 : 69;
	26030 : 6D;
	26031 : 8D;
	26032 : 8D;
	26033 : 6D;
	26034 : 6D;
	26035 : 6D;
	26036 : 6D;
	26037 : 6D;
	26038 : 6D;
	26039 : 6D;
	26040 : 6D;
	26041 : 6D;
	26042 : 6D;
	26043 : 8D;
	26044 : 6D;
	26045 : 6D;
	26046 : 6D;
	26047 : 6D;
	26048 : 6D;
	26049 : 69;
	26050 : 69;
	26051 : 69;
	26052 : 69;
	26053 : 69;
	26054 : 69;
	26055 : 69;
	26056 : 69;
	26057 : 69;
	26058 : 69;
	26059 : 69;
	26060 : 69;
	26061 : 69;
	26062 : 69;
	26063 : 6D;
	26064 : 8D;
	26065 : 91;
	26066 : B1;
	26067 : 91;
	26068 : 8D;
	26069 : 8D;
	26070 : 8D;
	26071 : 8D;
	26072 : 6D;
	26073 : 6D;
	26074 : 69;
	26075 : 69;
	26076 : 69;
	26077 : 69;
	26078 : 69;
	26079 : 69;
	26080 : 69;
	26081 : 69;
	26082 : 6D;
	26083 : 6D;
	26084 : 69;
	26085 : 69;
	26086 : 69;
	26087 : 69;
	26088 : 49;
	26089 : 49;
	26090 : 49;
	26091 : 49;
	26092 : 49;
	26093 : 49;
	26094 : 49;
	26095 : 49;
	26096 : 49;
	26097 : 49;
	26098 : 49;
	26099 : 49;
	26100 : 49;
	26101 : 49;
	26102 : 49;
	26103 : 49;
	26104 : 49;
	26105 : 49;
	26106 : 49;
	26107 : 49;
	26108 : 49;
	26109 : 49;
	26110 : 49;
	26111 : 49;
	26112 : 49;
	26113 : 49;
	26114 : 49;
	26115 : 49;
	26116 : 49;
	26117 : 49;
	26118 : 49;
	26119 : 49;
	26120 : 49;
	26121 : 49;
	26122 : 49;
	26123 : 49;
	26124 : 49;
	26125 : 49;
	26126 : 49;
	26127 : 49;
	26128 : 45;
	26129 : 45;
	26130 : 45;
	26131 : 49;
	26132 : 25;
	26133 : 25;
	26134 : 25;
	26135 : 25;
	26136 : 25;
	26137 : 25;
	26138 : 49;
	26139 : 25;
	26140 : 25;
	26141 : 25;
	26142 : 25;
	26143 : 25;
	26144 : 25;
	26145 : 29;
	26146 : 49;
	26147 : 49;
	26148 : 25;
	26149 : 25;
	26150 : 25;
	26151 : 25;
	26152 : 25;
	26153 : 25;
	26154 : 25;
	26155 : 25;
	26156 : 25;
	26157 : 25;
	26158 : 24;
	26159 : 24;
	26160 : 24;
	26161 : 25;
	26162 : 25;
	26163 : 25;
	26164 : 25;
	26165 : 25;
	26166 : 25;
	26167 : 25;
	26168 : 24;
	26169 : 24;
	26170 : 24;
	26171 : 24;
	26172 : 24;
	26173 : 24;
	26174 : 44;
	26175 : 44;
	26176 : 44;
	26177 : 24;
	26178 : 24;
	26179 : 24;
	26180 : 24;
	26181 : 25;
	26182 : 25;
	26183 : 24;
	26184 : 00;
	26185 : 00;
	26186 : 00;
	26187 : 00;
	26188 : 00;
	26189 : 00;
	26190 : 24;
	26191 : 24;
	26192 : 00;
	26193 : 00;
	26194 : 00;
	26195 : 24;
	26196 : 25;
	26197 : 49;
	26198 : 49;
	26199 : 25;
	26200 : 24;
	26201 : 24;
	26202 : 48;
	26203 : 49;
	26204 : 49;
	26205 : 49;
	26206 : 49;
	26207 : 49;
	26208 : 49;
	26209 : 69;
	26210 : 69;
	26211 : 6D;
	26212 : 6D;
	26213 : 6D;
	26214 : 69;
	26215 : 69;
	26216 : 69;
	26217 : 6D;
	26218 : 6D;
	26219 : 6D;
	26220 : 6D;
	26221 : 6D;
	26222 : 6D;
	26223 : 6D;
	26224 : 6D;
	26225 : 6D;
	26226 : 6D;
	26227 : 6D;
	26228 : 6D;
	26229 : 6D;
	26230 : 6D;
	26231 : 6D;
	26232 : 6D;
	26233 : 6D;
	26234 : 6D;
	26235 : 6D;
	26236 : 6D;
	26237 : 6D;
	26238 : 6D;
	26239 : 6D;
	26240 : 6D;
	26241 : 6D;
	26242 : 8D;
	26243 : 8D;
	26244 : 8D;
	26245 : 8D;
	26246 : 6D;
	26247 : 6D;
	26248 : 6D;
	26249 : 69;
	26250 : 69;
	26251 : 69;
	26252 : 69;
	26253 : 69;
	26254 : 69;
	26255 : 69;
	26256 : 69;
	26257 : 6D;
	26258 : 6D;
	26259 : 6D;
	26260 : 69;
	26261 : 69;
	26262 : 69;
	26263 : 6D;
	26264 : 8D;
	26265 : 8D;
	26266 : 8D;
	26267 : 8D;
	26268 : 6D;
	26269 : 69;
	26270 : 69;
	26271 : 69;
	26272 : 69;
	26273 : 69;
	26274 : 69;
	26275 : 69;
	26276 : 69;
	26277 : 69;
	26278 : 69;
	26279 : 69;
	26280 : 69;
	26281 : 69;
	26282 : 69;
	26283 : 69;
	26284 : 69;
	26285 : 69;
	26286 : 69;
	26287 : 49;
	26288 : 49;
	26289 : 49;
	26290 : 49;
	26291 : 49;
	26292 : 49;
	26293 : 49;
	26294 : 49;
	26295 : 49;
	26296 : 49;
	26297 : 49;
	26298 : 49;
	26299 : 49;
	26300 : 49;
	26301 : 49;
	26302 : 49;
	26303 : 49;
	26304 : 49;
	26305 : 49;
	26306 : 49;
	26307 : 49;
	26308 : 49;
	26309 : 49;
	26310 : 49;
	26311 : 49;
	26312 : 49;
	26313 : 49;
	26314 : 49;
	26315 : 49;
	26316 : 49;
	26317 : 49;
	26318 : 49;
	26319 : 49;
	26320 : 49;
	26321 : 49;
	26322 : 49;
	26323 : 49;
	26324 : 49;
	26325 : 49;
	26326 : 49;
	26327 : 49;
	26328 : 45;
	26329 : 45;
	26330 : 25;
	26331 : 25;
	26332 : 25;
	26333 : 25;
	26334 : 25;
	26335 : 25;
	26336 : 25;
	26337 : 25;
	26338 : 25;
	26339 : 25;
	26340 : 25;
	26341 : 25;
	26342 : 25;
	26343 : 25;
	26344 : 25;
	26345 : 25;
	26346 : 25;
	26347 : 25;
	26348 : 25;
	26349 : 25;
	26350 : 25;
	26351 : 25;
	26352 : 25;
	26353 : 25;
	26354 : 25;
	26355 : 25;
	26356 : 25;
	26357 : 25;
	26358 : 25;
	26359 : 25;
	26360 : 25;
	26361 : 25;
	26362 : 25;
	26363 : 25;
	26364 : 25;
	26365 : 25;
	26366 : 25;
	26367 : 25;
	26368 : 25;
	26369 : 25;
	26370 : 24;
	26371 : 24;
	26372 : 24;
	26373 : 44;
	26374 : 48;
	26375 : 48;
	26376 : 44;
	26377 : 24;
	26378 : 24;
	26379 : 24;
	26380 : 25;
	26381 : 25;
	26382 : 49;
	26383 : 24;
	26384 : 00;
	26385 : 00;
	26386 : 00;
	26387 : 00;
	26388 : 00;
	26389 : 00;
	26390 : 00;
	26391 : 00;
	26392 : 00;
	26393 : 00;
	26394 : 00;
	26395 : 24;
	26396 : 25;
	26397 : 49;
	26398 : 49;
	26399 : 25;
	26400 : 24;
	26401 : 24;
	26402 : 24;
	26403 : 49;
	26404 : 49;
	26405 : 49;
	26406 : 49;
	26407 : 49;
	26408 : 69;
	26409 : 69;
	26410 : 69;
	26411 : 69;
	26412 : 69;
	26413 : 69;
	26414 : 6D;
	26415 : 6D;
	26416 : 6D;
	26417 : 6D;
	26418 : 6D;
	26419 : 6D;
	26420 : 6D;
	26421 : 6D;
	26422 : 6D;
	26423 : 69;
	26424 : 69;
	26425 : 69;
	26426 : 69;
	26427 : 69;
	26428 : 6D;
	26429 : 6D;
	26430 : 6D;
	26431 : 6D;
	26432 : 6D;
	26433 : 6D;
	26434 : 6D;
	26435 : 6D;
	26436 : 6D;
	26437 : 6D;
	26438 : 6D;
	26439 : 6D;
	26440 : 6D;
	26441 : 6D;
	26442 : 6D;
	26443 : 8D;
	26444 : 8D;
	26445 : 8D;
	26446 : 6D;
	26447 : 6D;
	26448 : 6D;
	26449 : 6D;
	26450 : 6D;
	26451 : 6D;
	26452 : 69;
	26453 : 6D;
	26454 : 6D;
	26455 : 8D;
	26456 : 8D;
	26457 : 8D;
	26458 : 6D;
	26459 : 6D;
	26460 : 69;
	26461 : 69;
	26462 : 69;
	26463 : 69;
	26464 : 6D;
	26465 : 6D;
	26466 : 6D;
	26467 : 6D;
	26468 : 69;
	26469 : 69;
	26470 : 69;
	26471 : 69;
	26472 : 69;
	26473 : 69;
	26474 : 69;
	26475 : 69;
	26476 : 69;
	26477 : 69;
	26478 : 69;
	26479 : 49;
	26480 : 49;
	26481 : 69;
	26482 : 69;
	26483 : 69;
	26484 : 69;
	26485 : 49;
	26486 : 49;
	26487 : 49;
	26488 : 49;
	26489 : 49;
	26490 : 49;
	26491 : 49;
	26492 : 49;
	26493 : 49;
	26494 : 49;
	26495 : 49;
	26496 : 49;
	26497 : 49;
	26498 : 49;
	26499 : 49;
	26500 : 49;
	26501 : 49;
	26502 : 49;
	26503 : 49;
	26504 : 49;
	26505 : 49;
	26506 : 49;
	26507 : 49;
	26508 : 49;
	26509 : 49;
	26510 : 49;
	26511 : 49;
	26512 : 49;
	26513 : 49;
	26514 : 49;
	26515 : 49;
	26516 : 49;
	26517 : 49;
	26518 : 49;
	26519 : 49;
	26520 : 49;
	26521 : 49;
	26522 : 49;
	26523 : 49;
	26524 : 49;
	26525 : 49;
	26526 : 49;
	26527 : 49;
	26528 : 49;
	26529 : 45;
	26530 : 25;
	26531 : 25;
	26532 : 25;
	26533 : 25;
	26534 : 25;
	26535 : 25;
	26536 : 25;
	26537 : 25;
	26538 : 25;
	26539 : 25;
	26540 : 25;
	26541 : 25;
	26542 : 25;
	26543 : 25;
	26544 : 25;
	26545 : 25;
	26546 : 25;
	26547 : 25;
	26548 : 25;
	26549 : 25;
	26550 : 25;
	26551 : 25;
	26552 : 25;
	26553 : 25;
	26554 : 25;
	26555 : 25;
	26556 : 25;
	26557 : 25;
	26558 : 25;
	26559 : 25;
	26560 : 25;
	26561 : 25;
	26562 : 25;
	26563 : 25;
	26564 : 25;
	26565 : 25;
	26566 : 25;
	26567 : 25;
	26568 : 25;
	26569 : 25;
	26570 : 25;
	26571 : 25;
	26572 : 44;
	26573 : 48;
	26574 : 48;
	26575 : 44;
	26576 : 24;
	26577 : 24;
	26578 : 24;
	26579 : 24;
	26580 : 25;
	26581 : 49;
	26582 : 49;
	26583 : 25;
	26584 : 24;
	26585 : 00;
	26586 : 00;
	26587 : 00;
	26588 : 00;
	26589 : 00;
	26590 : 00;
	26591 : 00;
	26592 : 00;
	26593 : 00;
	26594 : 00;
	26595 : 24;
	26596 : 25;
	26597 : 25;
	26598 : 25;
	26599 : 24;
	26600 : 24;
	26601 : 24;
	26602 : 24;
	26603 : 24;
	26604 : 49;
	26605 : 49;
	26606 : 49;
	26607 : 49;
	26608 : 49;
	26609 : 49;
	26610 : 49;
	26611 : 49;
	26612 : 69;
	26613 : 69;
	26614 : 6D;
	26615 : 6D;
	26616 : 6D;
	26617 : 6D;
	26618 : 6D;
	26619 : 6D;
	26620 : 6D;
	26621 : 6D;
	26622 : 69;
	26623 : 69;
	26624 : 69;
	26625 : 49;
	26626 : 49;
	26627 : 69;
	26628 : 69;
	26629 : 69;
	26630 : 69;
	26631 : 69;
	26632 : 69;
	26633 : 69;
	26634 : 69;
	26635 : 69;
	26636 : 6D;
	26637 : 6D;
	26638 : 6D;
	26639 : 6D;
	26640 : 6D;
	26641 : 69;
	26642 : 69;
	26643 : 6D;
	26644 : 6D;
	26645 : 6D;
	26646 : 6D;
	26647 : 6D;
	26648 : 6D;
	26649 : 8D;
	26650 : 8D;
	26651 : 8D;
	26652 : 6D;
	26653 : 8D;
	26654 : 8D;
	26655 : 8D;
	26656 : 8D;
	26657 : 8D;
	26658 : 8D;
	26659 : 69;
	26660 : 69;
	26661 : 69;
	26662 : 69;
	26663 : 69;
	26664 : 69;
	26665 : 69;
	26666 : 69;
	26667 : 69;
	26668 : 69;
	26669 : 69;
	26670 : 69;
	26671 : 69;
	26672 : 69;
	26673 : 49;
	26674 : 49;
	26675 : 49;
	26676 : 49;
	26677 : 49;
	26678 : 49;
	26679 : 49;
	26680 : 49;
	26681 : 69;
	26682 : 69;
	26683 : 69;
	26684 : 49;
	26685 : 49;
	26686 : 49;
	26687 : 49;
	26688 : 49;
	26689 : 49;
	26690 : 49;
	26691 : 49;
	26692 : 49;
	26693 : 49;
	26694 : 49;
	26695 : 49;
	26696 : 49;
	26697 : 49;
	26698 : 49;
	26699 : 49;
	26700 : 49;
	26701 : 49;
	26702 : 49;
	26703 : 49;
	26704 : 49;
	26705 : 49;
	26706 : 49;
	26707 : 49;
	26708 : 49;
	26709 : 49;
	26710 : 49;
	26711 : 49;
	26712 : 49;
	26713 : 49;
	26714 : 49;
	26715 : 49;
	26716 : 49;
	26717 : 49;
	26718 : 49;
	26719 : 49;
	26720 : 49;
	26721 : 49;
	26722 : 49;
	26723 : 49;
	26724 : 49;
	26725 : 49;
	26726 : 49;
	26727 : 49;
	26728 : 49;
	26729 : 45;
	26730 : 25;
	26731 : 25;
	26732 : 25;
	26733 : 25;
	26734 : 25;
	26735 : 25;
	26736 : 25;
	26737 : 25;
	26738 : 25;
	26739 : 25;
	26740 : 25;
	26741 : 25;
	26742 : 25;
	26743 : 25;
	26744 : 25;
	26745 : 25;
	26746 : 25;
	26747 : 25;
	26748 : 25;
	26749 : 25;
	26750 : 25;
	26751 : 25;
	26752 : 25;
	26753 : 25;
	26754 : 25;
	26755 : 25;
	26756 : 25;
	26757 : 25;
	26758 : 25;
	26759 : 25;
	26760 : 25;
	26761 : 25;
	26762 : 25;
	26763 : 25;
	26764 : 25;
	26765 : 25;
	26766 : 25;
	26767 : 25;
	26768 : 25;
	26769 : 25;
	26770 : 25;
	26771 : 25;
	26772 : 49;
	26773 : 49;
	26774 : 48;
	26775 : 24;
	26776 : 24;
	26777 : 24;
	26778 : 24;
	26779 : 24;
	26780 : 49;
	26781 : 49;
	26782 : 49;
	26783 : 45;
	26784 : 25;
	26785 : 24;
	26786 : 24;
	26787 : 00;
	26788 : 00;
	26789 : 00;
	26790 : 00;
	26791 : 00;
	26792 : 00;
	26793 : 00;
	26794 : 00;
	26795 : 00;
	26796 : 00;
	26797 : 00;
	26798 : 04;
	26799 : 04;
	26800 : 20;
	26801 : 20;
	26802 : 24;
	26803 : 24;
	26804 : 24;
	26805 : 24;
	26806 : 24;
	26807 : 24;
	26808 : 24;
	26809 : 24;
	26810 : 49;
	26811 : 49;
	26812 : 69;
	26813 : 69;
	26814 : 69;
	26815 : 69;
	26816 : 6D;
	26817 : 6D;
	26818 : 6D;
	26819 : 6D;
	26820 : 6D;
	26821 : 6D;
	26822 : 69;
	26823 : 69;
	26824 : 69;
	26825 : 49;
	26826 : 49;
	26827 : 49;
	26828 : 49;
	26829 : 49;
	26830 : 49;
	26831 : 49;
	26832 : 49;
	26833 : 49;
	26834 : 49;
	26835 : 49;
	26836 : 49;
	26837 : 49;
	26838 : 69;
	26839 : 69;
	26840 : 69;
	26841 : 69;
	26842 : 69;
	26843 : 49;
	26844 : 49;
	26845 : 69;
	26846 : 69;
	26847 : 69;
	26848 : 69;
	26849 : 69;
	26850 : 6D;
	26851 : 6D;
	26852 : 69;
	26853 : 6D;
	26854 : 6D;
	26855 : 8D;
	26856 : 8D;
	26857 : 8D;
	26858 : 6D;
	26859 : 6D;
	26860 : 8D;
	26861 : 8D;
	26862 : 8D;
	26863 : 6D;
	26864 : 69;
	26865 : 69;
	26866 : 69;
	26867 : 69;
	26868 : 49;
	26869 : 49;
	26870 : 49;
	26871 : 49;
	26872 : 49;
	26873 : 49;
	26874 : 49;
	26875 : 49;
	26876 : 49;
	26877 : 49;
	26878 : 49;
	26879 : 49;
	26880 : 49;
	26881 : 69;
	26882 : 69;
	26883 : 69;
	26884 : 49;
	26885 : 49;
	26886 : 49;
	26887 : 49;
	26888 : 49;
	26889 : 49;
	26890 : 49;
	26891 : 49;
	26892 : 49;
	26893 : 49;
	26894 : 49;
	26895 : 49;
	26896 : 49;
	26897 : 49;
	26898 : 49;
	26899 : 49;
	26900 : 49;
	26901 : 49;
	26902 : 49;
	26903 : 49;
	26904 : 49;
	26905 : 49;
	26906 : 49;
	26907 : 49;
	26908 : 49;
	26909 : 49;
	26910 : 49;
	26911 : 49;
	26912 : 49;
	26913 : 49;
	26914 : 49;
	26915 : 49;
	26916 : 49;
	26917 : 49;
	26918 : 49;
	26919 : 49;
	26920 : 49;
	26921 : 49;
	26922 : 49;
	26923 : 49;
	26924 : 49;
	26925 : 49;
	26926 : 49;
	26927 : 45;
	26928 : 45;
	26929 : 25;
	26930 : 25;
	26931 : 25;
	26932 : 25;
	26933 : 25;
	26934 : 25;
	26935 : 25;
	26936 : 25;
	26937 : 25;
	26938 : 25;
	26939 : 25;
	26940 : 25;
	26941 : 25;
	26942 : 25;
	26943 : 25;
	26944 : 25;
	26945 : 25;
	26946 : 25;
	26947 : 25;
	26948 : 25;
	26949 : 25;
	26950 : 25;
	26951 : 25;
	26952 : 25;
	26953 : 25;
	26954 : 49;
	26955 : 49;
	26956 : 49;
	26957 : 49;
	26958 : 49;
	26959 : 49;
	26960 : 49;
	26961 : 49;
	26962 : 49;
	26963 : 29;
	26964 : 25;
	26965 : 25;
	26966 : 25;
	26967 : 25;
	26968 : 25;
	26969 : 25;
	26970 : 25;
	26971 : 45;
	26972 : 49;
	26973 : 49;
	26974 : 44;
	26975 : 24;
	26976 : 24;
	26977 : 24;
	26978 : 24;
	26979 : 25;
	26980 : 49;
	26981 : 49;
	26982 : 49;
	26983 : 49;
	26984 : 45;
	26985 : 25;
	26986 : 24;
	26987 : 00;
	26988 : 00;
	26989 : 00;
	26990 : 00;
	26991 : 00;
	26992 : 00;
	26993 : 00;
	26994 : 00;
	26995 : 00;
	26996 : 00;
	26997 : 00;
	26998 : 00;
	26999 : 00;
	27000 : 00;
	27001 : 20;
	27002 : 20;
	27003 : 24;
	27004 : 24;
	27005 : 24;
	27006 : 24;
	27007 : 24;
	27008 : 24;
	27009 : 24;
	27010 : 49;
	27011 : 49;
	27012 : 69;
	27013 : 69;
	27014 : 69;
	27015 : 69;
	27016 : 69;
	27017 : 69;
	27018 : 69;
	27019 : 69;
	27020 : 69;
	27021 : 49;
	27022 : 49;
	27023 : 49;
	27024 : 49;
	27025 : 49;
	27026 : 49;
	27027 : 49;
	27028 : 45;
	27029 : 49;
	27030 : 49;
	27031 : 49;
	27032 : 49;
	27033 : 49;
	27034 : 49;
	27035 : 49;
	27036 : 49;
	27037 : 49;
	27038 : 49;
	27039 : 49;
	27040 : 49;
	27041 : 49;
	27042 : 49;
	27043 : 49;
	27044 : 49;
	27045 : 49;
	27046 : 49;
	27047 : 49;
	27048 : 49;
	27049 : 49;
	27050 : 49;
	27051 : 49;
	27052 : 49;
	27053 : 49;
	27054 : 49;
	27055 : 69;
	27056 : 69;
	27057 : 69;
	27058 : 69;
	27059 : 69;
	27060 : 6D;
	27061 : 6D;
	27062 : 6D;
	27063 : 6D;
	27064 : 69;
	27065 : 69;
	27066 : 6D;
	27067 : 8D;
	27068 : 6D;
	27069 : 69;
	27070 : 69;
	27071 : 69;
	27072 : 69;
	27073 : 49;
	27074 : 49;
	27075 : 49;
	27076 : 49;
	27077 : 49;
	27078 : 49;
	27079 : 49;
	27080 : 49;
	27081 : 49;
	27082 : 49;
	27083 : 49;
	27084 : 49;
	27085 : 49;
	27086 : 49;
	27087 : 49;
	27088 : 49;
	27089 : 49;
	27090 : 49;
	27091 : 49;
	27092 : 49;
	27093 : 49;
	27094 : 49;
	27095 : 49;
	27096 : 49;
	27097 : 49;
	27098 : 49;
	27099 : 49;
	27100 : 49;
	27101 : 49;
	27102 : 49;
	27103 : 49;
	27104 : 49;
	27105 : 49;
	27106 : 49;
	27107 : 49;
	27108 : 49;
	27109 : 49;
	27110 : 49;
	27111 : 49;
	27112 : 49;
	27113 : 49;
	27114 : 49;
	27115 : 49;
	27116 : 49;
	27117 : 49;
	27118 : 49;
	27119 : 49;
	27120 : 49;
	27121 : 49;
	27122 : 49;
	27123 : 49;
	27124 : 49;
	27125 : 45;
	27126 : 45;
	27127 : 25;
	27128 : 25;
	27129 : 25;
	27130 : 25;
	27131 : 25;
	27132 : 25;
	27133 : 25;
	27134 : 25;
	27135 : 25;
	27136 : 25;
	27137 : 25;
	27138 : 25;
	27139 : 25;
	27140 : 25;
	27141 : 25;
	27142 : 25;
	27143 : 25;
	27144 : 25;
	27145 : 25;
	27146 : 25;
	27147 : 25;
	27148 : 25;
	27149 : 25;
	27150 : 25;
	27151 : 25;
	27152 : 25;
	27153 : 49;
	27154 : 49;
	27155 : 49;
	27156 : 49;
	27157 : 49;
	27158 : 49;
	27159 : 49;
	27160 : 49;
	27161 : 49;
	27162 : 49;
	27163 : 49;
	27164 : 25;
	27165 : 25;
	27166 : 25;
	27167 : 25;
	27168 : 25;
	27169 : 25;
	27170 : 24;
	27171 : 24;
	27172 : 44;
	27173 : 44;
	27174 : 24;
	27175 : 24;
	27176 : 24;
	27177 : 24;
	27178 : 25;
	27179 : 49;
	27180 : 49;
	27181 : 45;
	27182 : 45;
	27183 : 45;
	27184 : 25;
	27185 : 25;
	27186 : 24;
	27187 : 00;
	27188 : 00;
	27189 : 00;
	27190 : 00;
	27191 : 00;
	27192 : 00;
	27193 : 00;
	27194 : 00;
	27195 : 00;
	27196 : 00;
	27197 : 00;
	27198 : 00;
	27199 : 00;
	27200 : 00;
	27201 : 20;
	27202 : 20;
	27203 : 20;
	27204 : 24;
	27205 : 24;
	27206 : 24;
	27207 : 24;
	27208 : 24;
	27209 : 24;
	27210 : 49;
	27211 : 49;
	27212 : 69;
	27213 : 69;
	27214 : 69;
	27215 : 69;
	27216 : 69;
	27217 : 49;
	27218 : 49;
	27219 : 49;
	27220 : 49;
	27221 : 49;
	27222 : 49;
	27223 : 49;
	27224 : 49;
	27225 : 49;
	27226 : 49;
	27227 : 49;
	27228 : 49;
	27229 : 49;
	27230 : 49;
	27231 : 49;
	27232 : 49;
	27233 : 49;
	27234 : 49;
	27235 : 49;
	27236 : 49;
	27237 : 49;
	27238 : 49;
	27239 : 49;
	27240 : 49;
	27241 : 49;
	27242 : 49;
	27243 : 49;
	27244 : 49;
	27245 : 49;
	27246 : 49;
	27247 : 49;
	27248 : 49;
	27249 : 49;
	27250 : 49;
	27251 : 49;
	27252 : 49;
	27253 : 49;
	27254 : 49;
	27255 : 49;
	27256 : 49;
	27257 : 49;
	27258 : 49;
	27259 : 49;
	27260 : 69;
	27261 : 69;
	27262 : 69;
	27263 : 69;
	27264 : 69;
	27265 : 6D;
	27266 : 8D;
	27267 : 8D;
	27268 : 6D;
	27269 : 69;
	27270 : 69;
	27271 : 69;
	27272 : 69;
	27273 : 49;
	27274 : 49;
	27275 : 49;
	27276 : 49;
	27277 : 49;
	27278 : 49;
	27279 : 49;
	27280 : 49;
	27281 : 49;
	27282 : 49;
	27283 : 49;
	27284 : 49;
	27285 : 49;
	27286 : 49;
	27287 : 49;
	27288 : 49;
	27289 : 49;
	27290 : 49;
	27291 : 49;
	27292 : 49;
	27293 : 49;
	27294 : 49;
	27295 : 49;
	27296 : 49;
	27297 : 49;
	27298 : 49;
	27299 : 49;
	27300 : 49;
	27301 : 49;
	27302 : 49;
	27303 : 49;
	27304 : 49;
	27305 : 49;
	27306 : 49;
	27307 : 49;
	27308 : 49;
	27309 : 49;
	27310 : 49;
	27311 : 49;
	27312 : 49;
	27313 : 49;
	27314 : 49;
	27315 : 49;
	27316 : 49;
	27317 : 49;
	27318 : 49;
	27319 : 49;
	27320 : 49;
	27321 : 49;
	27322 : 49;
	27323 : 45;
	27324 : 45;
	27325 : 25;
	27326 : 25;
	27327 : 25;
	27328 : 25;
	27329 : 25;
	27330 : 25;
	27331 : 25;
	27332 : 25;
	27333 : 25;
	27334 : 25;
	27335 : 25;
	27336 : 25;
	27337 : 25;
	27338 : 25;
	27339 : 25;
	27340 : 25;
	27341 : 25;
	27342 : 25;
	27343 : 25;
	27344 : 25;
	27345 : 25;
	27346 : 25;
	27347 : 25;
	27348 : 25;
	27349 : 25;
	27350 : 25;
	27351 : 25;
	27352 : 25;
	27353 : 49;
	27354 : 49;
	27355 : 6D;
	27356 : 6D;
	27357 : 6D;
	27358 : 69;
	27359 : 49;
	27360 : 6D;
	27361 : 6D;
	27362 : 49;
	27363 : 49;
	27364 : 29;
	27365 : 25;
	27366 : 25;
	27367 : 25;
	27368 : 25;
	27369 : 24;
	27370 : 24;
	27371 : 24;
	27372 : 24;
	27373 : 24;
	27374 : 24;
	27375 : 24;
	27376 : 24;
	27377 : 25;
	27378 : 25;
	27379 : 45;
	27380 : 25;
	27381 : 25;
	27382 : 25;
	27383 : 25;
	27384 : 24;
	27385 : 24;
	27386 : 24;
	27387 : 00;
	27388 : 00;
	27389 : 00;
	27390 : 00;
	27391 : 00;
	27392 : 00;
	27393 : 00;
	27394 : 00;
	27395 : 00;
	27396 : 00;
	27397 : 00;
	27398 : 00;
	27399 : 00;
	27400 : 00;
	27401 : 20;
	27402 : 20;
	27403 : 20;
	27404 : 24;
	27405 : 24;
	27406 : 24;
	27407 : 24;
	27408 : 24;
	27409 : 44;
	27410 : 49;
	27411 : 49;
	27412 : 49;
	27413 : 49;
	27414 : 49;
	27415 : 49;
	27416 : 49;
	27417 : 49;
	27418 : 49;
	27419 : 49;
	27420 : 49;
	27421 : 49;
	27422 : 45;
	27423 : 45;
	27424 : 45;
	27425 : 45;
	27426 : 45;
	27427 : 49;
	27428 : 49;
	27429 : 49;
	27430 : 49;
	27431 : 49;
	27432 : 49;
	27433 : 49;
	27434 : 49;
	27435 : 49;
	27436 : 49;
	27437 : 45;
	27438 : 45;
	27439 : 45;
	27440 : 49;
	27441 : 49;
	27442 : 45;
	27443 : 49;
	27444 : 49;
	27445 : 49;
	27446 : 49;
	27447 : 49;
	27448 : 49;
	27449 : 49;
	27450 : 49;
	27451 : 49;
	27452 : 49;
	27453 : 49;
	27454 : 49;
	27455 : 45;
	27456 : 45;
	27457 : 45;
	27458 : 45;
	27459 : 45;
	27460 : 45;
	27461 : 49;
	27462 : 49;
	27463 : 69;
	27464 : 69;
	27465 : 69;
	27466 : 69;
	27467 : 69;
	27468 : 69;
	27469 : 49;
	27470 : 69;
	27471 : 69;
	27472 : 69;
	27473 : 49;
	27474 : 49;
	27475 : 49;
	27476 : 49;
	27477 : 49;
	27478 : 49;
	27479 : 49;
	27480 : 49;
	27481 : 49;
	27482 : 49;
	27483 : 49;
	27484 : 49;
	27485 : 49;
	27486 : 49;
	27487 : 49;
	27488 : 49;
	27489 : 49;
	27490 : 49;
	27491 : 49;
	27492 : 49;
	27493 : 49;
	27494 : 49;
	27495 : 49;
	27496 : 49;
	27497 : 45;
	27498 : 49;
	27499 : 49;
	27500 : 49;
	27501 : 49;
	27502 : 49;
	27503 : 49;
	27504 : 49;
	27505 : 49;
	27506 : 49;
	27507 : 49;
	27508 : 49;
	27509 : 49;
	27510 : 49;
	27511 : 49;
	27512 : 49;
	27513 : 49;
	27514 : 49;
	27515 : 49;
	27516 : 49;
	27517 : 49;
	27518 : 49;
	27519 : 49;
	27520 : 49;
	27521 : 49;
	27522 : 49;
	27523 : 45;
	27524 : 25;
	27525 : 25;
	27526 : 25;
	27527 : 24;
	27528 : 25;
	27529 : 25;
	27530 : 25;
	27531 : 25;
	27532 : 25;
	27533 : 25;
	27534 : 25;
	27535 : 25;
	27536 : 25;
	27537 : 25;
	27538 : 25;
	27539 : 25;
	27540 : 25;
	27541 : 25;
	27542 : 25;
	27543 : 25;
	27544 : 25;
	27545 : 25;
	27546 : 45;
	27547 : 45;
	27548 : 25;
	27549 : 25;
	27550 : 25;
	27551 : 25;
	27552 : 25;
	27553 : 25;
	27554 : 49;
	27555 : 69;
	27556 : 6D;
	27557 : 49;
	27558 : 49;
	27559 : 49;
	27560 : 49;
	27561 : 49;
	27562 : 49;
	27563 : 49;
	27564 : 29;
	27565 : 29;
	27566 : 25;
	27567 : 25;
	27568 : 25;
	27569 : 25;
	27570 : 25;
	27571 : 25;
	27572 : 25;
	27573 : 25;
	27574 : 24;
	27575 : 24;
	27576 : 24;
	27577 : 25;
	27578 : 25;
	27579 : 25;
	27580 : 25;
	27581 : 25;
	27582 : 25;
	27583 : 24;
	27584 : 24;
	27585 : 24;
	27586 : 24;
	27587 : 00;
	27588 : 00;
	27589 : 00;
	27590 : 00;
	27591 : 00;
	27592 : 00;
	27593 : 00;
	27594 : 00;
	27595 : 00;
	27596 : 00;
	27597 : 00;
	27598 : 00;
	27599 : 00;
	27600 : 00;
	27601 : 20;
	27602 : 20;
	27603 : 20;
	27604 : 20;
	27605 : 24;
	27606 : 24;
	27607 : 24;
	27608 : 44;
	27609 : 44;
	27610 : 44;
	27611 : 44;
	27612 : 44;
	27613 : 44;
	27614 : 45;
	27615 : 45;
	27616 : 45;
	27617 : 45;
	27618 : 45;
	27619 : 45;
	27620 : 45;
	27621 : 45;
	27622 : 45;
	27623 : 45;
	27624 : 45;
	27625 : 49;
	27626 : 49;
	27627 : 49;
	27628 : 49;
	27629 : 49;
	27630 : 49;
	27631 : 49;
	27632 : 49;
	27633 : 49;
	27634 : 45;
	27635 : 45;
	27636 : 49;
	27637 : 45;
	27638 : 45;
	27639 : 45;
	27640 : 45;
	27641 : 45;
	27642 : 45;
	27643 : 45;
	27644 : 45;
	27645 : 45;
	27646 : 45;
	27647 : 45;
	27648 : 45;
	27649 : 45;
	27650 : 45;
	27651 : 45;
	27652 : 45;
	27653 : 45;
	27654 : 45;
	27655 : 49;
	27656 : 49;
	27657 : 49;
	27658 : 49;
	27659 : 49;
	27660 : 49;
	27661 : 49;
	27662 : 49;
	27663 : 49;
	27664 : 69;
	27665 : 49;
	27666 : 49;
	27667 : 49;
	27668 : 49;
	27669 : 49;
	27670 : 49;
	27671 : 49;
	27672 : 49;
	27673 : 49;
	27674 : 49;
	27675 : 49;
	27676 : 49;
	27677 : 49;
	27678 : 49;
	27679 : 49;
	27680 : 49;
	27681 : 49;
	27682 : 49;
	27683 : 49;
	27684 : 49;
	27685 : 49;
	27686 : 49;
	27687 : 49;
	27688 : 49;
	27689 : 49;
	27690 : 49;
	27691 : 49;
	27692 : 49;
	27693 : 49;
	27694 : 49;
	27695 : 49;
	27696 : 49;
	27697 : 45;
	27698 : 49;
	27699 : 49;
	27700 : 49;
	27701 : 49;
	27702 : 49;
	27703 : 49;
	27704 : 49;
	27705 : 49;
	27706 : 49;
	27707 : 49;
	27708 : 49;
	27709 : 49;
	27710 : 49;
	27711 : 49;
	27712 : 49;
	27713 : 49;
	27714 : 49;
	27715 : 49;
	27716 : 49;
	27717 : 49;
	27718 : 49;
	27719 : 49;
	27720 : 49;
	27721 : 49;
	27722 : 45;
	27723 : 45;
	27724 : 25;
	27725 : 25;
	27726 : 25;
	27727 : 25;
	27728 : 25;
	27729 : 25;
	27730 : 25;
	27731 : 25;
	27732 : 25;
	27733 : 25;
	27734 : 25;
	27735 : 25;
	27736 : 25;
	27737 : 25;
	27738 : 25;
	27739 : 25;
	27740 : 25;
	27741 : 25;
	27742 : 29;
	27743 : 25;
	27744 : 25;
	27745 : 25;
	27746 : 49;
	27747 : 45;
	27748 : 25;
	27749 : 25;
	27750 : 25;
	27751 : 25;
	27752 : 25;
	27753 : 49;
	27754 : 49;
	27755 : 69;
	27756 : 49;
	27757 : 49;
	27758 : 49;
	27759 : 49;
	27760 : 49;
	27761 : 49;
	27762 : 49;
	27763 : 49;
	27764 : 29;
	27765 : 29;
	27766 : 25;
	27767 : 25;
	27768 : 25;
	27769 : 25;
	27770 : 25;
	27771 : 25;
	27772 : 25;
	27773 : 25;
	27774 : 24;
	27775 : 24;
	27776 : 25;
	27777 : 25;
	27778 : 25;
	27779 : 25;
	27780 : 25;
	27781 : 24;
	27782 : 24;
	27783 : 24;
	27784 : 24;
	27785 : 24;
	27786 : 24;
	27787 : 00;
	27788 : 00;
	27789 : 00;
	27790 : 00;
	27791 : 00;
	27792 : 00;
	27793 : 00;
	27794 : 00;
	27795 : 00;
	27796 : 00;
	27797 : 00;
	27798 : 00;
	27799 : 00;
	27800 : 00;
	27801 : 00;
	27802 : 20;
	27803 : 20;
	27804 : 20;
	27805 : 20;
	27806 : 20;
	27807 : 20;
	27808 : 24;
	27809 : 24;
	27810 : 24;
	27811 : 24;
	27812 : 44;
	27813 : 44;
	27814 : 44;
	27815 : 24;
	27816 : 25;
	27817 : 25;
	27818 : 25;
	27819 : 25;
	27820 : 25;
	27821 : 25;
	27822 : 25;
	27823 : 45;
	27824 : 45;
	27825 : 45;
	27826 : 49;
	27827 : 49;
	27828 : 49;
	27829 : 49;
	27830 : 45;
	27831 : 45;
	27832 : 45;
	27833 : 45;
	27834 : 45;
	27835 : 45;
	27836 : 45;
	27837 : 45;
	27838 : 45;
	27839 : 45;
	27840 : 45;
	27841 : 45;
	27842 : 45;
	27843 : 45;
	27844 : 45;
	27845 : 45;
	27846 : 25;
	27847 : 45;
	27848 : 45;
	27849 : 25;
	27850 : 45;
	27851 : 45;
	27852 : 45;
	27853 : 49;
	27854 : 49;
	27855 : 49;
	27856 : 49;
	27857 : 49;
	27858 : 49;
	27859 : 49;
	27860 : 49;
	27861 : 49;
	27862 : 49;
	27863 : 49;
	27864 : 49;
	27865 : 49;
	27866 : 49;
	27867 : 49;
	27868 : 49;
	27869 : 49;
	27870 : 49;
	27871 : 49;
	27872 : 49;
	27873 : 49;
	27874 : 49;
	27875 : 49;
	27876 : 49;
	27877 : 49;
	27878 : 49;
	27879 : 49;
	27880 : 49;
	27881 : 49;
	27882 : 49;
	27883 : 49;
	27884 : 49;
	27885 : 49;
	27886 : 49;
	27887 : 49;
	27888 : 49;
	27889 : 49;
	27890 : 49;
	27891 : 49;
	27892 : 49;
	27893 : 49;
	27894 : 49;
	27895 : 49;
	27896 : 49;
	27897 : 45;
	27898 : 49;
	27899 : 49;
	27900 : 49;
	27901 : 49;
	27902 : 49;
	27903 : 49;
	27904 : 45;
	27905 : 45;
	27906 : 45;
	27907 : 45;
	27908 : 49;
	27909 : 49;
	27910 : 49;
	27911 : 49;
	27912 : 49;
	27913 : 49;
	27914 : 49;
	27915 : 49;
	27916 : 49;
	27917 : 49;
	27918 : 49;
	27919 : 49;
	27920 : 45;
	27921 : 45;
	27922 : 45;
	27923 : 25;
	27924 : 25;
	27925 : 25;
	27926 : 25;
	27927 : 25;
	27928 : 25;
	27929 : 25;
	27930 : 25;
	27931 : 25;
	27932 : 25;
	27933 : 25;
	27934 : 25;
	27935 : 25;
	27936 : 25;
	27937 : 25;
	27938 : 25;
	27939 : 25;
	27940 : 25;
	27941 : 25;
	27942 : 29;
	27943 : 29;
	27944 : 25;
	27945 : 25;
	27946 : 49;
	27947 : 45;
	27948 : 25;
	27949 : 25;
	27950 : 25;
	27951 : 25;
	27952 : 25;
	27953 : 29;
	27954 : 49;
	27955 : 49;
	27956 : 49;
	27957 : 49;
	27958 : 49;
	27959 : 49;
	27960 : 49;
	27961 : 49;
	27962 : 49;
	27963 : 49;
	27964 : 29;
	27965 : 29;
	27966 : 25;
	27967 : 25;
	27968 : 25;
	27969 : 25;
	27970 : 25;
	27971 : 25;
	27972 : 25;
	27973 : 24;
	27974 : 24;
	27975 : 25;
	27976 : 25;
	27977 : 25;
	27978 : 25;
	27979 : 25;
	27980 : 25;
	27981 : 24;
	27982 : 24;
	27983 : 24;
	27984 : 24;
	27985 : 24;
	27986 : 24;
	27987 : 00;
	27988 : 00;
	27989 : 00;
	27990 : 00;
	27991 : 00;
	27992 : 00;
	27993 : 00;
	27994 : 00;
	27995 : 00;
	27996 : 00;
	27997 : 00;
	27998 : 00;
	27999 : 00;
	28000 : 00;
	28001 : 00;
	28002 : 20;
	28003 : 20;
	28004 : 20;
	28005 : 20;
	28006 : 20;
	28007 : 20;
	28008 : 20;
	28009 : 20;
	28010 : 20;
	28011 : 24;
	28012 : 24;
	28013 : 44;
	28014 : 44;
	28015 : 24;
	28016 : 24;
	28017 : 25;
	28018 : 25;
	28019 : 25;
	28020 : 25;
	28021 : 25;
	28022 : 25;
	28023 : 25;
	28024 : 25;
	28025 : 45;
	28026 : 45;
	28027 : 45;
	28028 : 45;
	28029 : 45;
	28030 : 45;
	28031 : 45;
	28032 : 45;
	28033 : 45;
	28034 : 45;
	28035 : 45;
	28036 : 45;
	28037 : 45;
	28038 : 45;
	28039 : 45;
	28040 : 45;
	28041 : 45;
	28042 : 25;
	28043 : 24;
	28044 : 24;
	28045 : 24;
	28046 : 25;
	28047 : 25;
	28048 : 25;
	28049 : 25;
	28050 : 45;
	28051 : 45;
	28052 : 49;
	28053 : 49;
	28054 : 49;
	28055 : 49;
	28056 : 49;
	28057 : 49;
	28058 : 49;
	28059 : 49;
	28060 : 49;
	28061 : 49;
	28062 : 49;
	28063 : 49;
	28064 : 49;
	28065 : 49;
	28066 : 49;
	28067 : 49;
	28068 : 49;
	28069 : 49;
	28070 : 49;
	28071 : 49;
	28072 : 49;
	28073 : 49;
	28074 : 49;
	28075 : 49;
	28076 : 49;
	28077 : 49;
	28078 : 49;
	28079 : 49;
	28080 : 49;
	28081 : 49;
	28082 : 49;
	28083 : 49;
	28084 : 49;
	28085 : 49;
	28086 : 49;
	28087 : 49;
	28088 : 49;
	28089 : 49;
	28090 : 49;
	28091 : 49;
	28092 : 49;
	28093 : 49;
	28094 : 49;
	28095 : 49;
	28096 : 45;
	28097 : 45;
	28098 : 49;
	28099 : 49;
	28100 : 49;
	28101 : 49;
	28102 : 45;
	28103 : 45;
	28104 : 45;
	28105 : 45;
	28106 : 45;
	28107 : 45;
	28108 : 45;
	28109 : 45;
	28110 : 45;
	28111 : 45;
	28112 : 45;
	28113 : 45;
	28114 : 25;
	28115 : 25;
	28116 : 25;
	28117 : 45;
	28118 : 45;
	28119 : 45;
	28120 : 45;
	28121 : 45;
	28122 : 25;
	28123 : 25;
	28124 : 25;
	28125 : 25;
	28126 : 25;
	28127 : 25;
	28128 : 25;
	28129 : 25;
	28130 : 25;
	28131 : 24;
	28132 : 24;
	28133 : 25;
	28134 : 25;
	28135 : 25;
	28136 : 24;
	28137 : 25;
	28138 : 25;
	28139 : 25;
	28140 : 25;
	28141 : 25;
	28142 : 25;
	28143 : 29;
	28144 : 29;
	28145 : 25;
	28146 : 25;
	28147 : 25;
	28148 : 25;
	28149 : 25;
	28150 : 25;
	28151 : 25;
	28152 : 25;
	28153 : 25;
	28154 : 49;
	28155 : 49;
	28156 : 49;
	28157 : 49;
	28158 : 49;
	28159 : 49;
	28160 : 49;
	28161 : 49;
	28162 : 49;
	28163 : 25;
	28164 : 25;
	28165 : 25;
	28166 : 25;
	28167 : 25;
	28168 : 25;
	28169 : 25;
	28170 : 25;
	28171 : 25;
	28172 : 25;
	28173 : 24;
	28174 : 25;
	28175 : 25;
	28176 : 25;
	28177 : 25;
	28178 : 25;
	28179 : 25;
	28180 : 24;
	28181 : 24;
	28182 : 24;
	28183 : 24;
	28184 : 24;
	28185 : 24;
	28186 : 00;
	28187 : 00;
	28188 : 00;
	28189 : 00;
	28190 : 00;
	28191 : 00;
	28192 : 00;
	28193 : 00;
	28194 : 00;
	28195 : 00;
	28196 : 00;
	28197 : 00;
	28198 : 00;
	28199 : 00;
	28200 : 00;
	28201 : 00;
	28202 : 00;
	28203 : 00;
	28204 : 00;
	28205 : 00;
	28206 : 00;
	28207 : 00;
	28208 : 00;
	28209 : 20;
	28210 : 20;
	28211 : 20;
	28212 : 20;
	28213 : 24;
	28214 : 24;
	28215 : 44;
	28216 : 24;
	28217 : 24;
	28218 : 25;
	28219 : 25;
	28220 : 25;
	28221 : 25;
	28222 : 25;
	28223 : 25;
	28224 : 25;
	28225 : 45;
	28226 : 45;
	28227 : 45;
	28228 : 45;
	28229 : 45;
	28230 : 25;
	28231 : 25;
	28232 : 45;
	28233 : 45;
	28234 : 45;
	28235 : 45;
	28236 : 45;
	28237 : 45;
	28238 : 45;
	28239 : 25;
	28240 : 25;
	28241 : 25;
	28242 : 24;
	28243 : 24;
	28244 : 24;
	28245 : 24;
	28246 : 24;
	28247 : 25;
	28248 : 45;
	28249 : 49;
	28250 : 49;
	28251 : 49;
	28252 : 49;
	28253 : 49;
	28254 : 49;
	28255 : 49;
	28256 : 49;
	28257 : 49;
	28258 : 49;
	28259 : 49;
	28260 : 49;
	28261 : 49;
	28262 : 49;
	28263 : 49;
	28264 : 49;
	28265 : 49;
	28266 : 49;
	28267 : 49;
	28268 : 49;
	28269 : 49;
	28270 : 49;
	28271 : 49;
	28272 : 49;
	28273 : 49;
	28274 : 49;
	28275 : 49;
	28276 : 49;
	28277 : 49;
	28278 : 49;
	28279 : 49;
	28280 : 49;
	28281 : 49;
	28282 : 49;
	28283 : 49;
	28284 : 49;
	28285 : 49;
	28286 : 49;
	28287 : 49;
	28288 : 49;
	28289 : 49;
	28290 : 49;
	28291 : 49;
	28292 : 49;
	28293 : 49;
	28294 : 49;
	28295 : 49;
	28296 : 45;
	28297 : 45;
	28298 : 45;
	28299 : 45;
	28300 : 45;
	28301 : 25;
	28302 : 25;
	28303 : 25;
	28304 : 25;
	28305 : 45;
	28306 : 45;
	28307 : 49;
	28308 : 45;
	28309 : 45;
	28310 : 45;
	28311 : 45;
	28312 : 45;
	28313 : 45;
	28314 : 25;
	28315 : 25;
	28316 : 25;
	28317 : 45;
	28318 : 49;
	28319 : 49;
	28320 : 45;
	28321 : 45;
	28322 : 25;
	28323 : 25;
	28324 : 25;
	28325 : 25;
	28326 : 25;
	28327 : 25;
	28328 : 25;
	28329 : 25;
	28330 : 25;
	28331 : 24;
	28332 : 24;
	28333 : 24;
	28334 : 24;
	28335 : 24;
	28336 : 24;
	28337 : 25;
	28338 : 24;
	28339 : 25;
	28340 : 25;
	28341 : 25;
	28342 : 25;
	28343 : 25;
	28344 : 25;
	28345 : 25;
	28346 : 25;
	28347 : 25;
	28348 : 25;
	28349 : 25;
	28350 : 25;
	28351 : 25;
	28352 : 25;
	28353 : 25;
	28354 : 25;
	28355 : 25;
	28356 : 25;
	28357 : 25;
	28358 : 25;
	28359 : 25;
	28360 : 25;
	28361 : 25;
	28362 : 25;
	28363 : 25;
	28364 : 25;
	28365 : 25;
	28366 : 25;
	28367 : 25;
	28368 : 25;
	28369 : 25;
	28370 : 25;
	28371 : 25;
	28372 : 24;
	28373 : 24;
	28374 : 25;
	28375 : 25;
	28376 : 25;
	28377 : 25;
	28378 : 25;
	28379 : 25;
	28380 : 24;
	28381 : 24;
	28382 : 24;
	28383 : 00;
	28384 : 04;
	28385 : 04;
	28386 : 00;
	28387 : 00;
	28388 : 00;
	28389 : 00;
	28390 : 00;
	28391 : 00;
	28392 : 00;
	28393 : 00;
	28394 : 00;
	28395 : 00;
	28396 : 00;
	28397 : 00;
	28398 : 00;
	28399 : 00;
	28400 : 00;
	28401 : 00;
	28402 : 00;
	28403 : 00;
	28404 : 00;
	28405 : 00;
	28406 : 00;
	28407 : 00;
	28408 : 00;
	28409 : 00;
	28410 : 00;
	28411 : 00;
	28412 : 00;
	28413 : 20;
	28414 : 20;
	28415 : 24;
	28416 : 24;
	28417 : 24;
	28418 : 24;
	28419 : 25;
	28420 : 25;
	28421 : 25;
	28422 : 25;
	28423 : 25;
	28424 : 25;
	28425 : 25;
	28426 : 25;
	28427 : 25;
	28428 : 25;
	28429 : 24;
	28430 : 25;
	28431 : 25;
	28432 : 25;
	28433 : 25;
	28434 : 25;
	28435 : 25;
	28436 : 25;
	28437 : 25;
	28438 : 24;
	28439 : 24;
	28440 : 24;
	28441 : 24;
	28442 : 24;
	28443 : 24;
	28444 : 25;
	28445 : 25;
	28446 : 45;
	28447 : 25;
	28448 : 45;
	28449 : 45;
	28450 : 49;
	28451 : 49;
	28452 : 49;
	28453 : 49;
	28454 : 49;
	28455 : 49;
	28456 : 49;
	28457 : 49;
	28458 : 49;
	28459 : 45;
	28460 : 45;
	28461 : 45;
	28462 : 49;
	28463 : 49;
	28464 : 49;
	28465 : 49;
	28466 : 49;
	28467 : 49;
	28468 : 49;
	28469 : 49;
	28470 : 49;
	28471 : 49;
	28472 : 49;
	28473 : 49;
	28474 : 49;
	28475 : 49;
	28476 : 49;
	28477 : 49;
	28478 : 49;
	28479 : 49;
	28480 : 49;
	28481 : 49;
	28482 : 49;
	28483 : 49;
	28484 : 49;
	28485 : 49;
	28486 : 49;
	28487 : 49;
	28488 : 49;
	28489 : 49;
	28490 : 49;
	28491 : 49;
	28492 : 49;
	28493 : 49;
	28494 : 45;
	28495 : 45;
	28496 : 25;
	28497 : 25;
	28498 : 25;
	28499 : 45;
	28500 : 45;
	28501 : 25;
	28502 : 25;
	28503 : 25;
	28504 : 25;
	28505 : 45;
	28506 : 45;
	28507 : 45;
	28508 : 45;
	28509 : 45;
	28510 : 45;
	28511 : 45;
	28512 : 45;
	28513 : 45;
	28514 : 25;
	28515 : 25;
	28516 : 25;
	28517 : 25;
	28518 : 25;
	28519 : 25;
	28520 : 25;
	28521 : 25;
	28522 : 25;
	28523 : 25;
	28524 : 25;
	28525 : 25;
	28526 : 25;
	28527 : 25;
	28528 : 25;
	28529 : 25;
	28530 : 25;
	28531 : 24;
	28532 : 24;
	28533 : 24;
	28534 : 24;
	28535 : 24;
	28536 : 24;
	28537 : 24;
	28538 : 24;
	28539 : 25;
	28540 : 25;
	28541 : 25;
	28542 : 25;
	28543 : 25;
	28544 : 25;
	28545 : 25;
	28546 : 25;
	28547 : 25;
	28548 : 25;
	28549 : 25;
	28550 : 25;
	28551 : 25;
	28552 : 25;
	28553 : 25;
	28554 : 25;
	28555 : 24;
	28556 : 24;
	28557 : 24;
	28558 : 25;
	28559 : 25;
	28560 : 25;
	28561 : 25;
	28562 : 25;
	28563 : 25;
	28564 : 25;
	28565 : 25;
	28566 : 25;
	28567 : 25;
	28568 : 25;
	28569 : 25;
	28570 : 25;
	28571 : 25;
	28572 : 24;
	28573 : 25;
	28574 : 25;
	28575 : 25;
	28576 : 25;
	28577 : 25;
	28578 : 25;
	28579 : 25;
	28580 : 24;
	28581 : 24;
	28582 : 00;
	28583 : 00;
	28584 : 00;
	28585 : 00;
	28586 : 00;
	28587 : 00;
	28588 : 00;
	28589 : 00;
	28590 : 00;
	28591 : 00;
	28592 : 00;
	28593 : 00;
	28594 : 00;
	28595 : 00;
	28596 : 00;
	28597 : 00;
	28598 : 00;
	28599 : 00;
	28600 : 00;
	28601 : 00;
	28602 : 00;
	28603 : 00;
	28604 : 00;
	28605 : 00;
	28606 : 00;
	28607 : 00;
	28608 : 00;
	28609 : 00;
	28610 : 00;
	28611 : 00;
	28612 : 00;
	28613 : 00;
	28614 : 00;
	28615 : 20;
	28616 : 24;
	28617 : 24;
	28618 : 24;
	28619 : 25;
	28620 : 25;
	28621 : 25;
	28622 : 25;
	28623 : 25;
	28624 : 24;
	28625 : 24;
	28626 : 25;
	28627 : 24;
	28628 : 24;
	28629 : 24;
	28630 : 24;
	28631 : 25;
	28632 : 25;
	28633 : 25;
	28634 : 25;
	28635 : 25;
	28636 : 25;
	28637 : 24;
	28638 : 24;
	28639 : 24;
	28640 : 24;
	28641 : 24;
	28642 : 25;
	28643 : 45;
	28644 : 49;
	28645 : 49;
	28646 : 45;
	28647 : 45;
	28648 : 25;
	28649 : 24;
	28650 : 45;
	28651 : 45;
	28652 : 49;
	28653 : 49;
	28654 : 45;
	28655 : 45;
	28656 : 45;
	28657 : 45;
	28658 : 45;
	28659 : 25;
	28660 : 24;
	28661 : 24;
	28662 : 45;
	28663 : 45;
	28664 : 45;
	28665 : 45;
	28666 : 45;
	28667 : 45;
	28668 : 45;
	28669 : 45;
	28670 : 45;
	28671 : 45;
	28672 : 45;
	28673 : 45;
	28674 : 45;
	28675 : 45;
	28676 : 45;
	28677 : 45;
	28678 : 45;
	28679 : 45;
	28680 : 45;
	28681 : 49;
	28682 : 49;
	28683 : 49;
	28684 : 45;
	28685 : 49;
	28686 : 49;
	28687 : 45;
	28688 : 45;
	28689 : 45;
	28690 : 49;
	28691 : 45;
	28692 : 45;
	28693 : 45;
	28694 : 45;
	28695 : 25;
	28696 : 25;
	28697 : 25;
	28698 : 25;
	28699 : 25;
	28700 : 25;
	28701 : 25;
	28702 : 25;
	28703 : 25;
	28704 : 25;
	28705 : 45;
	28706 : 45;
	28707 : 45;
	28708 : 45;
	28709 : 45;
	28710 : 45;
	28711 : 45;
	28712 : 45;
	28713 : 45;
	28714 : 25;
	28715 : 25;
	28716 : 25;
	28717 : 25;
	28718 : 25;
	28719 : 25;
	28720 : 25;
	28721 : 25;
	28722 : 25;
	28723 : 25;
	28724 : 25;
	28725 : 25;
	28726 : 25;
	28727 : 25;
	28728 : 25;
	28729 : 24;
	28730 : 24;
	28731 : 24;
	28732 : 24;
	28733 : 25;
	28734 : 25;
	28735 : 25;
	28736 : 24;
	28737 : 24;
	28738 : 24;
	28739 : 25;
	28740 : 25;
	28741 : 25;
	28742 : 25;
	28743 : 25;
	28744 : 25;
	28745 : 25;
	28746 : 25;
	28747 : 25;
	28748 : 25;
	28749 : 25;
	28750 : 25;
	28751 : 25;
	28752 : 25;
	28753 : 25;
	28754 : 25;
	28755 : 24;
	28756 : 24;
	28757 : 24;
	28758 : 24;
	28759 : 24;
	28760 : 24;
	28761 : 25;
	28762 : 25;
	28763 : 25;
	28764 : 25;
	28765 : 25;
	28766 : 44;
	28767 : 44;
	28768 : 24;
	28769 : 25;
	28770 : 24;
	28771 : 24;
	28772 : 24;
	28773 : 25;
	28774 : 25;
	28775 : 25;
	28776 : 25;
	28777 : 25;
	28778 : 25;
	28779 : 25;
	28780 : 24;
	28781 : 00;
	28782 : 00;
	28783 : 00;
	28784 : 00;
	28785 : 00;
	28786 : 00;
	28787 : 04;
	28788 : 00;
	28789 : 00;
	28790 : 00;
	28791 : 00;
	28792 : 00;
	28793 : 00;
	28794 : 00;
	28795 : 00;
	28796 : 00;
	28797 : 00;
	28798 : 00;
	28799 : 00;
	28800 : 00;
	28801 : 00;
	28802 : 00;
	28803 : 00;
	28804 : 00;
	28805 : 00;
	28806 : 00;
	28807 : 00;
	28808 : 00;
	28809 : 00;
	28810 : 00;
	28811 : 00;
	28812 : 00;
	28813 : 00;
	28814 : 00;
	28815 : 00;
	28816 : 24;
	28817 : 24;
	28818 : 25;
	28819 : 25;
	28820 : 24;
	28821 : 24;
	28822 : 25;
	28823 : 24;
	28824 : 24;
	28825 : 24;
	28826 : 24;
	28827 : 24;
	28828 : 24;
	28829 : 25;
	28830 : 24;
	28831 : 24;
	28832 : 24;
	28833 : 24;
	28834 : 25;
	28835 : 25;
	28836 : 25;
	28837 : 25;
	28838 : 25;
	28839 : 25;
	28840 : 45;
	28841 : 45;
	28842 : 49;
	28843 : 49;
	28844 : 49;
	28845 : 49;
	28846 : 45;
	28847 : 49;
	28848 : 49;
	28849 : 45;
	28850 : 45;
	28851 : 45;
	28852 : 45;
	28853 : 45;
	28854 : 45;
	28855 : 25;
	28856 : 24;
	28857 : 24;
	28858 : 24;
	28859 : 24;
	28860 : 24;
	28861 : 24;
	28862 : 24;
	28863 : 24;
	28864 : 24;
	28865 : 24;
	28866 : 24;
	28867 : 24;
	28868 : 24;
	28869 : 24;
	28870 : 24;
	28871 : 24;
	28872 : 24;
	28873 : 24;
	28874 : 24;
	28875 : 24;
	28876 : 24;
	28877 : 24;
	28878 : 24;
	28879 : 24;
	28880 : 24;
	28881 : 25;
	28882 : 25;
	28883 : 45;
	28884 : 45;
	28885 : 45;
	28886 : 45;
	28887 : 25;
	28888 : 25;
	28889 : 25;
	28890 : 45;
	28891 : 25;
	28892 : 25;
	28893 : 25;
	28894 : 25;
	28895 : 25;
	28896 : 25;
	28897 : 25;
	28898 : 25;
	28899 : 25;
	28900 : 25;
	28901 : 25;
	28902 : 25;
	28903 : 25;
	28904 : 25;
	28905 : 25;
	28906 : 25;
	28907 : 25;
	28908 : 25;
	28909 : 25;
	28910 : 45;
	28911 : 45;
	28912 : 45;
	28913 : 45;
	28914 : 25;
	28915 : 25;
	28916 : 25;
	28917 : 25;
	28918 : 25;
	28919 : 25;
	28920 : 25;
	28921 : 25;
	28922 : 24;
	28923 : 24;
	28924 : 24;
	28925 : 24;
	28926 : 24;
	28927 : 24;
	28928 : 24;
	28929 : 24;
	28930 : 24;
	28931 : 25;
	28932 : 25;
	28933 : 25;
	28934 : 25;
	28935 : 25;
	28936 : 25;
	28937 : 25;
	28938 : 25;
	28939 : 25;
	28940 : 25;
	28941 : 25;
	28942 : 25;
	28943 : 25;
	28944 : 25;
	28945 : 25;
	28946 : 25;
	28947 : 25;
	28948 : 25;
	28949 : 25;
	28950 : 25;
	28951 : 25;
	28952 : 25;
	28953 : 25;
	28954 : 25;
	28955 : 24;
	28956 : 24;
	28957 : 24;
	28958 : 24;
	28959 : 25;
	28960 : 25;
	28961 : 25;
	28962 : 25;
	28963 : 25;
	28964 : 24;
	28965 : 24;
	28966 : 24;
	28967 : 24;
	28968 : 25;
	28969 : 25;
	28970 : 24;
	28971 : 24;
	28972 : 25;
	28973 : 25;
	28974 : 25;
	28975 : 25;
	28976 : 25;
	28977 : 25;
	28978 : 25;
	28979 : 25;
	28980 : 24;
	28981 : 00;
	28982 : 00;
	28983 : 00;
	28984 : 00;
	28985 : 00;
	28986 : 00;
	28987 : 00;
	28988 : 00;
	28989 : 00;
	28990 : 00;
	28991 : 00;
	28992 : 00;
	28993 : 00;
	28994 : 00;
	28995 : 00;
	28996 : 00;
	28997 : 00;
	28998 : 00;
	28999 : 00;
	29000 : 00;
	29001 : 00;
	29002 : 00;
	29003 : 00;
	29004 : 00;
	29005 : 00;
	29006 : 00;
	29007 : 00;
	29008 : 00;
	29009 : 00;
	29010 : 00;
	29011 : 00;
	29012 : 00;
	29013 : 00;
	29014 : 00;
	29015 : 00;
	29016 : 24;
	29017 : 24;
	29018 : 24;
	29019 : 25;
	29020 : 25;
	29021 : 25;
	29022 : 25;
	29023 : 25;
	29024 : 25;
	29025 : 25;
	29026 : 25;
	29027 : 24;
	29028 : 24;
	29029 : 24;
	29030 : 24;
	29031 : 25;
	29032 : 25;
	29033 : 45;
	29034 : 45;
	29035 : 45;
	29036 : 45;
	29037 : 45;
	29038 : 45;
	29039 : 45;
	29040 : 45;
	29041 : 45;
	29042 : 45;
	29043 : 45;
	29044 : 45;
	29045 : 45;
	29046 : 45;
	29047 : 45;
	29048 : 45;
	29049 : 45;
	29050 : 45;
	29051 : 45;
	29052 : 45;
	29053 : 45;
	29054 : 25;
	29055 : 24;
	29056 : 24;
	29057 : 24;
	29058 : 24;
	29059 : 24;
	29060 : 24;
	29061 : 24;
	29062 : 24;
	29063 : 24;
	29064 : 24;
	29065 : 24;
	29066 : 24;
	29067 : 24;
	29068 : 24;
	29069 : 24;
	29070 : 24;
	29071 : 24;
	29072 : 24;
	29073 : 24;
	29074 : 24;
	29075 : 24;
	29076 : 24;
	29077 : 24;
	29078 : 24;
	29079 : 24;
	29080 : 24;
	29081 : 24;
	29082 : 24;
	29083 : 25;
	29084 : 25;
	29085 : 45;
	29086 : 45;
	29087 : 25;
	29088 : 25;
	29089 : 24;
	29090 : 25;
	29091 : 25;
	29092 : 25;
	29093 : 25;
	29094 : 25;
	29095 : 24;
	29096 : 24;
	29097 : 24;
	29098 : 24;
	29099 : 24;
	29100 : 24;
	29101 : 24;
	29102 : 25;
	29103 : 25;
	29104 : 25;
	29105 : 25;
	29106 : 25;
	29107 : 25;
	29108 : 25;
	29109 : 25;
	29110 : 25;
	29111 : 25;
	29112 : 25;
	29113 : 25;
	29114 : 25;
	29115 : 25;
	29116 : 25;
	29117 : 25;
	29118 : 24;
	29119 : 24;
	29120 : 24;
	29121 : 24;
	29122 : 24;
	29123 : 24;
	29124 : 24;
	29125 : 24;
	29126 : 24;
	29127 : 24;
	29128 : 24;
	29129 : 24;
	29130 : 24;
	29131 : 25;
	29132 : 25;
	29133 : 25;
	29134 : 25;
	29135 : 25;
	29136 : 25;
	29137 : 25;
	29138 : 25;
	29139 : 25;
	29140 : 25;
	29141 : 25;
	29142 : 25;
	29143 : 25;
	29144 : 25;
	29145 : 25;
	29146 : 25;
	29147 : 25;
	29148 : 25;
	29149 : 25;
	29150 : 25;
	29151 : 25;
	29152 : 25;
	29153 : 25;
	29154 : 25;
	29155 : 25;
	29156 : 25;
	29157 : 25;
	29158 : 25;
	29159 : 25;
	29160 : 25;
	29161 : 25;
	29162 : 25;
	29163 : 24;
	29164 : 44;
	29165 : 44;
	29166 : 44;
	29167 : 24;
	29168 : 25;
	29169 : 25;
	29170 : 24;
	29171 : 25;
	29172 : 25;
	29173 : 25;
	29174 : 25;
	29175 : 25;
	29176 : 25;
	29177 : 25;
	29178 : 25;
	29179 : 25;
	29180 : 24;
	29181 : 04;
	29182 : 00;
	29183 : 00;
	29184 : 00;
	29185 : 00;
	29186 : 00;
	29187 : 00;
	29188 : 00;
	29189 : 00;
	29190 : 00;
	29191 : 00;
	29192 : 00;
	29193 : 00;
	29194 : 00;
	29195 : 00;
	29196 : 00;
	29197 : 00;
	29198 : 00;
	29199 : 00;
	29200 : 00;
	29201 : 00;
	29202 : 00;
	29203 : 00;
	29204 : 00;
	29205 : 00;
	29206 : 00;
	29207 : 00;
	29208 : 04;
	29209 : 00;
	29210 : 00;
	29211 : 00;
	29212 : 00;
	29213 : 00;
	29214 : 00;
	29215 : 00;
	29216 : 00;
	29217 : 24;
	29218 : 24;
	29219 : 24;
	29220 : 25;
	29221 : 25;
	29222 : 25;
	29223 : 24;
	29224 : 24;
	29225 : 25;
	29226 : 25;
	29227 : 24;
	29228 : 25;
	29229 : 25;
	29230 : 25;
	29231 : 25;
	29232 : 25;
	29233 : 45;
	29234 : 45;
	29235 : 45;
	29236 : 45;
	29237 : 45;
	29238 : 45;
	29239 : 45;
	29240 : 45;
	29241 : 45;
	29242 : 45;
	29243 : 45;
	29244 : 25;
	29245 : 25;
	29246 : 24;
	29247 : 25;
	29248 : 25;
	29249 : 45;
	29250 : 45;
	29251 : 45;
	29252 : 45;
	29253 : 25;
	29254 : 24;
	29255 : 24;
	29256 : 24;
	29257 : 24;
	29258 : 24;
	29259 : 24;
	29260 : 24;
	29261 : 24;
	29262 : 24;
	29263 : 24;
	29264 : 24;
	29265 : 24;
	29266 : 24;
	29267 : 24;
	29268 : 24;
	29269 : 24;
	29270 : 24;
	29271 : 24;
	29272 : 24;
	29273 : 24;
	29274 : 24;
	29275 : 24;
	29276 : 24;
	29277 : 24;
	29278 : 24;
	29279 : 24;
	29280 : 24;
	29281 : 24;
	29282 : 24;
	29283 : 25;
	29284 : 25;
	29285 : 25;
	29286 : 25;
	29287 : 25;
	29288 : 25;
	29289 : 24;
	29290 : 25;
	29291 : 25;
	29292 : 25;
	29293 : 25;
	29294 : 25;
	29295 : 24;
	29296 : 24;
	29297 : 24;
	29298 : 24;
	29299 : 24;
	29300 : 24;
	29301 : 24;
	29302 : 24;
	29303 : 25;
	29304 : 25;
	29305 : 25;
	29306 : 25;
	29307 : 25;
	29308 : 25;
	29309 : 25;
	29310 : 25;
	29311 : 25;
	29312 : 25;
	29313 : 25;
	29314 : 25;
	29315 : 25;
	29316 : 25;
	29317 : 24;
	29318 : 24;
	29319 : 24;
	29320 : 24;
	29321 : 24;
	29322 : 24;
	29323 : 24;
	29324 : 24;
	29325 : 24;
	29326 : 24;
	29327 : 24;
	29328 : 25;
	29329 : 25;
	29330 : 24;
	29331 : 24;
	29332 : 24;
	29333 : 25;
	29334 : 25;
	29335 : 25;
	29336 : 25;
	29337 : 25;
	29338 : 25;
	29339 : 25;
	29340 : 25;
	29341 : 25;
	29342 : 25;
	29343 : 25;
	29344 : 25;
	29345 : 25;
	29346 : 25;
	29347 : 25;
	29348 : 25;
	29349 : 25;
	29350 : 25;
	29351 : 25;
	29352 : 25;
	29353 : 25;
	29354 : 25;
	29355 : 25;
	29356 : 25;
	29357 : 25;
	29358 : 25;
	29359 : 25;
	29360 : 25;
	29361 : 25;
	29362 : 44;
	29363 : 44;
	29364 : 48;
	29365 : 44;
	29366 : 44;
	29367 : 24;
	29368 : 24;
	29369 : 24;
	29370 : 24;
	29371 : 25;
	29372 : 25;
	29373 : 25;
	29374 : 25;
	29375 : 25;
	29376 : 25;
	29377 : 25;
	29378 : 25;
	29379 : 25;
	29380 : 24;
	29381 : 24;
	29382 : 00;
	29383 : 00;
	29384 : 00;
	29385 : 00;
	29386 : 00;
	29387 : 00;
	29388 : 00;
	29389 : 00;
	29390 : 00;
	29391 : 00;
	29392 : 00;
	29393 : 00;
	29394 : 00;
	29395 : 00;
	29396 : 00;
	29397 : 00;
	29398 : 00;
	29399 : 00;
	29400 : 00;
	29401 : 00;
	29402 : 00;
	29403 : 00;
	29404 : 04;
	29405 : 00;
	29406 : 00;
	29407 : 24;
	29408 : 24;
	29409 : 24;
	29410 : 00;
	29411 : 00;
	29412 : 00;
	29413 : 00;
	29414 : 00;
	29415 : 00;
	29416 : 00;
	29417 : 20;
	29418 : 24;
	29419 : 24;
	29420 : 25;
	29421 : 25;
	29422 : 25;
	29423 : 24;
	29424 : 24;
	29425 : 24;
	29426 : 25;
	29427 : 25;
	29428 : 25;
	29429 : 25;
	29430 : 25;
	29431 : 25;
	29432 : 25;
	29433 : 25;
	29434 : 25;
	29435 : 25;
	29436 : 25;
	29437 : 25;
	29438 : 25;
	29439 : 25;
	29440 : 25;
	29441 : 25;
	29442 : 25;
	29443 : 25;
	29444 : 25;
	29445 : 25;
	29446 : 24;
	29447 : 24;
	29448 : 24;
	29449 : 25;
	29450 : 25;
	29451 : 25;
	29452 : 25;
	29453 : 24;
	29454 : 24;
	29455 : 24;
	29456 : 24;
	29457 : 24;
	29458 : 24;
	29459 : 24;
	29460 : 24;
	29461 : 24;
	29462 : 24;
	29463 : 24;
	29464 : 24;
	29465 : 24;
	29466 : 24;
	29467 : 24;
	29468 : 24;
	29469 : 24;
	29470 : 24;
	29471 : 24;
	29472 : 24;
	29473 : 24;
	29474 : 25;
	29475 : 25;
	29476 : 25;
	29477 : 24;
	29478 : 24;
	29479 : 24;
	29480 : 24;
	29481 : 24;
	29482 : 25;
	29483 : 25;
	29484 : 25;
	29485 : 25;
	29486 : 24;
	29487 : 24;
	29488 : 24;
	29489 : 25;
	29490 : 25;
	29491 : 25;
	29492 : 25;
	29493 : 24;
	29494 : 24;
	29495 : 24;
	29496 : 24;
	29497 : 24;
	29498 : 24;
	29499 : 24;
	29500 : 24;
	29501 : 24;
	29502 : 24;
	29503 : 25;
	29504 : 25;
	29505 : 25;
	29506 : 25;
	29507 : 25;
	29508 : 25;
	29509 : 25;
	29510 : 25;
	29511 : 25;
	29512 : 25;
	29513 : 25;
	29514 : 25;
	29515 : 25;
	29516 : 24;
	29517 : 24;
	29518 : 24;
	29519 : 25;
	29520 : 25;
	29521 : 25;
	29522 : 25;
	29523 : 25;
	29524 : 25;
	29525 : 25;
	29526 : 24;
	29527 : 24;
	29528 : 24;
	29529 : 24;
	29530 : 24;
	29531 : 24;
	29532 : 24;
	29533 : 24;
	29534 : 25;
	29535 : 25;
	29536 : 25;
	29537 : 25;
	29538 : 25;
	29539 : 25;
	29540 : 25;
	29541 : 25;
	29542 : 25;
	29543 : 25;
	29544 : 25;
	29545 : 25;
	29546 : 25;
	29547 : 25;
	29548 : 25;
	29549 : 25;
	29550 : 25;
	29551 : 25;
	29552 : 25;
	29553 : 25;
	29554 : 25;
	29555 : 25;
	29556 : 25;
	29557 : 25;
	29558 : 25;
	29559 : 25;
	29560 : 24;
	29561 : 24;
	29562 : 44;
	29563 : 44;
	29564 : 44;
	29565 : 44;
	29566 : 24;
	29567 : 25;
	29568 : 24;
	29569 : 24;
	29570 : 25;
	29571 : 25;
	29572 : 25;
	29573 : 25;
	29574 : 25;
	29575 : 25;
	29576 : 24;
	29577 : 24;
	29578 : 25;
	29579 : 25;
	29580 : 24;
	29581 : 24;
	29582 : 00;
	29583 : 00;
	29584 : 00;
	29585 : 00;
	29586 : 00;
	29587 : 00;
	29588 : 00;
	29589 : 00;
	29590 : 00;
	29591 : 00;
	29592 : 00;
	29593 : 00;
	29594 : 00;
	29595 : 00;
	29596 : 00;
	29597 : 00;
	29598 : 00;
	29599 : 00;
	29600 : 00;
	29601 : 00;
	29602 : 04;
	29603 : 24;
	29604 : 24;
	29605 : 04;
	29606 : 00;
	29607 : 24;
	29608 : 24;
	29609 : 25;
	29610 : 24;
	29611 : 24;
	29612 : 00;
	29613 : 00;
	29614 : 00;
	29615 : 00;
	29616 : 00;
	29617 : 24;
	29618 : 24;
	29619 : 24;
	29620 : 24;
	29621 : 24;
	29622 : 24;
	29623 : 25;
	29624 : 25;
	29625 : 25;
	29626 : 25;
	29627 : 25;
	29628 : 25;
	29629 : 25;
	29630 : 25;
	29631 : 25;
	29632 : 25;
	29633 : 25;
	29634 : 25;
	29635 : 25;
	29636 : 25;
	29637 : 25;
	29638 : 25;
	29639 : 25;
	29640 : 25;
	29641 : 25;
	29642 : 25;
	29643 : 25;
	29644 : 25;
	29645 : 25;
	29646 : 25;
	29647 : 25;
	29648 : 25;
	29649 : 25;
	29650 : 25;
	29651 : 25;
	29652 : 25;
	29653 : 25;
	29654 : 25;
	29655 : 25;
	29656 : 25;
	29657 : 25;
	29658 : 25;
	29659 : 24;
	29660 : 24;
	29661 : 24;
	29662 : 24;
	29663 : 24;
	29664 : 24;
	29665 : 24;
	29666 : 24;
	29667 : 24;
	29668 : 24;
	29669 : 24;
	29670 : 24;
	29671 : 24;
	29672 : 24;
	29673 : 24;
	29674 : 25;
	29675 : 25;
	29676 : 25;
	29677 : 25;
	29678 : 25;
	29679 : 24;
	29680 : 24;
	29681 : 24;
	29682 : 24;
	29683 : 24;
	29684 : 24;
	29685 : 24;
	29686 : 24;
	29687 : 24;
	29688 : 24;
	29689 : 24;
	29690 : 24;
	29691 : 24;
	29692 : 24;
	29693 : 24;
	29694 : 24;
	29695 : 24;
	29696 : 24;
	29697 : 24;
	29698 : 24;
	29699 : 24;
	29700 : 24;
	29701 : 24;
	29702 : 24;
	29703 : 24;
	29704 : 24;
	29705 : 25;
	29706 : 25;
	29707 : 25;
	29708 : 25;
	29709 : 25;
	29710 : 25;
	29711 : 25;
	29712 : 25;
	29713 : 25;
	29714 : 25;
	29715 : 24;
	29716 : 24;
	29717 : 24;
	29718 : 24;
	29719 : 25;
	29720 : 25;
	29721 : 25;
	29722 : 25;
	29723 : 25;
	29724 : 25;
	29725 : 25;
	29726 : 25;
	29727 : 25;
	29728 : 25;
	29729 : 24;
	29730 : 24;
	29731 : 24;
	29732 : 24;
	29733 : 24;
	29734 : 24;
	29735 : 24;
	29736 : 25;
	29737 : 25;
	29738 : 25;
	29739 : 25;
	29740 : 25;
	29741 : 25;
	29742 : 25;
	29743 : 25;
	29744 : 25;
	29745 : 25;
	29746 : 25;
	29747 : 25;
	29748 : 25;
	29749 : 25;
	29750 : 25;
	29751 : 25;
	29752 : 25;
	29753 : 25;
	29754 : 25;
	29755 : 25;
	29756 : 25;
	29757 : 25;
	29758 : 25;
	29759 : 24;
	29760 : 24;
	29761 : 44;
	29762 : 44;
	29763 : 44;
	29764 : 45;
	29765 : 25;
	29766 : 25;
	29767 : 24;
	29768 : 24;
	29769 : 24;
	29770 : 25;
	29771 : 25;
	29772 : 25;
	29773 : 25;
	29774 : 25;
	29775 : 25;
	29776 : 24;
	29777 : 24;
	29778 : 24;
	29779 : 24;
	29780 : 24;
	29781 : 00;
	29782 : 00;
	29783 : 00;
	29784 : 00;
	29785 : 00;
	29786 : 00;
	29787 : 00;
	29788 : 00;
	29789 : 00;
	29790 : 00;
	29791 : 00;
	29792 : 00;
	29793 : 00;
	29794 : 00;
	29795 : 00;
	29796 : 00;
	29797 : 00;
	29798 : 00;
	29799 : 00;
	29800 : 00;
	29801 : 00;
	29802 : 24;
	29803 : 24;
	29804 : 24;
	29805 : 24;
	29806 : 04;
	29807 : 24;
	29808 : 24;
	29809 : 25;
	29810 : 25;
	29811 : 24;
	29812 : 24;
	29813 : 00;
	29814 : 00;
	29815 : 00;
	29816 : 00;
	29817 : 24;
	29818 : 24;
	29819 : 24;
	29820 : 24;
	29821 : 25;
	29822 : 25;
	29823 : 25;
	29824 : 25;
	29825 : 25;
	29826 : 25;
	29827 : 25;
	29828 : 25;
	29829 : 25;
	29830 : 25;
	29831 : 25;
	29832 : 25;
	29833 : 25;
	29834 : 25;
	29835 : 25;
	29836 : 25;
	29837 : 25;
	29838 : 25;
	29839 : 25;
	29840 : 25;
	29841 : 25;
	29842 : 25;
	29843 : 25;
	29844 : 25;
	29845 : 25;
	29846 : 25;
	29847 : 25;
	29848 : 25;
	29849 : 25;
	29850 : 25;
	29851 : 25;
	29852 : 25;
	29853 : 25;
	29854 : 25;
	29855 : 25;
	29856 : 25;
	29857 : 25;
	29858 : 25;
	29859 : 25;
	29860 : 24;
	29861 : 24;
	29862 : 24;
	29863 : 24;
	29864 : 24;
	29865 : 24;
	29866 : 24;
	29867 : 24;
	29868 : 24;
	29869 : 24;
	29870 : 24;
	29871 : 24;
	29872 : 24;
	29873 : 24;
	29874 : 25;
	29875 : 25;
	29876 : 25;
	29877 : 25;
	29878 : 25;
	29879 : 25;
	29880 : 25;
	29881 : 24;
	29882 : 24;
	29883 : 24;
	29884 : 24;
	29885 : 24;
	29886 : 24;
	29887 : 24;
	29888 : 24;
	29889 : 24;
	29890 : 24;
	29891 : 24;
	29892 : 24;
	29893 : 24;
	29894 : 24;
	29895 : 24;
	29896 : 24;
	29897 : 24;
	29898 : 25;
	29899 : 25;
	29900 : 25;
	29901 : 25;
	29902 : 24;
	29903 : 24;
	29904 : 24;
	29905 : 25;
	29906 : 25;
	29907 : 25;
	29908 : 25;
	29909 : 25;
	29910 : 25;
	29911 : 25;
	29912 : 25;
	29913 : 25;
	29914 : 24;
	29915 : 24;
	29916 : 24;
	29917 : 24;
	29918 : 25;
	29919 : 25;
	29920 : 25;
	29921 : 25;
	29922 : 25;
	29923 : 25;
	29924 : 25;
	29925 : 25;
	29926 : 25;
	29927 : 25;
	29928 : 25;
	29929 : 25;
	29930 : 25;
	29931 : 24;
	29932 : 24;
	29933 : 24;
	29934 : 25;
	29935 : 25;
	29936 : 25;
	29937 : 25;
	29938 : 25;
	29939 : 25;
	29940 : 25;
	29941 : 25;
	29942 : 25;
	29943 : 25;
	29944 : 25;
	29945 : 25;
	29946 : 25;
	29947 : 24;
	29948 : 24;
	29949 : 24;
	29950 : 24;
	29951 : 24;
	29952 : 24;
	29953 : 25;
	29954 : 25;
	29955 : 25;
	29956 : 25;
	29957 : 25;
	29958 : 25;
	29959 : 24;
	29960 : 44;
	29961 : 44;
	29962 : 44;
	29963 : 44;
	29964 : 25;
	29965 : 25;
	29966 : 25;
	29967 : 24;
	29968 : 24;
	29969 : 25;
	29970 : 25;
	29971 : 25;
	29972 : 25;
	29973 : 25;
	29974 : 25;
	29975 : 24;
	29976 : 24;
	29977 : 24;
	29978 : 24;
	29979 : 24;
	29980 : 24;
	29981 : 00;
	29982 : 00;
	29983 : 00;
	29984 : 00;
	29985 : 00;
	29986 : 00;
	29987 : 00;
	29988 : 00;
	29989 : 00;
	29990 : 00;
	29991 : 00;
	29992 : 00;
	29993 : 00;
	29994 : 00;
	29995 : 00;
	29996 : 00;
	29997 : 00;
	29998 : 00;
	29999 : 00;
END;
