DEPTH = 19200;
WIDTH = 8;
ADDRESS_RADIX = UNS;
DATA_RADIX = HEX;

CONTENT BEGIN
	0 : 49;
	1 : 49;
	2 : 49;
	3 : 49;
	4 : 49;
	5 : 49;
	6 : 49;
	7 : 49;
	8 : 49;
	9 : 49;
	10 : 49;
	11 : 49;
	12 : 49;
	13 : 49;
	14 : 49;
	15 : 49;
	16 : 49;
	17 : 49;
	18 : 49;
	19 : 49;
	20 : 49;
	21 : 49;
	22 : 49;
	23 : 49;
	24 : 49;
	25 : 49;
	26 : 49;
	27 : 49;
	28 : 49;
	29 : 49;
	30 : 49;
	31 : 49;
	32 : 49;
	33 : 49;
	34 : 49;
	35 : 49;
	36 : 49;
	37 : 49;
	38 : 49;
	39 : 49;
	40 : 49;
	41 : 49;
	42 : 49;
	43 : 49;
	44 : 49;
	45 : 49;
	46 : 49;
	47 : 49;
	48 : 49;
	49 : 49;
	50 : 49;
	51 : 49;
	52 : 49;
	53 : 49;
	54 : 49;
	55 : 49;
	56 : 49;
	57 : 49;
	58 : 49;
	59 : 49;
	60 : 49;
	61 : 49;
	62 : 49;
	63 : 49;
	64 : 49;
	65 : 49;
	66 : 49;
	67 : 49;
	68 : 49;
	69 : 49;
	70 : 49;
	71 : 49;
	72 : 49;
	73 : 49;
	74 : 49;
	75 : 49;
	76 : 49;
	77 : 49;
	78 : 49;
	79 : 49;
	80 : 49;
	81 : 49;
	82 : 49;
	83 : 49;
	84 : 49;
	85 : 49;
	86 : 49;
	87 : 49;
	88 : 49;
	89 : 49;
	90 : 49;
	91 : 49;
	92 : 49;
	93 : 49;
	94 : 49;
	95 : 49;
	96 : 49;
	97 : 49;
	98 : 49;
	99 : 49;
	100 : 49;
	101 : 49;
	102 : 49;
	103 : 49;
	104 : 49;
	105 : 49;
	106 : 49;
	107 : 49;
	108 : 49;
	109 : 49;
	110 : 49;
	111 : 49;
	112 : 49;
	113 : 49;
	114 : 49;
	115 : 49;
	116 : 49;
	117 : 49;
	118 : 49;
	119 : 49;
	120 : 49;
	121 : 49;
	122 : 49;
	123 : 49;
	124 : 49;
	125 : 49;
	126 : 49;
	127 : 49;
	128 : 49;
	129 : 49;
	130 : 49;
	131 : 49;
	132 : 49;
	133 : 49;
	134 : 49;
	135 : 49;
	136 : 49;
	137 : 49;
	138 : 49;
	139 : 49;
	140 : 49;
	141 : 49;
	142 : 49;
	143 : 49;
	144 : 49;
	145 : 49;
	146 : 49;
	147 : 49;
	148 : 49;
	149 : 49;
	150 : 49;
	151 : 49;
	152 : 49;
	153 : 49;
	154 : 49;
	155 : 49;
	156 : 49;
	157 : 49;
	158 : 49;
	159 : 49;
	160 : 49;
	161 : 49;
	162 : 49;
	163 : 49;
	164 : 49;
	165 : 49;
	166 : 49;
	167 : 49;
	168 : 49;
	169 : 49;
	170 : 49;
	171 : 49;
	172 : 49;
	173 : 49;
	174 : 49;
	175 : 49;
	176 : 49;
	177 : 49;
	178 : 49;
	179 : 49;
	180 : 49;
	181 : 49;
	182 : 49;
	183 : 49;
	184 : 49;
	185 : 49;
	186 : 49;
	187 : 49;
	188 : 49;
	189 : 49;
	190 : 49;
	191 : 49;
	192 : 49;
	193 : 49;
	194 : 49;
	195 : 49;
	196 : 49;
	197 : 49;
	198 : 49;
	199 : 49;
	200 : 49;
	201 : 49;
	202 : 49;
	203 : 49;
	204 : 49;
	205 : 49;
	206 : 49;
	207 : 49;
	208 : 49;
	209 : 49;
	210 : 49;
	211 : 49;
	212 : 49;
	213 : 49;
	214 : 49;
	215 : 49;
	216 : 49;
	217 : 49;
	218 : 49;
	219 : 49;
	220 : 49;
	221 : 49;
	222 : 49;
	223 : 49;
	224 : 49;
	225 : 49;
	226 : 49;
	227 : 49;
	228 : 49;
	229 : 49;
	230 : 49;
	231 : 49;
	232 : 49;
	233 : 49;
	234 : 49;
	235 : 49;
	236 : 49;
	237 : 49;
	238 : 49;
	239 : 49;
	240 : 49;
	241 : 49;
	242 : 49;
	243 : 49;
	244 : 49;
	245 : 49;
	246 : 49;
	247 : 49;
	248 : 49;
	249 : 49;
	250 : 49;
	251 : 49;
	252 : 49;
	253 : 49;
	254 : 49;
	255 : 49;
	256 : 49;
	257 : 49;
	258 : 49;
	259 : 49;
	260 : 49;
	261 : 49;
	262 : 49;
	263 : 49;
	264 : 49;
	265 : 49;
	266 : 49;
	267 : 49;
	268 : 49;
	269 : 49;
	270 : 49;
	271 : 49;
	272 : 49;
	273 : 49;
	274 : 49;
	275 : 49;
	276 : 49;
	277 : 49;
	278 : 49;
	279 : 49;
	280 : 49;
	281 : 49;
	282 : 49;
	283 : 49;
	284 : 49;
	285 : 49;
	286 : 49;
	287 : 49;
	288 : 49;
	289 : 49;
	290 : 49;
	291 : 49;
	292 : 49;
	293 : 49;
	294 : 49;
	295 : 49;
	296 : 49;
	297 : 49;
	298 : 49;
	299 : 49;
	300 : 49;
	301 : 49;
	302 : 49;
	303 : 49;
	304 : 49;
	305 : 49;
	306 : 49;
	307 : 49;
	308 : 49;
	309 : 49;
	310 : 49;
	311 : 49;
	312 : 49;
	313 : 49;
	314 : 49;
	315 : 49;
	316 : 49;
	317 : 49;
	318 : 49;
	319 : 49;
	320 : 49;
	321 : 49;
	322 : 49;
	323 : 49;
	324 : 49;
	325 : 49;
	326 : 49;
	327 : 49;
	328 : 49;
	329 : 49;
	330 : 49;
	331 : 49;
	332 : 49;
	333 : 49;
	334 : 49;
	335 : 49;
	336 : 49;
	337 : 49;
	338 : 49;
	339 : 49;
	340 : 49;
	341 : 49;
	342 : 49;
	343 : 49;
	344 : 49;
	345 : 49;
	346 : 49;
	347 : 49;
	348 : 49;
	349 : 49;
	350 : 49;
	351 : 49;
	352 : 49;
	353 : 49;
	354 : 49;
	355 : 49;
	356 : 49;
	357 : 49;
	358 : 49;
	359 : 49;
	360 : 49;
	361 : 49;
	362 : 49;
	363 : 49;
	364 : 49;
	365 : 49;
	366 : 49;
	367 : 49;
	368 : 49;
	369 : 49;
	370 : 49;
	371 : 49;
	372 : 49;
	373 : 49;
	374 : 49;
	375 : 49;
	376 : 49;
	377 : 49;
	378 : 49;
	379 : 49;
	380 : 49;
	381 : 49;
	382 : 49;
	383 : 49;
	384 : 49;
	385 : 49;
	386 : 49;
	387 : 49;
	388 : 49;
	389 : 49;
	390 : 49;
	391 : 49;
	392 : 49;
	393 : 49;
	394 : 49;
	395 : 49;
	396 : 49;
	397 : 49;
	398 : 49;
	399 : 49;
	400 : 49;
	401 : 49;
	402 : 49;
	403 : 49;
	404 : 49;
	405 : 49;
	406 : 49;
	407 : 49;
	408 : 49;
	409 : 49;
	410 : 49;
	411 : 49;
	412 : 49;
	413 : 49;
	414 : 49;
	415 : 49;
	416 : 49;
	417 : 49;
	418 : 49;
	419 : 49;
	420 : 49;
	421 : 49;
	422 : 49;
	423 : 49;
	424 : 49;
	425 : 49;
	426 : 49;
	427 : 49;
	428 : 49;
	429 : 49;
	430 : 49;
	431 : 49;
	432 : 49;
	433 : 49;
	434 : 49;
	435 : 49;
	436 : 49;
	437 : 49;
	438 : 49;
	439 : 49;
	440 : 49;
	441 : 49;
	442 : 49;
	443 : 49;
	444 : 49;
	445 : 49;
	446 : 49;
	447 : 49;
	448 : 49;
	449 : 49;
	450 : 49;
	451 : 49;
	452 : 49;
	453 : 49;
	454 : 49;
	455 : 49;
	456 : 49;
	457 : 49;
	458 : 49;
	459 : 49;
	460 : 49;
	461 : 49;
	462 : 49;
	463 : 49;
	464 : 49;
	465 : 49;
	466 : 49;
	467 : 49;
	468 : 49;
	469 : 49;
	470 : 69;
	471 : 69;
	472 : 49;
	473 : 49;
	474 : 49;
	475 : 49;
	476 : 49;
	477 : 49;
	478 : 49;
	479 : 49;
	480 : 49;
	481 : 49;
	482 : 49;
	483 : 49;
	484 : 49;
	485 : 49;
	486 : 49;
	487 : 49;
	488 : 49;
	489 : 49;
	490 : 49;
	491 : 49;
	492 : 49;
	493 : 49;
	494 : 69;
	495 : 49;
	496 : 49;
	497 : 49;
	498 : 49;
	499 : 49;
	500 : 49;
	501 : 49;
	502 : 49;
	503 : 49;
	504 : 49;
	505 : 49;
	506 : 49;
	507 : 49;
	508 : 49;
	509 : 49;
	510 : 49;
	511 : 49;
	512 : 49;
	513 : 49;
	514 : 49;
	515 : 49;
	516 : 49;
	517 : 49;
	518 : 49;
	519 : 49;
	520 : 49;
	521 : 49;
	522 : 49;
	523 : 49;
	524 : 49;
	525 : 49;
	526 : 49;
	527 : 49;
	528 : 49;
	529 : 49;
	530 : 49;
	531 : 49;
	532 : 49;
	533 : 49;
	534 : 49;
	535 : 49;
	536 : 49;
	537 : 49;
	538 : 49;
	539 : 49;
	540 : 49;
	541 : 49;
	542 : 49;
	543 : 49;
	544 : 49;
	545 : 49;
	546 : 49;
	547 : 49;
	548 : 49;
	549 : 49;
	550 : 49;
	551 : 49;
	552 : 49;
	553 : 49;
	554 : 49;
	555 : 49;
	556 : 49;
	557 : 49;
	558 : 49;
	559 : 49;
	560 : 49;
	561 : 49;
	562 : 49;
	563 : 49;
	564 : 49;
	565 : 49;
	566 : 49;
	567 : 49;
	568 : 49;
	569 : 49;
	570 : 49;
	571 : 49;
	572 : 49;
	573 : 49;
	574 : 49;
	575 : 49;
	576 : 49;
	577 : 49;
	578 : 49;
	579 : 49;
	580 : 49;
	581 : 49;
	582 : 49;
	583 : 49;
	584 : 49;
	585 : 49;
	586 : 49;
	587 : 49;
	588 : 49;
	589 : 49;
	590 : 49;
	591 : 49;
	592 : 49;
	593 : 49;
	594 : 49;
	595 : 49;
	596 : 49;
	597 : 49;
	598 : 49;
	599 : 49;
	600 : 49;
	601 : 49;
	602 : 49;
	603 : 49;
	604 : 49;
	605 : 49;
	606 : 49;
	607 : 49;
	608 : 49;
	609 : 49;
	610 : 49;
	611 : 49;
	612 : 49;
	613 : 49;
	614 : 49;
	615 : 49;
	616 : 49;
	617 : 49;
	618 : 49;
	619 : 49;
	620 : 49;
	621 : 49;
	622 : 49;
	623 : 49;
	624 : 49;
	625 : 49;
	626 : 49;
	627 : 49;
	628 : 49;
	629 : 69;
	630 : 6D;
	631 : 69;
	632 : 49;
	633 : 49;
	634 : 49;
	635 : 49;
	636 : 49;
	637 : 49;
	638 : 49;
	639 : 49;
	640 : 49;
	641 : 49;
	642 : 49;
	643 : 49;
	644 : 49;
	645 : 49;
	646 : 49;
	647 : 49;
	648 : 49;
	649 : 49;
	650 : 49;
	651 : 69;
	652 : 69;
	653 : 69;
	654 : 6D;
	655 : 69;
	656 : 69;
	657 : 6D;
	658 : 49;
	659 : 49;
	660 : 49;
	661 : 49;
	662 : 49;
	663 : 49;
	664 : 49;
	665 : 49;
	666 : 49;
	667 : 49;
	668 : 49;
	669 : 49;
	670 : 49;
	671 : 49;
	672 : 49;
	673 : 49;
	674 : 49;
	675 : 49;
	676 : 49;
	677 : 49;
	678 : 49;
	679 : 49;
	680 : 49;
	681 : 49;
	682 : 49;
	683 : 49;
	684 : 49;
	685 : 49;
	686 : 49;
	687 : 49;
	688 : 49;
	689 : 49;
	690 : 49;
	691 : 49;
	692 : 49;
	693 : 49;
	694 : 49;
	695 : 49;
	696 : 49;
	697 : 49;
	698 : 49;
	699 : 49;
	700 : 49;
	701 : 49;
	702 : 49;
	703 : 49;
	704 : 49;
	705 : 49;
	706 : 49;
	707 : 49;
	708 : 49;
	709 : 49;
	710 : 49;
	711 : 49;
	712 : 49;
	713 : 49;
	714 : 49;
	715 : 49;
	716 : 49;
	717 : 49;
	718 : 49;
	719 : 49;
	720 : 49;
	721 : 49;
	722 : 49;
	723 : 49;
	724 : 49;
	725 : 49;
	726 : 49;
	727 : 49;
	728 : 49;
	729 : 49;
	730 : 49;
	731 : 49;
	732 : 49;
	733 : 49;
	734 : 49;
	735 : 49;
	736 : 49;
	737 : 49;
	738 : 49;
	739 : 49;
	740 : 49;
	741 : 49;
	742 : 49;
	743 : 49;
	744 : 49;
	745 : 49;
	746 : 49;
	747 : 49;
	748 : 49;
	749 : 49;
	750 : 49;
	751 : 49;
	752 : 49;
	753 : 49;
	754 : 49;
	755 : 49;
	756 : 49;
	757 : 49;
	758 : 49;
	759 : 49;
	760 : 49;
	761 : 49;
	762 : 49;
	763 : 49;
	764 : 49;
	765 : 49;
	766 : 49;
	767 : 49;
	768 : 49;
	769 : 49;
	770 : 49;
	771 : 49;
	772 : 49;
	773 : 49;
	774 : 49;
	775 : 49;
	776 : 49;
	777 : 49;
	778 : 49;
	779 : 49;
	780 : 49;
	781 : 49;
	782 : 49;
	783 : 49;
	784 : 49;
	785 : 49;
	786 : 49;
	787 : 69;
	788 : 69;
	789 : 69;
	790 : 49;
	791 : 49;
	792 : 49;
	793 : 49;
	794 : 49;
	795 : 49;
	796 : 49;
	797 : 49;
	798 : 49;
	799 : 49;
	800 : 49;
	801 : 49;
	802 : 49;
	803 : 49;
	804 : 49;
	805 : 49;
	806 : 49;
	807 : 49;
	808 : 49;
	809 : 49;
	810 : 69;
	811 : 6D;
	812 : 6D;
	813 : 69;
	814 : 6D;
	815 : 69;
	816 : 69;
	817 : 6D;
	818 : 69;
	819 : 49;
	820 : 49;
	821 : 49;
	822 : 49;
	823 : 49;
	824 : 49;
	825 : 49;
	826 : 49;
	827 : 49;
	828 : 49;
	829 : 49;
	830 : 49;
	831 : 49;
	832 : 49;
	833 : 49;
	834 : 49;
	835 : 49;
	836 : 49;
	837 : 49;
	838 : 49;
	839 : 49;
	840 : 49;
	841 : 49;
	842 : 49;
	843 : 49;
	844 : 49;
	845 : 49;
	846 : 49;
	847 : 49;
	848 : 49;
	849 : 49;
	850 : 49;
	851 : 49;
	852 : 49;
	853 : 49;
	854 : 49;
	855 : 49;
	856 : 49;
	857 : 49;
	858 : 49;
	859 : 49;
	860 : 49;
	861 : 49;
	862 : 49;
	863 : 49;
	864 : 49;
	865 : 49;
	866 : 49;
	867 : 49;
	868 : 49;
	869 : 49;
	870 : 49;
	871 : 49;
	872 : 49;
	873 : 49;
	874 : 49;
	875 : 49;
	876 : 49;
	877 : 49;
	878 : 49;
	879 : 49;
	880 : 49;
	881 : 49;
	882 : 49;
	883 : 49;
	884 : 49;
	885 : 49;
	886 : 49;
	887 : 49;
	888 : 49;
	889 : 49;
	890 : 49;
	891 : 49;
	892 : 49;
	893 : 49;
	894 : 49;
	895 : 49;
	896 : 49;
	897 : 49;
	898 : 49;
	899 : 49;
	900 : 49;
	901 : 49;
	902 : 49;
	903 : 49;
	904 : 49;
	905 : 49;
	906 : 49;
	907 : 49;
	908 : 49;
	909 : 49;
	910 : 49;
	911 : 49;
	912 : 49;
	913 : 49;
	914 : 49;
	915 : 49;
	916 : 49;
	917 : 49;
	918 : 49;
	919 : 49;
	920 : 49;
	921 : 49;
	922 : 49;
	923 : 49;
	924 : 49;
	925 : 49;
	926 : 49;
	927 : 49;
	928 : 49;
	929 : 49;
	930 : 49;
	931 : 49;
	932 : 49;
	933 : 49;
	934 : 49;
	935 : 49;
	936 : 49;
	937 : 49;
	938 : 49;
	939 : 49;
	940 : 49;
	941 : 49;
	942 : 49;
	943 : 49;
	944 : 49;
	945 : 49;
	946 : 69;
	947 : 69;
	948 : 69;
	949 : 49;
	950 : 49;
	951 : 49;
	952 : 49;
	953 : 49;
	954 : 49;
	955 : 49;
	956 : 49;
	957 : 49;
	958 : 49;
	959 : 49;
	960 : 49;
	961 : 69;
	962 : 49;
	963 : 69;
	964 : 49;
	965 : 49;
	966 : 49;
	967 : 49;
	968 : 69;
	969 : 6E;
	970 : 69;
	971 : 6D;
	972 : 6D;
	973 : 6D;
	974 : 6D;
	975 : 6D;
	976 : 6D;
	977 : 6D;
	978 : 6D;
	979 : 69;
	980 : 69;
	981 : 49;
	982 : 49;
	983 : 49;
	984 : 49;
	985 : 49;
	986 : 49;
	987 : 49;
	988 : 49;
	989 : 49;
	990 : 49;
	991 : 49;
	992 : 49;
	993 : 49;
	994 : 49;
	995 : 49;
	996 : 49;
	997 : 49;
	998 : 49;
	999 : 49;
	1000 : 49;
	1001 : 49;
	1002 : 49;
	1003 : 49;
	1004 : 49;
	1005 : 49;
	1006 : 49;
	1007 : 49;
	1008 : 49;
	1009 : 49;
	1010 : 49;
	1011 : 49;
	1012 : 49;
	1013 : 49;
	1014 : 49;
	1015 : 49;
	1016 : 49;
	1017 : 49;
	1018 : 49;
	1019 : 49;
	1020 : 49;
	1021 : 49;
	1022 : 49;
	1023 : 49;
	1024 : 49;
	1025 : 49;
	1026 : 49;
	1027 : 49;
	1028 : 49;
	1029 : 49;
	1030 : 49;
	1031 : 49;
	1032 : 49;
	1033 : 49;
	1034 : 49;
	1035 : 49;
	1036 : 49;
	1037 : 49;
	1038 : 49;
	1039 : 49;
	1040 : 49;
	1041 : 49;
	1042 : 49;
	1043 : 49;
	1044 : 49;
	1045 : 49;
	1046 : 49;
	1047 : 49;
	1048 : 49;
	1049 : 49;
	1050 : 49;
	1051 : 49;
	1052 : 49;
	1053 : 49;
	1054 : 49;
	1055 : 49;
	1056 : 49;
	1057 : 49;
	1058 : 49;
	1059 : 49;
	1060 : 49;
	1061 : 49;
	1062 : 49;
	1063 : 49;
	1064 : 49;
	1065 : 49;
	1066 : 49;
	1067 : 49;
	1068 : 49;
	1069 : 49;
	1070 : 49;
	1071 : 49;
	1072 : 49;
	1073 : 49;
	1074 : 49;
	1075 : 49;
	1076 : 49;
	1077 : 49;
	1078 : 49;
	1079 : 49;
	1080 : 49;
	1081 : 49;
	1082 : 49;
	1083 : 49;
	1084 : 49;
	1085 : 49;
	1086 : 49;
	1087 : 49;
	1088 : 49;
	1089 : 49;
	1090 : 49;
	1091 : 49;
	1092 : 49;
	1093 : 49;
	1094 : 49;
	1095 : 49;
	1096 : 49;
	1097 : 49;
	1098 : 49;
	1099 : 49;
	1100 : 49;
	1101 : 49;
	1102 : 49;
	1103 : 49;
	1104 : 69;
	1105 : 6D;
	1106 : 69;
	1107 : 6D;
	1108 : 69;
	1109 : 49;
	1110 : 49;
	1111 : 49;
	1112 : 49;
	1113 : 49;
	1114 : 49;
	1115 : 49;
	1116 : 49;
	1117 : 6D;
	1118 : 69;
	1119 : 69;
	1120 : 69;
	1121 : 69;
	1122 : 69;
	1123 : 69;
	1124 : 6D;
	1125 : 69;
	1126 : 6D;
	1127 : 6D;
	1128 : 69;
	1129 : 69;
	1130 : 6D;
	1131 : 69;
	1132 : 6D;
	1133 : 6E;
	1134 : 6E;
	1135 : 6E;
	1136 : 69;
	1137 : 6D;
	1138 : 6D;
	1139 : 6D;
	1140 : 6D;
	1141 : 6D;
	1142 : 6D;
	1143 : 49;
	1144 : 49;
	1145 : 49;
	1146 : 49;
	1147 : 49;
	1148 : 49;
	1149 : 49;
	1150 : 49;
	1151 : 49;
	1152 : 49;
	1153 : 49;
	1154 : 49;
	1155 : 49;
	1156 : 49;
	1157 : 49;
	1158 : 49;
	1159 : 49;
	1160 : 49;
	1161 : 49;
	1162 : 49;
	1163 : 49;
	1164 : 49;
	1165 : 49;
	1166 : 49;
	1167 : 49;
	1168 : 49;
	1169 : 49;
	1170 : 49;
	1171 : 49;
	1172 : 49;
	1173 : 49;
	1174 : 49;
	1175 : 49;
	1176 : 49;
	1177 : 49;
	1178 : 49;
	1179 : 49;
	1180 : 49;
	1181 : 49;
	1182 : 49;
	1183 : 49;
	1184 : 49;
	1185 : 49;
	1186 : 49;
	1187 : 49;
	1188 : 49;
	1189 : 49;
	1190 : 49;
	1191 : 49;
	1192 : 49;
	1193 : 49;
	1194 : 49;
	1195 : 49;
	1196 : 49;
	1197 : 49;
	1198 : 49;
	1199 : 49;
	1200 : 49;
	1201 : 49;
	1202 : 49;
	1203 : 49;
	1204 : 49;
	1205 : 49;
	1206 : 49;
	1207 : 49;
	1208 : 49;
	1209 : 49;
	1210 : 49;
	1211 : 49;
	1212 : 49;
	1213 : 49;
	1214 : 49;
	1215 : 49;
	1216 : 49;
	1217 : 49;
	1218 : 49;
	1219 : 49;
	1220 : 49;
	1221 : 49;
	1222 : 49;
	1223 : 49;
	1224 : 49;
	1225 : 49;
	1226 : 49;
	1227 : 49;
	1228 : 49;
	1229 : 49;
	1230 : 49;
	1231 : 49;
	1232 : 49;
	1233 : 49;
	1234 : 49;
	1235 : 49;
	1236 : 49;
	1237 : 49;
	1238 : 49;
	1239 : 49;
	1240 : 49;
	1241 : 49;
	1242 : 49;
	1243 : 49;
	1244 : 49;
	1245 : 49;
	1246 : 49;
	1247 : 49;
	1248 : 49;
	1249 : 49;
	1250 : 49;
	1251 : 49;
	1252 : 49;
	1253 : 49;
	1254 : 49;
	1255 : 49;
	1256 : 49;
	1257 : 49;
	1258 : 49;
	1259 : 49;
	1260 : 49;
	1261 : 49;
	1262 : 49;
	1263 : 49;
	1264 : 6E;
	1265 : 69;
	1266 : 6D;
	1267 : 69;
	1268 : 6D;
	1269 : 69;
	1270 : 49;
	1271 : 49;
	1272 : 69;
	1273 : 6D;
	1274 : 6E;
	1275 : 6E;
	1276 : 69;
	1277 : 6D;
	1278 : 6D;
	1279 : 69;
	1280 : 69;
	1281 : 69;
	1282 : 69;
	1283 : 69;
	1284 : 69;
	1285 : 69;
	1286 : 6D;
	1287 : 6D;
	1288 : 6D;
	1289 : 6D;
	1290 : 6D;
	1291 : 69;
	1292 : 6E;
	1293 : 6E;
	1294 : 6E;
	1295 : 6E;
	1296 : 69;
	1297 : 6D;
	1298 : 6D;
	1299 : 6D;
	1300 : 6D;
	1301 : 6D;
	1302 : 69;
	1303 : 49;
	1304 : 49;
	1305 : 49;
	1306 : 49;
	1307 : 49;
	1308 : 49;
	1309 : 49;
	1310 : 49;
	1311 : 49;
	1312 : 49;
	1313 : 49;
	1314 : 49;
	1315 : 49;
	1316 : 49;
	1317 : 49;
	1318 : 49;
	1319 : 49;
	1320 : 49;
	1321 : 49;
	1322 : 49;
	1323 : 49;
	1324 : 49;
	1325 : 49;
	1326 : 49;
	1327 : 49;
	1328 : 49;
	1329 : 49;
	1330 : 49;
	1331 : 49;
	1332 : 49;
	1333 : 49;
	1334 : 49;
	1335 : 49;
	1336 : 49;
	1337 : 49;
	1338 : 49;
	1339 : 49;
	1340 : 49;
	1341 : 49;
	1342 : 49;
	1343 : 49;
	1344 : 49;
	1345 : 49;
	1346 : 49;
	1347 : 49;
	1348 : 49;
	1349 : 49;
	1350 : 49;
	1351 : 49;
	1352 : 49;
	1353 : 49;
	1354 : 49;
	1355 : 49;
	1356 : 49;
	1357 : 49;
	1358 : 49;
	1359 : 49;
	1360 : 49;
	1361 : 49;
	1362 : 49;
	1363 : 49;
	1364 : 49;
	1365 : 49;
	1366 : 49;
	1367 : 49;
	1368 : 49;
	1369 : 49;
	1370 : 49;
	1371 : 49;
	1372 : 49;
	1373 : 49;
	1374 : 49;
	1375 : 49;
	1376 : 49;
	1377 : 49;
	1378 : 49;
	1379 : 49;
	1380 : 49;
	1381 : 49;
	1382 : 49;
	1383 : 49;
	1384 : 49;
	1385 : 49;
	1386 : 49;
	1387 : 49;
	1388 : 49;
	1389 : 49;
	1390 : 49;
	1391 : 49;
	1392 : 49;
	1393 : 49;
	1394 : 49;
	1395 : 49;
	1396 : 49;
	1397 : 49;
	1398 : 49;
	1399 : 49;
	1400 : 49;
	1401 : 49;
	1402 : 49;
	1403 : 49;
	1404 : 49;
	1405 : 49;
	1406 : 49;
	1407 : 49;
	1408 : 49;
	1409 : 49;
	1410 : 49;
	1411 : 49;
	1412 : 49;
	1413 : 49;
	1414 : 49;
	1415 : 49;
	1416 : 49;
	1417 : 49;
	1418 : 49;
	1419 : 49;
	1420 : 49;
	1421 : 49;
	1422 : 69;
	1423 : 69;
	1424 : 6E;
	1425 : 69;
	1426 : 6D;
	1427 : 69;
	1428 : 6D;
	1429 : 6D;
	1430 : 69;
	1431 : 69;
	1432 : 6D;
	1433 : 6E;
	1434 : 69;
	1435 : 69;
	1436 : 69;
	1437 : 6D;
	1438 : 6D;
	1439 : 69;
	1440 : 6D;
	1441 : 6D;
	1442 : 69;
	1443 : 6D;
	1444 : 6E;
	1445 : 6E;
	1446 : 69;
	1447 : 6D;
	1448 : 6D;
	1449 : 6D;
	1450 : 6D;
	1451 : 6E;
	1452 : 6E;
	1453 : 6E;
	1454 : 6E;
	1455 : 6E;
	1456 : 6E;
	1457 : 69;
	1458 : 6D;
	1459 : 6D;
	1460 : 6D;
	1461 : 69;
	1462 : 49;
	1463 : 49;
	1464 : 49;
	1465 : 49;
	1466 : 49;
	1467 : 49;
	1468 : 49;
	1469 : 49;
	1470 : 49;
	1471 : 49;
	1472 : 49;
	1473 : 49;
	1474 : 49;
	1475 : 49;
	1476 : 49;
	1477 : 49;
	1478 : 49;
	1479 : 49;
	1480 : 49;
	1481 : 49;
	1482 : 49;
	1483 : 49;
	1484 : 49;
	1485 : 49;
	1486 : 49;
	1487 : 49;
	1488 : 49;
	1489 : 49;
	1490 : 49;
	1491 : 49;
	1492 : 49;
	1493 : 49;
	1494 : 49;
	1495 : 49;
	1496 : 49;
	1497 : 49;
	1498 : 49;
	1499 : 49;
	1500 : 49;
	1501 : 49;
	1502 : 6E;
	1503 : 49;
	1504 : 49;
	1505 : 49;
	1506 : 49;
	1507 : 49;
	1508 : 49;
	1509 : 49;
	1510 : 49;
	1511 : 49;
	1512 : 49;
	1513 : 49;
	1514 : 49;
	1515 : 49;
	1516 : 49;
	1517 : 49;
	1518 : 49;
	1519 : 49;
	1520 : 49;
	1521 : 49;
	1522 : 49;
	1523 : 49;
	1524 : 49;
	1525 : 49;
	1526 : 49;
	1527 : 49;
	1528 : 49;
	1529 : 49;
	1530 : 49;
	1531 : 49;
	1532 : 49;
	1533 : 49;
	1534 : 49;
	1535 : 49;
	1536 : 49;
	1537 : 49;
	1538 : 49;
	1539 : 49;
	1540 : 49;
	1541 : 49;
	1542 : 49;
	1543 : 49;
	1544 : 49;
	1545 : 49;
	1546 : 49;
	1547 : 49;
	1548 : 49;
	1549 : 49;
	1550 : 49;
	1551 : 49;
	1552 : 49;
	1553 : 49;
	1554 : 49;
	1555 : 49;
	1556 : 49;
	1557 : 49;
	1558 : 49;
	1559 : 49;
	1560 : 49;
	1561 : 49;
	1562 : 49;
	1563 : 49;
	1564 : 49;
	1565 : 49;
	1566 : 49;
	1567 : 49;
	1568 : 49;
	1569 : 49;
	1570 : 49;
	1571 : 49;
	1572 : 49;
	1573 : 49;
	1574 : 49;
	1575 : 49;
	1576 : 49;
	1577 : 49;
	1578 : 49;
	1579 : 49;
	1580 : 69;
	1581 : 6D;
	1582 : 6E;
	1583 : 6E;
	1584 : 69;
	1585 : 69;
	1586 : 6D;
	1587 : 69;
	1588 : 69;
	1589 : 6D;
	1590 : 69;
	1591 : 6D;
	1592 : 6E;
	1593 : 69;
	1594 : 69;
	1595 : 69;
	1596 : 6D;
	1597 : 69;
	1598 : 69;
	1599 : 69;
	1600 : 69;
	1601 : 69;
	1602 : 69;
	1603 : 69;
	1604 : 6D;
	1605 : 6E;
	1606 : 6E;
	1607 : 6E;
	1608 : 6E;
	1609 : 6D;
	1610 : 69;
	1611 : 6E;
	1612 : 6E;
	1613 : 6E;
	1614 : 6E;
	1615 : 6E;
	1616 : 6E;
	1617 : 69;
	1618 : 6D;
	1619 : 6D;
	1620 : 6D;
	1621 : 69;
	1622 : 49;
	1623 : 49;
	1624 : 49;
	1625 : 49;
	1626 : 49;
	1627 : 49;
	1628 : 49;
	1629 : 49;
	1630 : 49;
	1631 : 49;
	1632 : 49;
	1633 : 49;
	1634 : 49;
	1635 : 49;
	1636 : 49;
	1637 : 49;
	1638 : 49;
	1639 : 49;
	1640 : 49;
	1641 : 49;
	1642 : 49;
	1643 : 49;
	1644 : 49;
	1645 : 49;
	1646 : 49;
	1647 : 49;
	1648 : 49;
	1649 : 49;
	1650 : 49;
	1651 : 49;
	1652 : 49;
	1653 : 49;
	1654 : 49;
	1655 : 49;
	1656 : 49;
	1657 : 49;
	1658 : 49;
	1659 : 49;
	1660 : 49;
	1661 : 49;
	1662 : 6D;
	1663 : 6D;
	1664 : 49;
	1665 : 49;
	1666 : 49;
	1667 : 49;
	1668 : 49;
	1669 : 49;
	1670 : 49;
	1671 : 49;
	1672 : 49;
	1673 : 49;
	1674 : 49;
	1675 : 49;
	1676 : 49;
	1677 : 49;
	1678 : 49;
	1679 : 49;
	1680 : 49;
	1681 : 49;
	1682 : 49;
	1683 : 49;
	1684 : 49;
	1685 : 49;
	1686 : 49;
	1687 : 69;
	1688 : 69;
	1689 : 49;
	1690 : 49;
	1691 : 49;
	1692 : 49;
	1693 : 49;
	1694 : 49;
	1695 : 49;
	1696 : 49;
	1697 : 69;
	1698 : 69;
	1699 : 49;
	1700 : 49;
	1701 : 49;
	1702 : 49;
	1703 : 49;
	1704 : 49;
	1705 : 49;
	1706 : 49;
	1707 : 49;
	1708 : 49;
	1709 : 49;
	1710 : 49;
	1711 : 49;
	1712 : 49;
	1713 : 49;
	1714 : 49;
	1715 : 49;
	1716 : 49;
	1717 : 49;
	1718 : 49;
	1719 : 49;
	1720 : 49;
	1721 : 49;
	1722 : 49;
	1723 : 49;
	1724 : 49;
	1725 : 49;
	1726 : 49;
	1727 : 49;
	1728 : 49;
	1729 : 49;
	1730 : 49;
	1731 : 49;
	1732 : 49;
	1733 : 49;
	1734 : 49;
	1735 : 49;
	1736 : 49;
	1737 : 49;
	1738 : 49;
	1739 : 69;
	1740 : 6D;
	1741 : 6E;
	1742 : 6E;
	1743 : 6E;
	1744 : 6D;
	1745 : 6D;
	1746 : 6D;
	1747 : 69;
	1748 : 69;
	1749 : 6D;
	1750 : 69;
	1751 : 6D;
	1752 : 69;
	1753 : 69;
	1754 : 69;
	1755 : 69;
	1756 : 69;
	1757 : 69;
	1758 : 69;
	1759 : 69;
	1760 : 69;
	1761 : 69;
	1762 : 6D;
	1763 : 69;
	1764 : 6D;
	1765 : 69;
	1766 : 6D;
	1767 : 6E;
	1768 : 6E;
	1769 : 6E;
	1770 : 6E;
	1771 : 6E;
	1772 : 6E;
	1773 : 6E;
	1774 : 6E;
	1775 : 6E;
	1776 : 6E;
	1777 : 6E;
	1778 : 69;
	1779 : 6D;
	1780 : 6D;
	1781 : 69;
	1782 : 69;
	1783 : 69;
	1784 : 69;
	1785 : 49;
	1786 : 49;
	1787 : 49;
	1788 : 49;
	1789 : 49;
	1790 : 49;
	1791 : 49;
	1792 : 69;
	1793 : 6D;
	1794 : 69;
	1795 : 69;
	1796 : 49;
	1797 : 49;
	1798 : 49;
	1799 : 49;
	1800 : 49;
	1801 : 49;
	1802 : 49;
	1803 : 49;
	1804 : 49;
	1805 : 49;
	1806 : 49;
	1807 : 49;
	1808 : 49;
	1809 : 49;
	1810 : 49;
	1811 : 49;
	1812 : 49;
	1813 : 49;
	1814 : 49;
	1815 : 49;
	1816 : 49;
	1817 : 49;
	1818 : 49;
	1819 : 49;
	1820 : 49;
	1821 : 49;
	1822 : 49;
	1823 : 6E;
	1824 : 49;
	1825 : 49;
	1826 : 69;
	1827 : 69;
	1828 : 6D;
	1829 : 69;
	1830 : 69;
	1831 : 49;
	1832 : 49;
	1833 : 49;
	1834 : 49;
	1835 : 49;
	1836 : 49;
	1837 : 49;
	1838 : 49;
	1839 : 49;
	1840 : 49;
	1841 : 49;
	1842 : 49;
	1843 : 49;
	1844 : 49;
	1845 : 69;
	1846 : 69;
	1847 : 69;
	1848 : 69;
	1849 : 69;
	1850 : 6E;
	1851 : 6E;
	1852 : 6D;
	1853 : 6D;
	1854 : 69;
	1855 : 69;
	1856 : 69;
	1857 : 69;
	1858 : 69;
	1859 : 69;
	1860 : 69;
	1861 : 49;
	1862 : 49;
	1863 : 49;
	1864 : 49;
	1865 : 49;
	1866 : 49;
	1867 : 49;
	1868 : 49;
	1869 : 49;
	1870 : 49;
	1871 : 49;
	1872 : 49;
	1873 : 49;
	1874 : 49;
	1875 : 49;
	1876 : 49;
	1877 : 49;
	1878 : 49;
	1879 : 49;
	1880 : 49;
	1881 : 49;
	1882 : 49;
	1883 : 49;
	1884 : 49;
	1885 : 49;
	1886 : 49;
	1887 : 49;
	1888 : 49;
	1889 : 49;
	1890 : 49;
	1891 : 49;
	1892 : 49;
	1893 : 49;
	1894 : 49;
	1895 : 69;
	1896 : 6D;
	1897 : 69;
	1898 : 69;
	1899 : 6D;
	1900 : 6E;
	1901 : 6E;
	1902 : 6D;
	1903 : 69;
	1904 : 69;
	1905 : 6D;
	1906 : 69;
	1907 : 6E;
	1908 : 69;
	1909 : 69;
	1910 : 69;
	1911 : 6D;
	1912 : 6D;
	1913 : 69;
	1914 : 69;
	1915 : 69;
	1916 : 69;
	1917 : 69;
	1918 : 69;
	1919 : 69;
	1920 : 6D;
	1921 : 6E;
	1922 : 69;
	1923 : 69;
	1924 : 6E;
	1925 : 6D;
	1926 : 69;
	1927 : 6D;
	1928 : 6D;
	1929 : 6E;
	1930 : 6E;
	1931 : 69;
	1932 : 6E;
	1933 : 6D;
	1934 : 6D;
	1935 : 69;
	1936 : 69;
	1937 : 6D;
	1938 : 6E;
	1939 : 69;
	1940 : 69;
	1941 : 69;
	1942 : 69;
	1943 : 69;
	1944 : 69;
	1945 : 69;
	1946 : 69;
	1947 : 69;
	1948 : 69;
	1949 : 69;
	1950 : 69;
	1951 : 49;
	1952 : 49;
	1953 : 49;
	1954 : 6D;
	1955 : 6D;
	1956 : 6D;
	1957 : 49;
	1958 : 49;
	1959 : 49;
	1960 : 49;
	1961 : 49;
	1962 : 69;
	1963 : 69;
	1964 : 49;
	1965 : 49;
	1966 : 49;
	1967 : 49;
	1968 : 49;
	1969 : 49;
	1970 : 49;
	1971 : 49;
	1972 : 49;
	1973 : 49;
	1974 : 49;
	1975 : 49;
	1976 : 49;
	1977 : 49;
	1978 : 49;
	1979 : 49;
	1980 : 49;
	1981 : 49;
	1982 : 49;
	1983 : 49;
	1984 : 49;
	1985 : 49;
	1986 : 49;
	1987 : 49;
	1988 : 49;
	1989 : 49;
	1990 : 69;
	1991 : 69;
	1992 : 69;
	1993 : 69;
	1994 : 69;
	1995 : 69;
	1996 : 49;
	1997 : 49;
	1998 : 49;
	1999 : 49;
	2000 : 49;
	2001 : 49;
	2002 : 69;
	2003 : 69;
	2004 : 6D;
	2005 : 69;
	2006 : 69;
	2007 : 69;
	2008 : 69;
	2009 : 69;
	2010 : 69;
	2011 : 69;
	2012 : 69;
	2013 : 69;
	2014 : 49;
	2015 : 69;
	2016 : 69;
	2017 : 69;
	2018 : 69;
	2019 : 69;
	2020 : 69;
	2021 : 69;
	2022 : 69;
	2023 : 6D;
	2024 : 69;
	2025 : 69;
	2026 : 49;
	2027 : 49;
	2028 : 49;
	2029 : 49;
	2030 : 49;
	2031 : 49;
	2032 : 49;
	2033 : 49;
	2034 : 49;
	2035 : 49;
	2036 : 69;
	2037 : 49;
	2038 : 49;
	2039 : 49;
	2040 : 49;
	2041 : 49;
	2042 : 49;
	2043 : 49;
	2044 : 49;
	2045 : 49;
	2046 : 49;
	2047 : 49;
	2048 : 49;
	2049 : 49;
	2050 : 49;
	2051 : 69;
	2052 : 6D;
	2053 : 6D;
	2054 : 69;
	2055 : 69;
	2056 : 6D;
	2057 : 6D;
	2058 : 6D;
	2059 : 6D;
	2060 : 6D;
	2061 : 69;
	2062 : 69;
	2063 : 69;
	2064 : 69;
	2065 : 6D;
	2066 : 6E;
	2067 : 69;
	2068 : 69;
	2069 : 69;
	2070 : 6D;
	2071 : 6D;
	2072 : 6D;
	2073 : 6D;
	2074 : 69;
	2075 : 69;
	2076 : 69;
	2077 : 69;
	2078 : 69;
	2079 : 6E;
	2080 : 6D;
	2081 : 6D;
	2082 : 6D;
	2083 : 6D;
	2084 : 6D;
	2085 : 6D;
	2086 : 6D;
	2087 : 6D;
	2088 : 69;
	2089 : 6E;
	2090 : 6E;
	2091 : 6E;
	2092 : 69;
	2093 : 69;
	2094 : 69;
	2095 : 69;
	2096 : 69;
	2097 : 69;
	2098 : 69;
	2099 : 69;
	2100 : 6D;
	2101 : 69;
	2102 : 69;
	2103 : 69;
	2104 : 69;
	2105 : 69;
	2106 : 69;
	2107 : 69;
	2108 : 69;
	2109 : 69;
	2110 : 69;
	2111 : 69;
	2112 : 69;
	2113 : 49;
	2114 : 69;
	2115 : 69;
	2116 : 6D;
	2117 : 69;
	2118 : 69;
	2119 : 69;
	2120 : 69;
	2121 : 69;
	2122 : 69;
	2123 : 69;
	2124 : 69;
	2125 : 69;
	2126 : 49;
	2127 : 49;
	2128 : 49;
	2129 : 49;
	2130 : 49;
	2131 : 49;
	2132 : 49;
	2133 : 6D;
	2134 : 49;
	2135 : 49;
	2136 : 49;
	2137 : 49;
	2138 : 49;
	2139 : 49;
	2140 : 49;
	2141 : 49;
	2142 : 49;
	2143 : 49;
	2144 : 49;
	2145 : 49;
	2146 : 49;
	2147 : 49;
	2148 : 49;
	2149 : 49;
	2150 : 49;
	2151 : 69;
	2152 : 69;
	2153 : 69;
	2154 : 69;
	2155 : 69;
	2156 : 69;
	2157 : 69;
	2158 : 69;
	2159 : 69;
	2160 : 69;
	2161 : 69;
	2162 : 69;
	2163 : 69;
	2164 : 69;
	2165 : 69;
	2166 : 69;
	2167 : 69;
	2168 : 69;
	2169 : 69;
	2170 : 69;
	2171 : 69;
	2172 : 69;
	2173 : 69;
	2174 : 69;
	2175 : 69;
	2176 : 69;
	2177 : 69;
	2178 : 69;
	2179 : 69;
	2180 : 69;
	2181 : 69;
	2182 : 69;
	2183 : 6D;
	2184 : 6D;
	2185 : 6D;
	2186 : 6D;
	2187 : 69;
	2188 : 69;
	2189 : 49;
	2190 : 49;
	2191 : 49;
	2192 : 69;
	2193 : 69;
	2194 : 6D;
	2195 : 6D;
	2196 : 6D;
	2197 : 69;
	2198 : 49;
	2199 : 49;
	2200 : 49;
	2201 : 49;
	2202 : 49;
	2203 : 49;
	2204 : 49;
	2205 : 49;
	2206 : 49;
	2207 : 49;
	2208 : 49;
	2209 : 69;
	2210 : 6D;
	2211 : 69;
	2212 : 69;
	2213 : 6D;
	2214 : 69;
	2215 : 69;
	2216 : 69;
	2217 : 6D;
	2218 : 6D;
	2219 : 6D;
	2220 : 69;
	2221 : 69;
	2222 : 6E;
	2223 : 6E;
	2224 : 6E;
	2225 : 6E;
	2226 : 6E;
	2227 : 6D;
	2228 : 69;
	2229 : 69;
	2230 : 69;
	2231 : 69;
	2232 : 69;
	2233 : 6D;
	2234 : 69;
	2235 : 69;
	2236 : 69;
	2237 : 6D;
	2238 : 6E;
	2239 : 6E;
	2240 : 49;
	2241 : 6D;
	2242 : 6D;
	2243 : 6D;
	2244 : 6D;
	2245 : 49;
	2246 : 69;
	2247 : 69;
	2248 : 69;
	2249 : 69;
	2250 : 6D;
	2251 : 6E;
	2252 : 6E;
	2253 : 6E;
	2254 : 69;
	2255 : 69;
	2256 : 69;
	2257 : 69;
	2258 : 69;
	2259 : 69;
	2260 : 69;
	2261 : 69;
	2262 : 49;
	2263 : 69;
	2264 : 69;
	2265 : 69;
	2266 : 69;
	2267 : 69;
	2268 : 69;
	2269 : 69;
	2270 : 69;
	2271 : 69;
	2272 : 69;
	2273 : 6D;
	2274 : 69;
	2275 : 69;
	2276 : 6D;
	2277 : 69;
	2278 : 69;
	2279 : 69;
	2280 : 69;
	2281 : 6D;
	2282 : 69;
	2283 : 69;
	2284 : 69;
	2285 : 69;
	2286 : 69;
	2287 : 49;
	2288 : 49;
	2289 : 49;
	2290 : 49;
	2291 : 49;
	2292 : 6D;
	2293 : 49;
	2294 : 49;
	2295 : 49;
	2296 : 49;
	2297 : 49;
	2298 : 49;
	2299 : 49;
	2300 : 49;
	2301 : 49;
	2302 : 69;
	2303 : 69;
	2304 : 49;
	2305 : 49;
	2306 : 49;
	2307 : 49;
	2308 : 49;
	2309 : 49;
	2310 : 49;
	2311 : 49;
	2312 : 49;
	2313 : 49;
	2314 : 49;
	2315 : 49;
	2316 : 49;
	2317 : 69;
	2318 : 69;
	2319 : 69;
	2320 : 69;
	2321 : 69;
	2322 : 69;
	2323 : 69;
	2324 : 69;
	2325 : 69;
	2326 : 69;
	2327 : 69;
	2328 : 69;
	2329 : 6D;
	2330 : 6D;
	2331 : 6E;
	2332 : 6E;
	2333 : 69;
	2334 : 69;
	2335 : 6E;
	2336 : 6E;
	2337 : 6E;
	2338 : 6E;
	2339 : 6E;
	2340 : 6E;
	2341 : 6E;
	2342 : 69;
	2343 : 6D;
	2344 : 6D;
	2345 : 6D;
	2346 : 6D;
	2347 : 6D;
	2348 : 6D;
	2349 : 6D;
	2350 : 6D;
	2351 : 6D;
	2352 : 69;
	2353 : 6D;
	2354 : 6D;
	2355 : 6D;
	2356 : 6D;
	2357 : 69;
	2358 : 69;
	2359 : 49;
	2360 : 49;
	2361 : 49;
	2362 : 49;
	2363 : 49;
	2364 : 49;
	2365 : 49;
	2366 : 49;
	2367 : 69;
	2368 : 6D;
	2369 : 6D;
	2370 : 6D;
	2371 : 6E;
	2372 : 6E;
	2373 : 6E;
	2374 : 6E;
	2375 : 6E;
	2376 : 6E;
	2377 : 6D;
	2378 : 6D;
	2379 : 6E;
	2380 : 6E;
	2381 : 6E;
	2382 : 6E;
	2383 : 6E;
	2384 : 6E;
	2385 : 69;
	2386 : 69;
	2387 : 69;
	2388 : 69;
	2389 : 69;
	2390 : 69;
	2391 : 69;
	2392 : 69;
	2393 : 69;
	2394 : 69;
	2395 : 69;
	2396 : 6E;
	2397 : 6E;
	2398 : 6E;
	2399 : 6E;
	2400 : 49;
	2401 : 49;
	2402 : 6D;
	2403 : 6D;
	2404 : 6D;
	2405 : 49;
	2406 : 69;
	2407 : 69;
	2408 : 69;
	2409 : 69;
	2410 : 69;
	2411 : 6E;
	2412 : 6E;
	2413 : 6E;
	2414 : 6D;
	2415 : 69;
	2416 : 69;
	2417 : 69;
	2418 : 69;
	2419 : 69;
	2420 : 69;
	2421 : 6D;
	2422 : 69;
	2423 : 69;
	2424 : 69;
	2425 : 69;
	2426 : 69;
	2427 : 69;
	2428 : 69;
	2429 : 69;
	2430 : 69;
	2431 : 69;
	2432 : 69;
	2433 : 6D;
	2434 : 49;
	2435 : 49;
	2436 : 49;
	2437 : 69;
	2438 : 69;
	2439 : 69;
	2440 : 69;
	2441 : 69;
	2442 : 69;
	2443 : 69;
	2444 : 69;
	2445 : 69;
	2446 : 69;
	2447 : 49;
	2448 : 49;
	2449 : 49;
	2450 : 49;
	2451 : 49;
	2452 : 49;
	2453 : 49;
	2454 : 49;
	2455 : 49;
	2456 : 49;
	2457 : 49;
	2458 : 49;
	2459 : 49;
	2460 : 49;
	2461 : 49;
	2462 : 8E;
	2463 : 69;
	2464 : 49;
	2465 : 49;
	2466 : 49;
	2467 : 49;
	2468 : 49;
	2469 : 49;
	2470 : 49;
	2471 : 49;
	2472 : 49;
	2473 : 49;
	2474 : 49;
	2475 : 49;
	2476 : 49;
	2477 : 69;
	2478 : 69;
	2479 : 69;
	2480 : 69;
	2481 : 69;
	2482 : 69;
	2483 : 69;
	2484 : 69;
	2485 : 6D;
	2486 : 69;
	2487 : 69;
	2488 : 69;
	2489 : 69;
	2490 : 69;
	2491 : 69;
	2492 : 6E;
	2493 : 6E;
	2494 : 6E;
	2495 : 6E;
	2496 : 6E;
	2497 : 6E;
	2498 : 6E;
	2499 : 6E;
	2500 : 6E;
	2501 : 6E;
	2502 : 6D;
	2503 : 69;
	2504 : 6D;
	2505 : 6D;
	2506 : 6D;
	2507 : 6D;
	2508 : 6D;
	2509 : 6D;
	2510 : 6D;
	2511 : 6D;
	2512 : 6D;
	2513 : 6D;
	2514 : 6D;
	2515 : 6D;
	2516 : 6D;
	2517 : 69;
	2518 : 49;
	2519 : 49;
	2520 : 49;
	2521 : 49;
	2522 : 49;
	2523 : 49;
	2524 : 49;
	2525 : 49;
	2526 : 69;
	2527 : 6D;
	2528 : 6D;
	2529 : 6E;
	2530 : 6E;
	2531 : 6E;
	2532 : 6E;
	2533 : 6E;
	2534 : 6E;
	2535 : 6E;
	2536 : 6D;
	2537 : 6E;
	2538 : 6E;
	2539 : 6E;
	2540 : 6E;
	2541 : 6E;
	2542 : 6E;
	2543 : 6D;
	2544 : 6D;
	2545 : 69;
	2546 : 69;
	2547 : 69;
	2548 : 69;
	2549 : 69;
	2550 : 69;
	2551 : 69;
	2552 : 69;
	2553 : 69;
	2554 : 69;
	2555 : 69;
	2556 : 6E;
	2557 : 6E;
	2558 : 6E;
	2559 : 6E;
	2560 : 49;
	2561 : 6D;
	2562 : 25;
	2563 : 49;
	2564 : 6D;
	2565 : 6D;
	2566 : 6D;
	2567 : 49;
	2568 : 49;
	2569 : 49;
	2570 : 49;
	2571 : 6D;
	2572 : 6E;
	2573 : 6E;
	2574 : 6E;
	2575 : 6E;
	2576 : 6D;
	2577 : 69;
	2578 : 69;
	2579 : 69;
	2580 : 69;
	2581 : 6D;
	2582 : 6D;
	2583 : 6D;
	2584 : 6D;
	2585 : 6D;
	2586 : 69;
	2587 : 6D;
	2588 : 69;
	2589 : 69;
	2590 : 6D;
	2591 : 6D;
	2592 : 69;
	2593 : 69;
	2594 : 6E;
	2595 : 6E;
	2596 : 6D;
	2597 : 69;
	2598 : 69;
	2599 : 49;
	2600 : 69;
	2601 : 69;
	2602 : 69;
	2603 : 6D;
	2604 : 6D;
	2605 : 69;
	2606 : 69;
	2607 : 69;
	2608 : 49;
	2609 : 49;
	2610 : 49;
	2611 : 49;
	2612 : 49;
	2613 : 49;
	2614 : 49;
	2615 : 49;
	2616 : 49;
	2617 : 49;
	2618 : 49;
	2619 : 49;
	2620 : 49;
	2621 : 6D;
	2622 : 8E;
	2623 : 6D;
	2624 : 49;
	2625 : 49;
	2626 : 49;
	2627 : 49;
	2628 : 49;
	2629 : 49;
	2630 : 49;
	2631 : 49;
	2632 : 49;
	2633 : 49;
	2634 : 49;
	2635 : 49;
	2636 : 49;
	2637 : 49;
	2638 : 49;
	2639 : 69;
	2640 : 69;
	2641 : 6D;
	2642 : 6D;
	2643 : 6D;
	2644 : 6D;
	2645 : 6D;
	2646 : 69;
	2647 : 6E;
	2648 : 6E;
	2649 : 6E;
	2650 : 6E;
	2651 : 6E;
	2652 : 6E;
	2653 : 6E;
	2654 : 6E;
	2655 : 6E;
	2656 : 6E;
	2657 : 6E;
	2658 : 6E;
	2659 : 6E;
	2660 : 6E;
	2661 : 6E;
	2662 : 6D;
	2663 : 6E;
	2664 : 6D;
	2665 : 6D;
	2666 : 6D;
	2667 : 6D;
	2668 : 6D;
	2669 : 6D;
	2670 : 6D;
	2671 : 6E;
	2672 : 6E;
	2673 : 6E;
	2674 : 6D;
	2675 : 6D;
	2676 : 6D;
	2677 : 6D;
	2678 : 6D;
	2679 : 6D;
	2680 : 6D;
	2681 : 6E;
	2682 : 6E;
	2683 : 6E;
	2684 : 6E;
	2685 : 6E;
	2686 : 6E;
	2687 : 6E;
	2688 : 6E;
	2689 : 6E;
	2690 : 6E;
	2691 : 6E;
	2692 : 6E;
	2693 : 6E;
	2694 : 6E;
	2695 : 6E;
	2696 : 6E;
	2697 : 6E;
	2698 : 6E;
	2699 : 6E;
	2700 : 6E;
	2701 : 6D;
	2702 : 69;
	2703 : 69;
	2704 : 69;
	2705 : 69;
	2706 : 69;
	2707 : 69;
	2708 : 69;
	2709 : 69;
	2710 : 6D;
	2711 : 6E;
	2712 : 69;
	2713 : 6D;
	2714 : 6E;
	2715 : 6E;
	2716 : 6E;
	2717 : 6E;
	2718 : 8E;
	2719 : 8E;
	2720 : 49;
	2721 : 6D;
	2722 : 49;
	2723 : 6D;
	2724 : 69;
	2725 : 6D;
	2726 : 6D;
	2727 : 6D;
	2728 : 6D;
	2729 : 6D;
	2730 : 6D;
	2731 : 6D;
	2732 : 6E;
	2733 : 6E;
	2734 : 6E;
	2735 : 6E;
	2736 : 6E;
	2737 : 6E;
	2738 : 6E;
	2739 : 6D;
	2740 : 6D;
	2741 : 69;
	2742 : 6D;
	2743 : 6D;
	2744 : 6D;
	2745 : 6D;
	2746 : 69;
	2747 : 69;
	2748 : 6E;
	2749 : 6E;
	2750 : 6D;
	2751 : 69;
	2752 : 69;
	2753 : 69;
	2754 : 69;
	2755 : 69;
	2756 : 6E;
	2757 : 6E;
	2758 : 6E;
	2759 : 6E;
	2760 : 6E;
	2761 : 6D;
	2762 : 69;
	2763 : 69;
	2764 : 6D;
	2765 : 6E;
	2766 : 69;
	2767 : 69;
	2768 : 69;
	2769 : 69;
	2770 : 49;
	2771 : 49;
	2772 : 49;
	2773 : 49;
	2774 : 49;
	2775 : 49;
	2776 : 49;
	2777 : 49;
	2778 : 49;
	2779 : 6D;
	2780 : 69;
	2781 : 92;
	2782 : 92;
	2783 : 8E;
	2784 : 49;
	2785 : 69;
	2786 : 49;
	2787 : 49;
	2788 : 49;
	2789 : 49;
	2790 : 49;
	2791 : 49;
	2792 : 49;
	2793 : 69;
	2794 : 69;
	2795 : 69;
	2796 : 69;
	2797 : 69;
	2798 : 69;
	2799 : 69;
	2800 : 69;
	2801 : 49;
	2802 : 49;
	2803 : 69;
	2804 : 6D;
	2805 : 6E;
	2806 : 6E;
	2807 : 6E;
	2808 : 6E;
	2809 : 6E;
	2810 : 6E;
	2811 : 6E;
	2812 : 6E;
	2813 : 6E;
	2814 : 6E;
	2815 : 6E;
	2816 : 8E;
	2817 : 8E;
	2818 : 6E;
	2819 : 6E;
	2820 : 6E;
	2821 : 6E;
	2822 : 6D;
	2823 : 6D;
	2824 : 6D;
	2825 : 6D;
	2826 : 6D;
	2827 : 6D;
	2828 : 6D;
	2829 : 6D;
	2830 : 6D;
	2831 : 6D;
	2832 : 6D;
	2833 : 6E;
	2834 : 6E;
	2835 : 6E;
	2836 : 6E;
	2837 : 6E;
	2838 : 6E;
	2839 : 6E;
	2840 : 6E;
	2841 : 6E;
	2842 : 6E;
	2843 : 6E;
	2844 : 6E;
	2845 : 6E;
	2846 : 6E;
	2847 : 6E;
	2848 : 6E;
	2849 : 6E;
	2850 : 6E;
	2851 : 6E;
	2852 : 6E;
	2853 : 6E;
	2854 : 6E;
	2855 : 6E;
	2856 : 6E;
	2857 : 69;
	2858 : 69;
	2859 : 69;
	2860 : 69;
	2861 : 69;
	2862 : 69;
	2863 : 6D;
	2864 : 6E;
	2865 : 6E;
	2866 : 6E;
	2867 : 6D;
	2868 : 6E;
	2869 : 6E;
	2870 : 6E;
	2871 : 6E;
	2872 : 6E;
	2873 : 6E;
	2874 : 6E;
	2875 : 6E;
	2876 : 8E;
	2877 : 6E;
	2878 : 6E;
	2879 : 6E;
	2880 : 6D;
	2881 : 6D;
	2882 : 6D;
	2883 : 6D;
	2884 : 6D;
	2885 : 49;
	2886 : 6D;
	2887 : 69;
	2888 : 6D;
	2889 : 6D;
	2890 : 6D;
	2891 : 6D;
	2892 : 6E;
	2893 : 6E;
	2894 : 6E;
	2895 : 6E;
	2896 : 6E;
	2897 : 6E;
	2898 : 6E;
	2899 : 6E;
	2900 : 6E;
	2901 : 69;
	2902 : 69;
	2903 : 69;
	2904 : 6D;
	2905 : 6D;
	2906 : 69;
	2907 : 69;
	2908 : 6D;
	2909 : 6E;
	2910 : 6E;
	2911 : 6D;
	2912 : 69;
	2913 : 6D;
	2914 : 6D;
	2915 : 69;
	2916 : 6D;
	2917 : 6E;
	2918 : 6E;
	2919 : 6E;
	2920 : 6E;
	2921 : 6E;
	2922 : 6E;
	2923 : 6E;
	2924 : 6E;
	2925 : 6E;
	2926 : 6E;
	2927 : 69;
	2928 : 69;
	2929 : 49;
	2930 : 49;
	2931 : 49;
	2932 : 49;
	2933 : 49;
	2934 : 49;
	2935 : 49;
	2936 : 49;
	2937 : 49;
	2938 : 49;
	2939 : 49;
	2940 : 49;
	2941 : 49;
	2942 : 6D;
	2943 : 6E;
	2944 : 69;
	2945 : 6D;
	2946 : 49;
	2947 : 49;
	2948 : 49;
	2949 : 69;
	2950 : 69;
	2951 : 69;
	2952 : 6D;
	2953 : 69;
	2954 : 69;
	2955 : 69;
	2956 : 69;
	2957 : 69;
	2958 : 69;
	2959 : 69;
	2960 : 6D;
	2961 : 69;
	2962 : 69;
	2963 : 6E;
	2964 : 6E;
	2965 : 6E;
	2966 : 6E;
	2967 : 6E;
	2968 : 6E;
	2969 : 6E;
	2970 : 6E;
	2971 : 6E;
	2972 : 6E;
	2973 : 8E;
	2974 : 8E;
	2975 : 8E;
	2976 : 8E;
	2977 : 8E;
	2978 : 8E;
	2979 : 6E;
	2980 : 6E;
	2981 : 6E;
	2982 : 69;
	2983 : 69;
	2984 : 6E;
	2985 : 6D;
	2986 : 6D;
	2987 : 6D;
	2988 : 6D;
	2989 : 6D;
	2990 : 6D;
	2991 : 6D;
	2992 : 6D;
	2993 : 6E;
	2994 : 6E;
	2995 : 6E;
	2996 : 6E;
	2997 : 6E;
	2998 : 6E;
	2999 : 6E;
	3000 : 6E;
	3001 : 6E;
	3002 : 6E;
	3003 : 6E;
	3004 : 6E;
	3005 : 6E;
	3006 : 6E;
	3007 : 6E;
	3008 : 6E;
	3009 : 6E;
	3010 : 6E;
	3011 : 6E;
	3012 : 6E;
	3013 : 6E;
	3014 : 6E;
	3015 : 69;
	3016 : 69;
	3017 : 69;
	3018 : 69;
	3019 : 69;
	3020 : 69;
	3021 : 69;
	3022 : 6E;
	3023 : 6E;
	3024 : 6E;
	3025 : 6E;
	3026 : 6E;
	3027 : 6E;
	3028 : 6E;
	3029 : 6E;
	3030 : 6E;
	3031 : 6E;
	3032 : 6E;
	3033 : 6E;
	3034 : 6E;
	3035 : 6E;
	3036 : 8E;
	3037 : 8E;
	3038 : 6E;
	3039 : 6E;
	3040 : 49;
	3041 : 49;
	3042 : 49;
	3043 : 24;
	3044 : 49;
	3045 : 6D;
	3046 : 49;
	3047 : 6D;
	3048 : 49;
	3049 : 6D;
	3050 : 6D;
	3051 : 6D;
	3052 : 6E;
	3053 : 6E;
	3054 : 6E;
	3055 : 6E;
	3056 : 6E;
	3057 : 6E;
	3058 : 6E;
	3059 : 6E;
	3060 : 6E;
	3061 : 6E;
	3062 : 6E;
	3063 : 6D;
	3064 : 69;
	3065 : 69;
	3066 : 69;
	3067 : 69;
	3068 : 69;
	3069 : 6E;
	3070 : 6E;
	3071 : 6E;
	3072 : 6E;
	3073 : 6E;
	3074 : 6E;
	3075 : 6E;
	3076 : 6E;
	3077 : 6E;
	3078 : 6E;
	3079 : 6E;
	3080 : 6E;
	3081 : 6E;
	3082 : 6E;
	3083 : 6E;
	3084 : 6E;
	3085 : 6E;
	3086 : 6E;
	3087 : 69;
	3088 : 49;
	3089 : 49;
	3090 : 49;
	3091 : 49;
	3092 : 49;
	3093 : 49;
	3094 : 49;
	3095 : 49;
	3096 : 49;
	3097 : 49;
	3098 : 49;
	3099 : 49;
	3100 : 49;
	3101 : 49;
	3102 : 49;
	3103 : 49;
	3104 : 49;
	3105 : 49;
	3106 : 49;
	3107 : 49;
	3108 : 49;
	3109 : 6D;
	3110 : 6D;
	3111 : 69;
	3112 : 69;
	3113 : 6D;
	3114 : 69;
	3115 : 6D;
	3116 : 6E;
	3117 : 6E;
	3118 : 6E;
	3119 : 6E;
	3120 : 6E;
	3121 : 6E;
	3122 : 6E;
	3123 : 6E;
	3124 : 6E;
	3125 : 6E;
	3126 : 6E;
	3127 : 6E;
	3128 : 6E;
	3129 : 8E;
	3130 : 8E;
	3131 : 8E;
	3132 : 8E;
	3133 : 8E;
	3134 : 8E;
	3135 : 8E;
	3136 : 8E;
	3137 : 8E;
	3138 : 8E;
	3139 : 8E;
	3140 : 6E;
	3141 : 6E;
	3142 : 8E;
	3143 : 8E;
	3144 : 6E;
	3145 : 6E;
	3146 : 6E;
	3147 : 6E;
	3148 : 6E;
	3149 : 6E;
	3150 : 6E;
	3151 : 6E;
	3152 : 6E;
	3153 : 6E;
	3154 : 6E;
	3155 : 6E;
	3156 : 8E;
	3157 : 8E;
	3158 : 8E;
	3159 : 8E;
	3160 : 8E;
	3161 : 8E;
	3162 : 92;
	3163 : 92;
	3164 : 92;
	3165 : 92;
	3166 : 6E;
	3167 : 6E;
	3168 : 6E;
	3169 : 6D;
	3170 : 6D;
	3171 : 69;
	3172 : 69;
	3173 : 69;
	3174 : 69;
	3175 : 69;
	3176 : 69;
	3177 : 6D;
	3178 : 6D;
	3179 : 6E;
	3180 : 6E;
	3181 : 6E;
	3182 : 6E;
	3183 : 6E;
	3184 : 6E;
	3185 : 6E;
	3186 : 6E;
	3187 : 6E;
	3188 : 6E;
	3189 : 6E;
	3190 : 6E;
	3191 : 6E;
	3192 : 8E;
	3193 : 8E;
	3194 : 6E;
	3195 : 6E;
	3196 : 6E;
	3197 : 6E;
	3198 : 6E;
	3199 : 6E;
	3200 : 49;
	3201 : 49;
	3202 : 25;
	3203 : 25;
	3204 : 49;
	3205 : 49;
	3206 : 49;
	3207 : 6D;
	3208 : 49;
	3209 : 49;
	3210 : 49;
	3211 : 6D;
	3212 : 6D;
	3213 : 6D;
	3214 : 6E;
	3215 : 6E;
	3216 : 6E;
	3217 : 6E;
	3218 : 6E;
	3219 : 6E;
	3220 : 6E;
	3221 : 6E;
	3222 : 6E;
	3223 : 6E;
	3224 : 6D;
	3225 : 69;
	3226 : 69;
	3227 : 69;
	3228 : 69;
	3229 : 6E;
	3230 : 6E;
	3231 : 6E;
	3232 : 6E;
	3233 : 6E;
	3234 : 6E;
	3235 : 6E;
	3236 : 6E;
	3237 : 6E;
	3238 : 6E;
	3239 : 6E;
	3240 : 6E;
	3241 : 6E;
	3242 : 6E;
	3243 : 6E;
	3244 : 6E;
	3245 : 6E;
	3246 : 49;
	3247 : 49;
	3248 : 49;
	3249 : 49;
	3250 : 49;
	3251 : 49;
	3252 : 49;
	3253 : 49;
	3254 : 49;
	3255 : 49;
	3256 : 49;
	3257 : 49;
	3258 : 49;
	3259 : 49;
	3260 : 49;
	3261 : 49;
	3262 : 49;
	3263 : 49;
	3264 : 49;
	3265 : 49;
	3266 : 49;
	3267 : 49;
	3268 : 49;
	3269 : 6D;
	3270 : 6E;
	3271 : 6E;
	3272 : 6E;
	3273 : 6E;
	3274 : 6E;
	3275 : 6E;
	3276 : 6E;
	3277 : 6E;
	3278 : 6E;
	3279 : 6E;
	3280 : 6E;
	3281 : 6E;
	3282 : 6E;
	3283 : 6E;
	3284 : 6E;
	3285 : 6E;
	3286 : 8E;
	3287 : 8E;
	3288 : 8E;
	3289 : 8E;
	3290 : 8E;
	3291 : 8E;
	3292 : 8E;
	3293 : 8E;
	3294 : 8E;
	3295 : 8E;
	3296 : 8E;
	3297 : 8E;
	3298 : 8E;
	3299 : 8E;
	3300 : 8E;
	3301 : 8E;
	3302 : 8E;
	3303 : 8E;
	3304 : 8E;
	3305 : 8E;
	3306 : 6E;
	3307 : 6E;
	3308 : 6E;
	3309 : 6E;
	3310 : 6E;
	3311 : 6E;
	3312 : 6E;
	3313 : 6E;
	3314 : 6E;
	3315 : 8E;
	3316 : 8E;
	3317 : 92;
	3318 : 92;
	3319 : 92;
	3320 : 92;
	3321 : 8E;
	3322 : 92;
	3323 : 92;
	3324 : 92;
	3325 : 92;
	3326 : 8E;
	3327 : 6E;
	3328 : 6E;
	3329 : 6E;
	3330 : 6D;
	3331 : 69;
	3332 : 69;
	3333 : 69;
	3334 : 69;
	3335 : 69;
	3336 : 6E;
	3337 : 6E;
	3338 : 6E;
	3339 : 6E;
	3340 : 6E;
	3341 : 6E;
	3342 : 6E;
	3343 : 6E;
	3344 : 6E;
	3345 : 6E;
	3346 : 6E;
	3347 : 6E;
	3348 : 6E;
	3349 : 6E;
	3350 : 6E;
	3351 : 6E;
	3352 : 8E;
	3353 : 8E;
	3354 : 6E;
	3355 : 6E;
	3356 : 8E;
	3357 : 6E;
	3358 : 6E;
	3359 : 6E;
	3360 : 49;
	3361 : 24;
	3362 : 25;
	3363 : 49;
	3364 : 69;
	3365 : 49;
	3366 : 6D;
	3367 : 49;
	3368 : 49;
	3369 : 49;
	3370 : 49;
	3371 : 49;
	3372 : 69;
	3373 : 6D;
	3374 : 6E;
	3375 : 6E;
	3376 : 6E;
	3377 : 6E;
	3378 : 6E;
	3379 : 6E;
	3380 : 6E;
	3381 : 6E;
	3382 : 6E;
	3383 : 6E;
	3384 : 6E;
	3385 : 6E;
	3386 : 6E;
	3387 : 6E;
	3388 : 6E;
	3389 : 6E;
	3390 : 6E;
	3391 : 6E;
	3392 : 6E;
	3393 : 6E;
	3394 : 6E;
	3395 : 6E;
	3396 : 6E;
	3397 : 6E;
	3398 : 6E;
	3399 : 6E;
	3400 : 6E;
	3401 : 49;
	3402 : 49;
	3403 : 49;
	3404 : 49;
	3405 : 49;
	3406 : 49;
	3407 : 49;
	3408 : 49;
	3409 : 49;
	3410 : 49;
	3411 : 49;
	3412 : 49;
	3413 : 49;
	3414 : 49;
	3415 : 49;
	3416 : 49;
	3417 : 49;
	3418 : 49;
	3419 : 49;
	3420 : 49;
	3421 : 49;
	3422 : 49;
	3423 : 49;
	3424 : 49;
	3425 : 49;
	3426 : 49;
	3427 : 49;
	3428 : 49;
	3429 : 49;
	3430 : 49;
	3431 : 49;
	3432 : 49;
	3433 : 49;
	3434 : 69;
	3435 : 6E;
	3436 : 6E;
	3437 : 6E;
	3438 : 6E;
	3439 : 6E;
	3440 : 6E;
	3441 : 6E;
	3442 : 6E;
	3443 : 6E;
	3444 : 6E;
	3445 : 8E;
	3446 : 6E;
	3447 : 6E;
	3448 : 6E;
	3449 : 6E;
	3450 : 6E;
	3451 : 6E;
	3452 : 8E;
	3453 : 92;
	3454 : 8E;
	3455 : 8E;
	3456 : 8E;
	3457 : 8E;
	3458 : 8E;
	3459 : 8E;
	3460 : 8E;
	3461 : 8E;
	3462 : 8E;
	3463 : 8E;
	3464 : 8E;
	3465 : 8E;
	3466 : 8E;
	3467 : 8E;
	3468 : 6E;
	3469 : 6E;
	3470 : 6E;
	3471 : 8E;
	3472 : 8E;
	3473 : 8E;
	3474 : 8E;
	3475 : 8E;
	3476 : 92;
	3477 : 92;
	3478 : 92;
	3479 : 92;
	3480 : 92;
	3481 : 92;
	3482 : 92;
	3483 : 92;
	3484 : 92;
	3485 : 92;
	3486 : 92;
	3487 : 92;
	3488 : 8E;
	3489 : 6E;
	3490 : 6E;
	3491 : 6E;
	3492 : 6E;
	3493 : 6E;
	3494 : 6E;
	3495 : 6E;
	3496 : 6E;
	3497 : 6E;
	3498 : 6E;
	3499 : 6E;
	3500 : 6E;
	3501 : 6E;
	3502 : 6E;
	3503 : 6E;
	3504 : 6E;
	3505 : 6E;
	3506 : 6E;
	3507 : 8E;
	3508 : 8E;
	3509 : 6E;
	3510 : 6E;
	3511 : 8E;
	3512 : 8E;
	3513 : 6E;
	3514 : 6E;
	3515 : 6E;
	3516 : 6E;
	3517 : 6E;
	3518 : 6E;
	3519 : 6E;
	3520 : 24;
	3521 : 25;
	3522 : 25;
	3523 : 49;
	3524 : 49;
	3525 : 49;
	3526 : 49;
	3527 : 49;
	3528 : 25;
	3529 : 49;
	3530 : 49;
	3531 : 49;
	3532 : 49;
	3533 : 49;
	3534 : 6E;
	3535 : 6E;
	3536 : 6E;
	3537 : 6E;
	3538 : 6E;
	3539 : 6E;
	3540 : 6E;
	3541 : 6E;
	3542 : 6E;
	3543 : 6E;
	3544 : 6E;
	3545 : 6E;
	3546 : 6E;
	3547 : 6E;
	3548 : 6E;
	3549 : 6E;
	3550 : 6E;
	3551 : 6E;
	3552 : 6E;
	3553 : 6E;
	3554 : 6E;
	3555 : 6E;
	3556 : 6E;
	3557 : 6E;
	3558 : 6E;
	3559 : 6E;
	3560 : 6E;
	3561 : 49;
	3562 : 49;
	3563 : 49;
	3564 : 49;
	3565 : 49;
	3566 : 49;
	3567 : 49;
	3568 : 49;
	3569 : 49;
	3570 : 49;
	3571 : 45;
	3572 : 49;
	3573 : 69;
	3574 : 49;
	3575 : 49;
	3576 : 49;
	3577 : 49;
	3578 : 49;
	3579 : 6E;
	3580 : 8E;
	3581 : 69;
	3582 : 49;
	3583 : 49;
	3584 : 49;
	3585 : 49;
	3586 : 49;
	3587 : 49;
	3588 : 49;
	3589 : 49;
	3590 : 49;
	3591 : 49;
	3592 : 49;
	3593 : 49;
	3594 : 6E;
	3595 : 6E;
	3596 : 6E;
	3597 : 6E;
	3598 : 6E;
	3599 : 6E;
	3600 : 6E;
	3601 : 6E;
	3602 : 6E;
	3603 : 6E;
	3604 : 6E;
	3605 : 6E;
	3606 : 6E;
	3607 : 6E;
	3608 : 6E;
	3609 : 6E;
	3610 : 6E;
	3611 : 6E;
	3612 : 6E;
	3613 : 8E;
	3614 : 92;
	3615 : 92;
	3616 : 8E;
	3617 : 8E;
	3618 : 8E;
	3619 : 8E;
	3620 : 92;
	3621 : 92;
	3622 : 8E;
	3623 : 8E;
	3624 : 8E;
	3625 : 8E;
	3626 : 8E;
	3627 : 8E;
	3628 : 8E;
	3629 : 8E;
	3630 : 8E;
	3631 : 92;
	3632 : 92;
	3633 : 92;
	3634 : 92;
	3635 : 92;
	3636 : 92;
	3637 : 92;
	3638 : 92;
	3639 : 92;
	3640 : 92;
	3641 : 92;
	3642 : 92;
	3643 : B6;
	3644 : B6;
	3645 : B6;
	3646 : 92;
	3647 : 8E;
	3648 : 8E;
	3649 : 6E;
	3650 : 6E;
	3651 : 6E;
	3652 : 6E;
	3653 : 6E;
	3654 : 6E;
	3655 : 6E;
	3656 : 6E;
	3657 : 6E;
	3658 : 6E;
	3659 : 6E;
	3660 : 6E;
	3661 : 6E;
	3662 : 6E;
	3663 : 8E;
	3664 : 8E;
	3665 : 8E;
	3666 : 8E;
	3667 : 8E;
	3668 : 6E;
	3669 : 6E;
	3670 : 8E;
	3671 : 8E;
	3672 : 8E;
	3673 : 6E;
	3674 : 6E;
	3675 : 6E;
	3676 : 6E;
	3677 : 6E;
	3678 : 6E;
	3679 : 6E;
	3680 : 20;
	3681 : 25;
	3682 : 25;
	3683 : 49;
	3684 : 49;
	3685 : 45;
	3686 : 45;
	3687 : 25;
	3688 : 25;
	3689 : 25;
	3690 : 25;
	3691 : 49;
	3692 : 25;
	3693 : 25;
	3694 : 6E;
	3695 : 6E;
	3696 : 6E;
	3697 : 6E;
	3698 : 6E;
	3699 : 6E;
	3700 : 6E;
	3701 : 6E;
	3702 : 6E;
	3703 : 6E;
	3704 : 6E;
	3705 : 6E;
	3706 : 6E;
	3707 : 6E;
	3708 : 6E;
	3709 : 6E;
	3710 : 6E;
	3711 : 6E;
	3712 : 6E;
	3713 : 6E;
	3714 : 6E;
	3715 : 6E;
	3716 : 6E;
	3717 : 6E;
	3718 : 6E;
	3719 : 6E;
	3720 : 6E;
	3721 : 49;
	3722 : 45;
	3723 : 49;
	3724 : 49;
	3725 : 49;
	3726 : 49;
	3727 : 49;
	3728 : 49;
	3729 : 49;
	3730 : 49;
	3731 : 49;
	3732 : 49;
	3733 : 49;
	3734 : 69;
	3735 : 8E;
	3736 : 69;
	3737 : 6E;
	3738 : 6E;
	3739 : 49;
	3740 : 49;
	3741 : 6E;
	3742 : 8E;
	3743 : 6E;
	3744 : 49;
	3745 : 49;
	3746 : 49;
	3747 : 49;
	3748 : 49;
	3749 : 49;
	3750 : 49;
	3751 : 49;
	3752 : 49;
	3753 : 49;
	3754 : 6E;
	3755 : 6E;
	3756 : 6E;
	3757 : 6E;
	3758 : 6E;
	3759 : 6E;
	3760 : 6E;
	3761 : 6E;
	3762 : 6E;
	3763 : 6E;
	3764 : 6E;
	3765 : 6E;
	3766 : 6E;
	3767 : 6E;
	3768 : 6E;
	3769 : 6E;
	3770 : 6E;
	3771 : 6E;
	3772 : 6E;
	3773 : 6E;
	3774 : 92;
	3775 : 92;
	3776 : 92;
	3777 : 8E;
	3778 : 8E;
	3779 : 8E;
	3780 : 8E;
	3781 : 8E;
	3782 : 92;
	3783 : 8E;
	3784 : 8E;
	3785 : 8E;
	3786 : 8E;
	3787 : 8E;
	3788 : 92;
	3789 : 92;
	3790 : 92;
	3791 : 92;
	3792 : 92;
	3793 : 92;
	3794 : 92;
	3795 : 92;
	3796 : 92;
	3797 : 92;
	3798 : 92;
	3799 : 92;
	3800 : 92;
	3801 : 92;
	3802 : B6;
	3803 : B6;
	3804 : 92;
	3805 : 92;
	3806 : 92;
	3807 : 92;
	3808 : 92;
	3809 : 8E;
	3810 : 6E;
	3811 : 6E;
	3812 : 6E;
	3813 : 8E;
	3814 : 8E;
	3815 : 8E;
	3816 : 6E;
	3817 : 6E;
	3818 : 6E;
	3819 : 6E;
	3820 : 6E;
	3821 : 6E;
	3822 : 92;
	3823 : 92;
	3824 : 92;
	3825 : 92;
	3826 : 8E;
	3827 : 6E;
	3828 : 6E;
	3829 : 6E;
	3830 : 92;
	3831 : 8E;
	3832 : 6E;
	3833 : 6E;
	3834 : 6E;
	3835 : 6E;
	3836 : 6E;
	3837 : 6E;
	3838 : 6E;
	3839 : 6E;
	3840 : 25;
	3841 : 24;
	3842 : 25;
	3843 : 49;
	3844 : 25;
	3845 : 25;
	3846 : 00;
	3847 : 24;
	3848 : 25;
	3849 : 25;
	3850 : 25;
	3851 : 49;
	3852 : 69;
	3853 : 6D;
	3854 : 6E;
	3855 : 6E;
	3856 : 6E;
	3857 : 6E;
	3858 : 6E;
	3859 : 6E;
	3860 : 6E;
	3861 : 6E;
	3862 : 6E;
	3863 : 6E;
	3864 : 6E;
	3865 : 6E;
	3866 : 6E;
	3867 : 6E;
	3868 : 6E;
	3869 : 6E;
	3870 : 6E;
	3871 : 6E;
	3872 : 6E;
	3873 : 6E;
	3874 : 6E;
	3875 : 6E;
	3876 : 6E;
	3877 : 6E;
	3878 : 6E;
	3879 : 6E;
	3880 : 6E;
	3881 : 6E;
	3882 : 6E;
	3883 : 69;
	3884 : 49;
	3885 : 49;
	3886 : 45;
	3887 : 49;
	3888 : 69;
	3889 : 49;
	3890 : 49;
	3891 : 49;
	3892 : 49;
	3893 : 69;
	3894 : 6D;
	3895 : 69;
	3896 : 49;
	3897 : 6D;
	3898 : 8E;
	3899 : 6D;
	3900 : 6D;
	3901 : 45;
	3902 : 49;
	3903 : 49;
	3904 : 49;
	3905 : 69;
	3906 : 92;
	3907 : 6E;
	3908 : 49;
	3909 : 49;
	3910 : 49;
	3911 : 6D;
	3912 : 6E;
	3913 : 6E;
	3914 : 6E;
	3915 : 6E;
	3916 : 6E;
	3917 : 6E;
	3918 : 6E;
	3919 : 6E;
	3920 : 6E;
	3921 : 6E;
	3922 : 6E;
	3923 : 6E;
	3924 : 6E;
	3925 : 6E;
	3926 : 6E;
	3927 : 6E;
	3928 : 6E;
	3929 : 6E;
	3930 : 6E;
	3931 : 6E;
	3932 : 6E;
	3933 : 6E;
	3934 : 6E;
	3935 : 6E;
	3936 : 6E;
	3937 : 8E;
	3938 : 8E;
	3939 : 8E;
	3940 : 8E;
	3941 : 8E;
	3942 : 8E;
	3943 : 8E;
	3944 : 8E;
	3945 : 92;
	3946 : 92;
	3947 : 92;
	3948 : 92;
	3949 : 92;
	3950 : 92;
	3951 : 92;
	3952 : 92;
	3953 : 92;
	3954 : 92;
	3955 : 92;
	3956 : B6;
	3957 : B6;
	3958 : B6;
	3959 : B6;
	3960 : B6;
	3961 : B6;
	3962 : B6;
	3963 : B6;
	3964 : B6;
	3965 : B6;
	3966 : B6;
	3967 : B6;
	3968 : B6;
	3969 : 92;
	3970 : 92;
	3971 : 92;
	3972 : 92;
	3973 : 92;
	3974 : 92;
	3975 : 92;
	3976 : 92;
	3977 : 92;
	3978 : 92;
	3979 : 92;
	3980 : 92;
	3981 : 92;
	3982 : 6E;
	3983 : 6E;
	3984 : 6E;
	3985 : 6E;
	3986 : 6E;
	3987 : 6E;
	3988 : 6E;
	3989 : 6E;
	3990 : 8E;
	3991 : 8E;
	3992 : 6E;
	3993 : 6E;
	3994 : 6E;
	3995 : 6E;
	3996 : 6E;
	3997 : 6E;
	3998 : 6E;
	3999 : 6E;
	4000 : 45;
	4001 : 20;
	4002 : 24;
	4003 : 25;
	4004 : 24;
	4005 : 24;
	4006 : 00;
	4007 : 25;
	4008 : 49;
	4009 : 69;
	4010 : 45;
	4011 : 25;
	4012 : 6E;
	4013 : 6E;
	4014 : 6E;
	4015 : 6E;
	4016 : 6E;
	4017 : 6E;
	4018 : 6E;
	4019 : 6E;
	4020 : 6E;
	4021 : 6E;
	4022 : 6E;
	4023 : 6E;
	4024 : 6E;
	4025 : 6E;
	4026 : 6E;
	4027 : 6E;
	4028 : 6E;
	4029 : 6E;
	4030 : 6E;
	4031 : 6E;
	4032 : 6E;
	4033 : 6E;
	4034 : 6E;
	4035 : 6E;
	4036 : 6E;
	4037 : 6E;
	4038 : 6E;
	4039 : 6E;
	4040 : 6E;
	4041 : 6E;
	4042 : 6E;
	4043 : 6E;
	4044 : 6E;
	4045 : 49;
	4046 : 49;
	4047 : 49;
	4048 : 49;
	4049 : 49;
	4050 : 49;
	4051 : 49;
	4052 : 49;
	4053 : 6D;
	4054 : 69;
	4055 : 69;
	4056 : 69;
	4057 : 69;
	4058 : 8D;
	4059 : 69;
	4060 : 6D;
	4061 : 49;
	4062 : 49;
	4063 : 49;
	4064 : 49;
	4065 : 8E;
	4066 : 69;
	4067 : 6D;
	4068 : 49;
	4069 : 49;
	4070 : 69;
	4071 : 6E;
	4072 : 6E;
	4073 : 6E;
	4074 : 6E;
	4075 : 6E;
	4076 : 6E;
	4077 : 6E;
	4078 : 6E;
	4079 : 6E;
	4080 : 6E;
	4081 : 6E;
	4082 : 6E;
	4083 : 6E;
	4084 : 6E;
	4085 : 6E;
	4086 : 6E;
	4087 : 6E;
	4088 : 6E;
	4089 : 6E;
	4090 : 6E;
	4091 : 6E;
	4092 : 6E;
	4093 : 6E;
	4094 : 6E;
	4095 : 6E;
	4096 : 6E;
	4097 : 6E;
	4098 : 8E;
	4099 : 8E;
	4100 : 8E;
	4101 : 8E;
	4102 : 8E;
	4103 : 8E;
	4104 : 8E;
	4105 : 8E;
	4106 : 92;
	4107 : 92;
	4108 : 92;
	4109 : 92;
	4110 : 92;
	4111 : 92;
	4112 : 92;
	4113 : 92;
	4114 : 92;
	4115 : B6;
	4116 : B6;
	4117 : B6;
	4118 : B6;
	4119 : B6;
	4120 : B6;
	4121 : B6;
	4122 : B6;
	4123 : B6;
	4124 : B6;
	4125 : B6;
	4126 : B6;
	4127 : B6;
	4128 : B6;
	4129 : B6;
	4130 : 92;
	4131 : 92;
	4132 : 92;
	4133 : 92;
	4134 : 92;
	4135 : 92;
	4136 : 92;
	4137 : 92;
	4138 : 92;
	4139 : 92;
	4140 : 92;
	4141 : 8E;
	4142 : 6E;
	4143 : 6E;
	4144 : 6E;
	4145 : 6E;
	4146 : 6E;
	4147 : 6E;
	4148 : 6E;
	4149 : 6E;
	4150 : 8E;
	4151 : 8E;
	4152 : 6E;
	4153 : 6E;
	4154 : 6E;
	4155 : 6E;
	4156 : 6E;
	4157 : 6E;
	4158 : 6E;
	4159 : 6E;
	4160 : 20;
	4161 : 24;
	4162 : 25;
	4163 : 25;
	4164 : 24;
	4165 : 25;
	4166 : 49;
	4167 : 25;
	4168 : 6D;
	4169 : 49;
	4170 : 6E;
	4171 : 6E;
	4172 : 6E;
	4173 : 6E;
	4174 : 6E;
	4175 : 6E;
	4176 : 6E;
	4177 : 6E;
	4178 : 6E;
	4179 : 6E;
	4180 : 6E;
	4181 : 6E;
	4182 : 6E;
	4183 : 6E;
	4184 : 6E;
	4185 : 6E;
	4186 : 6E;
	4187 : 6E;
	4188 : 6E;
	4189 : 6E;
	4190 : 6E;
	4191 : 6E;
	4192 : 6E;
	4193 : 6E;
	4194 : 6E;
	4195 : 6E;
	4196 : 6E;
	4197 : 6E;
	4198 : 6E;
	4199 : 6E;
	4200 : 6E;
	4201 : 6E;
	4202 : 6E;
	4203 : 6E;
	4204 : 6E;
	4205 : 6E;
	4206 : 49;
	4207 : 6D;
	4208 : 69;
	4209 : 49;
	4210 : 49;
	4211 : 49;
	4212 : 49;
	4213 : 49;
	4214 : 49;
	4215 : 49;
	4216 : 49;
	4217 : 69;
	4218 : 69;
	4219 : 69;
	4220 : 69;
	4221 : 49;
	4222 : 49;
	4223 : 49;
	4224 : 49;
	4225 : 92;
	4226 : 69;
	4227 : 8E;
	4228 : 69;
	4229 : 6E;
	4230 : 6E;
	4231 : 6E;
	4232 : 6E;
	4233 : 6E;
	4234 : 6E;
	4235 : 6E;
	4236 : 6E;
	4237 : 6E;
	4238 : 6E;
	4239 : 6E;
	4240 : 6E;
	4241 : 6E;
	4242 : 6E;
	4243 : 6E;
	4244 : 6E;
	4245 : 6E;
	4246 : 6E;
	4247 : 6E;
	4248 : 6E;
	4249 : 6E;
	4250 : 6E;
	4251 : 6E;
	4252 : 6E;
	4253 : 6E;
	4254 : 6E;
	4255 : 6E;
	4256 : 6E;
	4257 : 6E;
	4258 : 6E;
	4259 : 6E;
	4260 : 6E;
	4261 : 6E;
	4262 : 8E;
	4263 : 8E;
	4264 : 8E;
	4265 : 8E;
	4266 : 8E;
	4267 : 92;
	4268 : 92;
	4269 : 92;
	4270 : 92;
	4271 : 92;
	4272 : 92;
	4273 : 92;
	4274 : B6;
	4275 : B6;
	4276 : B6;
	4277 : B6;
	4278 : B6;
	4279 : B6;
	4280 : B6;
	4281 : B6;
	4282 : B6;
	4283 : B6;
	4284 : B6;
	4285 : B6;
	4286 : B6;
	4287 : B6;
	4288 : B6;
	4289 : B6;
	4290 : B6;
	4291 : B6;
	4292 : B6;
	4293 : B6;
	4294 : B6;
	4295 : B6;
	4296 : B6;
	4297 : B6;
	4298 : B2;
	4299 : 92;
	4300 : 92;
	4301 : 6E;
	4302 : 6E;
	4303 : 6E;
	4304 : 6E;
	4305 : 6E;
	4306 : 6E;
	4307 : 8E;
	4308 : 8E;
	4309 : 6E;
	4310 : 8E;
	4311 : 8E;
	4312 : 6E;
	4313 : 6E;
	4314 : 6E;
	4315 : 6E;
	4316 : 6E;
	4317 : 6D;
	4318 : 6D;
	4319 : 6E;
	4320 : 25;
	4321 : 6D;
	4322 : 6E;
	4323 : 6E;
	4324 : 6E;
	4325 : 6E;
	4326 : 6E;
	4327 : 6E;
	4328 : 6E;
	4329 : 6E;
	4330 : 25;
	4331 : 49;
	4332 : 49;
	4333 : 49;
	4334 : 49;
	4335 : 6E;
	4336 : 6E;
	4337 : 6E;
	4338 : 6E;
	4339 : 6E;
	4340 : 6E;
	4341 : 6E;
	4342 : 6E;
	4343 : 6E;
	4344 : 6E;
	4345 : 6E;
	4346 : 6E;
	4347 : 6E;
	4348 : 6E;
	4349 : 6E;
	4350 : 6E;
	4351 : 6E;
	4352 : 6E;
	4353 : 6E;
	4354 : 6E;
	4355 : 6E;
	4356 : 6E;
	4357 : 6E;
	4358 : 6E;
	4359 : 6E;
	4360 : 6E;
	4361 : 6E;
	4362 : 6E;
	4363 : 6E;
	4364 : 69;
	4365 : 69;
	4366 : 49;
	4367 : 49;
	4368 : 69;
	4369 : 49;
	4370 : 49;
	4371 : 49;
	4372 : 49;
	4373 : 49;
	4374 : 49;
	4375 : 49;
	4376 : 49;
	4377 : 49;
	4378 : 49;
	4379 : 49;
	4380 : 49;
	4381 : 49;
	4382 : 69;
	4383 : 69;
	4384 : 69;
	4385 : 69;
	4386 : 49;
	4387 : 69;
	4388 : 49;
	4389 : 69;
	4390 : 69;
	4391 : 6E;
	4392 : 6E;
	4393 : 6E;
	4394 : 6E;
	4395 : 6E;
	4396 : 6E;
	4397 : 6E;
	4398 : 6E;
	4399 : 6E;
	4400 : 6E;
	4401 : 6E;
	4402 : 6E;
	4403 : 6E;
	4404 : 6E;
	4405 : 6E;
	4406 : 6E;
	4407 : 6E;
	4408 : 6E;
	4409 : 6E;
	4410 : 6E;
	4411 : 6E;
	4412 : 6E;
	4413 : 6E;
	4414 : 6E;
	4415 : 6E;
	4416 : 6E;
	4417 : 6E;
	4418 : 6E;
	4419 : 6E;
	4420 : 8E;
	4421 : 8E;
	4422 : 6E;
	4423 : 6E;
	4424 : 6E;
	4425 : 8E;
	4426 : 8E;
	4427 : 92;
	4428 : 92;
	4429 : 92;
	4430 : 92;
	4431 : 92;
	4432 : 92;
	4433 : 92;
	4434 : 92;
	4435 : 92;
	4436 : 92;
	4437 : B6;
	4438 : B6;
	4439 : B6;
	4440 : B6;
	4441 : B6;
	4442 : B6;
	4443 : B6;
	4444 : B6;
	4445 : B6;
	4446 : B6;
	4447 : B6;
	4448 : B6;
	4449 : B6;
	4450 : B6;
	4451 : B6;
	4452 : B6;
	4453 : B6;
	4454 : B6;
	4455 : B6;
	4456 : B6;
	4457 : 92;
	4458 : 92;
	4459 : 92;
	4460 : 8E;
	4461 : 8E;
	4462 : 8E;
	4463 : 6E;
	4464 : 6E;
	4465 : 8E;
	4466 : 6E;
	4467 : 6E;
	4468 : 6E;
	4469 : 8E;
	4470 : 6E;
	4471 : 6E;
	4472 : 6E;
	4473 : 6E;
	4474 : 6E;
	4475 : 6E;
	4476 : 6E;
	4477 : 6E;
	4478 : 6E;
	4479 : 6D;
	4480 : 6E;
	4481 : 6E;
	4482 : 6E;
	4483 : 6E;
	4484 : 6E;
	4485 : 6E;
	4486 : 6E;
	4487 : 6D;
	4488 : 49;
	4489 : 6D;
	4490 : 49;
	4491 : 49;
	4492 : 6D;
	4493 : 49;
	4494 : 49;
	4495 : 6D;
	4496 : 6D;
	4497 : 6E;
	4498 : 6E;
	4499 : 6E;
	4500 : 6E;
	4501 : 6E;
	4502 : 6E;
	4503 : 6E;
	4504 : 8E;
	4505 : 8E;
	4506 : 6E;
	4507 : 6E;
	4508 : 6E;
	4509 : 6E;
	4510 : 6E;
	4511 : 6E;
	4512 : 6E;
	4513 : 6E;
	4514 : 6E;
	4515 : 6E;
	4516 : 6E;
	4517 : 6E;
	4518 : 6E;
	4519 : 6E;
	4520 : 6E;
	4521 : 6E;
	4522 : 6E;
	4523 : 6E;
	4524 : 49;
	4525 : 49;
	4526 : 49;
	4527 : 49;
	4528 : 49;
	4529 : 49;
	4530 : 49;
	4531 : 49;
	4532 : 49;
	4533 : 49;
	4534 : 49;
	4535 : 49;
	4536 : 49;
	4537 : 49;
	4538 : 49;
	4539 : 49;
	4540 : 49;
	4541 : 49;
	4542 : 49;
	4543 : 49;
	4544 : 49;
	4545 : 49;
	4546 : 49;
	4547 : 49;
	4548 : 69;
	4549 : 49;
	4550 : 49;
	4551 : 6E;
	4552 : 6E;
	4553 : 6E;
	4554 : 6E;
	4555 : 6E;
	4556 : 6E;
	4557 : 6E;
	4558 : 6E;
	4559 : 6E;
	4560 : 6E;
	4561 : 6E;
	4562 : 6E;
	4563 : 6E;
	4564 : 6E;
	4565 : 6E;
	4566 : 6E;
	4567 : 6E;
	4568 : 6E;
	4569 : 6E;
	4570 : 6E;
	4571 : 6E;
	4572 : 6E;
	4573 : 6E;
	4574 : 6E;
	4575 : 6E;
	4576 : 6E;
	4577 : 6E;
	4578 : 8E;
	4579 : 8E;
	4580 : 8E;
	4581 : 8E;
	4582 : 8E;
	4583 : 6E;
	4584 : 6E;
	4585 : 8E;
	4586 : 8E;
	4587 : 92;
	4588 : 92;
	4589 : 92;
	4590 : 92;
	4591 : 92;
	4592 : 92;
	4593 : 92;
	4594 : 92;
	4595 : 92;
	4596 : 92;
	4597 : B6;
	4598 : B6;
	4599 : B6;
	4600 : B6;
	4601 : B6;
	4602 : B6;
	4603 : B6;
	4604 : B6;
	4605 : B6;
	4606 : B6;
	4607 : B6;
	4608 : B6;
	4609 : B6;
	4610 : B6;
	4611 : B6;
	4612 : B6;
	4613 : B6;
	4614 : B6;
	4615 : 92;
	4616 : B6;
	4617 : 92;
	4618 : 92;
	4619 : 8E;
	4620 : 8E;
	4621 : 8E;
	4622 : 6E;
	4623 : 92;
	4624 : 92;
	4625 : 8E;
	4626 : 6E;
	4627 : 6E;
	4628 : 6E;
	4629 : 6E;
	4630 : 6E;
	4631 : 6E;
	4632 : 6E;
	4633 : 6E;
	4634 : 6E;
	4635 : 6E;
	4636 : 6E;
	4637 : 6E;
	4638 : 6E;
	4639 : 6E;
	4640 : 49;
	4641 : 49;
	4642 : 6E;
	4643 : 6D;
	4644 : 6E;
	4645 : 49;
	4646 : 6D;
	4647 : 45;
	4648 : 49;
	4649 : 25;
	4650 : 24;
	4651 : 6D;
	4652 : 6D;
	4653 : 6D;
	4654 : 6D;
	4655 : 6D;
	4656 : 6D;
	4657 : 6D;
	4658 : 6D;
	4659 : 6E;
	4660 : 6E;
	4661 : 6E;
	4662 : 6E;
	4663 : 6E;
	4664 : 8E;
	4665 : 8E;
	4666 : 8E;
	4667 : 6E;
	4668 : 6E;
	4669 : 6E;
	4670 : 6E;
	4671 : 6E;
	4672 : 6E;
	4673 : 6E;
	4674 : 6E;
	4675 : 6E;
	4676 : 6E;
	4677 : 6E;
	4678 : 6E;
	4679 : 6E;
	4680 : 6E;
	4681 : 6E;
	4682 : 6E;
	4683 : 6E;
	4684 : 49;
	4685 : 49;
	4686 : 49;
	4687 : 49;
	4688 : 49;
	4689 : 49;
	4690 : 49;
	4691 : 49;
	4692 : 49;
	4693 : 49;
	4694 : 49;
	4695 : 49;
	4696 : 49;
	4697 : 49;
	4698 : 49;
	4699 : 49;
	4700 : 49;
	4701 : 49;
	4702 : 49;
	4703 : 49;
	4704 : 49;
	4705 : 69;
	4706 : 49;
	4707 : 49;
	4708 : 49;
	4709 : 49;
	4710 : 69;
	4711 : 6E;
	4712 : 6E;
	4713 : 6E;
	4714 : 6E;
	4715 : 6E;
	4716 : 6D;
	4717 : 6E;
	4718 : 6D;
	4719 : 6D;
	4720 : 6D;
	4721 : 6D;
	4722 : 6E;
	4723 : 6E;
	4724 : 6E;
	4725 : 6E;
	4726 : 8E;
	4727 : 8E;
	4728 : 8E;
	4729 : 8E;
	4730 : 8E;
	4731 : 8E;
	4732 : 8E;
	4733 : 6E;
	4734 : 8E;
	4735 : 92;
	4736 : 92;
	4737 : 92;
	4738 : 92;
	4739 : 92;
	4740 : 92;
	4741 : 8E;
	4742 : 8E;
	4743 : 8E;
	4744 : 92;
	4745 : 92;
	4746 : 92;
	4747 : 92;
	4748 : 92;
	4749 : 92;
	4750 : 92;
	4751 : 92;
	4752 : 92;
	4753 : 92;
	4754 : 92;
	4755 : 92;
	4756 : B2;
	4757 : B6;
	4758 : B6;
	4759 : B6;
	4760 : B6;
	4761 : B6;
	4762 : B6;
	4763 : B6;
	4764 : B6;
	4765 : B6;
	4766 : B6;
	4767 : B6;
	4768 : B6;
	4769 : B6;
	4770 : B6;
	4771 : B6;
	4772 : B6;
	4773 : B6;
	4774 : 92;
	4775 : 92;
	4776 : 92;
	4777 : 8E;
	4778 : 8E;
	4779 : 6E;
	4780 : 6E;
	4781 : 6E;
	4782 : 8E;
	4783 : 8E;
	4784 : 6E;
	4785 : 6E;
	4786 : 6E;
	4787 : 6E;
	4788 : 8E;
	4789 : 6E;
	4790 : 6E;
	4791 : 6E;
	4792 : 6E;
	4793 : 6E;
	4794 : 6E;
	4795 : 6E;
	4796 : 6E;
	4797 : 6E;
	4798 : 8E;
	4799 : 8E;
	4800 : 49;
	4801 : 25;
	4802 : 49;
	4803 : 6D;
	4804 : 69;
	4805 : 49;
	4806 : 45;
	4807 : 49;
	4808 : 25;
	4809 : 25;
	4810 : 25;
	4811 : 49;
	4812 : 49;
	4813 : 6D;
	4814 : 6D;
	4815 : 6D;
	4816 : 6D;
	4817 : 6D;
	4818 : 49;
	4819 : 6D;
	4820 : 6E;
	4821 : 6E;
	4822 : 6E;
	4823 : 6E;
	4824 : 8E;
	4825 : 8E;
	4826 : 8E;
	4827 : 8E;
	4828 : 6E;
	4829 : 6E;
	4830 : 6E;
	4831 : 6E;
	4832 : 6E;
	4833 : 6E;
	4834 : 6E;
	4835 : 6E;
	4836 : 6E;
	4837 : 6E;
	4838 : 6E;
	4839 : 6E;
	4840 : 6E;
	4841 : 6E;
	4842 : 6E;
	4843 : 6E;
	4844 : 49;
	4845 : 49;
	4846 : 49;
	4847 : 49;
	4848 : 49;
	4849 : 49;
	4850 : 49;
	4851 : 49;
	4852 : 49;
	4853 : 49;
	4854 : 49;
	4855 : 49;
	4856 : 49;
	4857 : 49;
	4858 : 49;
	4859 : 49;
	4860 : 49;
	4861 : 49;
	4862 : 49;
	4863 : 49;
	4864 : 49;
	4865 : 49;
	4866 : 49;
	4867 : 69;
	4868 : 49;
	4869 : 49;
	4870 : 49;
	4871 : 69;
	4872 : 6E;
	4873 : 6E;
	4874 : 6E;
	4875 : 6E;
	4876 : 6E;
	4877 : 6E;
	4878 : 6E;
	4879 : 6E;
	4880 : 6E;
	4881 : 6E;
	4882 : 6E;
	4883 : 6E;
	4884 : 6E;
	4885 : 6E;
	4886 : 6E;
	4887 : 8E;
	4888 : 8E;
	4889 : 8E;
	4890 : 8E;
	4891 : 6E;
	4892 : 6E;
	4893 : 8E;
	4894 : 92;
	4895 : 92;
	4896 : 92;
	4897 : 92;
	4898 : 92;
	4899 : 92;
	4900 : 92;
	4901 : 92;
	4902 : 8E;
	4903 : 8E;
	4904 : 8E;
	4905 : 92;
	4906 : 92;
	4907 : 92;
	4908 : 92;
	4909 : 92;
	4910 : 92;
	4911 : 92;
	4912 : 92;
	4913 : 92;
	4914 : 92;
	4915 : 92;
	4916 : 92;
	4917 : B6;
	4918 : 92;
	4919 : B6;
	4920 : B6;
	4921 : B6;
	4922 : B6;
	4923 : B6;
	4924 : B6;
	4925 : B6;
	4926 : B6;
	4927 : B6;
	4928 : B6;
	4929 : B6;
	4930 : B6;
	4931 : B6;
	4932 : B6;
	4933 : B6;
	4934 : 92;
	4935 : 92;
	4936 : 92;
	4937 : 8E;
	4938 : 8E;
	4939 : 6E;
	4940 : 8E;
	4941 : 6E;
	4942 : 6E;
	4943 : 6E;
	4944 : 6E;
	4945 : 6E;
	4946 : 6E;
	4947 : 6E;
	4948 : 6E;
	4949 : 6E;
	4950 : 6E;
	4951 : 6E;
	4952 : 6E;
	4953 : 6E;
	4954 : 6E;
	4955 : 6E;
	4956 : 6E;
	4957 : 8E;
	4958 : 8E;
	4959 : 8E;
	4960 : 25;
	4961 : 25;
	4962 : 6D;
	4963 : 49;
	4964 : 25;
	4965 : 25;
	4966 : 45;
	4967 : 49;
	4968 : 49;
	4969 : 24;
	4970 : 25;
	4971 : 25;
	4972 : 49;
	4973 : 49;
	4974 : 25;
	4975 : 49;
	4976 : 49;
	4977 : 6D;
	4978 : 49;
	4979 : 49;
	4980 : 6D;
	4981 : 6E;
	4982 : 6D;
	4983 : 6E;
	4984 : 6E;
	4985 : 6E;
	4986 : 8E;
	4987 : 8E;
	4988 : 8E;
	4989 : 8E;
	4990 : 8E;
	4991 : 6E;
	4992 : 8E;
	4993 : 8E;
	4994 : 8E;
	4995 : 8E;
	4996 : 8E;
	4997 : 6E;
	4998 : 6E;
	4999 : 6E;
	5000 : 6E;
	5001 : 49;
	5002 : 49;
	5003 : 49;
	5004 : 49;
	5005 : 49;
	5006 : 49;
	5007 : 49;
	5008 : 49;
	5009 : 49;
	5010 : 49;
	5011 : 49;
	5012 : 49;
	5013 : 49;
	5014 : 49;
	5015 : 49;
	5016 : 92;
	5017 : 6E;
	5018 : 69;
	5019 : 49;
	5020 : 49;
	5021 : 49;
	5022 : 49;
	5023 : 49;
	5024 : 49;
	5025 : 49;
	5026 : 49;
	5027 : 49;
	5028 : 49;
	5029 : 49;
	5030 : 49;
	5031 : 49;
	5032 : 6D;
	5033 : 69;
	5034 : 49;
	5035 : 49;
	5036 : 49;
	5037 : 49;
	5038 : 6E;
	5039 : 6E;
	5040 : 6E;
	5041 : 6E;
	5042 : 6E;
	5043 : 6E;
	5044 : 6E;
	5045 : 6E;
	5046 : 6E;
	5047 : 6E;
	5048 : 6E;
	5049 : 6E;
	5050 : 6E;
	5051 : 6E;
	5052 : 6E;
	5053 : 6E;
	5054 : 8E;
	5055 : 8E;
	5056 : 92;
	5057 : 92;
	5058 : 92;
	5059 : 92;
	5060 : 8E;
	5061 : 92;
	5062 : B2;
	5063 : 92;
	5064 : 92;
	5065 : 92;
	5066 : 92;
	5067 : 92;
	5068 : 92;
	5069 : 92;
	5070 : 92;
	5071 : 92;
	5072 : 92;
	5073 : 92;
	5074 : 92;
	5075 : 92;
	5076 : 92;
	5077 : 92;
	5078 : B6;
	5079 : B6;
	5080 : B6;
	5081 : B6;
	5082 : B6;
	5083 : B6;
	5084 : B6;
	5085 : B6;
	5086 : B6;
	5087 : B6;
	5088 : B6;
	5089 : B6;
	5090 : B6;
	5091 : 92;
	5092 : 92;
	5093 : 92;
	5094 : 92;
	5095 : 92;
	5096 : 92;
	5097 : 8E;
	5098 : 8E;
	5099 : 6E;
	5100 : 8E;
	5101 : 6E;
	5102 : 6E;
	5103 : 6E;
	5104 : 6E;
	5105 : 6E;
	5106 : 6E;
	5107 : 6E;
	5108 : 6E;
	5109 : 6E;
	5110 : 6E;
	5111 : 6E;
	5112 : 6E;
	5113 : 6E;
	5114 : 92;
	5115 : 92;
	5116 : 92;
	5117 : 92;
	5118 : 8E;
	5119 : 8E;
	5120 : 49;
	5121 : 49;
	5122 : 49;
	5123 : 25;
	5124 : 49;
	5125 : 49;
	5126 : 24;
	5127 : 00;
	5128 : 00;
	5129 : 49;
	5130 : 6D;
	5131 : 6D;
	5132 : 49;
	5133 : 49;
	5134 : 49;
	5135 : 6D;
	5136 : 6D;
	5137 : 49;
	5138 : 49;
	5139 : 49;
	5140 : 6E;
	5141 : 6E;
	5142 : 6D;
	5143 : 6E;
	5144 : 6E;
	5145 : 6E;
	5146 : 6E;
	5147 : 6E;
	5148 : 6E;
	5149 : 8E;
	5150 : 8E;
	5151 : 8E;
	5152 : 8E;
	5153 : 8E;
	5154 : 8E;
	5155 : 8E;
	5156 : 8E;
	5157 : 49;
	5158 : 49;
	5159 : 49;
	5160 : 49;
	5161 : 49;
	5162 : 49;
	5163 : 49;
	5164 : 49;
	5165 : 49;
	5166 : 49;
	5167 : 49;
	5168 : 49;
	5169 : 49;
	5170 : 49;
	5171 : 49;
	5172 : 6D;
	5173 : 69;
	5174 : 6D;
	5175 : 49;
	5176 : 92;
	5177 : 92;
	5178 : 92;
	5179 : 92;
	5180 : 92;
	5181 : 8E;
	5182 : 49;
	5183 : 49;
	5184 : 49;
	5185 : 49;
	5186 : 49;
	5187 : 6E;
	5188 : 6D;
	5189 : 49;
	5190 : 49;
	5191 : 49;
	5192 : 49;
	5193 : 49;
	5194 : 49;
	5195 : 49;
	5196 : 49;
	5197 : 6D;
	5198 : 6E;
	5199 : 6E;
	5200 : 6E;
	5201 : 6E;
	5202 : 6E;
	5203 : 6E;
	5204 : 6E;
	5205 : 6E;
	5206 : 6E;
	5207 : 6E;
	5208 : 6E;
	5209 : 6E;
	5210 : 6E;
	5211 : 6E;
	5212 : 6E;
	5213 : 6E;
	5214 : 6E;
	5215 : 6E;
	5216 : 6E;
	5217 : 8E;
	5218 : 8E;
	5219 : 8E;
	5220 : 92;
	5221 : 92;
	5222 : 92;
	5223 : 92;
	5224 : 92;
	5225 : B2;
	5226 : 92;
	5227 : 92;
	5228 : 92;
	5229 : 92;
	5230 : 92;
	5231 : 92;
	5232 : B2;
	5233 : B6;
	5234 : B6;
	5235 : B6;
	5236 : 92;
	5237 : 92;
	5238 : 92;
	5239 : B6;
	5240 : B6;
	5241 : B6;
	5242 : B6;
	5243 : B7;
	5244 : B6;
	5245 : B6;
	5246 : B6;
	5247 : B6;
	5248 : B6;
	5249 : 92;
	5250 : 92;
	5251 : 92;
	5252 : 92;
	5253 : 92;
	5254 : 92;
	5255 : 92;
	5256 : 92;
	5257 : 6E;
	5258 : 6E;
	5259 : 8E;
	5260 : 6E;
	5261 : 6E;
	5262 : 6E;
	5263 : 8E;
	5264 : 6E;
	5265 : 6E;
	5266 : 6E;
	5267 : 6E;
	5268 : 6E;
	5269 : 6E;
	5270 : 6E;
	5271 : 6E;
	5272 : 92;
	5273 : 92;
	5274 : 92;
	5275 : 92;
	5276 : 92;
	5277 : 92;
	5278 : 8E;
	5279 : 92;
	5280 : 49;
	5281 : 49;
	5282 : 69;
	5283 : 25;
	5284 : 69;
	5285 : 49;
	5286 : 24;
	5287 : 25;
	5288 : 25;
	5289 : 49;
	5290 : 49;
	5291 : 45;
	5292 : 49;
	5293 : 24;
	5294 : 49;
	5295 : 49;
	5296 : 49;
	5297 : 49;
	5298 : 49;
	5299 : 49;
	5300 : 6D;
	5301 : 6D;
	5302 : 49;
	5303 : 6D;
	5304 : 6D;
	5305 : 6D;
	5306 : 6E;
	5307 : 6E;
	5308 : 6E;
	5309 : 8E;
	5310 : 8E;
	5311 : 8E;
	5312 : 8E;
	5313 : 8E;
	5314 : 8E;
	5315 : 8E;
	5316 : 8E;
	5317 : 6E;
	5318 : 49;
	5319 : 49;
	5320 : 49;
	5321 : 49;
	5322 : 49;
	5323 : 49;
	5324 : 49;
	5325 : 49;
	5326 : 49;
	5327 : 49;
	5328 : 49;
	5329 : 49;
	5330 : 6D;
	5331 : 6D;
	5332 : 69;
	5333 : B2;
	5334 : 8E;
	5335 : 49;
	5336 : 92;
	5337 : B2;
	5338 : B2;
	5339 : 92;
	5340 : 92;
	5341 : 6E;
	5342 : 49;
	5343 : 49;
	5344 : 49;
	5345 : 49;
	5346 : 49;
	5347 : 8E;
	5348 : 8E;
	5349 : 49;
	5350 : 49;
	5351 : 49;
	5352 : 49;
	5353 : 49;
	5354 : 49;
	5355 : 49;
	5356 : 49;
	5357 : 6E;
	5358 : 6E;
	5359 : 6E;
	5360 : 6E;
	5361 : 6E;
	5362 : 6E;
	5363 : 6E;
	5364 : 6E;
	5365 : 6E;
	5366 : 6E;
	5367 : 6E;
	5368 : 6E;
	5369 : 6E;
	5370 : 6E;
	5371 : 6E;
	5372 : 6E;
	5373 : 6E;
	5374 : 6E;
	5375 : 6E;
	5376 : 6E;
	5377 : 6E;
	5378 : 6E;
	5379 : 8E;
	5380 : 8E;
	5381 : 92;
	5382 : 92;
	5383 : 92;
	5384 : 92;
	5385 : 92;
	5386 : 92;
	5387 : 92;
	5388 : 92;
	5389 : 92;
	5390 : 92;
	5391 : B6;
	5392 : B6;
	5393 : B6;
	5394 : B6;
	5395 : B6;
	5396 : B6;
	5397 : B6;
	5398 : B6;
	5399 : B6;
	5400 : B6;
	5401 : B6;
	5402 : B6;
	5403 : B7;
	5404 : B6;
	5405 : B6;
	5406 : B6;
	5407 : B2;
	5408 : 92;
	5409 : 92;
	5410 : 92;
	5411 : 92;
	5412 : 92;
	5413 : 92;
	5414 : 92;
	5415 : 92;
	5416 : 8E;
	5417 : 6E;
	5418 : 8E;
	5419 : 8E;
	5420 : 8E;
	5421 : 6E;
	5422 : 6E;
	5423 : 6E;
	5424 : 6E;
	5425 : 6E;
	5426 : 6E;
	5427 : 6E;
	5428 : 6E;
	5429 : 6E;
	5430 : 92;
	5431 : 92;
	5432 : 92;
	5433 : 92;
	5434 : 92;
	5435 : 8E;
	5436 : 8E;
	5437 : 8E;
	5438 : 8E;
	5439 : 8E;
	5440 : 25;
	5441 : 49;
	5442 : 6E;
	5443 : 6E;
	5444 : 49;
	5445 : 25;
	5446 : 24;
	5447 : 24;
	5448 : 20;
	5449 : 25;
	5450 : 49;
	5451 : 25;
	5452 : 49;
	5453 : 49;
	5454 : 49;
	5455 : 6D;
	5456 : 24;
	5457 : 49;
	5458 : 49;
	5459 : 49;
	5460 : 6D;
	5461 : 6D;
	5462 : 6D;
	5463 : 6E;
	5464 : 6D;
	5465 : 6E;
	5466 : 6E;
	5467 : 6E;
	5468 : 6E;
	5469 : 6E;
	5470 : 6E;
	5471 : 6E;
	5472 : 6E;
	5473 : 8E;
	5474 : 8E;
	5475 : 8E;
	5476 : 8E;
	5477 : 8E;
	5478 : 8E;
	5479 : 8E;
	5480 : 49;
	5481 : 49;
	5482 : 49;
	5483 : 49;
	5484 : 69;
	5485 : 49;
	5486 : 49;
	5487 : 49;
	5488 : 49;
	5489 : 49;
	5490 : 49;
	5491 : 6D;
	5492 : 6D;
	5493 : B2;
	5494 : 6D;
	5495 : 49;
	5496 : 92;
	5497 : 8E;
	5498 : 8E;
	5499 : 92;
	5500 : 69;
	5501 : 49;
	5502 : 49;
	5503 : 49;
	5504 : 69;
	5505 : 69;
	5506 : 8D;
	5507 : 8E;
	5508 : 8E;
	5509 : 6D;
	5510 : 69;
	5511 : 49;
	5512 : 69;
	5513 : 49;
	5514 : 49;
	5515 : 6E;
	5516 : 6E;
	5517 : 6E;
	5518 : 6E;
	5519 : 6E;
	5520 : 6E;
	5521 : 6E;
	5522 : 6E;
	5523 : 6E;
	5524 : 6E;
	5525 : 6E;
	5526 : 6E;
	5527 : 6E;
	5528 : 6E;
	5529 : 6E;
	5530 : 6E;
	5531 : 6E;
	5532 : 6E;
	5533 : 6E;
	5534 : 6E;
	5535 : 6E;
	5536 : 6E;
	5537 : 6E;
	5538 : 6E;
	5539 : 6E;
	5540 : 6E;
	5541 : 92;
	5542 : 92;
	5543 : 92;
	5544 : 92;
	5545 : 92;
	5546 : 92;
	5547 : 92;
	5548 : 92;
	5549 : 92;
	5550 : 92;
	5551 : 92;
	5552 : 92;
	5553 : 92;
	5554 : 92;
	5555 : 92;
	5556 : 92;
	5557 : B6;
	5558 : B6;
	5559 : B6;
	5560 : B6;
	5561 : B6;
	5562 : B6;
	5563 : B6;
	5564 : B6;
	5565 : B2;
	5566 : 92;
	5567 : 92;
	5568 : 92;
	5569 : 92;
	5570 : 92;
	5571 : 92;
	5572 : 92;
	5573 : 8E;
	5574 : 6E;
	5575 : 8E;
	5576 : 6E;
	5577 : 6E;
	5578 : 6E;
	5579 : 8E;
	5580 : 8E;
	5581 : 6E;
	5582 : 92;
	5583 : 92;
	5584 : 92;
	5585 : 92;
	5586 : 92;
	5587 : 92;
	5588 : 92;
	5589 : 92;
	5590 : 92;
	5591 : 92;
	5592 : 92;
	5593 : 8E;
	5594 : 8E;
	5595 : 8E;
	5596 : 8E;
	5597 : 8E;
	5598 : 8E;
	5599 : 8E;
	5600 : 25;
	5601 : 49;
	5602 : 69;
	5603 : 6E;
	5604 : 45;
	5605 : 49;
	5606 : 25;
	5607 : 6E;
	5608 : 69;
	5609 : 69;
	5610 : 69;
	5611 : 25;
	5612 : 25;
	5613 : 24;
	5614 : 49;
	5615 : 6D;
	5616 : 25;
	5617 : 49;
	5618 : 6D;
	5619 : 49;
	5620 : 6D;
	5621 : 6D;
	5622 : 49;
	5623 : 49;
	5624 : 49;
	5625 : 49;
	5626 : 6E;
	5627 : 6E;
	5628 : 6E;
	5629 : 6E;
	5630 : 6E;
	5631 : 6E;
	5632 : 6E;
	5633 : 6E;
	5634 : 6E;
	5635 : 6E;
	5636 : 6E;
	5637 : 8E;
	5638 : 8E;
	5639 : 8E;
	5640 : 8E;
	5641 : 49;
	5642 : 49;
	5643 : 49;
	5644 : 69;
	5645 : 69;
	5646 : 49;
	5647 : 49;
	5648 : 49;
	5649 : 49;
	5650 : 49;
	5651 : 49;
	5652 : 6D;
	5653 : 6D;
	5654 : 69;
	5655 : 49;
	5656 : 8E;
	5657 : 92;
	5658 : 8E;
	5659 : 49;
	5660 : 49;
	5661 : 49;
	5662 : 49;
	5663 : 49;
	5664 : 69;
	5665 : 92;
	5666 : 69;
	5667 : B2;
	5668 : 92;
	5669 : 92;
	5670 : 69;
	5671 : 49;
	5672 : 6D;
	5673 : 69;
	5674 : 6E;
	5675 : 6E;
	5676 : 6E;
	5677 : 6E;
	5678 : 6E;
	5679 : 6E;
	5680 : 6E;
	5681 : 6E;
	5682 : 6E;
	5683 : 6E;
	5684 : 6E;
	5685 : 6E;
	5686 : 6E;
	5687 : 6E;
	5688 : 6E;
	5689 : 6E;
	5690 : 6E;
	5691 : 6E;
	5692 : 6E;
	5693 : 6E;
	5694 : 6E;
	5695 : 6E;
	5696 : 6E;
	5697 : 6E;
	5698 : 6E;
	5699 : 6E;
	5700 : 6E;
	5701 : 6E;
	5702 : 92;
	5703 : 92;
	5704 : 92;
	5705 : 92;
	5706 : 92;
	5707 : 92;
	5708 : 92;
	5709 : 92;
	5710 : 92;
	5711 : 92;
	5712 : 92;
	5713 : 92;
	5714 : 92;
	5715 : 92;
	5716 : 92;
	5717 : 92;
	5718 : B6;
	5719 : B6;
	5720 : B6;
	5721 : B6;
	5722 : B6;
	5723 : B6;
	5724 : 92;
	5725 : 92;
	5726 : 92;
	5727 : 92;
	5728 : 92;
	5729 : 92;
	5730 : 92;
	5731 : 92;
	5732 : 6E;
	5733 : 8E;
	5734 : 8E;
	5735 : 8E;
	5736 : 8E;
	5737 : 8E;
	5738 : 92;
	5739 : 92;
	5740 : 92;
	5741 : 8E;
	5742 : 92;
	5743 : 92;
	5744 : 92;
	5745 : 92;
	5746 : 92;
	5747 : 92;
	5748 : 92;
	5749 : 92;
	5750 : 92;
	5751 : 92;
	5752 : 92;
	5753 : 92;
	5754 : 8E;
	5755 : 8E;
	5756 : 8E;
	5757 : 8E;
	5758 : 8E;
	5759 : 8E;
	5760 : 92;
	5761 : 6E;
	5762 : 92;
	5763 : 8E;
	5764 : 49;
	5765 : 6D;
	5766 : 92;
	5767 : 92;
	5768 : 92;
	5769 : 49;
	5770 : 49;
	5771 : 25;
	5772 : 25;
	5773 : 24;
	5774 : 25;
	5775 : 25;
	5776 : 49;
	5777 : 49;
	5778 : 49;
	5779 : 25;
	5780 : 49;
	5781 : 25;
	5782 : 49;
	5783 : 6D;
	5784 : 6D;
	5785 : 6D;
	5786 : 6E;
	5787 : 6E;
	5788 : 6E;
	5789 : 6E;
	5790 : 6E;
	5791 : 6E;
	5792 : 6E;
	5793 : 6E;
	5794 : 6E;
	5795 : 6E;
	5796 : 6E;
	5797 : 6E;
	5798 : 6E;
	5799 : 8E;
	5800 : 8E;
	5801 : 49;
	5802 : 49;
	5803 : 69;
	5804 : 69;
	5805 : 49;
	5806 : 49;
	5807 : 49;
	5808 : 49;
	5809 : 49;
	5810 : 49;
	5811 : 49;
	5812 : 49;
	5813 : 49;
	5814 : 49;
	5815 : 49;
	5816 : 49;
	5817 : 49;
	5818 : 49;
	5819 : 49;
	5820 : 69;
	5821 : 49;
	5822 : 49;
	5823 : 8D;
	5824 : 6D;
	5825 : 8E;
	5826 : 92;
	5827 : 69;
	5828 : 6D;
	5829 : 69;
	5830 : 49;
	5831 : 49;
	5832 : 49;
	5833 : 49;
	5834 : 6E;
	5835 : 6E;
	5836 : 6E;
	5837 : 6E;
	5838 : 6E;
	5839 : 6E;
	5840 : 6E;
	5841 : 6E;
	5842 : 6E;
	5843 : 6E;
	5844 : 6E;
	5845 : 6E;
	5846 : 6E;
	5847 : 6E;
	5848 : 6E;
	5849 : 6E;
	5850 : 6E;
	5851 : 6E;
	5852 : 6E;
	5853 : 6E;
	5854 : 6E;
	5855 : 6E;
	5856 : 6E;
	5857 : 6E;
	5858 : 6E;
	5859 : 6E;
	5860 : 6E;
	5861 : 6E;
	5862 : 8E;
	5863 : 8E;
	5864 : 8E;
	5865 : 8E;
	5866 : 92;
	5867 : 92;
	5868 : 92;
	5869 : 92;
	5870 : 92;
	5871 : 92;
	5872 : 92;
	5873 : 92;
	5874 : 92;
	5875 : 92;
	5876 : 92;
	5877 : 92;
	5878 : 92;
	5879 : 92;
	5880 : B2;
	5881 : B2;
	5882 : B2;
	5883 : 92;
	5884 : B2;
	5885 : B6;
	5886 : B2;
	5887 : 92;
	5888 : 92;
	5889 : 92;
	5890 : 92;
	5891 : 92;
	5892 : 92;
	5893 : 92;
	5894 : 92;
	5895 : 92;
	5896 : 92;
	5897 : 92;
	5898 : 92;
	5899 : 92;
	5900 : 92;
	5901 : 92;
	5902 : 92;
	5903 : 92;
	5904 : 92;
	5905 : 92;
	5906 : 92;
	5907 : 92;
	5908 : 8E;
	5909 : 8E;
	5910 : 8E;
	5911 : 8E;
	5912 : 8E;
	5913 : 8E;
	5914 : 8E;
	5915 : 8E;
	5916 : 8E;
	5917 : 8E;
	5918 : 8E;
	5919 : 8E;
	5920 : 92;
	5921 : 92;
	5922 : 92;
	5923 : 69;
	5924 : 24;
	5925 : 00;
	5926 : 20;
	5927 : 49;
	5928 : 45;
	5929 : 20;
	5930 : 49;
	5931 : 8E;
	5932 : 8E;
	5933 : 8E;
	5934 : 92;
	5935 : 8E;
	5936 : 8E;
	5937 : 8E;
	5938 : 8E;
	5939 : 8E;
	5940 : 49;
	5941 : 6E;
	5942 : 6E;
	5943 : 6E;
	5944 : 69;
	5945 : 8E;
	5946 : 6E;
	5947 : 6E;
	5948 : 6E;
	5949 : 6E;
	5950 : 8E;
	5951 : 6E;
	5952 : 6E;
	5953 : 49;
	5954 : 49;
	5955 : 49;
	5956 : 6E;
	5957 : 6E;
	5958 : 6E;
	5959 : 6E;
	5960 : 49;
	5961 : 49;
	5962 : 49;
	5963 : 49;
	5964 : 6D;
	5965 : 6D;
	5966 : 6D;
	5967 : 69;
	5968 : 49;
	5969 : 49;
	5970 : 49;
	5971 : 49;
	5972 : 49;
	5973 : 49;
	5974 : 49;
	5975 : 49;
	5976 : 49;
	5977 : 49;
	5978 : 49;
	5979 : 49;
	5980 : 49;
	5981 : 69;
	5982 : 6D;
	5983 : 69;
	5984 : B2;
	5985 : 92;
	5986 : B2;
	5987 : B2;
	5988 : B2;
	5989 : 8E;
	5990 : 8E;
	5991 : 6D;
	5992 : 69;
	5993 : 69;
	5994 : 6D;
	5995 : 6E;
	5996 : 6E;
	5997 : 6E;
	5998 : 6E;
	5999 : 6E;
	6000 : 6E;
	6001 : 6E;
	6002 : 6E;
	6003 : 6E;
	6004 : 6E;
	6005 : 6E;
	6006 : 6E;
	6007 : 6E;
	6008 : 6E;
	6009 : 6E;
	6010 : 6E;
	6011 : 6E;
	6012 : 6E;
	6013 : 6E;
	6014 : 6E;
	6015 : 6E;
	6016 : 6E;
	6017 : 6E;
	6018 : 6E;
	6019 : 6E;
	6020 : 6E;
	6021 : 6E;
	6022 : 6E;
	6023 : 8E;
	6024 : 8E;
	6025 : 8E;
	6026 : 92;
	6027 : 92;
	6028 : 92;
	6029 : 92;
	6030 : 92;
	6031 : 92;
	6032 : 92;
	6033 : 92;
	6034 : B2;
	6035 : B6;
	6036 : B6;
	6037 : B6;
	6038 : B6;
	6039 : B6;
	6040 : B2;
	6041 : 92;
	6042 : 92;
	6043 : 92;
	6044 : 92;
	6045 : 92;
	6046 : 92;
	6047 : 92;
	6048 : 92;
	6049 : 92;
	6050 : 92;
	6051 : 92;
	6052 : 92;
	6053 : 92;
	6054 : 92;
	6055 : 92;
	6056 : 92;
	6057 : 92;
	6058 : 92;
	6059 : 92;
	6060 : 92;
	6061 : 92;
	6062 : 92;
	6063 : 92;
	6064 : 92;
	6065 : 92;
	6066 : 92;
	6067 : 92;
	6068 : 92;
	6069 : 8E;
	6070 : 8E;
	6071 : 8E;
	6072 : 8E;
	6073 : 8E;
	6074 : 8E;
	6075 : 6E;
	6076 : 6E;
	6077 : 6E;
	6078 : 6E;
	6079 : 6E;
	6080 : 92;
	6081 : 92;
	6082 : 6E;
	6083 : 45;
	6084 : 45;
	6085 : 25;
	6086 : 24;
	6087 : 20;
	6088 : 20;
	6089 : 49;
	6090 : 49;
	6091 : 49;
	6092 : 6E;
	6093 : 92;
	6094 : 49;
	6095 : 49;
	6096 : 6E;
	6097 : 6E;
	6098 : 6E;
	6099 : 6E;
	6100 : 49;
	6101 : 6E;
	6102 : 6E;
	6103 : 6E;
	6104 : 6E;
	6105 : 6E;
	6106 : 6E;
	6107 : 6E;
	6108 : 6E;
	6109 : 6E;
	6110 : 6E;
	6111 : 6E;
	6112 : 6E;
	6113 : 49;
	6114 : 49;
	6115 : 49;
	6116 : 49;
	6117 : 49;
	6118 : 6E;
	6119 : 49;
	6120 : 49;
	6121 : 49;
	6122 : 49;
	6123 : 6D;
	6124 : 8E;
	6125 : 8E;
	6126 : 69;
	6127 : 49;
	6128 : 69;
	6129 : 49;
	6130 : 49;
	6131 : 49;
	6132 : 49;
	6133 : 49;
	6134 : 49;
	6135 : 49;
	6136 : 49;
	6137 : 49;
	6138 : 49;
	6139 : 49;
	6140 : 49;
	6141 : 6D;
	6142 : 49;
	6143 : 69;
	6144 : 6D;
	6145 : 69;
	6146 : 6D;
	6147 : 8E;
	6148 : B2;
	6149 : 92;
	6150 : 92;
	6151 : 69;
	6152 : 6D;
	6153 : 69;
	6154 : 49;
	6155 : 6E;
	6156 : 6E;
	6157 : 6E;
	6158 : 6E;
	6159 : 6E;
	6160 : 6E;
	6161 : 6E;
	6162 : 6E;
	6163 : 6E;
	6164 : 6E;
	6165 : 6E;
	6166 : 8E;
	6167 : 92;
	6168 : 92;
	6169 : 92;
	6170 : 92;
	6171 : 6E;
	6172 : 6E;
	6173 : 6E;
	6174 : 6E;
	6175 : 6E;
	6176 : 6E;
	6177 : 6E;
	6178 : 6E;
	6179 : 6E;
	6180 : 6E;
	6181 : 6E;
	6182 : 6E;
	6183 : 6E;
	6184 : 8E;
	6185 : 8E;
	6186 : 92;
	6187 : 92;
	6188 : 92;
	6189 : 92;
	6190 : 92;
	6191 : B2;
	6192 : B2;
	6193 : B2;
	6194 : B2;
	6195 : B2;
	6196 : 92;
	6197 : 92;
	6198 : 92;
	6199 : B2;
	6200 : B2;
	6201 : B2;
	6202 : 92;
	6203 : 92;
	6204 : 92;
	6205 : 92;
	6206 : 92;
	6207 : B6;
	6208 : B6;
	6209 : B6;
	6210 : B6;
	6211 : B6;
	6212 : B6;
	6213 : B2;
	6214 : 92;
	6215 : 92;
	6216 : 92;
	6217 : 92;
	6218 : 92;
	6219 : 92;
	6220 : 92;
	6221 : 92;
	6222 : 92;
	6223 : 92;
	6224 : 92;
	6225 : 92;
	6226 : 92;
	6227 : 92;
	6228 : 8E;
	6229 : 8E;
	6230 : 8E;
	6231 : 8E;
	6232 : 8E;
	6233 : 8E;
	6234 : 8E;
	6235 : 6E;
	6236 : 6E;
	6237 : 6E;
	6238 : 6E;
	6239 : 6E;
	6240 : 49;
	6241 : 49;
	6242 : 49;
	6243 : 49;
	6244 : 24;
	6245 : 25;
	6246 : 8E;
	6247 : 92;
	6248 : 92;
	6249 : 49;
	6250 : 49;
	6251 : 49;
	6252 : 49;
	6253 : 49;
	6254 : 49;
	6255 : 49;
	6256 : 49;
	6257 : 49;
	6258 : 49;
	6259 : 69;
	6260 : 6E;
	6261 : 8E;
	6262 : 8E;
	6263 : 8E;
	6264 : 8E;
	6265 : 8E;
	6266 : 8E;
	6267 : 8E;
	6268 : 8E;
	6269 : 8E;
	6270 : 8E;
	6271 : 8E;
	6272 : 8E;
	6273 : 49;
	6274 : 49;
	6275 : 49;
	6276 : 49;
	6277 : 49;
	6278 : 49;
	6279 : 49;
	6280 : 49;
	6281 : 49;
	6282 : 49;
	6283 : 49;
	6284 : 49;
	6285 : 49;
	6286 : 49;
	6287 : 49;
	6288 : 49;
	6289 : 49;
	6290 : 49;
	6291 : 49;
	6292 : 49;
	6293 : 49;
	6294 : 49;
	6295 : 45;
	6296 : 49;
	6297 : 49;
	6298 : 49;
	6299 : 49;
	6300 : 49;
	6301 : 49;
	6302 : 49;
	6303 : 49;
	6304 : 6D;
	6305 : 49;
	6306 : 49;
	6307 : 69;
	6308 : 69;
	6309 : 69;
	6310 : 69;
	6311 : 69;
	6312 : 69;
	6313 : 8E;
	6314 : 69;
	6315 : 49;
	6316 : 6D;
	6317 : 6E;
	6318 : 6E;
	6319 : 6E;
	6320 : 6E;
	6321 : 8E;
	6322 : 8E;
	6323 : 8E;
	6324 : 92;
	6325 : 92;
	6326 : 92;
	6327 : 92;
	6328 : 92;
	6329 : 92;
	6330 : 92;
	6331 : 8E;
	6332 : 8E;
	6333 : 8E;
	6334 : 6E;
	6335 : 6E;
	6336 : 6E;
	6337 : 6E;
	6338 : 6E;
	6339 : 6E;
	6340 : 8E;
	6341 : 6E;
	6342 : 6E;
	6343 : 6E;
	6344 : 8E;
	6345 : 8E;
	6346 : 8E;
	6347 : 92;
	6348 : 92;
	6349 : 92;
	6350 : 92;
	6351 : 92;
	6352 : 92;
	6353 : 92;
	6354 : 92;
	6355 : 92;
	6356 : B6;
	6357 : B6;
	6358 : B6;
	6359 : B6;
	6360 : B6;
	6361 : B6;
	6362 : B6;
	6363 : B6;
	6364 : B2;
	6365 : B2;
	6366 : B2;
	6367 : B2;
	6368 : B2;
	6369 : 92;
	6370 : 92;
	6371 : 92;
	6372 : 92;
	6373 : 92;
	6374 : 92;
	6375 : 92;
	6376 : 92;
	6377 : 92;
	6378 : 92;
	6379 : 92;
	6380 : 92;
	6381 : 92;
	6382 : 92;
	6383 : 92;
	6384 : 92;
	6385 : 92;
	6386 : 92;
	6387 : 92;
	6388 : 92;
	6389 : 92;
	6390 : 92;
	6391 : 92;
	6392 : 8E;
	6393 : 6E;
	6394 : 6E;
	6395 : 6E;
	6396 : 6E;
	6397 : 6E;
	6398 : 6E;
	6399 : 6E;
	6400 : 25;
	6401 : 25;
	6402 : 49;
	6403 : 24;
	6404 : 6D;
	6405 : 92;
	6406 : 92;
	6407 : 92;
	6408 : 92;
	6409 : 49;
	6410 : 49;
	6411 : 49;
	6412 : 49;
	6413 : 49;
	6414 : 49;
	6415 : 49;
	6416 : 49;
	6417 : 6D;
	6418 : 6D;
	6419 : 6D;
	6420 : 49;
	6421 : 8E;
	6422 : 8E;
	6423 : 8E;
	6424 : 8E;
	6425 : 8E;
	6426 : 8E;
	6427 : 6E;
	6428 : 6E;
	6429 : 8E;
	6430 : 8E;
	6431 : 8E;
	6432 : 6E;
	6433 : 49;
	6434 : 49;
	6435 : 49;
	6436 : 49;
	6437 : 49;
	6438 : 49;
	6439 : 49;
	6440 : 49;
	6441 : 49;
	6442 : 49;
	6443 : 49;
	6444 : 49;
	6445 : 49;
	6446 : 49;
	6447 : 49;
	6448 : 49;
	6449 : 49;
	6450 : 49;
	6451 : 49;
	6452 : 45;
	6453 : 45;
	6454 : 49;
	6455 : 45;
	6456 : 45;
	6457 : 49;
	6458 : 45;
	6459 : 49;
	6460 : 49;
	6461 : 49;
	6462 : 49;
	6463 : 49;
	6464 : 49;
	6465 : 49;
	6466 : 69;
	6467 : 49;
	6468 : 49;
	6469 : 49;
	6470 : 49;
	6471 : 49;
	6472 : 49;
	6473 : 6D;
	6474 : 69;
	6475 : 69;
	6476 : 49;
	6477 : 6E;
	6478 : 6E;
	6479 : 6E;
	6480 : 6E;
	6481 : 6E;
	6482 : 6E;
	6483 : 6E;
	6484 : 6E;
	6485 : 6E;
	6486 : 6E;
	6487 : 8E;
	6488 : 6E;
	6489 : 6E;
	6490 : 6E;
	6491 : 6E;
	6492 : 6E;
	6493 : 6E;
	6494 : 6E;
	6495 : 6E;
	6496 : 92;
	6497 : 92;
	6498 : 8E;
	6499 : 8E;
	6500 : 8E;
	6501 : 8E;
	6502 : 92;
	6503 : 92;
	6504 : 92;
	6505 : 92;
	6506 : 92;
	6507 : 92;
	6508 : 92;
	6509 : 92;
	6510 : 92;
	6511 : 92;
	6512 : 92;
	6513 : 92;
	6514 : 92;
	6515 : B2;
	6516 : B6;
	6517 : B6;
	6518 : B6;
	6519 : B6;
	6520 : B6;
	6521 : B6;
	6522 : B6;
	6523 : B6;
	6524 : B6;
	6525 : B6;
	6526 : B6;
	6527 : B6;
	6528 : B6;
	6529 : B6;
	6530 : B2;
	6531 : B2;
	6532 : 92;
	6533 : 92;
	6534 : 92;
	6535 : 92;
	6536 : 92;
	6537 : 92;
	6538 : 92;
	6539 : 92;
	6540 : 92;
	6541 : 92;
	6542 : 92;
	6543 : B2;
	6544 : 92;
	6545 : 92;
	6546 : 92;
	6547 : 92;
	6548 : 92;
	6549 : 92;
	6550 : 92;
	6551 : 8E;
	6552 : 6E;
	6553 : 6E;
	6554 : 6E;
	6555 : 6E;
	6556 : 6E;
	6557 : 6E;
	6558 : 6E;
	6559 : 6E;
	6560 : 20;
	6561 : 00;
	6562 : 25;
	6563 : 6E;
	6564 : 92;
	6565 : 92;
	6566 : 49;
	6567 : 6E;
	6568 : 49;
	6569 : 49;
	6570 : 49;
	6571 : 25;
	6572 : 49;
	6573 : 49;
	6574 : 49;
	6575 : 49;
	6576 : 45;
	6577 : 49;
	6578 : 49;
	6579 : 49;
	6580 : 49;
	6581 : 8E;
	6582 : 8E;
	6583 : 92;
	6584 : 92;
	6585 : 92;
	6586 : 92;
	6587 : 92;
	6588 : 92;
	6589 : 92;
	6590 : 8E;
	6591 : 92;
	6592 : 49;
	6593 : 49;
	6594 : 49;
	6595 : 49;
	6596 : 49;
	6597 : 49;
	6598 : 49;
	6599 : 49;
	6600 : 49;
	6601 : 49;
	6602 : 49;
	6603 : 49;
	6604 : 49;
	6605 : 49;
	6606 : 49;
	6607 : 49;
	6608 : 49;
	6609 : 45;
	6610 : 45;
	6611 : 49;
	6612 : 49;
	6613 : 49;
	6614 : 49;
	6615 : 49;
	6616 : 49;
	6617 : 69;
	6618 : 49;
	6619 : 49;
	6620 : 49;
	6621 : 49;
	6622 : 49;
	6623 : 49;
	6624 : 49;
	6625 : 49;
	6626 : 69;
	6627 : 49;
	6628 : 49;
	6629 : 49;
	6630 : 49;
	6631 : 69;
	6632 : 69;
	6633 : 49;
	6634 : 49;
	6635 : 69;
	6636 : 49;
	6637 : 49;
	6638 : 49;
	6639 : 6E;
	6640 : 92;
	6641 : 92;
	6642 : 92;
	6643 : 92;
	6644 : 92;
	6645 : 8E;
	6646 : 92;
	6647 : 92;
	6648 : 92;
	6649 : 92;
	6650 : 8E;
	6651 : 8E;
	6652 : 92;
	6653 : 92;
	6654 : 92;
	6655 : 92;
	6656 : 92;
	6657 : 92;
	6658 : 92;
	6659 : 92;
	6660 : 92;
	6661 : 92;
	6662 : 92;
	6663 : 8E;
	6664 : 92;
	6665 : 92;
	6666 : 92;
	6667 : 92;
	6668 : 92;
	6669 : 92;
	6670 : B2;
	6671 : B2;
	6672 : B6;
	6673 : B6;
	6674 : B2;
	6675 : B6;
	6676 : B6;
	6677 : B6;
	6678 : B6;
	6679 : B6;
	6680 : B6;
	6681 : B6;
	6682 : B6;
	6683 : B6;
	6684 : B6;
	6685 : B6;
	6686 : B6;
	6687 : B6;
	6688 : B6;
	6689 : B6;
	6690 : B6;
	6691 : B6;
	6692 : B2;
	6693 : B2;
	6694 : 92;
	6695 : 92;
	6696 : 92;
	6697 : 92;
	6698 : 92;
	6699 : 92;
	6700 : 92;
	6701 : B2;
	6702 : 92;
	6703 : 92;
	6704 : 92;
	6705 : 92;
	6706 : 92;
	6707 : 8E;
	6708 : 8E;
	6709 : 6E;
	6710 : 8E;
	6711 : 8E;
	6712 : 6E;
	6713 : 6E;
	6714 : 8E;
	6715 : 8E;
	6716 : 8E;
	6717 : 8E;
	6718 : 8E;
	6719 : 8E;
	6720 : 92;
	6721 : 92;
	6722 : 92;
	6723 : 92;
	6724 : 6E;
	6725 : 49;
	6726 : 25;
	6727 : 49;
	6728 : 49;
	6729 : 49;
	6730 : 49;
	6731 : 49;
	6732 : 49;
	6733 : 49;
	6734 : 25;
	6735 : 25;
	6736 : 49;
	6737 : 49;
	6738 : 6D;
	6739 : 49;
	6740 : 49;
	6741 : 6D;
	6742 : 92;
	6743 : 92;
	6744 : 92;
	6745 : 92;
	6746 : 92;
	6747 : 92;
	6748 : 92;
	6749 : 92;
	6750 : 92;
	6751 : 69;
	6752 : 49;
	6753 : 69;
	6754 : 49;
	6755 : 49;
	6756 : 49;
	6757 : 49;
	6758 : 49;
	6759 : 69;
	6760 : 69;
	6761 : 49;
	6762 : 69;
	6763 : 49;
	6764 : 49;
	6765 : 49;
	6766 : 45;
	6767 : 49;
	6768 : 49;
	6769 : 49;
	6770 : 49;
	6771 : 49;
	6772 : 49;
	6773 : 49;
	6774 : 69;
	6775 : 49;
	6776 : 49;
	6777 : 25;
	6778 : 49;
	6779 : 69;
	6780 : 49;
	6781 : 49;
	6782 : 49;
	6783 : 49;
	6784 : 69;
	6785 : 69;
	6786 : 49;
	6787 : 49;
	6788 : 49;
	6789 : 49;
	6790 : 49;
	6791 : 49;
	6792 : 49;
	6793 : 49;
	6794 : 49;
	6795 : 49;
	6796 : 49;
	6797 : 49;
	6798 : 49;
	6799 : 6D;
	6800 : 6D;
	6801 : 49;
	6802 : 49;
	6803 : 49;
	6804 : 49;
	6805 : 49;
	6806 : 8E;
	6807 : 92;
	6808 : 92;
	6809 : 92;
	6810 : 92;
	6811 : 92;
	6812 : 92;
	6813 : 92;
	6814 : 92;
	6815 : 92;
	6816 : 92;
	6817 : 92;
	6818 : 92;
	6819 : 92;
	6820 : 92;
	6821 : 92;
	6822 : 25;
	6823 : 49;
	6824 : 92;
	6825 : 92;
	6826 : 92;
	6827 : 92;
	6828 : 92;
	6829 : 92;
	6830 : 92;
	6831 : 92;
	6832 : 92;
	6833 : B2;
	6834 : B2;
	6835 : B6;
	6836 : B6;
	6837 : B6;
	6838 : B6;
	6839 : B6;
	6840 : B6;
	6841 : B6;
	6842 : B6;
	6843 : B6;
	6844 : B6;
	6845 : B6;
	6846 : B6;
	6847 : B2;
	6848 : B2;
	6849 : B2;
	6850 : B2;
	6851 : 92;
	6852 : 92;
	6853 : 92;
	6854 : 92;
	6855 : 92;
	6856 : 92;
	6857 : 92;
	6858 : B2;
	6859 : B2;
	6860 : 92;
	6861 : 92;
	6862 : 92;
	6863 : 92;
	6864 : 92;
	6865 : 92;
	6866 : 92;
	6867 : 92;
	6868 : 92;
	6869 : 92;
	6870 : 92;
	6871 : 92;
	6872 : 92;
	6873 : 8E;
	6874 : 8E;
	6875 : 6E;
	6876 : 8E;
	6877 : 6E;
	6878 : 6E;
	6879 : 8E;
	6880 : 92;
	6881 : 92;
	6882 : 92;
	6883 : 6E;
	6884 : 25;
	6885 : 49;
	6886 : 25;
	6887 : 25;
	6888 : 25;
	6889 : 49;
	6890 : 49;
	6891 : 25;
	6892 : 49;
	6893 : 49;
	6894 : 25;
	6895 : 25;
	6896 : 49;
	6897 : 49;
	6898 : 6D;
	6899 : 49;
	6900 : 6D;
	6901 : 6D;
	6902 : 49;
	6903 : 8E;
	6904 : 92;
	6905 : 92;
	6906 : 92;
	6907 : 92;
	6908 : 92;
	6909 : 92;
	6910 : 92;
	6911 : 49;
	6912 : 49;
	6913 : 49;
	6914 : 49;
	6915 : 49;
	6916 : 49;
	6917 : 49;
	6918 : 49;
	6919 : 49;
	6920 : 49;
	6921 : 69;
	6922 : 6D;
	6923 : 6D;
	6924 : 49;
	6925 : 49;
	6926 : 49;
	6927 : 49;
	6928 : 49;
	6929 : 49;
	6930 : 49;
	6931 : 49;
	6932 : 69;
	6933 : 6E;
	6934 : 6D;
	6935 : 49;
	6936 : 45;
	6937 : 49;
	6938 : 25;
	6939 : 49;
	6940 : 49;
	6941 : 49;
	6942 : 49;
	6943 : 49;
	6944 : 49;
	6945 : 49;
	6946 : 49;
	6947 : 49;
	6948 : 49;
	6949 : 49;
	6950 : 49;
	6951 : 49;
	6952 : 49;
	6953 : 49;
	6954 : 49;
	6955 : 49;
	6956 : 49;
	6957 : 49;
	6958 : 49;
	6959 : 49;
	6960 : 49;
	6961 : 49;
	6962 : 49;
	6963 : 49;
	6964 : 49;
	6965 : 49;
	6966 : 6D;
	6967 : 69;
	6968 : 69;
	6969 : 69;
	6970 : 6D;
	6971 : 6E;
	6972 : 6E;
	6973 : 6E;
	6974 : 6E;
	6975 : 6D;
	6976 : 6E;
	6977 : 6D;
	6978 : 6D;
	6979 : 6D;
	6980 : 69;
	6981 : 25;
	6982 : 49;
	6983 : 25;
	6984 : 92;
	6985 : 92;
	6986 : 92;
	6987 : 92;
	6988 : 92;
	6989 : 92;
	6990 : 92;
	6991 : 92;
	6992 : 92;
	6993 : 92;
	6994 : 92;
	6995 : B2;
	6996 : B6;
	6997 : B6;
	6998 : B6;
	6999 : B6;
	7000 : B6;
	7001 : B6;
	7002 : B6;
	7003 : B6;
	7004 : B2;
	7005 : B2;
	7006 : B2;
	7007 : B2;
	7008 : 92;
	7009 : 92;
	7010 : 92;
	7011 : 92;
	7012 : 92;
	7013 : 92;
	7014 : 92;
	7015 : 92;
	7016 : 92;
	7017 : B6;
	7018 : B6;
	7019 : B2;
	7020 : 92;
	7021 : 92;
	7022 : 92;
	7023 : 92;
	7024 : 92;
	7025 : 92;
	7026 : 92;
	7027 : 92;
	7028 : 92;
	7029 : 92;
	7030 : 92;
	7031 : 92;
	7032 : 92;
	7033 : 92;
	7034 : 92;
	7035 : 92;
	7036 : 6E;
	7037 : 6E;
	7038 : 6E;
	7039 : 6E;
	7040 : 92;
	7041 : 49;
	7042 : 6E;
	7043 : 49;
	7044 : 25;
	7045 : 25;
	7046 : 45;
	7047 : 25;
	7048 : 49;
	7049 : 25;
	7050 : 49;
	7051 : 25;
	7052 : 49;
	7053 : 49;
	7054 : 25;
	7055 : 25;
	7056 : 25;
	7057 : 25;
	7058 : 25;
	7059 : 49;
	7060 : 49;
	7061 : 49;
	7062 : 49;
	7063 : 6D;
	7064 : 92;
	7065 : 92;
	7066 : 92;
	7067 : 49;
	7068 : 6E;
	7069 : 49;
	7070 : 49;
	7071 : 49;
	7072 : 49;
	7073 : 49;
	7074 : 49;
	7075 : 45;
	7076 : 49;
	7077 : 49;
	7078 : 49;
	7079 : 49;
	7080 : 49;
	7081 : 49;
	7082 : 49;
	7083 : 49;
	7084 : 49;
	7085 : 49;
	7086 : 49;
	7087 : 49;
	7088 : 49;
	7089 : 6D;
	7090 : 6D;
	7091 : 8E;
	7092 : 8E;
	7093 : 6E;
	7094 : 6D;
	7095 : 49;
	7096 : 8E;
	7097 : 25;
	7098 : 25;
	7099 : 25;
	7100 : 25;
	7101 : 25;
	7102 : 25;
	7103 : 25;
	7104 : 25;
	7105 : 25;
	7106 : 25;
	7107 : 25;
	7108 : 25;
	7109 : 25;
	7110 : 25;
	7111 : 25;
	7112 : 25;
	7113 : 25;
	7114 : 25;
	7115 : 25;
	7116 : 25;
	7117 : 25;
	7118 : 25;
	7119 : 25;
	7120 : 49;
	7121 : 45;
	7122 : 25;
	7123 : 25;
	7124 : 25;
	7125 : 25;
	7126 : 25;
	7127 : 25;
	7128 : 25;
	7129 : 25;
	7130 : 25;
	7131 : 25;
	7132 : 25;
	7133 : 25;
	7134 : 25;
	7135 : 25;
	7136 : 25;
	7137 : 25;
	7138 : 25;
	7139 : 25;
	7140 : 25;
	7141 : 24;
	7142 : 25;
	7143 : 6D;
	7144 : 92;
	7145 : 92;
	7146 : 92;
	7147 : 92;
	7148 : 92;
	7149 : 92;
	7150 : 92;
	7151 : 92;
	7152 : 92;
	7153 : 92;
	7154 : 92;
	7155 : 92;
	7156 : 92;
	7157 : B2;
	7158 : B2;
	7159 : B6;
	7160 : B6;
	7161 : B2;
	7162 : B2;
	7163 : 92;
	7164 : 92;
	7165 : 92;
	7166 : 92;
	7167 : 92;
	7168 : 92;
	7169 : 92;
	7170 : 92;
	7171 : 92;
	7172 : 92;
	7173 : 92;
	7174 : 92;
	7175 : 92;
	7176 : B6;
	7177 : 92;
	7178 : 92;
	7179 : 92;
	7180 : 92;
	7181 : 92;
	7182 : 92;
	7183 : 92;
	7184 : 92;
	7185 : 92;
	7186 : 92;
	7187 : 92;
	7188 : 92;
	7189 : 92;
	7190 : 92;
	7191 : 92;
	7192 : 92;
	7193 : 92;
	7194 : 92;
	7195 : 92;
	7196 : 92;
	7197 : 92;
	7198 : 92;
	7199 : 92;
	7200 : 6D;
	7201 : 49;
	7202 : 49;
	7203 : 6D;
	7204 : 6E;
	7205 : 49;
	7206 : 25;
	7207 : 25;
	7208 : 25;
	7209 : 25;
	7210 : 25;
	7211 : 25;
	7212 : 49;
	7213 : 49;
	7214 : 25;
	7215 : 25;
	7216 : 25;
	7217 : 24;
	7218 : 25;
	7219 : 49;
	7220 : 49;
	7221 : 49;
	7222 : 49;
	7223 : 49;
	7224 : 92;
	7225 : 92;
	7226 : 8E;
	7227 : 49;
	7228 : 49;
	7229 : 49;
	7230 : 49;
	7231 : 49;
	7232 : 49;
	7233 : 45;
	7234 : 49;
	7235 : 49;
	7236 : 49;
	7237 : 49;
	7238 : 6D;
	7239 : 49;
	7240 : 49;
	7241 : 49;
	7242 : 49;
	7243 : 49;
	7244 : 49;
	7245 : 49;
	7246 : 49;
	7247 : 49;
	7248 : 49;
	7249 : 6D;
	7250 : 6D;
	7251 : 8E;
	7252 : 92;
	7253 : 6E;
	7254 : 69;
	7255 : 25;
	7256 : 49;
	7257 : 25;
	7258 : 00;
	7259 : 24;
	7260 : 49;
	7261 : 20;
	7262 : 25;
	7263 : 25;
	7264 : 25;
	7265 : 25;
	7266 : 25;
	7267 : 25;
	7268 : 25;
	7269 : 25;
	7270 : 25;
	7271 : 25;
	7272 : 25;
	7273 : 25;
	7274 : 25;
	7275 : 25;
	7276 : 25;
	7277 : 25;
	7278 : 25;
	7279 : 25;
	7280 : 25;
	7281 : 25;
	7282 : 25;
	7283 : 25;
	7284 : 25;
	7285 : 25;
	7286 : 25;
	7287 : 25;
	7288 : 25;
	7289 : 25;
	7290 : 25;
	7291 : 25;
	7292 : 25;
	7293 : 25;
	7294 : 25;
	7295 : 25;
	7296 : 25;
	7297 : 25;
	7298 : 25;
	7299 : 25;
	7300 : 25;
	7301 : 00;
	7302 : 25;
	7303 : 25;
	7304 : 49;
	7305 : 49;
	7306 : 92;
	7307 : 92;
	7308 : 92;
	7309 : 92;
	7310 : 92;
	7311 : 92;
	7312 : 92;
	7313 : 92;
	7314 : 92;
	7315 : 92;
	7316 : 92;
	7317 : 92;
	7318 : 92;
	7319 : 92;
	7320 : 92;
	7321 : B2;
	7322 : 92;
	7323 : 92;
	7324 : 92;
	7325 : 92;
	7326 : 92;
	7327 : 92;
	7328 : 92;
	7329 : 92;
	7330 : 92;
	7331 : 92;
	7332 : 92;
	7333 : 92;
	7334 : B2;
	7335 : B2;
	7336 : 92;
	7337 : 92;
	7338 : 92;
	7339 : 92;
	7340 : 92;
	7341 : 92;
	7342 : 92;
	7343 : 92;
	7344 : 92;
	7345 : 92;
	7346 : 92;
	7347 : 92;
	7348 : 92;
	7349 : 92;
	7350 : 92;
	7351 : 92;
	7352 : 92;
	7353 : 92;
	7354 : 92;
	7355 : 92;
	7356 : 92;
	7357 : 92;
	7358 : 92;
	7359 : 92;
	7360 : 25;
	7361 : 49;
	7362 : 49;
	7363 : 6D;
	7364 : 49;
	7365 : 49;
	7366 : 49;
	7367 : 92;
	7368 : 69;
	7369 : 25;
	7370 : 25;
	7371 : 6D;
	7372 : 92;
	7373 : 92;
	7374 : 24;
	7375 : 25;
	7376 : 92;
	7377 : 92;
	7378 : 6D;
	7379 : 25;
	7380 : 25;
	7381 : 49;
	7382 : 92;
	7383 : 92;
	7384 : 92;
	7385 : 92;
	7386 : 92;
	7387 : 92;
	7388 : 6E;
	7389 : 49;
	7390 : 45;
	7391 : 49;
	7392 : 49;
	7393 : 49;
	7394 : 69;
	7395 : 6D;
	7396 : 6D;
	7397 : 49;
	7398 : 6D;
	7399 : 92;
	7400 : 6E;
	7401 : 8E;
	7402 : 8E;
	7403 : 8E;
	7404 : 92;
	7405 : 92;
	7406 : 69;
	7407 : 6D;
	7408 : 6D;
	7409 : 6D;
	7410 : 69;
	7411 : 69;
	7412 : 49;
	7413 : 49;
	7414 : 25;
	7415 : 25;
	7416 : 25;
	7417 : 25;
	7418 : 00;
	7419 : 49;
	7420 : 49;
	7421 : 00;
	7422 : 25;
	7423 : 00;
	7424 : 00;
	7425 : 25;
	7426 : 00;
	7427 : 45;
	7428 : 00;
	7429 : 00;
	7430 : 45;
	7431 : 00;
	7432 : 45;
	7433 : 00;
	7434 : 00;
	7435 : 45;
	7436 : 00;
	7437 : 45;
	7438 : 00;
	7439 : 24;
	7440 : 25;
	7441 : 00;
	7442 : 25;
	7443 : 00;
	7444 : 45;
	7445 : 25;
	7446 : 00;
	7447 : 24;
	7448 : 00;
	7449 : 25;
	7450 : 25;
	7451 : 00;
	7452 : 25;
	7453 : 00;
	7454 : 25;
	7455 : 25;
	7456 : 00;
	7457 : 25;
	7458 : 00;
	7459 : 25;
	7460 : 69;
	7461 : 00;
	7462 : 00;
	7463 : 25;
	7464 : 25;
	7465 : 24;
	7466 : 92;
	7467 : 92;
	7468 : 92;
	7469 : 92;
	7470 : 92;
	7471 : 6E;
	7472 : 6E;
	7473 : 92;
	7474 : 92;
	7475 : 92;
	7476 : 92;
	7477 : 92;
	7478 : 92;
	7479 : 92;
	7480 : 92;
	7481 : 92;
	7482 : 92;
	7483 : 92;
	7484 : 92;
	7485 : 92;
	7486 : 92;
	7487 : 92;
	7488 : 92;
	7489 : 92;
	7490 : 92;
	7491 : 92;
	7492 : 92;
	7493 : 92;
	7494 : 92;
	7495 : 92;
	7496 : 92;
	7497 : 92;
	7498 : 92;
	7499 : 92;
	7500 : 92;
	7501 : 92;
	7502 : 92;
	7503 : 92;
	7504 : 92;
	7505 : 92;
	7506 : 92;
	7507 : 92;
	7508 : 92;
	7509 : 92;
	7510 : 92;
	7511 : 92;
	7512 : 92;
	7513 : 92;
	7514 : 92;
	7515 : 92;
	7516 : 92;
	7517 : 92;
	7518 : 92;
	7519 : 92;
	7520 : 49;
	7521 : 49;
	7522 : 49;
	7523 : 49;
	7524 : 49;
	7525 : 8E;
	7526 : 49;
	7527 : 69;
	7528 : 92;
	7529 : 92;
	7530 : 6E;
	7531 : 24;
	7532 : 24;
	7533 : 25;
	7534 : 20;
	7535 : 25;
	7536 : 49;
	7537 : 92;
	7538 : 92;
	7539 : 92;
	7540 : 92;
	7541 : 92;
	7542 : 92;
	7543 : 92;
	7544 : 92;
	7545 : 92;
	7546 : 92;
	7547 : 92;
	7548 : 92;
	7549 : 92;
	7550 : 92;
	7551 : 49;
	7552 : 8E;
	7553 : 6E;
	7554 : B2;
	7555 : 8D;
	7556 : 69;
	7557 : 49;
	7558 : 8E;
	7559 : 92;
	7560 : 8E;
	7561 : B2;
	7562 : B2;
	7563 : B2;
	7564 : 8E;
	7565 : 92;
	7566 : 6D;
	7567 : 49;
	7568 : 49;
	7569 : 49;
	7570 : 49;
	7571 : 45;
	7572 : 49;
	7573 : 49;
	7574 : 25;
	7575 : 25;
	7576 : 25;
	7577 : 49;
	7578 : 00;
	7579 : 49;
	7580 : 49;
	7581 : 00;
	7582 : 25;
	7583 : 00;
	7584 : 25;
	7585 : 25;
	7586 : 00;
	7587 : 49;
	7588 : 00;
	7589 : 25;
	7590 : 49;
	7591 : 00;
	7592 : 49;
	7593 : 00;
	7594 : 25;
	7595 : 45;
	7596 : 00;
	7597 : 49;
	7598 : 00;
	7599 : 25;
	7600 : 49;
	7601 : 00;
	7602 : 49;
	7603 : 00;
	7604 : 25;
	7605 : 49;
	7606 : 00;
	7607 : 25;
	7608 : 00;
	7609 : 25;
	7610 : 45;
	7611 : 00;
	7612 : 49;
	7613 : 00;
	7614 : 25;
	7615 : 49;
	7616 : 00;
	7617 : 69;
	7618 : 00;
	7619 : 25;
	7620 : 69;
	7621 : 00;
	7622 : 25;
	7623 : 25;
	7624 : 25;
	7625 : 24;
	7626 : 92;
	7627 : 92;
	7628 : 92;
	7629 : 92;
	7630 : 92;
	7631 : 6D;
	7632 : 6E;
	7633 : 92;
	7634 : 92;
	7635 : 92;
	7636 : 92;
	7637 : 92;
	7638 : 92;
	7639 : 92;
	7640 : 92;
	7641 : 92;
	7642 : 92;
	7643 : 92;
	7644 : 92;
	7645 : 92;
	7646 : 92;
	7647 : 92;
	7648 : 92;
	7649 : 92;
	7650 : 92;
	7651 : 92;
	7652 : 92;
	7653 : 92;
	7654 : 92;
	7655 : 92;
	7656 : 92;
	7657 : 92;
	7658 : 92;
	7659 : 92;
	7660 : 92;
	7661 : 92;
	7662 : 92;
	7663 : 92;
	7664 : 92;
	7665 : 92;
	7666 : 92;
	7667 : 92;
	7668 : 92;
	7669 : 92;
	7670 : 92;
	7671 : 92;
	7672 : 92;
	7673 : 92;
	7674 : 92;
	7675 : 92;
	7676 : 92;
	7677 : 92;
	7678 : 92;
	7679 : 92;
	7680 : 49;
	7681 : 49;
	7682 : 25;
	7683 : 25;
	7684 : 24;
	7685 : 49;
	7686 : 49;
	7687 : 49;
	7688 : 49;
	7689 : 92;
	7690 : 92;
	7691 : 6E;
	7692 : 49;
	7693 : 45;
	7694 : 69;
	7695 : 6E;
	7696 : 92;
	7697 : 92;
	7698 : 69;
	7699 : B2;
	7700 : 92;
	7701 : 6D;
	7702 : 6D;
	7703 : 6D;
	7704 : 92;
	7705 : 92;
	7706 : 92;
	7707 : 92;
	7708 : 92;
	7709 : B2;
	7710 : 6E;
	7711 : 49;
	7712 : 8E;
	7713 : 8E;
	7714 : 8E;
	7715 : 69;
	7716 : 49;
	7717 : 49;
	7718 : 49;
	7719 : 69;
	7720 : 69;
	7721 : 6D;
	7722 : 8E;
	7723 : 8E;
	7724 : 8E;
	7725 : 92;
	7726 : 6D;
	7727 : 49;
	7728 : 49;
	7729 : 49;
	7730 : 49;
	7731 : 49;
	7732 : 49;
	7733 : 49;
	7734 : 25;
	7735 : 25;
	7736 : 25;
	7737 : 49;
	7738 : 00;
	7739 : 49;
	7740 : 49;
	7741 : 00;
	7742 : 24;
	7743 : 04;
	7744 : 49;
	7745 : 24;
	7746 : 00;
	7747 : 25;
	7748 : 00;
	7749 : 45;
	7750 : 25;
	7751 : 00;
	7752 : 25;
	7753 : 00;
	7754 : 25;
	7755 : 25;
	7756 : 00;
	7757 : 45;
	7758 : 00;
	7759 : 25;
	7760 : 45;
	7761 : 00;
	7762 : 45;
	7763 : 20;
	7764 : 25;
	7765 : 45;
	7766 : 00;
	7767 : 49;
	7768 : 24;
	7769 : 24;
	7770 : 49;
	7771 : 00;
	7772 : 49;
	7773 : 25;
	7774 : 00;
	7775 : 49;
	7776 : 24;
	7777 : 49;
	7778 : 24;
	7779 : 25;
	7780 : 49;
	7781 : 00;
	7782 : 25;
	7783 : 25;
	7784 : 25;
	7785 : 25;
	7786 : 92;
	7787 : 92;
	7788 : 92;
	7789 : 92;
	7790 : 92;
	7791 : 6D;
	7792 : 6D;
	7793 : 6E;
	7794 : 92;
	7795 : 92;
	7796 : 92;
	7797 : 92;
	7798 : 92;
	7799 : 92;
	7800 : 92;
	7801 : 92;
	7802 : 92;
	7803 : 92;
	7804 : 92;
	7805 : 92;
	7806 : 92;
	7807 : 92;
	7808 : 92;
	7809 : 92;
	7810 : 92;
	7811 : 92;
	7812 : 92;
	7813 : 92;
	7814 : 92;
	7815 : 92;
	7816 : 92;
	7817 : 92;
	7818 : 92;
	7819 : 92;
	7820 : 92;
	7821 : 92;
	7822 : 92;
	7823 : 92;
	7824 : 92;
	7825 : 92;
	7826 : 92;
	7827 : 92;
	7828 : 92;
	7829 : 92;
	7830 : 92;
	7831 : 92;
	7832 : 92;
	7833 : 92;
	7834 : 92;
	7835 : 92;
	7836 : 92;
	7837 : 92;
	7838 : 92;
	7839 : 92;
	7840 : 45;
	7841 : 45;
	7842 : 49;
	7843 : 49;
	7844 : 49;
	7845 : 49;
	7846 : 49;
	7847 : 49;
	7848 : 49;
	7849 : 6D;
	7850 : 92;
	7851 : 6E;
	7852 : 45;
	7853 : 25;
	7854 : 92;
	7855 : 92;
	7856 : 6D;
	7857 : 49;
	7858 : 49;
	7859 : 49;
	7860 : 49;
	7861 : 49;
	7862 : 49;
	7863 : 49;
	7864 : 49;
	7865 : 6D;
	7866 : 49;
	7867 : 25;
	7868 : 49;
	7869 : 49;
	7870 : 49;
	7871 : 49;
	7872 : 49;
	7873 : 49;
	7874 : 49;
	7875 : 49;
	7876 : 49;
	7877 : 49;
	7878 : 49;
	7879 : 49;
	7880 : 49;
	7881 : 49;
	7882 : 49;
	7883 : 49;
	7884 : 49;
	7885 : 49;
	7886 : 49;
	7887 : 49;
	7888 : 49;
	7889 : 49;
	7890 : 49;
	7891 : 49;
	7892 : 49;
	7893 : 49;
	7894 : 25;
	7895 : 25;
	7896 : 25;
	7897 : 25;
	7898 : 00;
	7899 : 69;
	7900 : 25;
	7901 : 20;
	7902 : 00;
	7903 : 24;
	7904 : 45;
	7905 : 00;
	7906 : 00;
	7907 : 20;
	7908 : 24;
	7909 : 49;
	7910 : 24;
	7911 : 00;
	7912 : 25;
	7913 : 20;
	7914 : 45;
	7915 : 25;
	7916 : 00;
	7917 : 49;
	7918 : 00;
	7919 : 25;
	7920 : 49;
	7921 : 00;
	7922 : 49;
	7923 : 20;
	7924 : 25;
	7925 : 49;
	7926 : 24;
	7927 : 49;
	7928 : 25;
	7929 : 00;
	7930 : 49;
	7931 : 25;
	7932 : 45;
	7933 : 25;
	7934 : 00;
	7935 : 49;
	7936 : 24;
	7937 : 45;
	7938 : 25;
	7939 : 20;
	7940 : 49;
	7941 : 00;
	7942 : 49;
	7943 : 25;
	7944 : 25;
	7945 : 25;
	7946 : 92;
	7947 : 92;
	7948 : 92;
	7949 : 6E;
	7950 : 49;
	7951 : 49;
	7952 : 49;
	7953 : 49;
	7954 : 92;
	7955 : 92;
	7956 : 92;
	7957 : 92;
	7958 : 92;
	7959 : 92;
	7960 : 92;
	7961 : 92;
	7962 : 92;
	7963 : 92;
	7964 : B6;
	7965 : B6;
	7966 : B6;
	7967 : B6;
	7968 : B6;
	7969 : B6;
	7970 : B6;
	7971 : B6;
	7972 : B6;
	7973 : B6;
	7974 : 92;
	7975 : 92;
	7976 : 92;
	7977 : 92;
	7978 : 92;
	7979 : 92;
	7980 : 92;
	7981 : 92;
	7982 : 92;
	7983 : 92;
	7984 : 92;
	7985 : 92;
	7986 : 92;
	7987 : 92;
	7988 : 92;
	7989 : 92;
	7990 : 92;
	7991 : 92;
	7992 : 92;
	7993 : 92;
	7994 : 92;
	7995 : 92;
	7996 : 92;
	7997 : 92;
	7998 : 92;
	7999 : 92;
	8000 : 45;
	8001 : 24;
	8002 : 49;
	8003 : 49;
	8004 : 6D;
	8005 : 6E;
	8006 : 6E;
	8007 : 49;
	8008 : 49;
	8009 : 49;
	8010 : 6E;
	8011 : 49;
	8012 : 69;
	8013 : 25;
	8014 : 92;
	8015 : 92;
	8016 : 45;
	8017 : 49;
	8018 : 49;
	8019 : 25;
	8020 : 49;
	8021 : 49;
	8022 : 6D;
	8023 : 49;
	8024 : 49;
	8025 : 49;
	8026 : 49;
	8027 : 49;
	8028 : 49;
	8029 : 49;
	8030 : 25;
	8031 : 49;
	8032 : 49;
	8033 : 49;
	8034 : 45;
	8035 : 49;
	8036 : 6D;
	8037 : 49;
	8038 : 6D;
	8039 : 49;
	8040 : 6D;
	8041 : 6D;
	8042 : 49;
	8043 : 49;
	8044 : 49;
	8045 : 49;
	8046 : 49;
	8047 : 49;
	8048 : 49;
	8049 : 49;
	8050 : 49;
	8051 : 49;
	8052 : 49;
	8053 : 45;
	8054 : 25;
	8055 : 25;
	8056 : 25;
	8057 : 25;
	8058 : 00;
	8059 : 49;
	8060 : 25;
	8061 : 25;
	8062 : 00;
	8063 : 00;
	8064 : 49;
	8065 : 00;
	8066 : 24;
	8067 : 00;
	8068 : 00;
	8069 : 49;
	8070 : 00;
	8071 : 00;
	8072 : 25;
	8073 : 00;
	8074 : 49;
	8075 : 25;
	8076 : 00;
	8077 : 49;
	8078 : 00;
	8079 : 25;
	8080 : 49;
	8081 : 00;
	8082 : 69;
	8083 : 20;
	8084 : 25;
	8085 : 69;
	8086 : 00;
	8087 : 69;
	8088 : 25;
	8089 : 00;
	8090 : 49;
	8091 : 00;
	8092 : 49;
	8093 : 45;
	8094 : 00;
	8095 : 69;
	8096 : 00;
	8097 : 25;
	8098 : 45;
	8099 : 00;
	8100 : 49;
	8101 : 00;
	8102 : 69;
	8103 : 24;
	8104 : 25;
	8105 : 45;
	8106 : 92;
	8107 : 92;
	8108 : 92;
	8109 : 92;
	8110 : 6D;
	8111 : 49;
	8112 : 49;
	8113 : 6D;
	8114 : 92;
	8115 : 92;
	8116 : 92;
	8117 : 92;
	8118 : 92;
	8119 : 92;
	8120 : 92;
	8121 : 92;
	8122 : 92;
	8123 : B6;
	8124 : B6;
	8125 : B6;
	8126 : B6;
	8127 : B6;
	8128 : B6;
	8129 : B6;
	8130 : B6;
	8131 : B6;
	8132 : B6;
	8133 : B6;
	8134 : 92;
	8135 : 92;
	8136 : 92;
	8137 : 92;
	8138 : 92;
	8139 : 92;
	8140 : 92;
	8141 : 92;
	8142 : 92;
	8143 : 92;
	8144 : 92;
	8145 : 92;
	8146 : 92;
	8147 : 92;
	8148 : 92;
	8149 : 92;
	8150 : 92;
	8151 : 92;
	8152 : 92;
	8153 : 92;
	8154 : 92;
	8155 : 92;
	8156 : 92;
	8157 : 92;
	8158 : 92;
	8159 : 92;
	8160 : 25;
	8161 : 6D;
	8162 : 49;
	8163 : 49;
	8164 : 49;
	8165 : 49;
	8166 : 49;
	8167 : 25;
	8168 : 25;
	8169 : 25;
	8170 : 45;
	8171 : 25;
	8172 : 25;
	8173 : 49;
	8174 : 92;
	8175 : B2;
	8176 : 25;
	8177 : 25;
	8178 : 25;
	8179 : 25;
	8180 : 25;
	8181 : 25;
	8182 : 49;
	8183 : 49;
	8184 : 49;
	8185 : 49;
	8186 : 25;
	8187 : 49;
	8188 : 45;
	8189 : 49;
	8190 : 49;
	8191 : 49;
	8192 : 49;
	8193 : 45;
	8194 : 25;
	8195 : 25;
	8196 : 49;
	8197 : 49;
	8198 : 49;
	8199 : 49;
	8200 : 49;
	8201 : 49;
	8202 : 49;
	8203 : 49;
	8204 : 49;
	8205 : 49;
	8206 : 69;
	8207 : 69;
	8208 : 49;
	8209 : 49;
	8210 : 49;
	8211 : 45;
	8212 : 49;
	8213 : 49;
	8214 : 45;
	8215 : 25;
	8216 : 25;
	8217 : 00;
	8218 : 24;
	8219 : 24;
	8220 : 24;
	8221 : 49;
	8222 : 00;
	8223 : 00;
	8224 : 49;
	8225 : 00;
	8226 : 25;
	8227 : 20;
	8228 : 24;
	8229 : 49;
	8230 : 24;
	8231 : 00;
	8232 : 25;
	8233 : 24;
	8234 : 49;
	8235 : 25;
	8236 : 24;
	8237 : 49;
	8238 : 20;
	8239 : 45;
	8240 : 49;
	8241 : 24;
	8242 : 49;
	8243 : 25;
	8244 : 25;
	8245 : 69;
	8246 : 24;
	8247 : 69;
	8248 : 25;
	8249 : 00;
	8250 : 49;
	8251 : 24;
	8252 : 49;
	8253 : 49;
	8254 : 00;
	8255 : 45;
	8256 : 00;
	8257 : 20;
	8258 : 49;
	8259 : 00;
	8260 : 00;
	8261 : 00;
	8262 : 49;
	8263 : 25;
	8264 : 45;
	8265 : 49;
	8266 : 6D;
	8267 : 92;
	8268 : 92;
	8269 : 49;
	8270 : 49;
	8271 : 6D;
	8272 : 49;
	8273 : 49;
	8274 : 6E;
	8275 : 92;
	8276 : 92;
	8277 : 92;
	8278 : 92;
	8279 : 92;
	8280 : B6;
	8281 : B6;
	8282 : B6;
	8283 : B6;
	8284 : B6;
	8285 : B6;
	8286 : B6;
	8287 : B6;
	8288 : B6;
	8289 : 92;
	8290 : 92;
	8291 : 92;
	8292 : 92;
	8293 : 92;
	8294 : 92;
	8295 : 92;
	8296 : 92;
	8297 : 92;
	8298 : 92;
	8299 : 92;
	8300 : 92;
	8301 : 92;
	8302 : B2;
	8303 : B2;
	8304 : B6;
	8305 : B2;
	8306 : 92;
	8307 : 92;
	8308 : 92;
	8309 : 92;
	8310 : 92;
	8311 : 92;
	8312 : 92;
	8313 : 92;
	8314 : 92;
	8315 : 92;
	8316 : 92;
	8317 : 92;
	8318 : 92;
	8319 : 92;
	8320 : 45;
	8321 : 45;
	8322 : 92;
	8323 : 6E;
	8324 : 25;
	8325 : 25;
	8326 : 04;
	8327 : 25;
	8328 : 49;
	8329 : 24;
	8330 : 25;
	8331 : 92;
	8332 : 49;
	8333 : 24;
	8334 : 45;
	8335 : 49;
	8336 : 25;
	8337 : 25;
	8338 : 25;
	8339 : 25;
	8340 : 25;
	8341 : 49;
	8342 : 49;
	8343 : 49;
	8344 : 49;
	8345 : 49;
	8346 : 49;
	8347 : 49;
	8348 : 49;
	8349 : 25;
	8350 : 25;
	8351 : 49;
	8352 : 49;
	8353 : 49;
	8354 : 49;
	8355 : 49;
	8356 : 49;
	8357 : 49;
	8358 : 49;
	8359 : 49;
	8360 : 45;
	8361 : 49;
	8362 : 45;
	8363 : 45;
	8364 : 45;
	8365 : 49;
	8366 : 49;
	8367 : 49;
	8368 : 49;
	8369 : 49;
	8370 : 49;
	8371 : 49;
	8372 : 45;
	8373 : 25;
	8374 : 25;
	8375 : 25;
	8376 : 49;
	8377 : 00;
	8378 : 00;
	8379 : 00;
	8380 : 00;
	8381 : 45;
	8382 : 25;
	8383 : 20;
	8384 : 25;
	8385 : 24;
	8386 : 25;
	8387 : 24;
	8388 : 24;
	8389 : 49;
	8390 : 25;
	8391 : 24;
	8392 : 25;
	8393 : 25;
	8394 : 49;
	8395 : 25;
	8396 : 04;
	8397 : 49;
	8398 : 24;
	8399 : 45;
	8400 : 49;
	8401 : 04;
	8402 : 49;
	8403 : 24;
	8404 : 25;
	8405 : 49;
	8406 : 24;
	8407 : 49;
	8408 : 25;
	8409 : 20;
	8410 : 49;
	8411 : 25;
	8412 : 45;
	8413 : 49;
	8414 : 24;
	8415 : 25;
	8416 : 24;
	8417 : 00;
	8418 : 49;
	8419 : 00;
	8420 : 00;
	8421 : 00;
	8422 : 24;
	8423 : 49;
	8424 : 25;
	8425 : 25;
	8426 : 25;
	8427 : 92;
	8428 : 92;
	8429 : 6D;
	8430 : 69;
	8431 : 49;
	8432 : 49;
	8433 : 49;
	8434 : 6D;
	8435 : 92;
	8436 : B6;
	8437 : B6;
	8438 : B6;
	8439 : B6;
	8440 : B6;
	8441 : B6;
	8442 : B6;
	8443 : B6;
	8444 : B6;
	8445 : B6;
	8446 : 92;
	8447 : 92;
	8448 : 92;
	8449 : 92;
	8450 : 92;
	8451 : 92;
	8452 : 92;
	8453 : 92;
	8454 : 92;
	8455 : 92;
	8456 : 92;
	8457 : 92;
	8458 : 92;
	8459 : 92;
	8460 : 92;
	8461 : B6;
	8462 : 92;
	8463 : 92;
	8464 : 92;
	8465 : 92;
	8466 : 92;
	8467 : 92;
	8468 : 92;
	8469 : 92;
	8470 : 92;
	8471 : 92;
	8472 : 92;
	8473 : 92;
	8474 : 92;
	8475 : 92;
	8476 : 6D;
	8477 : 92;
	8478 : 92;
	8479 : 92;
	8480 : 6D;
	8481 : 6E;
	8482 : 25;
	8483 : 6D;
	8484 : 00;
	8485 : 25;
	8486 : 45;
	8487 : 25;
	8488 : 45;
	8489 : 6E;
	8490 : 92;
	8491 : B2;
	8492 : 6E;
	8493 : 24;
	8494 : 45;
	8495 : 25;
	8496 : 25;
	8497 : 25;
	8498 : 25;
	8499 : 25;
	8500 : 49;
	8501 : 49;
	8502 : 49;
	8503 : 49;
	8504 : 49;
	8505 : 49;
	8506 : 49;
	8507 : 49;
	8508 : 49;
	8509 : 45;
	8510 : 49;
	8511 : 69;
	8512 : 6D;
	8513 : 6E;
	8514 : 49;
	8515 : 6D;
	8516 : 92;
	8517 : 92;
	8518 : 92;
	8519 : 8E;
	8520 : 6E;
	8521 : 6E;
	8522 : 69;
	8523 : 69;
	8524 : 49;
	8525 : 49;
	8526 : 49;
	8527 : 45;
	8528 : 45;
	8529 : 49;
	8530 : 49;
	8531 : 49;
	8532 : 25;
	8533 : 25;
	8534 : 49;
	8535 : 25;
	8536 : 49;
	8537 : 00;
	8538 : 24;
	8539 : 00;
	8540 : 00;
	8541 : 69;
	8542 : 20;
	8543 : 00;
	8544 : 49;
	8545 : 00;
	8546 : 25;
	8547 : 00;
	8548 : 00;
	8549 : 69;
	8550 : 24;
	8551 : 00;
	8552 : 25;
	8553 : 24;
	8554 : 49;
	8555 : 25;
	8556 : 00;
	8557 : 49;
	8558 : 00;
	8559 : 45;
	8560 : 69;
	8561 : 00;
	8562 : 69;
	8563 : 24;
	8564 : 24;
	8565 : 49;
	8566 : 00;
	8567 : 69;
	8568 : 24;
	8569 : 00;
	8570 : 69;
	8571 : 24;
	8572 : 25;
	8573 : 49;
	8574 : 00;
	8575 : 25;
	8576 : 00;
	8577 : 00;
	8578 : 69;
	8579 : 00;
	8580 : 00;
	8581 : 25;
	8582 : 24;
	8583 : 49;
	8584 : 25;
	8585 : 49;
	8586 : 49;
	8587 : 92;
	8588 : 8E;
	8589 : 49;
	8590 : 6D;
	8591 : 6D;
	8592 : 6D;
	8593 : 6D;
	8594 : 92;
	8595 : 92;
	8596 : B6;
	8597 : B6;
	8598 : B6;
	8599 : B6;
	8600 : B6;
	8601 : B6;
	8602 : B6;
	8603 : B6;
	8604 : B6;
	8605 : B6;
	8606 : B6;
	8607 : B6;
	8608 : B6;
	8609 : 92;
	8610 : 92;
	8611 : 92;
	8612 : 92;
	8613 : 92;
	8614 : 92;
	8615 : 92;
	8616 : 92;
	8617 : 92;
	8618 : 92;
	8619 : B2;
	8620 : B6;
	8621 : 92;
	8622 : 92;
	8623 : 92;
	8624 : 92;
	8625 : 92;
	8626 : 92;
	8627 : 92;
	8628 : 92;
	8629 : B2;
	8630 : B2;
	8631 : 92;
	8632 : 92;
	8633 : 92;
	8634 : 92;
	8635 : 92;
	8636 : 69;
	8637 : 92;
	8638 : 92;
	8639 : 8E;
	8640 : 49;
	8641 : 6D;
	8642 : 92;
	8643 : B2;
	8644 : 6D;
	8645 : 49;
	8646 : 25;
	8647 : 6E;
	8648 : 6D;
	8649 : B2;
	8650 : B2;
	8651 : 92;
	8652 : 49;
	8653 : 49;
	8654 : 00;
	8655 : 45;
	8656 : 25;
	8657 : 25;
	8658 : 25;
	8659 : 25;
	8660 : 49;
	8661 : 49;
	8662 : 49;
	8663 : 49;
	8664 : 49;
	8665 : 49;
	8666 : 49;
	8667 : 49;
	8668 : 49;
	8669 : 49;
	8670 : 49;
	8671 : 49;
	8672 : 49;
	8673 : 49;
	8674 : 49;
	8675 : 6D;
	8676 : 8E;
	8677 : 6D;
	8678 : 6E;
	8679 : 6E;
	8680 : 6E;
	8681 : 6E;
	8682 : 6E;
	8683 : 6E;
	8684 : 6E;
	8685 : 6D;
	8686 : 8E;
	8687 : 49;
	8688 : 49;
	8689 : 49;
	8690 : 49;
	8691 : 49;
	8692 : 00;
	8693 : 25;
	8694 : 24;
	8695 : 00;
	8696 : 00;
	8697 : 00;
	8698 : 00;
	8699 : 00;
	8700 : 00;
	8701 : 24;
	8702 : 00;
	8703 : 00;
	8704 : 00;
	8705 : 00;
	8706 : 00;
	8707 : 00;
	8708 : 00;
	8709 : 24;
	8710 : 00;
	8711 : 00;
	8712 : 00;
	8713 : 00;
	8714 : 00;
	8715 : 00;
	8716 : 00;
	8717 : 00;
	8718 : 00;
	8719 : 00;
	8720 : 24;
	8721 : 00;
	8722 : 00;
	8723 : 00;
	8724 : 00;
	8725 : 20;
	8726 : 00;
	8727 : 24;
	8728 : 00;
	8729 : 00;
	8730 : 00;
	8731 : 00;
	8732 : 00;
	8733 : 00;
	8734 : 00;
	8735 : 00;
	8736 : 00;
	8737 : 00;
	8738 : 20;
	8739 : 00;
	8740 : 00;
	8741 : 00;
	8742 : 00;
	8743 : 00;
	8744 : 00;
	8745 : 25;
	8746 : 25;
	8747 : 49;
	8748 : 6D;
	8749 : 6E;
	8750 : 6D;
	8751 : 49;
	8752 : 49;
	8753 : 49;
	8754 : 49;
	8755 : 92;
	8756 : B6;
	8757 : B6;
	8758 : B6;
	8759 : B6;
	8760 : B6;
	8761 : B6;
	8762 : B6;
	8763 : B6;
	8764 : B6;
	8765 : B6;
	8766 : B6;
	8767 : B6;
	8768 : B6;
	8769 : B6;
	8770 : B6;
	8771 : B6;
	8772 : B2;
	8773 : 92;
	8774 : 92;
	8775 : 92;
	8776 : 92;
	8777 : 92;
	8778 : 92;
	8779 : 92;
	8780 : 92;
	8781 : 92;
	8782 : 92;
	8783 : 92;
	8784 : 92;
	8785 : 92;
	8786 : B6;
	8787 : B6;
	8788 : B6;
	8789 : B6;
	8790 : B6;
	8791 : 92;
	8792 : B2;
	8793 : B2;
	8794 : B2;
	8795 : 6E;
	8796 : 49;
	8797 : 69;
	8798 : 92;
	8799 : 69;
	8800 : 6D;
	8801 : 92;
	8802 : B2;
	8803 : B6;
	8804 : 25;
	8805 : 25;
	8806 : 29;
	8807 : 49;
	8808 : 49;
	8809 : 49;
	8810 : 49;
	8811 : 49;
	8812 : 25;
	8813 : 25;
	8814 : 00;
	8815 : 24;
	8816 : 24;
	8817 : 24;
	8818 : 25;
	8819 : 25;
	8820 : 25;
	8821 : 49;
	8822 : 25;
	8823 : 45;
	8824 : 49;
	8825 : 25;
	8826 : 49;
	8827 : 49;
	8828 : 49;
	8829 : 49;
	8830 : 49;
	8831 : 69;
	8832 : 69;
	8833 : 49;
	8834 : 49;
	8835 : 6D;
	8836 : 92;
	8837 : 92;
	8838 : 92;
	8839 : 92;
	8840 : 92;
	8841 : 92;
	8842 : 8E;
	8843 : 8E;
	8844 : 6E;
	8845 : 69;
	8846 : 49;
	8847 : 49;
	8848 : 6D;
	8849 : 49;
	8850 : 6D;
	8851 : 49;
	8852 : 49;
	8853 : 00;
	8854 : 00;
	8855 : 00;
	8856 : 00;
	8857 : 00;
	8858 : 00;
	8859 : 00;
	8860 : 00;
	8861 : 00;
	8862 : 00;
	8863 : 00;
	8864 : 00;
	8865 : 00;
	8866 : 00;
	8867 : 00;
	8868 : 00;
	8869 : 00;
	8870 : 00;
	8871 : 00;
	8872 : 00;
	8873 : 00;
	8874 : 00;
	8875 : 00;
	8876 : 00;
	8877 : 00;
	8878 : 00;
	8879 : 00;
	8880 : 00;
	8881 : 00;
	8882 : 00;
	8883 : 00;
	8884 : 00;
	8885 : 00;
	8886 : 00;
	8887 : 00;
	8888 : 00;
	8889 : 00;
	8890 : 00;
	8891 : 00;
	8892 : 00;
	8893 : 00;
	8894 : 00;
	8895 : 00;
	8896 : 00;
	8897 : 00;
	8898 : 00;
	8899 : 00;
	8900 : 00;
	8901 : 00;
	8902 : 00;
	8903 : 00;
	8904 : 00;
	8905 : 00;
	8906 : 00;
	8907 : 6E;
	8908 : 6E;
	8909 : 6D;
	8910 : 6D;
	8911 : 49;
	8912 : 49;
	8913 : 49;
	8914 : 92;
	8915 : 92;
	8916 : B2;
	8917 : B6;
	8918 : B6;
	8919 : 92;
	8920 : 92;
	8921 : 92;
	8922 : 92;
	8923 : 92;
	8924 : 92;
	8925 : B2;
	8926 : B6;
	8927 : B6;
	8928 : B6;
	8929 : B6;
	8930 : B6;
	8931 : B6;
	8932 : B6;
	8933 : 92;
	8934 : 92;
	8935 : 92;
	8936 : 92;
	8937 : 92;
	8938 : 92;
	8939 : 92;
	8940 : 92;
	8941 : 92;
	8942 : 92;
	8943 : 92;
	8944 : 92;
	8945 : B2;
	8946 : B6;
	8947 : B6;
	8948 : B6;
	8949 : B6;
	8950 : B6;
	8951 : 8E;
	8952 : 92;
	8953 : B2;
	8954 : 8E;
	8955 : 6D;
	8956 : 49;
	8957 : 8E;
	8958 : 92;
	8959 : 69;
	8960 : 49;
	8961 : 92;
	8962 : 49;
	8963 : 49;
	8964 : 25;
	8965 : 29;
	8966 : 49;
	8967 : 49;
	8968 : 49;
	8969 : 49;
	8970 : 49;
	8971 : 49;
	8972 : 6D;
	8973 : 20;
	8974 : 6E;
	8975 : 45;
	8976 : 45;
	8977 : 24;
	8978 : 00;
	8979 : 00;
	8980 : 25;
	8981 : 25;
	8982 : 00;
	8983 : 00;
	8984 : 04;
	8985 : 00;
	8986 : 25;
	8987 : 25;
	8988 : 29;
	8989 : 49;
	8990 : 49;
	8991 : 49;
	8992 : 6D;
	8993 : 49;
	8994 : 49;
	8995 : 6D;
	8996 : 92;
	8997 : 92;
	8998 : 92;
	8999 : 92;
	9000 : B2;
	9001 : B6;
	9002 : B6;
	9003 : 92;
	9004 : 92;
	9005 : 92;
	9006 : 92;
	9007 : 49;
	9008 : 6D;
	9009 : 49;
	9010 : 6D;
	9011 : 6D;
	9012 : 6D;
	9013 : 69;
	9014 : 00;
	9015 : 24;
	9016 : 00;
	9017 : 00;
	9018 : 00;
	9019 : 00;
	9020 : 00;
	9021 : 00;
	9022 : 00;
	9023 : 00;
	9024 : 00;
	9025 : 00;
	9026 : 00;
	9027 : 00;
	9028 : 00;
	9029 : 00;
	9030 : 00;
	9031 : 00;
	9032 : 00;
	9033 : 00;
	9034 : 00;
	9035 : 00;
	9036 : 00;
	9037 : 00;
	9038 : 00;
	9039 : 00;
	9040 : 00;
	9041 : 00;
	9042 : 00;
	9043 : 00;
	9044 : 00;
	9045 : 00;
	9046 : 00;
	9047 : 00;
	9048 : 00;
	9049 : 00;
	9050 : 00;
	9051 : 00;
	9052 : 00;
	9053 : 00;
	9054 : 00;
	9055 : 00;
	9056 : 00;
	9057 : 00;
	9058 : 00;
	9059 : 00;
	9060 : 00;
	9061 : 00;
	9062 : 00;
	9063 : 00;
	9064 : 20;
	9065 : 20;
	9066 : 6E;
	9067 : 6E;
	9068 : 6D;
	9069 : 49;
	9070 : 49;
	9071 : 49;
	9072 : 49;
	9073 : 49;
	9074 : 6D;
	9075 : 6E;
	9076 : 6E;
	9077 : 6E;
	9078 : 6E;
	9079 : 6E;
	9080 : 6E;
	9081 : 6E;
	9082 : 6E;
	9083 : 6E;
	9084 : 6E;
	9085 : 6E;
	9086 : 6E;
	9087 : 6E;
	9088 : B2;
	9089 : B6;
	9090 : B6;
	9091 : B6;
	9092 : B6;
	9093 : B6;
	9094 : B6;
	9095 : B6;
	9096 : B6;
	9097 : B6;
	9098 : B6;
	9099 : B6;
	9100 : B6;
	9101 : B6;
	9102 : B6;
	9103 : B6;
	9104 : B6;
	9105 : B6;
	9106 : B6;
	9107 : B6;
	9108 : B6;
	9109 : B6;
	9110 : B6;
	9111 : 49;
	9112 : B2;
	9113 : 92;
	9114 : 6D;
	9115 : 6D;
	9116 : 49;
	9117 : 49;
	9118 : 6D;
	9119 : 49;
	9120 : 49;
	9121 : 49;
	9122 : 6D;
	9123 : 49;
	9124 : 49;
	9125 : 49;
	9126 : 49;
	9127 : 49;
	9128 : 49;
	9129 : 49;
	9130 : 49;
	9131 : 25;
	9132 : 25;
	9133 : 6D;
	9134 : 25;
	9135 : 25;
	9136 : 24;
	9137 : 25;
	9138 : 25;
	9139 : 25;
	9140 : 25;
	9141 : 25;
	9142 : 24;
	9143 : 00;
	9144 : 00;
	9145 : 24;
	9146 : 00;
	9147 : 24;
	9148 : 25;
	9149 : 69;
	9150 : 6D;
	9151 : 6D;
	9152 : 6D;
	9153 : 6E;
	9154 : 49;
	9155 : 6D;
	9156 : 92;
	9157 : 92;
	9158 : 92;
	9159 : 92;
	9160 : 92;
	9161 : B2;
	9162 : B2;
	9163 : 92;
	9164 : 92;
	9165 : 92;
	9166 : 92;
	9167 : 49;
	9168 : 6D;
	9169 : 49;
	9170 : 6D;
	9171 : 6D;
	9172 : 6D;
	9173 : 69;
	9174 : 92;
	9175 : 92;
	9176 : 25;
	9177 : 45;
	9178 : 24;
	9179 : 00;
	9180 : 00;
	9181 : 24;
	9182 : 24;
	9183 : 24;
	9184 : 00;
	9185 : 49;
	9186 : 00;
	9187 : 45;
	9188 : 24;
	9189 : 25;
	9190 : 25;
	9191 : 20;
	9192 : 24;
	9193 : 25;
	9194 : 20;
	9195 : 20;
	9196 : 24;
	9197 : 20;
	9198 : 25;
	9199 : 20;
	9200 : 20;
	9201 : 25;
	9202 : 20;
	9203 : 20;
	9204 : 25;
	9205 : 00;
	9206 : 25;
	9207 : 20;
	9208 : 20;
	9209 : 25;
	9210 : 25;
	9211 : 00;
	9212 : 20;
	9213 : 00;
	9214 : 25;
	9215 : 24;
	9216 : 00;
	9217 : 25;
	9218 : 25;
	9219 : 00;
	9220 : 00;
	9221 : 24;
	9222 : 25;
	9223 : 25;
	9224 : 49;
	9225 : 6E;
	9226 : 6E;
	9227 : 6D;
	9228 : 6D;
	9229 : 6D;
	9230 : 6D;
	9231 : 6D;
	9232 : 49;
	9233 : 6D;
	9234 : 49;
	9235 : 49;
	9236 : 6E;
	9237 : 6E;
	9238 : 6E;
	9239 : 6E;
	9240 : 6E;
	9241 : 6E;
	9242 : 6E;
	9243 : 6E;
	9244 : 6E;
	9245 : 6E;
	9246 : 6E;
	9247 : 6E;
	9248 : 6E;
	9249 : 6E;
	9250 : 6E;
	9251 : 8E;
	9252 : B6;
	9253 : B2;
	9254 : B6;
	9255 : B6;
	9256 : B6;
	9257 : B6;
	9258 : B6;
	9259 : B6;
	9260 : B6;
	9261 : B6;
	9262 : B6;
	9263 : B6;
	9264 : B6;
	9265 : B6;
	9266 : B6;
	9267 : B6;
	9268 : B6;
	9269 : B6;
	9270 : 92;
	9271 : 69;
	9272 : 6E;
	9273 : 6E;
	9274 : 49;
	9275 : 69;
	9276 : 49;
	9277 : 49;
	9278 : 49;
	9279 : 69;
	9280 : 25;
	9281 : 25;
	9282 : 49;
	9283 : 49;
	9284 : 49;
	9285 : 45;
	9286 : 49;
	9287 : 49;
	9288 : 25;
	9289 : 25;
	9290 : 25;
	9291 : 25;
	9292 : 25;
	9293 : 49;
	9294 : 25;
	9295 : 24;
	9296 : 25;
	9297 : 25;
	9298 : 49;
	9299 : 49;
	9300 : 49;
	9301 : 49;
	9302 : 25;
	9303 : 00;
	9304 : 24;
	9305 : 25;
	9306 : 00;
	9307 : 25;
	9308 : 49;
	9309 : 6D;
	9310 : 6D;
	9311 : 69;
	9312 : 49;
	9313 : 49;
	9314 : 49;
	9315 : 49;
	9316 : 69;
	9317 : 8E;
	9318 : 92;
	9319 : 92;
	9320 : 92;
	9321 : 92;
	9322 : 92;
	9323 : 92;
	9324 : 92;
	9325 : 92;
	9326 : 92;
	9327 : 49;
	9328 : 6D;
	9329 : 49;
	9330 : 6D;
	9331 : 6D;
	9332 : 49;
	9333 : 49;
	9334 : 69;
	9335 : 6D;
	9336 : 6D;
	9337 : 8E;
	9338 : 00;
	9339 : 00;
	9340 : 00;
	9341 : 24;
	9342 : 25;
	9343 : 25;
	9344 : 00;
	9345 : 00;
	9346 : 00;
	9347 : 00;
	9348 : 00;
	9349 : 45;
	9350 : 24;
	9351 : 45;
	9352 : 45;
	9353 : 45;
	9354 : 25;
	9355 : 25;
	9356 : 45;
	9357 : 45;
	9358 : 45;
	9359 : 45;
	9360 : 25;
	9361 : 45;
	9362 : 25;
	9363 : 25;
	9364 : 45;
	9365 : 25;
	9366 : 45;
	9367 : 45;
	9368 : 45;
	9369 : 25;
	9370 : 45;
	9371 : 00;
	9372 : 00;
	9373 : 00;
	9374 : 00;
	9375 : 20;
	9376 : 00;
	9377 : 25;
	9378 : 25;
	9379 : 00;
	9380 : 00;
	9381 : 00;
	9382 : 6E;
	9383 : 6E;
	9384 : 6E;
	9385 : 6E;
	9386 : 6E;
	9387 : 6D;
	9388 : 49;
	9389 : 49;
	9390 : 49;
	9391 : 6D;
	9392 : 6D;
	9393 : 6D;
	9394 : 49;
	9395 : 49;
	9396 : 6E;
	9397 : 6E;
	9398 : 6E;
	9399 : 6E;
	9400 : 6E;
	9401 : 6E;
	9402 : 6E;
	9403 : 6E;
	9404 : 6E;
	9405 : 6E;
	9406 : 6E;
	9407 : 6E;
	9408 : 6E;
	9409 : 6E;
	9410 : 6E;
	9411 : 6E;
	9412 : 6E;
	9413 : 92;
	9414 : B6;
	9415 : B6;
	9416 : B6;
	9417 : B6;
	9418 : B6;
	9419 : B6;
	9420 : B6;
	9421 : B6;
	9422 : B6;
	9423 : B6;
	9424 : B6;
	9425 : B6;
	9426 : B6;
	9427 : B6;
	9428 : B6;
	9429 : 92;
	9430 : 8E;
	9431 : 6D;
	9432 : 6D;
	9433 : 6D;
	9434 : 49;
	9435 : 49;
	9436 : 49;
	9437 : 49;
	9438 : 49;
	9439 : 69;
	9440 : 25;
	9441 : 49;
	9442 : 49;
	9443 : 49;
	9444 : 00;
	9445 : 00;
	9446 : 24;
	9447 : 25;
	9448 : 24;
	9449 : 24;
	9450 : 24;
	9451 : 00;
	9452 : 49;
	9453 : 49;
	9454 : 49;
	9455 : 49;
	9456 : 49;
	9457 : 49;
	9458 : 49;
	9459 : 49;
	9460 : 49;
	9461 : 49;
	9462 : 49;
	9463 : 25;
	9464 : 49;
	9465 : 49;
	9466 : 45;
	9467 : 25;
	9468 : 25;
	9469 : 45;
	9470 : 45;
	9471 : 45;
	9472 : 45;
	9473 : 49;
	9474 : 49;
	9475 : 49;
	9476 : 69;
	9477 : 69;
	9478 : 69;
	9479 : 6D;
	9480 : 6D;
	9481 : 69;
	9482 : 69;
	9483 : 69;
	9484 : 69;
	9485 : 69;
	9486 : 49;
	9487 : 45;
	9488 : 49;
	9489 : 49;
	9490 : 49;
	9491 : 49;
	9492 : 49;
	9493 : 49;
	9494 : 69;
	9495 : 6D;
	9496 : 69;
	9497 : 69;
	9498 : 49;
	9499 : 00;
	9500 : 00;
	9501 : 00;
	9502 : 25;
	9503 : 45;
	9504 : 25;
	9505 : 24;
	9506 : 00;
	9507 : 00;
	9508 : 00;
	9509 : 49;
	9510 : 49;
	9511 : 69;
	9512 : 49;
	9513 : 49;
	9514 : 24;
	9515 : 45;
	9516 : 69;
	9517 : 49;
	9518 : 45;
	9519 : 45;
	9520 : 45;
	9521 : 45;
	9522 : 69;
	9523 : 69;
	9524 : 69;
	9525 : 49;
	9526 : 24;
	9527 : 49;
	9528 : 69;
	9529 : 49;
	9530 : 49;
	9531 : 00;
	9532 : 00;
	9533 : 00;
	9534 : 00;
	9535 : 25;
	9536 : 24;
	9537 : 24;
	9538 : 24;
	9539 : 00;
	9540 : 00;
	9541 : 45;
	9542 : 6E;
	9543 : 6E;
	9544 : 6E;
	9545 : 6E;
	9546 : 49;
	9547 : 49;
	9548 : 49;
	9549 : 49;
	9550 : 49;
	9551 : 49;
	9552 : 49;
	9553 : 69;
	9554 : 6D;
	9555 : 6D;
	9556 : 49;
	9557 : 6D;
	9558 : 6E;
	9559 : 6E;
	9560 : 6E;
	9561 : 6E;
	9562 : 6E;
	9563 : 6E;
	9564 : 6E;
	9565 : 6E;
	9566 : 6E;
	9567 : 6E;
	9568 : 6E;
	9569 : 6E;
	9570 : 6E;
	9571 : 6E;
	9572 : 6E;
	9573 : 6E;
	9574 : 6E;
	9575 : 6E;
	9576 : 92;
	9577 : B6;
	9578 : B6;
	9579 : B6;
	9580 : B6;
	9581 : B6;
	9582 : B6;
	9583 : B6;
	9584 : B6;
	9585 : B6;
	9586 : 6D;
	9587 : 6E;
	9588 : 6E;
	9589 : 6E;
	9590 : 69;
	9591 : 69;
	9592 : 49;
	9593 : 6D;
	9594 : 49;
	9595 : 49;
	9596 : 6D;
	9597 : 49;
	9598 : 49;
	9599 : 49;
	9600 : 20;
	9601 : 00;
	9602 : 49;
	9603 : 49;
	9604 : 49;
	9605 : 25;
	9606 : 24;
	9607 : 00;
	9608 : 00;
	9609 : 25;
	9610 : 25;
	9611 : 25;
	9612 : 49;
	9613 : 49;
	9614 : 49;
	9615 : 49;
	9616 : 25;
	9617 : 29;
	9618 : 49;
	9619 : 49;
	9620 : 25;
	9621 : 49;
	9622 : 24;
	9623 : 20;
	9624 : 25;
	9625 : 25;
	9626 : 25;
	9627 : 45;
	9628 : 45;
	9629 : 25;
	9630 : 25;
	9631 : 25;
	9632 : 45;
	9633 : 25;
	9634 : 25;
	9635 : 49;
	9636 : 49;
	9637 : 49;
	9638 : 49;
	9639 : 49;
	9640 : 49;
	9641 : 49;
	9642 : 49;
	9643 : 49;
	9644 : 49;
	9645 : 49;
	9646 : 49;
	9647 : 45;
	9648 : 45;
	9649 : 49;
	9650 : 49;
	9651 : 49;
	9652 : 49;
	9653 : 49;
	9654 : 69;
	9655 : 69;
	9656 : 69;
	9657 : 69;
	9658 : 45;
	9659 : 00;
	9660 : 00;
	9661 : 00;
	9662 : 25;
	9663 : 25;
	9664 : 25;
	9665 : 24;
	9666 : 00;
	9667 : 00;
	9668 : 00;
	9669 : 49;
	9670 : 45;
	9671 : 69;
	9672 : 25;
	9673 : 25;
	9674 : 45;
	9675 : 69;
	9676 : 45;
	9677 : 69;
	9678 : 24;
	9679 : 25;
	9680 : 25;
	9681 : 24;
	9682 : 69;
	9683 : 49;
	9684 : 69;
	9685 : 25;
	9686 : 24;
	9687 : 49;
	9688 : 69;
	9689 : 49;
	9690 : 49;
	9691 : 00;
	9692 : 00;
	9693 : 00;
	9694 : 00;
	9695 : 45;
	9696 : 25;
	9697 : 20;
	9698 : 00;
	9699 : 00;
	9700 : 00;
	9701 : 25;
	9702 : 69;
	9703 : 6E;
	9704 : 6E;
	9705 : 6E;
	9706 : 49;
	9707 : 49;
	9708 : 49;
	9709 : 49;
	9710 : 49;
	9711 : 49;
	9712 : 6D;
	9713 : 6D;
	9714 : 49;
	9715 : 49;
	9716 : 49;
	9717 : 6E;
	9718 : 6E;
	9719 : 6E;
	9720 : 6E;
	9721 : 6E;
	9722 : 6E;
	9723 : 6E;
	9724 : 6E;
	9725 : 6E;
	9726 : 6E;
	9727 : 6E;
	9728 : 6E;
	9729 : 6E;
	9730 : 6E;
	9731 : 6E;
	9732 : 6E;
	9733 : 6E;
	9734 : 6E;
	9735 : 6E;
	9736 : 6E;
	9737 : 6E;
	9738 : 92;
	9739 : B6;
	9740 : B6;
	9741 : B2;
	9742 : B6;
	9743 : B2;
	9744 : 92;
	9745 : 92;
	9746 : 6D;
	9747 : 6D;
	9748 : 6E;
	9749 : 6E;
	9750 : 6D;
	9751 : 69;
	9752 : 69;
	9753 : 49;
	9754 : 49;
	9755 : 49;
	9756 : 69;
	9757 : 49;
	9758 : 49;
	9759 : 49;
	9760 : 49;
	9761 : 49;
	9762 : 45;
	9763 : 45;
	9764 : 45;
	9765 : 00;
	9766 : 00;
	9767 : 25;
	9768 : 49;
	9769 : 49;
	9770 : 24;
	9771 : 00;
	9772 : 00;
	9773 : 04;
	9774 : 25;
	9775 : 24;
	9776 : 24;
	9777 : 24;
	9778 : 25;
	9779 : 25;
	9780 : 24;
	9781 : 20;
	9782 : 25;
	9783 : 25;
	9784 : 25;
	9785 : 24;
	9786 : 29;
	9787 : 25;
	9788 : 25;
	9789 : 49;
	9790 : 49;
	9791 : 49;
	9792 : 69;
	9793 : 49;
	9794 : 49;
	9795 : 49;
	9796 : 49;
	9797 : 6D;
	9798 : 6D;
	9799 : 6D;
	9800 : 6D;
	9801 : 69;
	9802 : 69;
	9803 : 49;
	9804 : 6D;
	9805 : 49;
	9806 : 49;
	9807 : 49;
	9808 : 49;
	9809 : 49;
	9810 : 49;
	9811 : 49;
	9812 : 49;
	9813 : 49;
	9814 : 6D;
	9815 : 69;
	9816 : 49;
	9817 : 45;
	9818 : 45;
	9819 : 45;
	9820 : 45;
	9821 : 25;
	9822 : 25;
	9823 : 25;
	9824 : 45;
	9825 : 25;
	9826 : 45;
	9827 : 45;
	9828 : 25;
	9829 : 49;
	9830 : 45;
	9831 : 69;
	9832 : 45;
	9833 : 49;
	9834 : 25;
	9835 : 25;
	9836 : 69;
	9837 : 45;
	9838 : 49;
	9839 : 49;
	9840 : 49;
	9841 : 49;
	9842 : 6D;
	9843 : 6D;
	9844 : 6D;
	9845 : 45;
	9846 : 25;
	9847 : 49;
	9848 : 69;
	9849 : 49;
	9850 : 49;
	9851 : 45;
	9852 : 45;
	9853 : 45;
	9854 : 24;
	9855 : 45;
	9856 : 25;
	9857 : 25;
	9858 : 45;
	9859 : 45;
	9860 : 45;
	9861 : 45;
	9862 : 45;
	9863 : 69;
	9864 : 49;
	9865 : 49;
	9866 : 6D;
	9867 : 6D;
	9868 : 6D;
	9869 : 6D;
	9870 : 6D;
	9871 : 49;
	9872 : 49;
	9873 : 49;
	9874 : 6D;
	9875 : 6D;
	9876 : 69;
	9877 : 6E;
	9878 : 6E;
	9879 : 6E;
	9880 : 6E;
	9881 : 6E;
	9882 : 6E;
	9883 : 6E;
	9884 : 6E;
	9885 : 6E;
	9886 : 6E;
	9887 : 6E;
	9888 : 6E;
	9889 : 6E;
	9890 : 6E;
	9891 : 6E;
	9892 : 6E;
	9893 : 6E;
	9894 : 6E;
	9895 : 6E;
	9896 : 6E;
	9897 : 6E;
	9898 : 6E;
	9899 : 6E;
	9900 : 6D;
	9901 : 6E;
	9902 : 6E;
	9903 : 6E;
	9904 : 6E;
	9905 : 6E;
	9906 : 69;
	9907 : 49;
	9908 : 69;
	9909 : 69;
	9910 : 6D;
	9911 : 6D;
	9912 : 49;
	9913 : 69;
	9914 : 69;
	9915 : 49;
	9916 : 6D;
	9917 : 49;
	9918 : 49;
	9919 : 49;
	9920 : 24;
	9921 : 49;
	9922 : 25;
	9923 : 69;
	9924 : 25;
	9925 : 45;
	9926 : 45;
	9927 : 49;
	9928 : 25;
	9929 : 00;
	9930 : 00;
	9931 : 24;
	9932 : 49;
	9933 : 49;
	9934 : 25;
	9935 : 00;
	9936 : 00;
	9937 : 25;
	9938 : 24;
	9939 : 25;
	9940 : 45;
	9941 : 24;
	9942 : 49;
	9943 : 45;
	9944 : 25;
	9945 : 25;
	9946 : 25;
	9947 : 6D;
	9948 : 49;
	9949 : 49;
	9950 : 49;
	9951 : 49;
	9952 : 49;
	9953 : 49;
	9954 : 49;
	9955 : 69;
	9956 : 49;
	9957 : 6D;
	9958 : 6D;
	9959 : 49;
	9960 : 49;
	9961 : 49;
	9962 : 49;
	9963 : 49;
	9964 : 49;
	9965 : 49;
	9966 : 69;
	9967 : 49;
	9968 : 49;
	9969 : 49;
	9970 : 49;
	9971 : 49;
	9972 : 49;
	9973 : 49;
	9974 : 49;
	9975 : 49;
	9976 : 49;
	9977 : 45;
	9978 : 45;
	9979 : 45;
	9980 : 45;
	9981 : 24;
	9982 : 25;
	9983 : 45;
	9984 : 25;
	9985 : 25;
	9986 : 45;
	9987 : 45;
	9988 : 45;
	9989 : 69;
	9990 : 45;
	9991 : 69;
	9992 : 25;
	9993 : 24;
	9994 : 49;
	9995 : 69;
	9996 : 69;
	9997 : 45;
	9998 : 69;
	9999 : 49;
	10000 : 49;
	10001 : 6D;
	10002 : 69;
	10003 : 49;
	10004 : 45;
	10005 : 49;
	10006 : 25;
	10007 : 49;
	10008 : 6D;
	10009 : 49;
	10010 : 69;
	10011 : 45;
	10012 : 45;
	10013 : 45;
	10014 : 24;
	10015 : 45;
	10016 : 45;
	10017 : 24;
	10018 : 25;
	10019 : 45;
	10020 : 45;
	10021 : 25;
	10022 : 25;
	10023 : 69;
	10024 : 49;
	10025 : 49;
	10026 : 49;
	10027 : 6D;
	10028 : 6D;
	10029 : 49;
	10030 : 49;
	10031 : 29;
	10032 : 49;
	10033 : 6D;
	10034 : 49;
	10035 : 49;
	10036 : 6D;
	10037 : 6D;
	10038 : 6E;
	10039 : 6E;
	10040 : 6E;
	10041 : 6E;
	10042 : 6E;
	10043 : 6E;
	10044 : 6E;
	10045 : 6E;
	10046 : 6E;
	10047 : 6E;
	10048 : 6E;
	10049 : 6E;
	10050 : 6E;
	10051 : 6E;
	10052 : 6E;
	10053 : 6E;
	10054 : 6E;
	10055 : 6E;
	10056 : 6E;
	10057 : 6E;
	10058 : 6E;
	10059 : 49;
	10060 : 6D;
	10061 : 49;
	10062 : 6E;
	10063 : 6E;
	10064 : 6E;
	10065 : 6E;
	10066 : 49;
	10067 : 49;
	10068 : 69;
	10069 : 6D;
	10070 : 6D;
	10071 : 49;
	10072 : 49;
	10073 : 69;
	10074 : 49;
	10075 : 49;
	10076 : 6D;
	10077 : 49;
	10078 : 49;
	10079 : 49;
	10080 : 6D;
	10081 : 24;
	10082 : 24;
	10083 : 45;
	10084 : 25;
	10085 : 49;
	10086 : 49;
	10087 : 25;
	10088 : 45;
	10089 : 45;
	10090 : 25;
	10091 : 24;
	10092 : 00;
	10093 : 00;
	10094 : 25;
	10095 : 25;
	10096 : 49;
	10097 : 25;
	10098 : 24;
	10099 : 20;
	10100 : 25;
	10101 : 25;
	10102 : 45;
	10103 : 49;
	10104 : 24;
	10105 : 00;
	10106 : 25;
	10107 : 6D;
	10108 : 6D;
	10109 : 49;
	10110 : 49;
	10111 : 49;
	10112 : 25;
	10113 : 25;
	10114 : 49;
	10115 : 49;
	10116 : 49;
	10117 : 49;
	10118 : 49;
	10119 : 69;
	10120 : 49;
	10121 : 49;
	10122 : 6D;
	10123 : 69;
	10124 : 49;
	10125 : 6D;
	10126 : 49;
	10127 : 49;
	10128 : 49;
	10129 : 49;
	10130 : 49;
	10131 : 49;
	10132 : 49;
	10133 : 49;
	10134 : 6E;
	10135 : 6E;
	10136 : 6E;
	10137 : 49;
	10138 : 49;
	10139 : 45;
	10140 : 45;
	10141 : 00;
	10142 : 25;
	10143 : 45;
	10144 : 45;
	10145 : 25;
	10146 : 49;
	10147 : 49;
	10148 : 49;
	10149 : 6D;
	10150 : 45;
	10151 : 6D;
	10152 : 49;
	10153 : 6D;
	10154 : 49;
	10155 : 69;
	10156 : 6D;
	10157 : 49;
	10158 : 24;
	10159 : 49;
	10160 : 6D;
	10161 : 25;
	10162 : 69;
	10163 : 69;
	10164 : 45;
	10165 : 6D;
	10166 : 49;
	10167 : 45;
	10168 : 6D;
	10169 : 49;
	10170 : 69;
	10171 : 49;
	10172 : 49;
	10173 : 49;
	10174 : 24;
	10175 : 45;
	10176 : 49;
	10177 : 00;
	10178 : 00;
	10179 : 45;
	10180 : 49;
	10181 : 45;
	10182 : 45;
	10183 : 49;
	10184 : 6D;
	10185 : 49;
	10186 : 49;
	10187 : 69;
	10188 : 49;
	10189 : 6D;
	10190 : 49;
	10191 : 49;
	10192 : 49;
	10193 : 49;
	10194 : 49;
	10195 : 49;
	10196 : 49;
	10197 : 49;
	10198 : 49;
	10199 : 6E;
	10200 : 6E;
	10201 : 6E;
	10202 : 6E;
	10203 : 6E;
	10204 : 6E;
	10205 : 6E;
	10206 : 6E;
	10207 : 6E;
	10208 : 6E;
	10209 : 6E;
	10210 : 6E;
	10211 : 6E;
	10212 : 6E;
	10213 : 6E;
	10214 : 6E;
	10215 : 6E;
	10216 : 6E;
	10217 : 6E;
	10218 : 6E;
	10219 : 49;
	10220 : 6D;
	10221 : 69;
	10222 : 6E;
	10223 : 6E;
	10224 : 6E;
	10225 : 6D;
	10226 : 49;
	10227 : 49;
	10228 : 49;
	10229 : 6D;
	10230 : 6D;
	10231 : 49;
	10232 : 49;
	10233 : 49;
	10234 : 49;
	10235 : 6D;
	10236 : 6D;
	10237 : 49;
	10238 : 49;
	10239 : 49;
	10240 : 49;
	10241 : 24;
	10242 : 24;
	10243 : 25;
	10244 : 69;
	10245 : 6D;
	10246 : 49;
	10247 : 25;
	10248 : 24;
	10249 : 25;
	10250 : 25;
	10251 : 25;
	10252 : 25;
	10253 : 25;
	10254 : 49;
	10255 : 49;
	10256 : 20;
	10257 : 00;
	10258 : 00;
	10259 : 25;
	10260 : 45;
	10261 : 45;
	10262 : 24;
	10263 : 25;
	10264 : 25;
	10265 : 24;
	10266 : 24;
	10267 : 00;
	10268 : 25;
	10269 : 25;
	10270 : 25;
	10271 : 24;
	10272 : 49;
	10273 : 6D;
	10274 : 49;
	10275 : 6D;
	10276 : 49;
	10277 : 49;
	10278 : 49;
	10279 : 69;
	10280 : 69;
	10281 : 49;
	10282 : 49;
	10283 : 69;
	10284 : 49;
	10285 : 6D;
	10286 : 69;
	10287 : 6D;
	10288 : 49;
	10289 : 45;
	10290 : 49;
	10291 : 49;
	10292 : 49;
	10293 : 49;
	10294 : 6E;
	10295 : 6D;
	10296 : 6D;
	10297 : 69;
	10298 : 49;
	10299 : 49;
	10300 : 6E;
	10301 : 92;
	10302 : 8E;
	10303 : 69;
	10304 : 49;
	10305 : 25;
	10306 : 24;
	10307 : 25;
	10308 : 24;
	10309 : 6D;
	10310 : 69;
	10311 : 49;
	10312 : 49;
	10313 : 49;
	10314 : 49;
	10315 : 49;
	10316 : 49;
	10317 : 49;
	10318 : 49;
	10319 : 49;
	10320 : 49;
	10321 : 49;
	10322 : 49;
	10323 : 49;
	10324 : 49;
	10325 : 49;
	10326 : 49;
	10327 : 49;
	10328 : 45;
	10329 : 69;
	10330 : 69;
	10331 : 25;
	10332 : 25;
	10333 : 25;
	10334 : 24;
	10335 : 49;
	10336 : 69;
	10337 : 8E;
	10338 : 8E;
	10339 : 8E;
	10340 : 69;
	10341 : 49;
	10342 : 69;
	10343 : 49;
	10344 : 49;
	10345 : 49;
	10346 : 49;
	10347 : 49;
	10348 : 49;
	10349 : 49;
	10350 : 49;
	10351 : 49;
	10352 : 6D;
	10353 : 6D;
	10354 : 6D;
	10355 : 49;
	10356 : 6D;
	10357 : 49;
	10358 : 49;
	10359 : 6D;
	10360 : 6D;
	10361 : 49;
	10362 : 6E;
	10363 : 6E;
	10364 : 69;
	10365 : 6E;
	10366 : 6E;
	10367 : 6E;
	10368 : 6E;
	10369 : 6E;
	10370 : 69;
	10371 : 6E;
	10372 : 6E;
	10373 : 6E;
	10374 : 6E;
	10375 : 6D;
	10376 : 6E;
	10377 : 6E;
	10378 : 6E;
	10379 : 49;
	10380 : 6D;
	10381 : 49;
	10382 : 6E;
	10383 : 6E;
	10384 : 69;
	10385 : 49;
	10386 : 49;
	10387 : 49;
	10388 : 69;
	10389 : 6E;
	10390 : 6D;
	10391 : 49;
	10392 : 49;
	10393 : 49;
	10394 : 49;
	10395 : 49;
	10396 : 49;
	10397 : 49;
	10398 : 49;
	10399 : 49;
	10400 : 25;
	10401 : 25;
	10402 : 49;
	10403 : 49;
	10404 : 00;
	10405 : 25;
	10406 : 69;
	10407 : 49;
	10408 : 49;
	10409 : 24;
	10410 : 24;
	10411 : 24;
	10412 : 25;
	10413 : 25;
	10414 : 45;
	10415 : 25;
	10416 : 49;
	10417 : 25;
	10418 : 25;
	10419 : 00;
	10420 : 00;
	10421 : 25;
	10422 : 49;
	10423 : 49;
	10424 : 24;
	10425 : 25;
	10426 : 25;
	10427 : 00;
	10428 : 00;
	10429 : 24;
	10430 : 00;
	10431 : 00;
	10432 : 25;
	10433 : 24;
	10434 : 25;
	10435 : 25;
	10436 : 25;
	10437 : 45;
	10438 : 49;
	10439 : 45;
	10440 : 49;
	10441 : 25;
	10442 : 49;
	10443 : 25;
	10444 : 49;
	10445 : 69;
	10446 : 45;
	10447 : 49;
	10448 : 49;
	10449 : 25;
	10450 : 49;
	10451 : 49;
	10452 : 49;
	10453 : 49;
	10454 : 69;
	10455 : 6D;
	10456 : 49;
	10457 : 69;
	10458 : 49;
	10459 : 49;
	10460 : 6E;
	10461 : 92;
	10462 : 92;
	10463 : 6E;
	10464 : 49;
	10465 : 25;
	10466 : 00;
	10467 : 00;
	10468 : 00;
	10469 : 00;
	10470 : 00;
	10471 : 00;
	10472 : 00;
	10473 : 00;
	10474 : 00;
	10475 : 00;
	10476 : 00;
	10477 : 00;
	10478 : 00;
	10479 : 00;
	10480 : 00;
	10481 : 00;
	10482 : 00;
	10483 : 00;
	10484 : 00;
	10485 : 00;
	10486 : 00;
	10487 : 00;
	10488 : 00;
	10489 : 00;
	10490 : 00;
	10491 : 00;
	10492 : 00;
	10493 : 00;
	10494 : 20;
	10495 : 49;
	10496 : 69;
	10497 : 8E;
	10498 : 8E;
	10499 : 6E;
	10500 : 6D;
	10501 : 49;
	10502 : 69;
	10503 : 69;
	10504 : 49;
	10505 : 49;
	10506 : 49;
	10507 : 49;
	10508 : 49;
	10509 : 25;
	10510 : 25;
	10511 : 49;
	10512 : 49;
	10513 : 49;
	10514 : 49;
	10515 : 49;
	10516 : 49;
	10517 : 49;
	10518 : 49;
	10519 : 49;
	10520 : 49;
	10521 : 49;
	10522 : 6E;
	10523 : 6E;
	10524 : 69;
	10525 : 6E;
	10526 : 6E;
	10527 : 6E;
	10528 : 6E;
	10529 : 6E;
	10530 : 49;
	10531 : 6E;
	10532 : 6D;
	10533 : 6E;
	10534 : 6D;
	10535 : 69;
	10536 : 69;
	10537 : 6E;
	10538 : 6E;
	10539 : 49;
	10540 : 6D;
	10541 : 49;
	10542 : 6E;
	10543 : 6E;
	10544 : 6E;
	10545 : 6D;
	10546 : 49;
	10547 : 49;
	10548 : 49;
	10549 : 49;
	10550 : 49;
	10551 : 49;
	10552 : 49;
	10553 : 49;
	10554 : 69;
	10555 : 6D;
	10556 : 69;
	10557 : 49;
	10558 : 49;
	10559 : 49;
	10560 : 25;
	10561 : 8E;
	10562 : 45;
	10563 : 6E;
	10564 : 24;
	10565 : 45;
	10566 : 49;
	10567 : 49;
	10568 : 49;
	10569 : 24;
	10570 : 24;
	10571 : 49;
	10572 : 6D;
	10573 : 49;
	10574 : 25;
	10575 : 25;
	10576 : 00;
	10577 : 24;
	10578 : 25;
	10579 : 25;
	10580 : 25;
	10581 : 49;
	10582 : 25;
	10583 : 25;
	10584 : 00;
	10585 : 00;
	10586 : 00;
	10587 : 00;
	10588 : 00;
	10589 : 00;
	10590 : 00;
	10591 : 00;
	10592 : 00;
	10593 : 00;
	10594 : 00;
	10595 : 20;
	10596 : 45;
	10597 : 45;
	10598 : 25;
	10599 : 25;
	10600 : 25;
	10601 : 25;
	10602 : 25;
	10603 : 25;
	10604 : 25;
	10605 : 25;
	10606 : 25;
	10607 : 25;
	10608 : 25;
	10609 : 25;
	10610 : 25;
	10611 : 25;
	10612 : 45;
	10613 : 45;
	10614 : 45;
	10615 : 45;
	10616 : 45;
	10617 : 49;
	10618 : 49;
	10619 : 69;
	10620 : 6E;
	10621 : 8E;
	10622 : 8E;
	10623 : 6E;
	10624 : 49;
	10625 : 25;
	10626 : 25;
	10627 : 8E;
	10628 : 8E;
	10629 : 25;
	10630 : 92;
	10631 : 69;
	10632 : 6D;
	10633 : 24;
	10634 : 45;
	10635 : 92;
	10636 : 6D;
	10637 : 49;
	10638 : 6D;
	10639 : 8E;
	10640 : 00;
	10641 : 6D;
	10642 : 92;
	10643 : 49;
	10644 : 8E;
	10645 : 6D;
	10646 : 25;
	10647 : 00;
	10648 : 6D;
	10649 : 6D;
	10650 : 49;
	10651 : 92;
	10652 : 92;
	10653 : 25;
	10654 : 20;
	10655 : 49;
	10656 : 6E;
	10657 : 8E;
	10658 : 8E;
	10659 : 8E;
	10660 : 6D;
	10661 : 49;
	10662 : 49;
	10663 : 49;
	10664 : 49;
	10665 : 49;
	10666 : 45;
	10667 : 49;
	10668 : 45;
	10669 : 25;
	10670 : 25;
	10671 : 45;
	10672 : 25;
	10673 : 25;
	10674 : 45;
	10675 : 49;
	10676 : 25;
	10677 : 25;
	10678 : 25;
	10679 : 45;
	10680 : 45;
	10681 : 45;
	10682 : 69;
	10683 : 49;
	10684 : 49;
	10685 : 69;
	10686 : 6E;
	10687 : 6E;
	10688 : 6E;
	10689 : 6D;
	10690 : 6D;
	10691 : 49;
	10692 : 49;
	10693 : 49;
	10694 : 69;
	10695 : 6E;
	10696 : 6D;
	10697 : 69;
	10698 : 6D;
	10699 : 49;
	10700 : 6D;
	10701 : 49;
	10702 : 69;
	10703 : 6E;
	10704 : 49;
	10705 : 49;
	10706 : 49;
	10707 : 49;
	10708 : 49;
	10709 : 49;
	10710 : 49;
	10711 : 49;
	10712 : 49;
	10713 : 49;
	10714 : 49;
	10715 : 69;
	10716 : 49;
	10717 : 49;
	10718 : 49;
	10719 : 49;
	10720 : 49;
	10721 : 8E;
	10722 : 49;
	10723 : 92;
	10724 : 45;
	10725 : 8E;
	10726 : 6E;
	10727 : 6D;
	10728 : 6D;
	10729 : 6D;
	10730 : 69;
	10731 : 49;
	10732 : 49;
	10733 : 49;
	10734 : 45;
	10735 : 25;
	10736 : 24;
	10737 : 25;
	10738 : 49;
	10739 : 49;
	10740 : 00;
	10741 : 24;
	10742 : 24;
	10743 : 00;
	10744 : 25;
	10745 : 25;
	10746 : 25;
	10747 : 24;
	10748 : 24;
	10749 : 24;
	10750 : 25;
	10751 : 00;
	10752 : 25;
	10753 : 49;
	10754 : 49;
	10755 : 49;
	10756 : 49;
	10757 : 49;
	10758 : 49;
	10759 : 49;
	10760 : 25;
	10761 : 00;
	10762 : 25;
	10763 : 25;
	10764 : 00;
	10765 : 25;
	10766 : 00;
	10767 : 25;
	10768 : 25;
	10769 : 00;
	10770 : 00;
	10771 : 24;
	10772 : 20;
	10773 : 25;
	10774 : 00;
	10775 : 20;
	10776 : 25;
	10777 : 25;
	10778 : 45;
	10779 : 69;
	10780 : 6E;
	10781 : 92;
	10782 : 92;
	10783 : 6E;
	10784 : 49;
	10785 : 45;
	10786 : 24;
	10787 : 00;
	10788 : 00;
	10789 : 24;
	10790 : 00;
	10791 : 20;
	10792 : 00;
	10793 : 00;
	10794 : 00;
	10795 : 00;
	10796 : 00;
	10797 : 24;
	10798 : 24;
	10799 : 24;
	10800 : 24;
	10801 : 24;
	10802 : 00;
	10803 : 00;
	10804 : 24;
	10805 : 24;
	10806 : 24;
	10807 : 24;
	10808 : 24;
	10809 : 20;
	10810 : 24;
	10811 : 00;
	10812 : 00;
	10813 : 24;
	10814 : 24;
	10815 : 49;
	10816 : 6D;
	10817 : 92;
	10818 : 92;
	10819 : 8E;
	10820 : 6D;
	10821 : 45;
	10822 : 25;
	10823 : 25;
	10824 : 20;
	10825 : 24;
	10826 : 45;
	10827 : 20;
	10828 : 20;
	10829 : 25;
	10830 : 00;
	10831 : 25;
	10832 : 00;
	10833 : 00;
	10834 : 25;
	10835 : 00;
	10836 : 24;
	10837 : 00;
	10838 : 00;
	10839 : 45;
	10840 : 00;
	10841 : 25;
	10842 : 49;
	10843 : 49;
	10844 : 49;
	10845 : 49;
	10846 : 6E;
	10847 : 6E;
	10848 : 6E;
	10849 : 49;
	10850 : 6D;
	10851 : 49;
	10852 : 69;
	10853 : 49;
	10854 : 49;
	10855 : 6D;
	10856 : 69;
	10857 : 69;
	10858 : 49;
	10859 : 6D;
	10860 : 6D;
	10861 : 49;
	10862 : 69;
	10863 : 6D;
	10864 : 49;
	10865 : 49;
	10866 : 49;
	10867 : 49;
	10868 : 49;
	10869 : 49;
	10870 : 49;
	10871 : 49;
	10872 : 49;
	10873 : 49;
	10874 : 49;
	10875 : 49;
	10876 : 49;
	10877 : 49;
	10878 : 49;
	10879 : 49;
	10880 : 49;
	10881 : 6E;
	10882 : 49;
	10883 : 8E;
	10884 : 45;
	10885 : 8E;
	10886 : 8E;
	10887 : 6E;
	10888 : 6D;
	10889 : 8E;
	10890 : 6D;
	10891 : 8E;
	10892 : 6E;
	10893 : 6D;
	10894 : 69;
	10895 : 49;
	10896 : 49;
	10897 : 49;
	10898 : 25;
	10899 : 25;
	10900 : 49;
	10901 : 49;
	10902 : 25;
	10903 : 24;
	10904 : 25;
	10905 : 00;
	10906 : 00;
	10907 : 25;
	10908 : 25;
	10909 : 25;
	10910 : 24;
	10911 : 25;
	10912 : 25;
	10913 : 49;
	10914 : 49;
	10915 : 49;
	10916 : 49;
	10917 : 45;
	10918 : 25;
	10919 : 6D;
	10920 : 49;
	10921 : 00;
	10922 : 49;
	10923 : 24;
	10924 : 00;
	10925 : 49;
	10926 : 00;
	10927 : 49;
	10928 : 25;
	10929 : 24;
	10930 : 25;
	10931 : 00;
	10932 : 25;
	10933 : 49;
	10934 : 25;
	10935 : 25;
	10936 : 25;
	10937 : 49;
	10938 : 49;
	10939 : 6D;
	10940 : 8E;
	10941 : 92;
	10942 : 8E;
	10943 : 6E;
	10944 : 49;
	10945 : 45;
	10946 : 24;
	10947 : 20;
	10948 : 24;
	10949 : 49;
	10950 : 49;
	10951 : 49;
	10952 : 49;
	10953 : 49;
	10954 : 49;
	10955 : 49;
	10956 : 49;
	10957 : 6D;
	10958 : 6D;
	10959 : 6D;
	10960 : 6D;
	10961 : 6D;
	10962 : 69;
	10963 : 49;
	10964 : 69;
	10965 : 69;
	10966 : 49;
	10967 : 6D;
	10968 : 6E;
	10969 : 49;
	10970 : 6D;
	10971 : 24;
	10972 : 00;
	10973 : 25;
	10974 : 24;
	10975 : 49;
	10976 : 6D;
	10977 : 92;
	10978 : 92;
	10979 : 8E;
	10980 : 6E;
	10981 : 49;
	10982 : 25;
	10983 : 25;
	10984 : 25;
	10985 : 25;
	10986 : 49;
	10987 : 25;
	10988 : 24;
	10989 : 25;
	10990 : 24;
	10991 : 25;
	10992 : 00;
	10993 : 00;
	10994 : 49;
	10995 : 24;
	10996 : 20;
	10997 : 25;
	10998 : 00;
	10999 : 49;
	11000 : 25;
	11001 : 25;
	11002 : 49;
	11003 : 49;
	11004 : 49;
	11005 : 49;
	11006 : 6D;
	11007 : 69;
	11008 : 6E;
	11009 : 6D;
	11010 : 6D;
	11011 : 49;
	11012 : 69;
	11013 : 49;
	11014 : 69;
	11015 : 6E;
	11016 : 69;
	11017 : 49;
	11018 : 49;
	11019 : 49;
	11020 : 6D;
	11021 : 49;
	11022 : 49;
	11023 : 6D;
	11024 : 49;
	11025 : 49;
	11026 : 49;
	11027 : 49;
	11028 : 49;
	11029 : 49;
	11030 : 49;
	11031 : 49;
	11032 : 49;
	11033 : 49;
	11034 : 6D;
	11035 : 6E;
	11036 : 49;
	11037 : 6D;
	11038 : 49;
	11039 : 49;
	11040 : 25;
	11041 : 45;
	11042 : 49;
	11043 : 49;
	11044 : 25;
	11045 : 6D;
	11046 : 6E;
	11047 : 8E;
	11048 : 8E;
	11049 : 8E;
	11050 : 8E;
	11051 : 69;
	11052 : 6E;
	11053 : 8E;
	11054 : 8E;
	11055 : 8E;
	11056 : 8E;
	11057 : 8E;
	11058 : 6D;
	11059 : 49;
	11060 : 49;
	11061 : 49;
	11062 : 49;
	11063 : 49;
	11064 : 24;
	11065 : 49;
	11066 : 25;
	11067 : 25;
	11068 : 24;
	11069 : 24;
	11070 : 00;
	11071 : 24;
	11072 : 25;
	11073 : 25;
	11074 : 04;
	11075 : 25;
	11076 : 6D;
	11077 : 25;
	11078 : 69;
	11079 : 49;
	11080 : 25;
	11081 : 24;
	11082 : 45;
	11083 : 24;
	11084 : 49;
	11085 : 45;
	11086 : 00;
	11087 : 49;
	11088 : 25;
	11089 : 25;
	11090 : 49;
	11091 : 24;
	11092 : 49;
	11093 : 25;
	11094 : 25;
	11095 : 49;
	11096 : 25;
	11097 : 45;
	11098 : 69;
	11099 : 69;
	11100 : 6E;
	11101 : 8E;
	11102 : 6E;
	11103 : 6D;
	11104 : 49;
	11105 : 45;
	11106 : 25;
	11107 : 25;
	11108 : 24;
	11109 : 49;
	11110 : 49;
	11111 : 49;
	11112 : 49;
	11113 : 49;
	11114 : 49;
	11115 : 49;
	11116 : 49;
	11117 : 49;
	11118 : 49;
	11119 : 49;
	11120 : 69;
	11121 : 69;
	11122 : 49;
	11123 : 49;
	11124 : 49;
	11125 : 49;
	11126 : 69;
	11127 : 49;
	11128 : 49;
	11129 : 6D;
	11130 : 6D;
	11131 : 25;
	11132 : 00;
	11133 : 25;
	11134 : 24;
	11135 : 49;
	11136 : 69;
	11137 : 8E;
	11138 : 8E;
	11139 : 6E;
	11140 : 6E;
	11141 : 49;
	11142 : 45;
	11143 : 25;
	11144 : 45;
	11145 : 25;
	11146 : 25;
	11147 : 25;
	11148 : 25;
	11149 : 49;
	11150 : 25;
	11151 : 24;
	11152 : 49;
	11153 : 24;
	11154 : 45;
	11155 : 69;
	11156 : 24;
	11157 : 69;
	11158 : 25;
	11159 : 25;
	11160 : 49;
	11161 : 25;
	11162 : 6D;
	11163 : 25;
	11164 : 49;
	11165 : 49;
	11166 : 49;
	11167 : 69;
	11168 : 69;
	11169 : 49;
	11170 : 6D;
	11171 : 49;
	11172 : 49;
	11173 : 49;
	11174 : 49;
	11175 : 49;
	11176 : 6D;
	11177 : 49;
	11178 : 49;
	11179 : 6D;
	11180 : 49;
	11181 : 49;
	11182 : 49;
	11183 : 49;
	11184 : 49;
	11185 : 49;
	11186 : 49;
	11187 : 49;
	11188 : 49;
	11189 : 49;
	11190 : 49;
	11191 : 49;
	11192 : 49;
	11193 : 49;
	11194 : 49;
	11195 : 49;
	11196 : 49;
	11197 : 49;
	11198 : 49;
	11199 : 49;
	11200 : 25;
	11201 : 20;
	11202 : 00;
	11203 : 00;
	11204 : 25;
	11205 : 6D;
	11206 : 8E;
	11207 : 8E;
	11208 : 6E;
	11209 : 8E;
	11210 : 8E;
	11211 : 69;
	11212 : 8E;
	11213 : 8E;
	11214 : 8E;
	11215 : 8E;
	11216 : 8E;
	11217 : 8E;
	11218 : 8E;
	11219 : 6D;
	11220 : 69;
	11221 : 69;
	11222 : 49;
	11223 : 25;
	11224 : 49;
	11225 : 49;
	11226 : 69;
	11227 : 25;
	11228 : 04;
	11229 : 25;
	11230 : 45;
	11231 : 00;
	11232 : 25;
	11233 : 00;
	11234 : 00;
	11235 : 25;
	11236 : 25;
	11237 : 49;
	11238 : 49;
	11239 : 49;
	11240 : 24;
	11241 : 00;
	11242 : 25;
	11243 : 00;
	11244 : 49;
	11245 : 25;
	11246 : 00;
	11247 : 49;
	11248 : 24;
	11249 : 25;
	11250 : 69;
	11251 : 24;
	11252 : 6D;
	11253 : 25;
	11254 : 25;
	11255 : 6D;
	11256 : 45;
	11257 : 69;
	11258 : 6D;
	11259 : 49;
	11260 : 8E;
	11261 : 92;
	11262 : 8E;
	11263 : 69;
	11264 : 49;
	11265 : 45;
	11266 : 24;
	11267 : 25;
	11268 : 24;
	11269 : 6D;
	11270 : 49;
	11271 : 49;
	11272 : 49;
	11273 : 49;
	11274 : 49;
	11275 : 49;
	11276 : 49;
	11277 : 49;
	11278 : 49;
	11279 : 49;
	11280 : 49;
	11281 : 49;
	11282 : 49;
	11283 : 49;
	11284 : 49;
	11285 : 49;
	11286 : 49;
	11287 : 49;
	11288 : 49;
	11289 : 6D;
	11290 : 6E;
	11291 : 25;
	11292 : 20;
	11293 : 25;
	11294 : 24;
	11295 : 49;
	11296 : 69;
	11297 : 8E;
	11298 : 8E;
	11299 : 8E;
	11300 : 49;
	11301 : 49;
	11302 : 25;
	11303 : 25;
	11304 : 6D;
	11305 : 25;
	11306 : 24;
	11307 : 45;
	11308 : 25;
	11309 : 49;
	11310 : 69;
	11311 : 04;
	11312 : 6D;
	11313 : 24;
	11314 : 20;
	11315 : 69;
	11316 : 00;
	11317 : 49;
	11318 : 25;
	11319 : 24;
	11320 : 49;
	11321 : 25;
	11322 : 45;
	11323 : 49;
	11324 : 49;
	11325 : 49;
	11326 : 49;
	11327 : 49;
	11328 : 49;
	11329 : 69;
	11330 : 69;
	11331 : 49;
	11332 : 49;
	11333 : 49;
	11334 : 49;
	11335 : 69;
	11336 : 69;
	11337 : 49;
	11338 : 49;
	11339 : 49;
	11340 : 49;
	11341 : 49;
	11342 : 49;
	11343 : 49;
	11344 : 49;
	11345 : 49;
	11346 : 49;
	11347 : 49;
	11348 : 49;
	11349 : 49;
	11350 : 49;
	11351 : 49;
	11352 : 49;
	11353 : 49;
	11354 : 49;
	11355 : 49;
	11356 : 49;
	11357 : 49;
	11358 : 49;
	11359 : 49;
	11360 : 8E;
	11361 : 49;
	11362 : 25;
	11363 : 49;
	11364 : 8E;
	11365 : 6E;
	11366 : 6E;
	11367 : 6E;
	11368 : 6E;
	11369 : 8E;
	11370 : 8E;
	11371 : 8E;
	11372 : 8E;
	11373 : 8E;
	11374 : 8E;
	11375 : 8E;
	11376 : 6E;
	11377 : 6E;
	11378 : 49;
	11379 : 8E;
	11380 : 6D;
	11381 : 6E;
	11382 : 25;
	11383 : 45;
	11384 : 49;
	11385 : 49;
	11386 : 49;
	11387 : 25;
	11388 : 24;
	11389 : 25;
	11390 : 25;
	11391 : 00;
	11392 : 25;
	11393 : 24;
	11394 : 00;
	11395 : 00;
	11396 : 00;
	11397 : 00;
	11398 : 00;
	11399 : 24;
	11400 : 24;
	11401 : 24;
	11402 : 24;
	11403 : 00;
	11404 : 24;
	11405 : 20;
	11406 : 20;
	11407 : 24;
	11408 : 20;
	11409 : 00;
	11410 : 24;
	11411 : 20;
	11412 : 24;
	11413 : 24;
	11414 : 24;
	11415 : 24;
	11416 : 24;
	11417 : 25;
	11418 : 25;
	11419 : 25;
	11420 : 25;
	11421 : 24;
	11422 : 25;
	11423 : 49;
	11424 : 49;
	11425 : 45;
	11426 : 25;
	11427 : 25;
	11428 : 24;
	11429 : 49;
	11430 : 49;
	11431 : 49;
	11432 : 49;
	11433 : 49;
	11434 : 49;
	11435 : 49;
	11436 : 49;
	11437 : 49;
	11438 : 49;
	11439 : 49;
	11440 : 49;
	11441 : 49;
	11442 : 49;
	11443 : 49;
	11444 : 49;
	11445 : 49;
	11446 : 49;
	11447 : 49;
	11448 : 49;
	11449 : 49;
	11450 : 6D;
	11451 : 24;
	11452 : 20;
	11453 : 45;
	11454 : 24;
	11455 : 69;
	11456 : 49;
	11457 : 25;
	11458 : 24;
	11459 : 25;
	11460 : 25;
	11461 : 25;
	11462 : 25;
	11463 : 24;
	11464 : 25;
	11465 : 24;
	11466 : 24;
	11467 : 24;
	11468 : 24;
	11469 : 24;
	11470 : 20;
	11471 : 00;
	11472 : 20;
	11473 : 20;
	11474 : 20;
	11475 : 20;
	11476 : 00;
	11477 : 24;
	11478 : 20;
	11479 : 20;
	11480 : 24;
	11481 : 00;
	11482 : 25;
	11483 : 49;
	11484 : 49;
	11485 : 49;
	11486 : 49;
	11487 : 49;
	11488 : 49;
	11489 : 49;
	11490 : 49;
	11491 : 49;
	11492 : 49;
	11493 : 49;
	11494 : 49;
	11495 : 49;
	11496 : 49;
	11497 : 49;
	11498 : 49;
	11499 : 49;
	11500 : 69;
	11501 : 49;
	11502 : 49;
	11503 : 49;
	11504 : 49;
	11505 : 49;
	11506 : 8E;
	11507 : 49;
	11508 : 49;
	11509 : 49;
	11510 : 49;
	11511 : 49;
	11512 : 49;
	11513 : 49;
	11514 : 49;
	11515 : 69;
	11516 : 69;
	11517 : 49;
	11518 : 49;
	11519 : 49;
	11520 : 8E;
	11521 : 49;
	11522 : 49;
	11523 : 69;
	11524 : 8E;
	11525 : 6E;
	11526 : 6D;
	11527 : 6E;
	11528 : 8E;
	11529 : 8E;
	11530 : 8E;
	11531 : 8E;
	11532 : 8E;
	11533 : 8E;
	11534 : 8E;
	11535 : 8E;
	11536 : 8E;
	11537 : 8E;
	11538 : 8E;
	11539 : 92;
	11540 : 8E;
	11541 : 69;
	11542 : 49;
	11543 : 69;
	11544 : 25;
	11545 : 25;
	11546 : 25;
	11547 : 49;
	11548 : 29;
	11549 : 24;
	11550 : 25;
	11551 : 25;
	11552 : 24;
	11553 : 45;
	11554 : 24;
	11555 : 24;
	11556 : 25;
	11557 : 6D;
	11558 : 24;
	11559 : 25;
	11560 : 49;
	11561 : 25;
	11562 : 49;
	11563 : 49;
	11564 : 49;
	11565 : 49;
	11566 : 49;
	11567 : 25;
	11568 : 49;
	11569 : 49;
	11570 : 20;
	11571 : 24;
	11572 : 49;
	11573 : 49;
	11574 : 49;
	11575 : 49;
	11576 : 49;
	11577 : 49;
	11578 : 45;
	11579 : 49;
	11580 : 49;
	11581 : 25;
	11582 : 49;
	11583 : 49;
	11584 : 49;
	11585 : 45;
	11586 : 25;
	11587 : 25;
	11588 : 24;
	11589 : 49;
	11590 : 49;
	11591 : 49;
	11592 : 49;
	11593 : 49;
	11594 : 49;
	11595 : 49;
	11596 : 49;
	11597 : 45;
	11598 : 45;
	11599 : 49;
	11600 : 49;
	11601 : 45;
	11602 : 49;
	11603 : 49;
	11604 : 49;
	11605 : 49;
	11606 : 49;
	11607 : 49;
	11608 : 49;
	11609 : 6D;
	11610 : 6E;
	11611 : 25;
	11612 : 20;
	11613 : 25;
	11614 : 24;
	11615 : 49;
	11616 : 49;
	11617 : 49;
	11618 : 49;
	11619 : 49;
	11620 : 49;
	11621 : 45;
	11622 : 25;
	11623 : 45;
	11624 : 49;
	11625 : 49;
	11626 : 49;
	11627 : 25;
	11628 : 24;
	11629 : 00;
	11630 : 49;
	11631 : 45;
	11632 : 25;
	11633 : 49;
	11634 : 49;
	11635 : 49;
	11636 : 49;
	11637 : 49;
	11638 : 49;
	11639 : 20;
	11640 : 24;
	11641 : 49;
	11642 : 49;
	11643 : 49;
	11644 : 49;
	11645 : 49;
	11646 : 49;
	11647 : 49;
	11648 : 49;
	11649 : 49;
	11650 : 49;
	11651 : 49;
	11652 : 49;
	11653 : 49;
	11654 : 49;
	11655 : 49;
	11656 : 49;
	11657 : 49;
	11658 : 49;
	11659 : 49;
	11660 : 49;
	11661 : 49;
	11662 : 49;
	11663 : 6D;
	11664 : 6D;
	11665 : 6D;
	11666 : 6E;
	11667 : 49;
	11668 : 49;
	11669 : 49;
	11670 : 49;
	11671 : 49;
	11672 : 49;
	11673 : 49;
	11674 : 49;
	11675 : 49;
	11676 : 49;
	11677 : 49;
	11678 : 49;
	11679 : 49;
	11680 : 25;
	11681 : 49;
	11682 : 49;
	11683 : 69;
	11684 : 8E;
	11685 : 8E;
	11686 : 6E;
	11687 : 8E;
	11688 : 8E;
	11689 : 8E;
	11690 : 8E;
	11691 : 92;
	11692 : 92;
	11693 : 92;
	11694 : 8E;
	11695 : 8E;
	11696 : 8E;
	11697 : 8E;
	11698 : 92;
	11699 : 6E;
	11700 : 8E;
	11701 : 6D;
	11702 : 00;
	11703 : 24;
	11704 : 00;
	11705 : 04;
	11706 : 25;
	11707 : 00;
	11708 : 00;
	11709 : 00;
	11710 : 00;
	11711 : 25;
	11712 : 24;
	11713 : 24;
	11714 : 25;
	11715 : 49;
	11716 : 24;
	11717 : 49;
	11718 : 49;
	11719 : 49;
	11720 : 49;
	11721 : 25;
	11722 : 49;
	11723 : 49;
	11724 : 49;
	11725 : 49;
	11726 : 49;
	11727 : 49;
	11728 : 49;
	11729 : 49;
	11730 : 24;
	11731 : 45;
	11732 : 49;
	11733 : 49;
	11734 : 49;
	11735 : 49;
	11736 : 49;
	11737 : 49;
	11738 : 49;
	11739 : 49;
	11740 : 49;
	11741 : 25;
	11742 : 49;
	11743 : 49;
	11744 : 49;
	11745 : 45;
	11746 : 25;
	11747 : 25;
	11748 : 24;
	11749 : 49;
	11750 : 49;
	11751 : 49;
	11752 : 49;
	11753 : 49;
	11754 : 49;
	11755 : 49;
	11756 : 49;
	11757 : 49;
	11758 : 49;
	11759 : 49;
	11760 : 49;
	11761 : 49;
	11762 : 49;
	11763 : 49;
	11764 : 49;
	11765 : 49;
	11766 : 49;
	11767 : 49;
	11768 : 49;
	11769 : 69;
	11770 : 6D;
	11771 : 25;
	11772 : 20;
	11773 : 25;
	11774 : 24;
	11775 : 49;
	11776 : 49;
	11777 : 49;
	11778 : 49;
	11779 : 49;
	11780 : 49;
	11781 : 49;
	11782 : 49;
	11783 : 49;
	11784 : 49;
	11785 : 49;
	11786 : 49;
	11787 : 45;
	11788 : 25;
	11789 : 20;
	11790 : 49;
	11791 : 49;
	11792 : 49;
	11793 : 49;
	11794 : 49;
	11795 : 49;
	11796 : 49;
	11797 : 49;
	11798 : 49;
	11799 : 24;
	11800 : 25;
	11801 : 49;
	11802 : 49;
	11803 : 49;
	11804 : 49;
	11805 : 49;
	11806 : 49;
	11807 : 49;
	11808 : 49;
	11809 : 49;
	11810 : 49;
	11811 : 49;
	11812 : 49;
	11813 : 49;
	11814 : 49;
	11815 : 49;
	11816 : 49;
	11817 : 49;
	11818 : 49;
	11819 : 49;
	11820 : 49;
	11821 : 49;
	11822 : 6D;
	11823 : 6D;
	11824 : 6E;
	11825 : 6E;
	11826 : 6D;
	11827 : 6D;
	11828 : 69;
	11829 : 49;
	11830 : 49;
	11831 : 49;
	11832 : 49;
	11833 : 49;
	11834 : 49;
	11835 : 49;
	11836 : 49;
	11837 : 49;
	11838 : 49;
	11839 : 49;
	11840 : 6D;
	11841 : 69;
	11842 : 45;
	11843 : 69;
	11844 : 8E;
	11845 : 6E;
	11846 : 6D;
	11847 : 8E;
	11848 : 8E;
	11849 : 8E;
	11850 : 8E;
	11851 : 6D;
	11852 : 45;
	11853 : 45;
	11854 : 25;
	11855 : 24;
	11856 : 8E;
	11857 : 8E;
	11858 : 92;
	11859 : 6E;
	11860 : 69;
	11861 : 8E;
	11862 : 69;
	11863 : 49;
	11864 : 6D;
	11865 : 6D;
	11866 : 49;
	11867 : 24;
	11868 : 00;
	11869 : 49;
	11870 : 6D;
	11871 : 6D;
	11872 : 25;
	11873 : 00;
	11874 : 6D;
	11875 : 25;
	11876 : 25;
	11877 : 49;
	11878 : 49;
	11879 : 49;
	11880 : 49;
	11881 : 69;
	11882 : 45;
	11883 : 49;
	11884 : 6E;
	11885 : 6E;
	11886 : 6D;
	11887 : 6D;
	11888 : 6E;
	11889 : 69;
	11890 : 24;
	11891 : 49;
	11892 : 6D;
	11893 : 6D;
	11894 : 6E;
	11895 : 6D;
	11896 : 6D;
	11897 : 6D;
	11898 : 6D;
	11899 : 49;
	11900 : 6E;
	11901 : 45;
	11902 : 49;
	11903 : 49;
	11904 : 49;
	11905 : 45;
	11906 : 24;
	11907 : 25;
	11908 : 24;
	11909 : 49;
	11910 : 49;
	11911 : 49;
	11912 : 49;
	11913 : 49;
	11914 : 49;
	11915 : 49;
	11916 : 49;
	11917 : 49;
	11918 : 49;
	11919 : 49;
	11920 : 49;
	11921 : 49;
	11922 : 49;
	11923 : 49;
	11924 : 49;
	11925 : 49;
	11926 : 49;
	11927 : 49;
	11928 : 69;
	11929 : 49;
	11930 : 69;
	11931 : 25;
	11932 : 20;
	11933 : 25;
	11934 : 24;
	11935 : 49;
	11936 : 49;
	11937 : 49;
	11938 : 49;
	11939 : 6D;
	11940 : 6E;
	11941 : 49;
	11942 : 49;
	11943 : 6E;
	11944 : 6D;
	11945 : 49;
	11946 : 6E;
	11947 : 49;
	11948 : 45;
	11949 : 24;
	11950 : 49;
	11951 : 49;
	11952 : 6D;
	11953 : 6E;
	11954 : 6E;
	11955 : 6E;
	11956 : 49;
	11957 : 6D;
	11958 : 69;
	11959 : 25;
	11960 : 25;
	11961 : 49;
	11962 : 49;
	11963 : 49;
	11964 : 49;
	11965 : 49;
	11966 : 49;
	11967 : 49;
	11968 : 49;
	11969 : 49;
	11970 : 49;
	11971 : 49;
	11972 : 49;
	11973 : 49;
	11974 : 49;
	11975 : 69;
	11976 : 69;
	11977 : 69;
	11978 : 69;
	11979 : 49;
	11980 : 49;
	11981 : 49;
	11982 : 6D;
	11983 : 6D;
	11984 : 6E;
	11985 : 6E;
	11986 : 6E;
	11987 : 49;
	11988 : 69;
	11989 : 49;
	11990 : 49;
	11991 : 49;
	11992 : 49;
	11993 : 49;
	11994 : 49;
	11995 : 49;
	11996 : 49;
	11997 : 49;
	11998 : 49;
	11999 : 49;
	12000 : 69;
	12001 : 69;
	12002 : 49;
	12003 : 25;
	12004 : 6E;
	12005 : 6D;
	12006 : 49;
	12007 : 8E;
	12008 : 8E;
	12009 : 8E;
	12010 : 8E;
	12011 : 6D;
	12012 : 49;
	12013 : 69;
	12014 : 49;
	12015 : 49;
	12016 : 6E;
	12017 : 92;
	12018 : 8E;
	12019 : 92;
	12020 : 6D;
	12021 : 8E;
	12022 : 69;
	12023 : 49;
	12024 : 6D;
	12025 : 6D;
	12026 : 49;
	12027 : 6D;
	12028 : 69;
	12029 : 24;
	12030 : 49;
	12031 : 6D;
	12032 : 45;
	12033 : 20;
	12034 : 6D;
	12035 : 49;
	12036 : 00;
	12037 : 24;
	12038 : 25;
	12039 : 25;
	12040 : 25;
	12041 : 49;
	12042 : 69;
	12043 : 25;
	12044 : 6E;
	12045 : 6E;
	12046 : 49;
	12047 : 69;
	12048 : 6E;
	12049 : 69;
	12050 : 25;
	12051 : 49;
	12052 : 6D;
	12053 : 6E;
	12054 : 6E;
	12055 : 6D;
	12056 : 6D;
	12057 : 6E;
	12058 : 6D;
	12059 : 49;
	12060 : 6E;
	12061 : 25;
	12062 : 49;
	12063 : 49;
	12064 : 49;
	12065 : 45;
	12066 : 25;
	12067 : 25;
	12068 : 24;
	12069 : 6D;
	12070 : 49;
	12071 : 49;
	12072 : 49;
	12073 : 49;
	12074 : 49;
	12075 : 69;
	12076 : 49;
	12077 : 49;
	12078 : 49;
	12079 : 49;
	12080 : 49;
	12081 : 49;
	12082 : 49;
	12083 : 49;
	12084 : 49;
	12085 : 49;
	12086 : 49;
	12087 : 49;
	12088 : 49;
	12089 : 49;
	12090 : 69;
	12091 : 25;
	12092 : 20;
	12093 : 25;
	12094 : 24;
	12095 : 49;
	12096 : 49;
	12097 : 49;
	12098 : 49;
	12099 : 6D;
	12100 : 6D;
	12101 : 6E;
	12102 : 49;
	12103 : 6E;
	12104 : 6E;
	12105 : 69;
	12106 : 6E;
	12107 : 49;
	12108 : 45;
	12109 : 25;
	12110 : 49;
	12111 : 49;
	12112 : 6D;
	12113 : 6E;
	12114 : 6E;
	12115 : 6E;
	12116 : 69;
	12117 : 6D;
	12118 : 6D;
	12119 : 25;
	12120 : 25;
	12121 : 49;
	12122 : 49;
	12123 : 49;
	12124 : 49;
	12125 : 49;
	12126 : 49;
	12127 : 49;
	12128 : 49;
	12129 : 49;
	12130 : 49;
	12131 : 49;
	12132 : 49;
	12133 : 49;
	12134 : 69;
	12135 : 69;
	12136 : 69;
	12137 : 69;
	12138 : 49;
	12139 : 69;
	12140 : 49;
	12141 : 6D;
	12142 : 49;
	12143 : 49;
	12144 : 6D;
	12145 : 69;
	12146 : 69;
	12147 : 49;
	12148 : 49;
	12149 : 49;
	12150 : 49;
	12151 : 69;
	12152 : 69;
	12153 : 49;
	12154 : 49;
	12155 : 49;
	12156 : 49;
	12157 : 49;
	12158 : 49;
	12159 : 49;
	12160 : 6D;
	12161 : 49;
	12162 : 49;
	12163 : 45;
	12164 : 49;
	12165 : 6D;
	12166 : 49;
	12167 : 69;
	12168 : 25;
	12169 : 49;
	12170 : 6D;
	12171 : 6D;
	12172 : 69;
	12173 : 92;
	12174 : 6D;
	12175 : 8E;
	12176 : 6D;
	12177 : 8E;
	12178 : 8E;
	12179 : 6D;
	12180 : 6D;
	12181 : 69;
	12182 : 49;
	12183 : 69;
	12184 : 25;
	12185 : 49;
	12186 : 25;
	12187 : 24;
	12188 : 25;
	12189 : 49;
	12190 : 45;
	12191 : 20;
	12192 : 45;
	12193 : 24;
	12194 : 49;
	12195 : 6D;
	12196 : 20;
	12197 : 00;
	12198 : 24;
	12199 : 00;
	12200 : 00;
	12201 : 24;
	12202 : 69;
	12203 : 6E;
	12204 : 8E;
	12205 : 6E;
	12206 : 6E;
	12207 : 6E;
	12208 : 6E;
	12209 : 6E;
	12210 : 25;
	12211 : 49;
	12212 : 6D;
	12213 : 6E;
	12214 : 6E;
	12215 : 6E;
	12216 : 6D;
	12217 : 6D;
	12218 : 6D;
	12219 : 6E;
	12220 : 8E;
	12221 : 25;
	12222 : 49;
	12223 : 45;
	12224 : 49;
	12225 : 45;
	12226 : 25;
	12227 : 25;
	12228 : 24;
	12229 : 49;
	12230 : 69;
	12231 : 6E;
	12232 : 49;
	12233 : 49;
	12234 : 49;
	12235 : 69;
	12236 : 49;
	12237 : 49;
	12238 : 49;
	12239 : 49;
	12240 : 49;
	12241 : 49;
	12242 : 49;
	12243 : 49;
	12244 : 49;
	12245 : 49;
	12246 : 6D;
	12247 : 69;
	12248 : 69;
	12249 : 6E;
	12250 : 6D;
	12251 : 25;
	12252 : 20;
	12253 : 25;
	12254 : 24;
	12255 : 49;
	12256 : 45;
	12257 : 49;
	12258 : 49;
	12259 : 6D;
	12260 : 6D;
	12261 : 6D;
	12262 : 6D;
	12263 : 6D;
	12264 : 6D;
	12265 : 6D;
	12266 : 6D;
	12267 : 49;
	12268 : 49;
	12269 : 25;
	12270 : 49;
	12271 : 6D;
	12272 : 6D;
	12273 : 6D;
	12274 : 6D;
	12275 : 6D;
	12276 : 6D;
	12277 : 6E;
	12278 : 6D;
	12279 : 45;
	12280 : 45;
	12281 : 49;
	12282 : 49;
	12283 : 49;
	12284 : 49;
	12285 : 49;
	12286 : 49;
	12287 : 49;
	12288 : 49;
	12289 : 49;
	12290 : 49;
	12291 : 49;
	12292 : 49;
	12293 : 49;
	12294 : 49;
	12295 : 49;
	12296 : 49;
	12297 : 69;
	12298 : 6E;
	12299 : 8E;
	12300 : 6E;
	12301 : 49;
	12302 : 49;
	12303 : 49;
	12304 : 49;
	12305 : 49;
	12306 : 69;
	12307 : 69;
	12308 : 49;
	12309 : 49;
	12310 : 49;
	12311 : 49;
	12312 : 6D;
	12313 : 49;
	12314 : 49;
	12315 : 49;
	12316 : 49;
	12317 : 49;
	12318 : 49;
	12319 : 49;
	12320 : 6D;
	12321 : 25;
	12322 : 69;
	12323 : 25;
	12324 : 49;
	12325 : 45;
	12326 : 6D;
	12327 : 49;
	12328 : 49;
	12329 : 45;
	12330 : 25;
	12331 : 25;
	12332 : 25;
	12333 : 25;
	12334 : 45;
	12335 : 45;
	12336 : 69;
	12337 : 6E;
	12338 : 6D;
	12339 : 6D;
	12340 : 6D;
	12341 : 49;
	12342 : 25;
	12343 : 49;
	12344 : 6D;
	12345 : 69;
	12346 : 49;
	12347 : 45;
	12348 : 25;
	12349 : 24;
	12350 : 24;
	12351 : 6D;
	12352 : 25;
	12353 : 00;
	12354 : 20;
	12355 : 24;
	12356 : 25;
	12357 : 45;
	12358 : 69;
	12359 : 24;
	12360 : 25;
	12361 : 25;
	12362 : 25;
	12363 : 25;
	12364 : 25;
	12365 : 45;
	12366 : 45;
	12367 : 45;
	12368 : 45;
	12369 : 45;
	12370 : 24;
	12371 : 49;
	12372 : 49;
	12373 : 49;
	12374 : 49;
	12375 : 49;
	12376 : 49;
	12377 : 49;
	12378 : 49;
	12379 : 49;
	12380 : 49;
	12381 : 25;
	12382 : 49;
	12383 : 49;
	12384 : 49;
	12385 : 45;
	12386 : 25;
	12387 : 25;
	12388 : 24;
	12389 : 45;
	12390 : 49;
	12391 : 49;
	12392 : 49;
	12393 : 49;
	12394 : 49;
	12395 : 69;
	12396 : 49;
	12397 : 49;
	12398 : 49;
	12399 : 49;
	12400 : 49;
	12401 : 49;
	12402 : 49;
	12403 : 49;
	12404 : 69;
	12405 : 69;
	12406 : 6D;
	12407 : 49;
	12408 : 25;
	12409 : 49;
	12410 : 25;
	12411 : 25;
	12412 : 20;
	12413 : 45;
	12414 : 24;
	12415 : 49;
	12416 : 45;
	12417 : 49;
	12418 : 49;
	12419 : 49;
	12420 : 49;
	12421 : 49;
	12422 : 49;
	12423 : 49;
	12424 : 49;
	12425 : 49;
	12426 : 49;
	12427 : 45;
	12428 : 49;
	12429 : 25;
	12430 : 25;
	12431 : 45;
	12432 : 25;
	12433 : 25;
	12434 : 25;
	12435 : 25;
	12436 : 24;
	12437 : 25;
	12438 : 25;
	12439 : 45;
	12440 : 25;
	12441 : 49;
	12442 : 49;
	12443 : 49;
	12444 : 49;
	12445 : 49;
	12446 : 49;
	12447 : 49;
	12448 : 49;
	12449 : 49;
	12450 : 49;
	12451 : 49;
	12452 : 49;
	12453 : 49;
	12454 : 49;
	12455 : 49;
	12456 : 69;
	12457 : 6E;
	12458 : 92;
	12459 : 92;
	12460 : 6E;
	12461 : 69;
	12462 : 6E;
	12463 : 45;
	12464 : 49;
	12465 : 49;
	12466 : 69;
	12467 : 6D;
	12468 : 6D;
	12469 : 49;
	12470 : 49;
	12471 : 49;
	12472 : 49;
	12473 : 49;
	12474 : 49;
	12475 : 49;
	12476 : 49;
	12477 : 49;
	12478 : 49;
	12479 : 49;
	12480 : 6D;
	12481 : 00;
	12482 : 69;
	12483 : 24;
	12484 : 49;
	12485 : 49;
	12486 : 25;
	12487 : 69;
	12488 : 69;
	12489 : 6D;
	12490 : 49;
	12491 : 69;
	12492 : 69;
	12493 : 49;
	12494 : 8E;
	12495 : 6D;
	12496 : 45;
	12497 : 6E;
	12498 : 69;
	12499 : 49;
	12500 : 49;
	12501 : 25;
	12502 : 25;
	12503 : 69;
	12504 : 49;
	12505 : 69;
	12506 : 69;
	12507 : 49;
	12508 : 25;
	12509 : 25;
	12510 : 25;
	12511 : 25;
	12512 : 69;
	12513 : 20;
	12514 : 25;
	12515 : 24;
	12516 : 25;
	12517 : 00;
	12518 : 49;
	12519 : 24;
	12520 : 25;
	12521 : 20;
	12522 : 20;
	12523 : 00;
	12524 : 00;
	12525 : 00;
	12526 : 20;
	12527 : 20;
	12528 : 20;
	12529 : 20;
	12530 : 24;
	12531 : 49;
	12532 : 24;
	12533 : 24;
	12534 : 24;
	12535 : 24;
	12536 : 24;
	12537 : 20;
	12538 : 20;
	12539 : 20;
	12540 : 20;
	12541 : 25;
	12542 : 49;
	12543 : 49;
	12544 : 49;
	12545 : 45;
	12546 : 25;
	12547 : 25;
	12548 : 24;
	12549 : 49;
	12550 : 6D;
	12551 : 6D;
	12552 : 49;
	12553 : 49;
	12554 : 49;
	12555 : 69;
	12556 : 49;
	12557 : 49;
	12558 : 49;
	12559 : 49;
	12560 : 49;
	12561 : 49;
	12562 : 49;
	12563 : 49;
	12564 : 69;
	12565 : 69;
	12566 : 6E;
	12567 : 6D;
	12568 : 49;
	12569 : 6D;
	12570 : 49;
	12571 : 24;
	12572 : 20;
	12573 : 45;
	12574 : 24;
	12575 : 49;
	12576 : 49;
	12577 : 49;
	12578 : 49;
	12579 : 20;
	12580 : 20;
	12581 : 20;
	12582 : 20;
	12583 : 20;
	12584 : 24;
	12585 : 24;
	12586 : 24;
	12587 : 20;
	12588 : 49;
	12589 : 25;
	12590 : 20;
	12591 : 24;
	12592 : 24;
	12593 : 24;
	12594 : 20;
	12595 : 00;
	12596 : 00;
	12597 : 00;
	12598 : 00;
	12599 : 45;
	12600 : 45;
	12601 : 49;
	12602 : 49;
	12603 : 49;
	12604 : 49;
	12605 : 49;
	12606 : 49;
	12607 : 49;
	12608 : 49;
	12609 : 49;
	12610 : 49;
	12611 : 49;
	12612 : 49;
	12613 : 49;
	12614 : 49;
	12615 : 49;
	12616 : 6D;
	12617 : 69;
	12618 : 6E;
	12619 : 6E;
	12620 : 6D;
	12621 : 49;
	12622 : 6E;
	12623 : 49;
	12624 : 49;
	12625 : 49;
	12626 : 6E;
	12627 : 6E;
	12628 : 6D;
	12629 : 49;
	12630 : 69;
	12631 : 49;
	12632 : 49;
	12633 : 49;
	12634 : 49;
	12635 : 49;
	12636 : 49;
	12637 : 49;
	12638 : 49;
	12639 : 49;
	12640 : 25;
	12641 : 24;
	12642 : 49;
	12643 : 00;
	12644 : 24;
	12645 : 24;
	12646 : 24;
	12647 : 49;
	12648 : 25;
	12649 : 25;
	12650 : 49;
	12651 : 69;
	12652 : 69;
	12653 : 45;
	12654 : 49;
	12655 : 69;
	12656 : 49;
	12657 : 25;
	12658 : 49;
	12659 : 49;
	12660 : 49;
	12661 : 49;
	12662 : 25;
	12663 : 25;
	12664 : 25;
	12665 : 49;
	12666 : 25;
	12667 : 25;
	12668 : 25;
	12669 : 49;
	12670 : 49;
	12671 : 20;
	12672 : 69;
	12673 : 25;
	12674 : 24;
	12675 : 25;
	12676 : 24;
	12677 : 25;
	12678 : 49;
	12679 : 24;
	12680 : 25;
	12681 : 25;
	12682 : 24;
	12683 : 49;
	12684 : 25;
	12685 : 45;
	12686 : 49;
	12687 : 45;
	12688 : 45;
	12689 : 25;
	12690 : 24;
	12691 : 49;
	12692 : 49;
	12693 : 45;
	12694 : 49;
	12695 : 25;
	12696 : 45;
	12697 : 49;
	12698 : 25;
	12699 : 45;
	12700 : 49;
	12701 : 25;
	12702 : 49;
	12703 : 49;
	12704 : 49;
	12705 : 45;
	12706 : 25;
	12707 : 25;
	12708 : 24;
	12709 : 49;
	12710 : 49;
	12711 : 49;
	12712 : 49;
	12713 : 49;
	12714 : 49;
	12715 : 69;
	12716 : 49;
	12717 : 49;
	12718 : 49;
	12719 : 49;
	12720 : 49;
	12721 : 49;
	12722 : 49;
	12723 : 49;
	12724 : 69;
	12725 : 49;
	12726 : 69;
	12727 : 49;
	12728 : 49;
	12729 : 49;
	12730 : 49;
	12731 : 25;
	12732 : 20;
	12733 : 45;
	12734 : 24;
	12735 : 49;
	12736 : 49;
	12737 : 49;
	12738 : 45;
	12739 : 49;
	12740 : 49;
	12741 : 25;
	12742 : 49;
	12743 : 49;
	12744 : 45;
	12745 : 49;
	12746 : 45;
	12747 : 25;
	12748 : 49;
	12749 : 25;
	12750 : 24;
	12751 : 25;
	12752 : 24;
	12753 : 45;
	12754 : 24;
	12755 : 45;
	12756 : 45;
	12757 : 25;
	12758 : 24;
	12759 : 45;
	12760 : 25;
	12761 : 49;
	12762 : 49;
	12763 : 49;
	12764 : 49;
	12765 : 49;
	12766 : 49;
	12767 : 49;
	12768 : 49;
	12769 : 49;
	12770 : 49;
	12771 : 49;
	12772 : 49;
	12773 : 49;
	12774 : 49;
	12775 : 49;
	12776 : 49;
	12777 : 6D;
	12778 : 6D;
	12779 : 6D;
	12780 : 69;
	12781 : 49;
	12782 : 49;
	12783 : 25;
	12784 : 49;
	12785 : 49;
	12786 : 6D;
	12787 : 6D;
	12788 : 69;
	12789 : 49;
	12790 : 49;
	12791 : 49;
	12792 : 49;
	12793 : 49;
	12794 : 69;
	12795 : 49;
	12796 : 49;
	12797 : 49;
	12798 : 49;
	12799 : 49;
	12800 : 25;
	12801 : 00;
	12802 : 49;
	12803 : 25;
	12804 : 24;
	12805 : 00;
	12806 : 24;
	12807 : 49;
	12808 : 24;
	12809 : 49;
	12810 : 25;
	12811 : 49;
	12812 : 49;
	12813 : 25;
	12814 : 45;
	12815 : 49;
	12816 : 49;
	12817 : 24;
	12818 : 49;
	12819 : 25;
	12820 : 25;
	12821 : 49;
	12822 : 00;
	12823 : 24;
	12824 : 25;
	12825 : 25;
	12826 : 25;
	12827 : 25;
	12828 : 24;
	12829 : 25;
	12830 : 25;
	12831 : 00;
	12832 : 49;
	12833 : 25;
	12834 : 20;
	12835 : 25;
	12836 : 20;
	12837 : 25;
	12838 : 49;
	12839 : 24;
	12840 : 45;
	12841 : 25;
	12842 : 25;
	12843 : 49;
	12844 : 25;
	12845 : 45;
	12846 : 49;
	12847 : 45;
	12848 : 45;
	12849 : 45;
	12850 : 24;
	12851 : 49;
	12852 : 49;
	12853 : 49;
	12854 : 49;
	12855 : 25;
	12856 : 45;
	12857 : 69;
	12858 : 25;
	12859 : 49;
	12860 : 49;
	12861 : 25;
	12862 : 49;
	12863 : 49;
	12864 : 49;
	12865 : 45;
	12866 : 25;
	12867 : 25;
	12868 : 24;
	12869 : 49;
	12870 : 69;
	12871 : 49;
	12872 : 49;
	12873 : 49;
	12874 : 49;
	12875 : 6D;
	12876 : 49;
	12877 : 49;
	12878 : 49;
	12879 : 49;
	12880 : 49;
	12881 : 49;
	12882 : 49;
	12883 : 69;
	12884 : 69;
	12885 : 69;
	12886 : 49;
	12887 : 49;
	12888 : 49;
	12889 : 69;
	12890 : 49;
	12891 : 25;
	12892 : 20;
	12893 : 45;
	12894 : 24;
	12895 : 49;
	12896 : 49;
	12897 : 49;
	12898 : 45;
	12899 : 49;
	12900 : 49;
	12901 : 45;
	12902 : 49;
	12903 : 49;
	12904 : 45;
	12905 : 49;
	12906 : 45;
	12907 : 25;
	12908 : 49;
	12909 : 25;
	12910 : 24;
	12911 : 45;
	12912 : 25;
	12913 : 45;
	12914 : 24;
	12915 : 45;
	12916 : 45;
	12917 : 25;
	12918 : 24;
	12919 : 45;
	12920 : 45;
	12921 : 49;
	12922 : 49;
	12923 : 49;
	12924 : 49;
	12925 : 49;
	12926 : 49;
	12927 : 49;
	12928 : 49;
	12929 : 49;
	12930 : 49;
	12931 : 49;
	12932 : 49;
	12933 : 49;
	12934 : 49;
	12935 : 49;
	12936 : 69;
	12937 : 69;
	12938 : 69;
	12939 : 69;
	12940 : 49;
	12941 : 45;
	12942 : 45;
	12943 : 25;
	12944 : 25;
	12945 : 49;
	12946 : 49;
	12947 : 49;
	12948 : 49;
	12949 : 49;
	12950 : 49;
	12951 : 49;
	12952 : 49;
	12953 : 49;
	12954 : 49;
	12955 : 49;
	12956 : 49;
	12957 : 49;
	12958 : 49;
	12959 : 49;
	12960 : 45;
	12961 : 69;
	12962 : 6D;
	12963 : 6D;
	12964 : 69;
	12965 : 8E;
	12966 : 25;
	12967 : 24;
	12968 : 25;
	12969 : 45;
	12970 : 49;
	12971 : 49;
	12972 : 49;
	12973 : 69;
	12974 : 49;
	12975 : 45;
	12976 : 24;
	12977 : 45;
	12978 : 45;
	12979 : 25;
	12980 : 24;
	12981 : 45;
	12982 : 25;
	12983 : 49;
	12984 : 24;
	12985 : 20;
	12986 : 45;
	12987 : 24;
	12988 : 25;
	12989 : 20;
	12990 : 24;
	12991 : 00;
	12992 : 00;
	12993 : 00;
	12994 : 00;
	12995 : 24;
	12996 : 49;
	12997 : 24;
	12998 : 24;
	12999 : 24;
	13000 : 25;
	13001 : 25;
	13002 : 25;
	13003 : 49;
	13004 : 45;
	13005 : 25;
	13006 : 45;
	13007 : 45;
	13008 : 45;
	13009 : 25;
	13010 : 24;
	13011 : 49;
	13012 : 49;
	13013 : 45;
	13014 : 49;
	13015 : 25;
	13016 : 49;
	13017 : 69;
	13018 : 45;
	13019 : 49;
	13020 : 49;
	13021 : 25;
	13022 : 49;
	13023 : 49;
	13024 : 49;
	13025 : 45;
	13026 : 25;
	13027 : 25;
	13028 : 24;
	13029 : 49;
	13030 : 49;
	13031 : 49;
	13032 : 69;
	13033 : 6E;
	13034 : 69;
	13035 : 49;
	13036 : 49;
	13037 : 49;
	13038 : 49;
	13039 : 49;
	13040 : 49;
	13041 : 49;
	13042 : 49;
	13043 : 49;
	13044 : 6E;
	13045 : 6D;
	13046 : 49;
	13047 : 49;
	13048 : 49;
	13049 : 69;
	13050 : 49;
	13051 : 25;
	13052 : 20;
	13053 : 45;
	13054 : 24;
	13055 : 49;
	13056 : 49;
	13057 : 49;
	13058 : 45;
	13059 : 49;
	13060 : 45;
	13061 : 45;
	13062 : 49;
	13063 : 49;
	13064 : 45;
	13065 : 49;
	13066 : 49;
	13067 : 24;
	13068 : 49;
	13069 : 25;
	13070 : 24;
	13071 : 45;
	13072 : 24;
	13073 : 45;
	13074 : 24;
	13075 : 25;
	13076 : 45;
	13077 : 25;
	13078 : 25;
	13079 : 45;
	13080 : 45;
	13081 : 49;
	13082 : 49;
	13083 : 49;
	13084 : 49;
	13085 : 49;
	13086 : 49;
	13087 : 49;
	13088 : 49;
	13089 : 49;
	13090 : 49;
	13091 : 49;
	13092 : 49;
	13093 : 49;
	13094 : 69;
	13095 : 69;
	13096 : 69;
	13097 : 69;
	13098 : 6D;
	13099 : 6D;
	13100 : 8E;
	13101 : 8E;
	13102 : 49;
	13103 : 45;
	13104 : 45;
	13105 : 49;
	13106 : 45;
	13107 : 49;
	13108 : 49;
	13109 : 49;
	13110 : 49;
	13111 : 49;
	13112 : 49;
	13113 : 49;
	13114 : 49;
	13115 : 49;
	13116 : 49;
	13117 : 49;
	13118 : 49;
	13119 : 49;
	13120 : 25;
	13121 : 69;
	13122 : 69;
	13123 : 69;
	13124 : 49;
	13125 : 6D;
	13126 : 6D;
	13127 : 49;
	13128 : 6D;
	13129 : 69;
	13130 : 69;
	13131 : 69;
	13132 : 69;
	13133 : 69;
	13134 : 25;
	13135 : 24;
	13136 : 49;
	13137 : 69;
	13138 : 69;
	13139 : 49;
	13140 : 25;
	13141 : 69;
	13142 : 49;
	13143 : 6D;
	13144 : 49;
	13145 : 25;
	13146 : 69;
	13147 : 24;
	13148 : 25;
	13149 : 25;
	13150 : 24;
	13151 : 25;
	13152 : 24;
	13153 : 25;
	13154 : 25;
	13155 : 24;
	13156 : 25;
	13157 : 45;
	13158 : 24;
	13159 : 24;
	13160 : 45;
	13161 : 25;
	13162 : 25;
	13163 : 49;
	13164 : 45;
	13165 : 25;
	13166 : 49;
	13167 : 45;
	13168 : 49;
	13169 : 25;
	13170 : 24;
	13171 : 49;
	13172 : 49;
	13173 : 45;
	13174 : 49;
	13175 : 25;
	13176 : 49;
	13177 : 49;
	13178 : 25;
	13179 : 49;
	13180 : 49;
	13181 : 25;
	13182 : 49;
	13183 : 49;
	13184 : 45;
	13185 : 45;
	13186 : 25;
	13187 : 25;
	13188 : 24;
	13189 : 49;
	13190 : 49;
	13191 : 69;
	13192 : 49;
	13193 : 49;
	13194 : 8E;
	13195 : 6D;
	13196 : 49;
	13197 : 49;
	13198 : 49;
	13199 : 69;
	13200 : 69;
	13201 : 69;
	13202 : 49;
	13203 : 49;
	13204 : 49;
	13205 : 6E;
	13206 : 49;
	13207 : 49;
	13208 : 49;
	13209 : 6E;
	13210 : 49;
	13211 : 25;
	13212 : 20;
	13213 : 45;
	13214 : 24;
	13215 : 49;
	13216 : 49;
	13217 : 49;
	13218 : 45;
	13219 : 49;
	13220 : 49;
	13221 : 45;
	13222 : 49;
	13223 : 49;
	13224 : 45;
	13225 : 49;
	13226 : 49;
	13227 : 24;
	13228 : 49;
	13229 : 25;
	13230 : 25;
	13231 : 45;
	13232 : 24;
	13233 : 45;
	13234 : 45;
	13235 : 45;
	13236 : 49;
	13237 : 25;
	13238 : 25;
	13239 : 45;
	13240 : 45;
	13241 : 49;
	13242 : 49;
	13243 : 49;
	13244 : 24;
	13245 : 25;
	13246 : 49;
	13247 : 49;
	13248 : 49;
	13249 : 49;
	13250 : 49;
	13251 : 49;
	13252 : 49;
	13253 : 49;
	13254 : 6D;
	13255 : B2;
	13256 : 69;
	13257 : 8E;
	13258 : 8E;
	13259 : 8E;
	13260 : 8E;
	13261 : 49;
	13262 : 6E;
	13263 : 69;
	13264 : 49;
	13265 : 49;
	13266 : 49;
	13267 : 49;
	13268 : 49;
	13269 : 49;
	13270 : 49;
	13271 : 49;
	13272 : 49;
	13273 : 49;
	13274 : 69;
	13275 : 69;
	13276 : 49;
	13277 : 49;
	13278 : 49;
	13279 : 49;
	13280 : 45;
	13281 : 49;
	13282 : 49;
	13283 : 49;
	13284 : 25;
	13285 : 49;
	13286 : 6D;
	13287 : 49;
	13288 : 6D;
	13289 : 69;
	13290 : 49;
	13291 : 25;
	13292 : 69;
	13293 : 69;
	13294 : 25;
	13295 : 24;
	13296 : 49;
	13297 : 69;
	13298 : 69;
	13299 : 00;
	13300 : 25;
	13301 : 24;
	13302 : 45;
	13303 : 45;
	13304 : 25;
	13305 : 24;
	13306 : 49;
	13307 : 00;
	13308 : 00;
	13309 : 25;
	13310 : 24;
	13311 : 25;
	13312 : 00;
	13313 : 25;
	13314 : 25;
	13315 : 20;
	13316 : 00;
	13317 : 49;
	13318 : 25;
	13319 : 24;
	13320 : 25;
	13321 : 25;
	13322 : 25;
	13323 : 25;
	13324 : 25;
	13325 : 45;
	13326 : 45;
	13327 : 45;
	13328 : 49;
	13329 : 25;
	13330 : 24;
	13331 : 49;
	13332 : 45;
	13333 : 49;
	13334 : 49;
	13335 : 25;
	13336 : 49;
	13337 : 49;
	13338 : 25;
	13339 : 49;
	13340 : 49;
	13341 : 25;
	13342 : 49;
	13343 : 49;
	13344 : 45;
	13345 : 45;
	13346 : 25;
	13347 : 25;
	13348 : 24;
	13349 : 49;
	13350 : 69;
	13351 : 6D;
	13352 : 49;
	13353 : 49;
	13354 : 6E;
	13355 : 8E;
	13356 : 49;
	13357 : 49;
	13358 : 49;
	13359 : 49;
	13360 : 49;
	13361 : 49;
	13362 : 49;
	13363 : 49;
	13364 : 49;
	13365 : 49;
	13366 : 6E;
	13367 : 49;
	13368 : 49;
	13369 : 6E;
	13370 : 49;
	13371 : 25;
	13372 : 20;
	13373 : 45;
	13374 : 24;
	13375 : 49;
	13376 : 49;
	13377 : 49;
	13378 : 45;
	13379 : 49;
	13380 : 49;
	13381 : 45;
	13382 : 49;
	13383 : 49;
	13384 : 49;
	13385 : 49;
	13386 : 49;
	13387 : 24;
	13388 : 49;
	13389 : 25;
	13390 : 25;
	13391 : 45;
	13392 : 24;
	13393 : 45;
	13394 : 45;
	13395 : 45;
	13396 : 49;
	13397 : 24;
	13398 : 24;
	13399 : 45;
	13400 : 25;
	13401 : 25;
	13402 : 25;
	13403 : 25;
	13404 : 25;
	13405 : 6D;
	13406 : 6D;
	13407 : 49;
	13408 : 49;
	13409 : 49;
	13410 : 49;
	13411 : 49;
	13412 : 49;
	13413 : 49;
	13414 : 6E;
	13415 : 8E;
	13416 : 6D;
	13417 : 49;
	13418 : 6D;
	13419 : 8E;
	13420 : 8E;
	13421 : 6E;
	13422 : 6E;
	13423 : 6E;
	13424 : 6D;
	13425 : 69;
	13426 : 49;
	13427 : 49;
	13428 : 25;
	13429 : 49;
	13430 : 49;
	13431 : 49;
	13432 : 49;
	13433 : 45;
	13434 : 49;
	13435 : 49;
	13436 : 49;
	13437 : 45;
	13438 : 69;
	13439 : 25;
	13440 : 49;
	13441 : 45;
	13442 : 49;
	13443 : 49;
	13444 : 69;
	13445 : 6D;
	13446 : 49;
	13447 : 49;
	13448 : 69;
	13449 : 69;
	13450 : 49;
	13451 : 25;
	13452 : 20;
	13453 : 24;
	13454 : 24;
	13455 : 00;
	13456 : 25;
	13457 : 49;
	13458 : 00;
	13459 : 49;
	13460 : 49;
	13461 : 49;
	13462 : 49;
	13463 : 69;
	13464 : 49;
	13465 : 49;
	13466 : 25;
	13467 : 49;
	13468 : 49;
	13469 : 25;
	13470 : 45;
	13471 : 49;
	13472 : 25;
	13473 : 25;
	13474 : 25;
	13475 : 00;
	13476 : 24;
	13477 : 49;
	13478 : 45;
	13479 : 00;
	13480 : 45;
	13481 : 25;
	13482 : 25;
	13483 : 49;
	13484 : 25;
	13485 : 25;
	13486 : 45;
	13487 : 45;
	13488 : 49;
	13489 : 25;
	13490 : 24;
	13491 : 49;
	13492 : 45;
	13493 : 49;
	13494 : 49;
	13495 : 25;
	13496 : 49;
	13497 : 49;
	13498 : 25;
	13499 : 49;
	13500 : 49;
	13501 : 24;
	13502 : 25;
	13503 : 25;
	13504 : 25;
	13505 : 25;
	13506 : 45;
	13507 : 25;
	13508 : 24;
	13509 : 49;
	13510 : 6D;
	13511 : 6D;
	13512 : 69;
	13513 : 49;
	13514 : 49;
	13515 : 49;
	13516 : 49;
	13517 : 49;
	13518 : 49;
	13519 : 49;
	13520 : 49;
	13521 : 49;
	13522 : 49;
	13523 : 49;
	13524 : 49;
	13525 : 49;
	13526 : 49;
	13527 : 49;
	13528 : 6D;
	13529 : 6D;
	13530 : 6D;
	13531 : 25;
	13532 : 20;
	13533 : 45;
	13534 : 00;
	13535 : 25;
	13536 : 25;
	13537 : 25;
	13538 : 25;
	13539 : 49;
	13540 : 49;
	13541 : 45;
	13542 : 49;
	13543 : 49;
	13544 : 49;
	13545 : 49;
	13546 : 49;
	13547 : 24;
	13548 : 49;
	13549 : 25;
	13550 : 25;
	13551 : 45;
	13552 : 24;
	13553 : 45;
	13554 : 49;
	13555 : 45;
	13556 : 45;
	13557 : 25;
	13558 : 25;
	13559 : 45;
	13560 : 25;
	13561 : 69;
	13562 : 69;
	13563 : 69;
	13564 : 25;
	13565 : 49;
	13566 : 6D;
	13567 : 25;
	13568 : 49;
	13569 : 49;
	13570 : 49;
	13571 : 49;
	13572 : 69;
	13573 : 69;
	13574 : 6D;
	13575 : 6E;
	13576 : 6E;
	13577 : 6E;
	13578 : 8E;
	13579 : 69;
	13580 : 69;
	13581 : 69;
	13582 : 69;
	13583 : 49;
	13584 : 69;
	13585 : 69;
	13586 : 6D;
	13587 : 6E;
	13588 : 6D;
	13589 : 69;
	13590 : 6D;
	13591 : 69;
	13592 : 49;
	13593 : 49;
	13594 : 49;
	13595 : 49;
	13596 : 49;
	13597 : 25;
	13598 : 6D;
	13599 : 25;
	13600 : 49;
	13601 : 25;
	13602 : 25;
	13603 : 25;
	13604 : 49;
	13605 : 49;
	13606 : 45;
	13607 : 25;
	13608 : 49;
	13609 : 49;
	13610 : 45;
	13611 : 24;
	13612 : 00;
	13613 : 00;
	13614 : 24;
	13615 : 25;
	13616 : 49;
	13617 : 6D;
	13618 : 25;
	13619 : 49;
	13620 : 49;
	13621 : 49;
	13622 : 49;
	13623 : 69;
	13624 : 49;
	13625 : 49;
	13626 : 25;
	13627 : 49;
	13628 : 49;
	13629 : 25;
	13630 : 25;
	13631 : 49;
	13632 : 25;
	13633 : 25;
	13634 : 25;
	13635 : 00;
	13636 : 25;
	13637 : 45;
	13638 : 45;
	13639 : 20;
	13640 : 45;
	13641 : 25;
	13642 : 25;
	13643 : 45;
	13644 : 25;
	13645 : 25;
	13646 : 45;
	13647 : 45;
	13648 : 45;
	13649 : 25;
	13650 : 24;
	13651 : 49;
	13652 : 45;
	13653 : 49;
	13654 : 49;
	13655 : 25;
	13656 : 49;
	13657 : 49;
	13658 : 25;
	13659 : 49;
	13660 : 49;
	13661 : 20;
	13662 : 24;
	13663 : 25;
	13664 : 25;
	13665 : 24;
	13666 : 25;
	13667 : 25;
	13668 : 24;
	13669 : 49;
	13670 : 49;
	13671 : 49;
	13672 : 49;
	13673 : 49;
	13674 : 49;
	13675 : 69;
	13676 : 69;
	13677 : 6D;
	13678 : 49;
	13679 : 6E;
	13680 : 6D;
	13681 : 6D;
	13682 : 6D;
	13683 : 6E;
	13684 : 69;
	13685 : 69;
	13686 : 49;
	13687 : 49;
	13688 : 49;
	13689 : 69;
	13690 : 69;
	13691 : 25;
	13692 : 20;
	13693 : 45;
	13694 : 00;
	13695 : 25;
	13696 : 25;
	13697 : 25;
	13698 : 24;
	13699 : 49;
	13700 : 49;
	13701 : 25;
	13702 : 49;
	13703 : 49;
	13704 : 49;
	13705 : 49;
	13706 : 49;
	13707 : 24;
	13708 : 69;
	13709 : 25;
	13710 : 25;
	13711 : 25;
	13712 : 24;
	13713 : 45;
	13714 : 45;
	13715 : 45;
	13716 : 45;
	13717 : 25;
	13718 : 25;
	13719 : 45;
	13720 : 25;
	13721 : 49;
	13722 : 49;
	13723 : 49;
	13724 : 25;
	13725 : 49;
	13726 : 6D;
	13727 : 25;
	13728 : 49;
	13729 : 49;
	13730 : 49;
	13731 : 49;
	13732 : 49;
	13733 : 49;
	13734 : 69;
	13735 : 6D;
	13736 : 6D;
	13737 : 6D;
	13738 : 6E;
	13739 : 6D;
	13740 : 69;
	13741 : 8E;
	13742 : 69;
	13743 : 92;
	13744 : 6E;
	13745 : 6E;
	13746 : 6D;
	13747 : 6D;
	13748 : 6D;
	13749 : 49;
	13750 : 49;
	13751 : 49;
	13752 : 49;
	13753 : 49;
	13754 : 49;
	13755 : 49;
	13756 : 49;
	13757 : 25;
	13758 : 69;
	13759 : 25;
	13760 : 24;
	13761 : 00;
	13762 : 69;
	13763 : 69;
	13764 : 45;
	13765 : 25;
	13766 : 69;
	13767 : 49;
	13768 : 00;
	13769 : 69;
	13770 : 69;
	13771 : 69;
	13772 : 69;
	13773 : 49;
	13774 : 25;
	13775 : 49;
	13776 : 49;
	13777 : 69;
	13778 : 45;
	13779 : 25;
	13780 : 49;
	13781 : 25;
	13782 : 24;
	13783 : 25;
	13784 : 00;
	13785 : 49;
	13786 : 00;
	13787 : 49;
	13788 : 25;
	13789 : 24;
	13790 : 00;
	13791 : 20;
	13792 : 00;
	13793 : 00;
	13794 : 24;
	13795 : 00;
	13796 : 00;
	13797 : 24;
	13798 : 24;
	13799 : 00;
	13800 : 45;
	13801 : 25;
	13802 : 25;
	13803 : 45;
	13804 : 25;
	13805 : 25;
	13806 : 45;
	13807 : 25;
	13808 : 45;
	13809 : 25;
	13810 : 24;
	13811 : 45;
	13812 : 49;
	13813 : 49;
	13814 : 49;
	13815 : 25;
	13816 : 45;
	13817 : 45;
	13818 : 25;
	13819 : 45;
	13820 : 49;
	13821 : 24;
	13822 : 24;
	13823 : 25;
	13824 : 24;
	13825 : 24;
	13826 : 25;
	13827 : 25;
	13828 : 24;
	13829 : 6D;
	13830 : 6D;
	13831 : 6D;
	13832 : 49;
	13833 : 69;
	13834 : 6D;
	13835 : 6D;
	13836 : 6D;
	13837 : 6D;
	13838 : 6D;
	13839 : 6D;
	13840 : 6D;
	13841 : 69;
	13842 : 6E;
	13843 : 6E;
	13844 : 6E;
	13845 : 6E;
	13846 : 69;
	13847 : 6D;
	13848 : 6D;
	13849 : 6D;
	13850 : 6D;
	13851 : 24;
	13852 : 00;
	13853 : 25;
	13854 : 00;
	13855 : 25;
	13856 : 25;
	13857 : 24;
	13858 : 24;
	13859 : 49;
	13860 : 49;
	13861 : 25;
	13862 : 49;
	13863 : 49;
	13864 : 49;
	13865 : 49;
	13866 : 45;
	13867 : 25;
	13868 : 25;
	13869 : 25;
	13870 : 25;
	13871 : 45;
	13872 : 24;
	13873 : 45;
	13874 : 25;
	13875 : 25;
	13876 : 24;
	13877 : 45;
	13878 : 25;
	13879 : 45;
	13880 : 25;
	13881 : 45;
	13882 : 49;
	13883 : 45;
	13884 : 24;
	13885 : 25;
	13886 : 49;
	13887 : 6E;
	13888 : 45;
	13889 : 49;
	13890 : 49;
	13891 : 49;
	13892 : 49;
	13893 : 49;
	13894 : 49;
	13895 : 69;
	13896 : 6D;
	13897 : 6D;
	13898 : 6D;
	13899 : 6E;
	13900 : 6E;
	13901 : 92;
	13902 : 69;
	13903 : B2;
	13904 : 6E;
	13905 : 6E;
	13906 : 6D;
	13907 : 6D;
	13908 : 6D;
	13909 : 6D;
	13910 : 69;
	13911 : 49;
	13912 : 49;
	13913 : 45;
	13914 : 45;
	13915 : 49;
	13916 : 49;
	13917 : 25;
	13918 : 69;
	13919 : 24;
	13920 : 49;
	13921 : 69;
	13922 : 24;
	13923 : 49;
	13924 : 49;
	13925 : 69;
	13926 : 49;
	13927 : 69;
	13928 : 24;
	13929 : 69;
	13930 : 49;
	13931 : 49;
	13932 : 49;
	13933 : 49;
	13934 : 24;
	13935 : 49;
	13936 : 45;
	13937 : 24;
	13938 : 24;
	13939 : 25;
	13940 : 00;
	13941 : 00;
	13942 : 49;
	13943 : 49;
	13944 : 69;
	13945 : 20;
	13946 : 69;
	13947 : 00;
	13948 : 49;
	13949 : 49;
	13950 : 49;
	13951 : 25;
	13952 : 25;
	13953 : 24;
	13954 : 00;
	13955 : 00;
	13956 : 24;
	13957 : 24;
	13958 : 24;
	13959 : 00;
	13960 : 45;
	13961 : 00;
	13962 : 24;
	13963 : 24;
	13964 : 24;
	13965 : 24;
	13966 : 24;
	13967 : 24;
	13968 : 24;
	13969 : 24;
	13970 : 20;
	13971 : 49;
	13972 : 24;
	13973 : 24;
	13974 : 25;
	13975 : 24;
	13976 : 24;
	13977 : 24;
	13978 : 20;
	13979 : 24;
	13980 : 24;
	13981 : 24;
	13982 : 24;
	13983 : 25;
	13984 : 24;
	13985 : 25;
	13986 : 25;
	13987 : 25;
	13988 : 25;
	13989 : 6D;
	13990 : 49;
	13991 : 69;
	13992 : 6D;
	13993 : 6D;
	13994 : 6D;
	13995 : 6D;
	13996 : 6D;
	13997 : 69;
	13998 : 69;
	13999 : 49;
	14000 : 6D;
	14001 : 6D;
	14002 : 6D;
	14003 : 6D;
	14004 : 6D;
	14005 : 6D;
	14006 : 6D;
	14007 : 6E;
	14008 : 6D;
	14009 : 69;
	14010 : 6D;
	14011 : 25;
	14012 : 00;
	14013 : 25;
	14014 : 00;
	14015 : 25;
	14016 : 25;
	14017 : 24;
	14018 : 24;
	14019 : 24;
	14020 : 24;
	14021 : 24;
	14022 : 25;
	14023 : 24;
	14024 : 25;
	14025 : 24;
	14026 : 24;
	14027 : 20;
	14028 : 69;
	14029 : 24;
	14030 : 24;
	14031 : 24;
	14032 : 24;
	14033 : 24;
	14034 : 24;
	14035 : 24;
	14036 : 24;
	14037 : 24;
	14038 : 24;
	14039 : 45;
	14040 : 25;
	14041 : 25;
	14042 : 25;
	14043 : 20;
	14044 : 25;
	14045 : 25;
	14046 : 6D;
	14047 : 49;
	14048 : 25;
	14049 : 49;
	14050 : 49;
	14051 : 49;
	14052 : 49;
	14053 : 49;
	14054 : 6D;
	14055 : 6D;
	14056 : 6D;
	14057 : 6D;
	14058 : 49;
	14059 : 6D;
	14060 : 8E;
	14061 : 92;
	14062 : 6E;
	14063 : 69;
	14064 : 69;
	14065 : 6D;
	14066 : 49;
	14067 : 49;
	14068 : 49;
	14069 : 49;
	14070 : 49;
	14071 : 49;
	14072 : 49;
	14073 : 49;
	14074 : 45;
	14075 : 45;
	14076 : 49;
	14077 : 25;
	14078 : 49;
	14079 : 24;
	14080 : 49;
	14081 : 49;
	14082 : 25;
	14083 : 45;
	14084 : 49;
	14085 : 25;
	14086 : 49;
	14087 : 49;
	14088 : 20;
	14089 : 49;
	14090 : 49;
	14091 : 25;
	14092 : 25;
	14093 : 24;
	14094 : 00;
	14095 : 00;
	14096 : 00;
	14097 : 25;
	14098 : 49;
	14099 : 49;
	14100 : 49;
	14101 : 00;
	14102 : 49;
	14103 : 49;
	14104 : 69;
	14105 : 25;
	14106 : 49;
	14107 : 00;
	14108 : 49;
	14109 : 25;
	14110 : 24;
	14111 : 24;
	14112 : 00;
	14113 : 00;
	14114 : 24;
	14115 : 25;
	14116 : 24;
	14117 : 20;
	14118 : 00;
	14119 : 00;
	14120 : 25;
	14121 : 25;
	14122 : 49;
	14123 : 49;
	14124 : 49;
	14125 : 49;
	14126 : 49;
	14127 : 49;
	14128 : 49;
	14129 : 25;
	14130 : 20;
	14131 : 49;
	14132 : 45;
	14133 : 49;
	14134 : 49;
	14135 : 49;
	14136 : 49;
	14137 : 49;
	14138 : 49;
	14139 : 49;
	14140 : 49;
	14141 : 24;
	14142 : 25;
	14143 : 24;
	14144 : 25;
	14145 : 25;
	14146 : 25;
	14147 : 00;
	14148 : 24;
	14149 : 45;
	14150 : 69;
	14151 : 69;
	14152 : 49;
	14153 : 49;
	14154 : 49;
	14155 : 49;
	14156 : 49;
	14157 : 49;
	14158 : 49;
	14159 : 49;
	14160 : 49;
	14161 : 49;
	14162 : 49;
	14163 : 49;
	14164 : 49;
	14165 : 49;
	14166 : 49;
	14167 : 49;
	14168 : 69;
	14169 : 69;
	14170 : 49;
	14171 : 24;
	14172 : 00;
	14173 : 25;
	14174 : 00;
	14175 : 25;
	14176 : 25;
	14177 : 25;
	14178 : 24;
	14179 : 49;
	14180 : 49;
	14181 : 49;
	14182 : 49;
	14183 : 49;
	14184 : 49;
	14185 : 49;
	14186 : 49;
	14187 : 25;
	14188 : 49;
	14189 : 24;
	14190 : 25;
	14191 : 49;
	14192 : 49;
	14193 : 49;
	14194 : 49;
	14195 : 49;
	14196 : 49;
	14197 : 45;
	14198 : 25;
	14199 : 25;
	14200 : 25;
	14201 : 25;
	14202 : 00;
	14203 : 25;
	14204 : 24;
	14205 : 49;
	14206 : 25;
	14207 : 49;
	14208 : 49;
	14209 : 49;
	14210 : 49;
	14211 : 49;
	14212 : 49;
	14213 : 49;
	14214 : 49;
	14215 : 49;
	14216 : 49;
	14217 : 49;
	14218 : 6D;
	14219 : 6D;
	14220 : 49;
	14221 : 69;
	14222 : 49;
	14223 : 49;
	14224 : 49;
	14225 : 49;
	14226 : 25;
	14227 : 49;
	14228 : 49;
	14229 : 49;
	14230 : 49;
	14231 : 49;
	14232 : 25;
	14233 : 24;
	14234 : 45;
	14235 : 45;
	14236 : 25;
	14237 : 24;
	14238 : 49;
	14239 : 20;
	14240 : 49;
	14241 : 49;
	14242 : 49;
	14243 : 00;
	14244 : 45;
	14245 : 45;
	14246 : 49;
	14247 : 24;
	14248 : 25;
	14249 : 00;
	14250 : 00;
	14251 : 69;
	14252 : 69;
	14253 : 49;
	14254 : 69;
	14255 : 8E;
	14256 : 45;
	14257 : 49;
	14258 : 45;
	14259 : 49;
	14260 : 45;
	14261 : 00;
	14262 : 25;
	14263 : 25;
	14264 : 49;
	14265 : 24;
	14266 : 25;
	14267 : 00;
	14268 : 00;
	14269 : 25;
	14270 : 49;
	14271 : 00;
	14272 : 25;
	14273 : 24;
	14274 : 25;
	14275 : 20;
	14276 : 24;
	14277 : 25;
	14278 : 00;
	14279 : 45;
	14280 : 49;
	14281 : 00;
	14282 : 20;
	14283 : 24;
	14284 : 00;
	14285 : 24;
	14286 : 24;
	14287 : 25;
	14288 : 25;
	14289 : 24;
	14290 : 25;
	14291 : 45;
	14292 : 24;
	14293 : 25;
	14294 : 25;
	14295 : 25;
	14296 : 25;
	14297 : 25;
	14298 : 25;
	14299 : 25;
	14300 : 25;
	14301 : 20;
	14302 : 24;
	14303 : 24;
	14304 : 25;
	14305 : 24;
	14306 : 20;
	14307 : 24;
	14308 : 24;
	14309 : 25;
	14310 : 25;
	14311 : 25;
	14312 : 25;
	14313 : 25;
	14314 : 25;
	14315 : 25;
	14316 : 25;
	14317 : 25;
	14318 : 25;
	14319 : 25;
	14320 : 25;
	14321 : 25;
	14322 : 25;
	14323 : 25;
	14324 : 25;
	14325 : 25;
	14326 : 25;
	14327 : 25;
	14328 : 25;
	14329 : 25;
	14330 : 25;
	14331 : 25;
	14332 : 25;
	14333 : 24;
	14334 : 00;
	14335 : 25;
	14336 : 24;
	14337 : 24;
	14338 : 24;
	14339 : 25;
	14340 : 25;
	14341 : 25;
	14342 : 25;
	14343 : 25;
	14344 : 25;
	14345 : 45;
	14346 : 25;
	14347 : 25;
	14348 : 49;
	14349 : 49;
	14350 : 25;
	14351 : 24;
	14352 : 24;
	14353 : 24;
	14354 : 25;
	14355 : 25;
	14356 : 25;
	14357 : 24;
	14358 : 24;
	14359 : 49;
	14360 : 49;
	14361 : 24;
	14362 : 00;
	14363 : 24;
	14364 : 24;
	14365 : 25;
	14366 : 25;
	14367 : 49;
	14368 : 49;
	14369 : 24;
	14370 : 49;
	14371 : 49;
	14372 : 49;
	14373 : 45;
	14374 : 49;
	14375 : 49;
	14376 : 69;
	14377 : 49;
	14378 : 45;
	14379 : 49;
	14380 : 6D;
	14381 : 6E;
	14382 : 49;
	14383 : 49;
	14384 : 49;
	14385 : 45;
	14386 : 25;
	14387 : 49;
	14388 : 49;
	14389 : 69;
	14390 : 69;
	14391 : 69;
	14392 : 24;
	14393 : 25;
	14394 : 49;
	14395 : 45;
	14396 : 24;
	14397 : 24;
	14398 : 25;
	14399 : 20;
	14400 : 6D;
	14401 : 6E;
	14402 : 69;
	14403 : 25;
	14404 : 24;
	14405 : 25;
	14406 : 00;
	14407 : 24;
	14408 : 49;
	14409 : 25;
	14410 : 25;
	14411 : 49;
	14412 : 49;
	14413 : 25;
	14414 : 69;
	14415 : 69;
	14416 : 45;
	14417 : 69;
	14418 : 69;
	14419 : 49;
	14420 : 45;
	14421 : 00;
	14422 : 00;
	14423 : 00;
	14424 : 00;
	14425 : 49;
	14426 : 49;
	14427 : 24;
	14428 : 20;
	14429 : 25;
	14430 : 49;
	14431 : 00;
	14432 : 25;
	14433 : 00;
	14434 : 24;
	14435 : 00;
	14436 : 00;
	14437 : 24;
	14438 : 20;
	14439 : 45;
	14440 : 49;
	14441 : 24;
	14442 : 24;
	14443 : 00;
	14444 : 25;
	14445 : 00;
	14446 : 24;
	14447 : 24;
	14448 : 24;
	14449 : 24;
	14450 : 24;
	14451 : 24;
	14452 : 24;
	14453 : 24;
	14454 : 24;
	14455 : 24;
	14456 : 24;
	14457 : 24;
	14458 : 24;
	14459 : 24;
	14460 : 24;
	14461 : 6D;
	14462 : 49;
	14463 : 49;
	14464 : 49;
	14465 : 6D;
	14466 : 00;
	14467 : 24;
	14468 : 24;
	14469 : 24;
	14470 : 24;
	14471 : 24;
	14472 : 24;
	14473 : 24;
	14474 : 24;
	14475 : 24;
	14476 : 24;
	14477 : 24;
	14478 : 24;
	14479 : 24;
	14480 : 24;
	14481 : 24;
	14482 : 24;
	14483 : 24;
	14484 : 24;
	14485 : 24;
	14486 : 24;
	14487 : 24;
	14488 : 24;
	14489 : 24;
	14490 : 24;
	14491 : 24;
	14492 : 24;
	14493 : 20;
	14494 : 49;
	14495 : 69;
	14496 : 49;
	14497 : 49;
	14498 : 49;
	14499 : 00;
	14500 : 20;
	14501 : 00;
	14502 : 20;
	14503 : 24;
	14504 : 24;
	14505 : 24;
	14506 : 24;
	14507 : 24;
	14508 : 24;
	14509 : 24;
	14510 : 24;
	14511 : 24;
	14512 : 24;
	14513 : 25;
	14514 : 24;
	14515 : 24;
	14516 : 24;
	14517 : 24;
	14518 : 20;
	14519 : 25;
	14520 : 25;
	14521 : 24;
	14522 : 00;
	14523 : 24;
	14524 : 00;
	14525 : 24;
	14526 : 20;
	14527 : 25;
	14528 : 25;
	14529 : 00;
	14530 : 24;
	14531 : 24;
	14532 : 25;
	14533 : 69;
	14534 : 6E;
	14535 : 6D;
	14536 : 6E;
	14537 : 8E;
	14538 : 8E;
	14539 : 25;
	14540 : 25;
	14541 : 25;
	14542 : 25;
	14543 : 25;
	14544 : 25;
	14545 : 25;
	14546 : 49;
	14547 : 6E;
	14548 : 6E;
	14549 : 6E;
	14550 : 6D;
	14551 : 49;
	14552 : 49;
	14553 : 25;
	14554 : 49;
	14555 : 45;
	14556 : 49;
	14557 : 25;
	14558 : 69;
	14559 : 24;
	14560 : 00;
	14561 : 25;
	14562 : 49;
	14563 : 49;
	14564 : 49;
	14565 : 24;
	14566 : 49;
	14567 : 49;
	14568 : 49;
	14569 : 45;
	14570 : 49;
	14571 : 25;
	14572 : 25;
	14573 : 45;
	14574 : 25;
	14575 : 24;
	14576 : 20;
	14577 : 25;
	14578 : 49;
	14579 : 25;
	14580 : 49;
	14581 : 49;
	14582 : 49;
	14583 : 49;
	14584 : 25;
	14585 : 24;
	14586 : 25;
	14587 : 25;
	14588 : 24;
	14589 : 00;
	14590 : 00;
	14591 : 00;
	14592 : 24;
	14593 : 24;
	14594 : 24;
	14595 : 24;
	14596 : 00;
	14597 : 24;
	14598 : 24;
	14599 : 24;
	14600 : 24;
	14601 : 25;
	14602 : 25;
	14603 : 24;
	14604 : 00;
	14605 : 20;
	14606 : 24;
	14607 : 24;
	14608 : 20;
	14609 : 25;
	14610 : 49;
	14611 : 25;
	14612 : 25;
	14613 : 25;
	14614 : 24;
	14615 : 24;
	14616 : 45;
	14617 : 25;
	14618 : 24;
	14619 : 24;
	14620 : 00;
	14621 : 45;
	14622 : 49;
	14623 : 45;
	14624 : 25;
	14625 : 25;
	14626 : 24;
	14627 : 25;
	14628 : 25;
	14629 : 25;
	14630 : 25;
	14631 : 25;
	14632 : 25;
	14633 : 25;
	14634 : 25;
	14635 : 25;
	14636 : 25;
	14637 : 25;
	14638 : 25;
	14639 : 25;
	14640 : 25;
	14641 : 25;
	14642 : 25;
	14643 : 25;
	14644 : 25;
	14645 : 25;
	14646 : 25;
	14647 : 25;
	14648 : 25;
	14649 : 25;
	14650 : 25;
	14651 : 25;
	14652 : 25;
	14653 : 25;
	14654 : 25;
	14655 : 25;
	14656 : 25;
	14657 : 49;
	14658 : 49;
	14659 : 25;
	14660 : 24;
	14661 : 24;
	14662 : 25;
	14663 : 25;
	14664 : 49;
	14665 : 49;
	14666 : 25;
	14667 : 45;
	14668 : 25;
	14669 : 24;
	14670 : 24;
	14671 : 25;
	14672 : 25;
	14673 : 25;
	14674 : 25;
	14675 : 25;
	14676 : 25;
	14677 : 25;
	14678 : 25;
	14679 : 25;
	14680 : 25;
	14681 : 25;
	14682 : 25;
	14683 : 25;
	14684 : 25;
	14685 : 25;
	14686 : 25;
	14687 : 25;
	14688 : 25;
	14689 : 25;
	14690 : 45;
	14691 : 69;
	14692 : 6D;
	14693 : 49;
	14694 : 45;
	14695 : 49;
	14696 : 49;
	14697 : 49;
	14698 : 49;
	14699 : 49;
	14700 : 69;
	14701 : 25;
	14702 : 25;
	14703 : 25;
	14704 : 24;
	14705 : 20;
	14706 : 49;
	14707 : 49;
	14708 : 49;
	14709 : 49;
	14710 : 49;
	14711 : 6D;
	14712 : 6D;
	14713 : 49;
	14714 : 45;
	14715 : 45;
	14716 : 69;
	14717 : 25;
	14718 : 69;
	14719 : 24;
	14720 : 25;
	14721 : 49;
	14722 : 49;
	14723 : 49;
	14724 : 45;
	14725 : 24;
	14726 : 25;
	14727 : 25;
	14728 : 49;
	14729 : 25;
	14730 : 45;
	14731 : 49;
	14732 : 00;
	14733 : 25;
	14734 : 49;
	14735 : 49;
	14736 : 69;
	14737 : 45;
	14738 : 49;
	14739 : 49;
	14740 : 25;
	14741 : 45;
	14742 : 25;
	14743 : 25;
	14744 : 24;
	14745 : 00;
	14746 : 24;
	14747 : 25;
	14748 : 45;
	14749 : 25;
	14750 : 25;
	14751 : 25;
	14752 : 25;
	14753 : 25;
	14754 : 25;
	14755 : 25;
	14756 : 49;
	14757 : 25;
	14758 : 25;
	14759 : 24;
	14760 : 25;
	14761 : 49;
	14762 : 25;
	14763 : 25;
	14764 : 25;
	14765 : 25;
	14766 : 49;
	14767 : 25;
	14768 : 45;
	14769 : 25;
	14770 : 25;
	14771 : 25;
	14772 : 49;
	14773 : 49;
	14774 : 69;
	14775 : 69;
	14776 : 49;
	14777 : 49;
	14778 : 49;
	14779 : 49;
	14780 : 49;
	14781 : 49;
	14782 : 49;
	14783 : 49;
	14784 : 69;
	14785 : 49;
	14786 : 49;
	14787 : 49;
	14788 : 49;
	14789 : 6D;
	14790 : 6D;
	14791 : 69;
	14792 : 69;
	14793 : 69;
	14794 : 6D;
	14795 : 69;
	14796 : 69;
	14797 : 49;
	14798 : 49;
	14799 : 49;
	14800 : 49;
	14801 : 49;
	14802 : 49;
	14803 : 6D;
	14804 : 49;
	14805 : 49;
	14806 : 49;
	14807 : 49;
	14808 : 49;
	14809 : 49;
	14810 : 69;
	14811 : 49;
	14812 : 6D;
	14813 : 6D;
	14814 : 6E;
	14815 : 6D;
	14816 : 49;
	14817 : 6E;
	14818 : 6D;
	14819 : 45;
	14820 : 49;
	14821 : 49;
	14822 : 49;
	14823 : 49;
	14824 : 69;
	14825 : 49;
	14826 : 49;
	14827 : 69;
	14828 : 6D;
	14829 : 6D;
	14830 : 6D;
	14831 : 6D;
	14832 : 49;
	14833 : 49;
	14834 : 49;
	14835 : 49;
	14836 : 49;
	14837 : 49;
	14838 : 49;
	14839 : 49;
	14840 : 49;
	14841 : 45;
	14842 : 45;
	14843 : 25;
	14844 : 25;
	14845 : 25;
	14846 : 25;
	14847 : 25;
	14848 : 25;
	14849 : 25;
	14850 : 25;
	14851 : 25;
	14852 : 49;
	14853 : 49;
	14854 : 49;
	14855 : 6D;
	14856 : 8E;
	14857 : 69;
	14858 : 49;
	14859 : 6D;
	14860 : 25;
	14861 : 49;
	14862 : 00;
	14863 : 00;
	14864 : 00;
	14865 : 24;
	14866 : 6E;
	14867 : 8E;
	14868 : 8E;
	14869 : 8E;
	14870 : 6E;
	14871 : 6D;
	14872 : 6D;
	14873 : 49;
	14874 : 45;
	14875 : 45;
	14876 : 49;
	14877 : 25;
	14878 : 69;
	14879 : 25;
	14880 : 45;
	14881 : 25;
	14882 : 49;
	14883 : 49;
	14884 : 25;
	14885 : 00;
	14886 : 25;
	14887 : 24;
	14888 : 25;
	14889 : 25;
	14890 : 49;
	14891 : 49;
	14892 : 25;
	14893 : 49;
	14894 : 49;
	14895 : 49;
	14896 : 25;
	14897 : 25;
	14898 : 25;
	14899 : 25;
	14900 : 00;
	14901 : 00;
	14902 : 00;
	14903 : 00;
	14904 : 25;
	14905 : 25;
	14906 : 24;
	14907 : 49;
	14908 : 25;
	14909 : 25;
	14910 : 25;
	14911 : 49;
	14912 : 6D;
	14913 : 6D;
	14914 : 49;
	14915 : 49;
	14916 : 49;
	14917 : 49;
	14918 : 49;
	14919 : 25;
	14920 : 24;
	14921 : 45;
	14922 : 49;
	14923 : 49;
	14924 : 25;
	14925 : 25;
	14926 : 49;
	14927 : 49;
	14928 : 49;
	14929 : 49;
	14930 : 69;
	14931 : 49;
	14932 : 69;
	14933 : 69;
	14934 : 69;
	14935 : 69;
	14936 : 69;
	14937 : 69;
	14938 : 69;
	14939 : 45;
	14940 : 45;
	14941 : 69;
	14942 : 25;
	14943 : 45;
	14944 : 69;
	14945 : 69;
	14946 : 6D;
	14947 : 6D;
	14948 : 6D;
	14949 : 69;
	14950 : 69;
	14951 : 69;
	14952 : 69;
	14953 : 69;
	14954 : 49;
	14955 : 49;
	14956 : 49;
	14957 : 49;
	14958 : 69;
	14959 : 6D;
	14960 : 6D;
	14961 : 49;
	14962 : 6D;
	14963 : 6D;
	14964 : 6D;
	14965 : 6D;
	14966 : 6D;
	14967 : 6D;
	14968 : 69;
	14969 : 6D;
	14970 : 6D;
	14971 : 6D;
	14972 : 49;
	14973 : 49;
	14974 : 49;
	14975 : 69;
	14976 : 49;
	14977 : 49;
	14978 : 6D;
	14979 : 6D;
	14980 : 49;
	14981 : 69;
	14982 : 6D;
	14983 : 6D;
	14984 : 69;
	14985 : 69;
	14986 : 6D;
	14987 : 6D;
	14988 : 6D;
	14989 : 6D;
	14990 : 6D;
	14991 : 6D;
	14992 : 6D;
	14993 : 69;
	14994 : 6D;
	14995 : 69;
	14996 : 69;
	14997 : 69;
	14998 : 69;
	14999 : 69;
	15000 : 69;
	15001 : 69;
	15002 : 49;
	15003 : 49;
	15004 : 49;
	15005 : 49;
	15006 : 49;
	15007 : 25;
	15008 : 45;
	15009 : 49;
	15010 : 49;
	15011 : 49;
	15012 : 6D;
	15013 : 6D;
	15014 : 49;
	15015 : 49;
	15016 : 49;
	15017 : 49;
	15018 : 49;
	15019 : 6D;
	15020 : 49;
	15021 : 6D;
	15022 : 25;
	15023 : 25;
	15024 : 24;
	15025 : 00;
	15026 : 49;
	15027 : 49;
	15028 : 49;
	15029 : 49;
	15030 : 49;
	15031 : 6D;
	15032 : 6E;
	15033 : 49;
	15034 : 45;
	15035 : 25;
	15036 : 6D;
	15037 : 25;
	15038 : 69;
	15039 : 25;
	15040 : 00;
	15041 : 24;
	15042 : 24;
	15043 : 25;
	15044 : 49;
	15045 : 25;
	15046 : 25;
	15047 : 49;
	15048 : 49;
	15049 : 45;
	15050 : 25;
	15051 : 45;
	15052 : 24;
	15053 : 25;
	15054 : 25;
	15055 : 25;
	15056 : 00;
	15057 : 25;
	15058 : 25;
	15059 : 49;
	15060 : 25;
	15061 : 25;
	15062 : 49;
	15063 : 49;
	15064 : 49;
	15065 : 49;
	15066 : 25;
	15067 : 49;
	15068 : 49;
	15069 : 49;
	15070 : 49;
	15071 : 49;
	15072 : 25;
	15073 : 45;
	15074 : 49;
	15075 : 49;
	15076 : 69;
	15077 : 6D;
	15078 : 69;
	15079 : 69;
	15080 : 69;
	15081 : 69;
	15082 : 49;
	15083 : 25;
	15084 : 25;
	15085 : 25;
	15086 : 25;
	15087 : 25;
	15088 : 45;
	15089 : 45;
	15090 : 45;
	15091 : 49;
	15092 : 6D;
	15093 : 6D;
	15094 : 69;
	15095 : 69;
	15096 : 69;
	15097 : 49;
	15098 : 6D;
	15099 : 6E;
	15100 : 69;
	15101 : 25;
	15102 : 49;
	15103 : 49;
	15104 : 49;
	15105 : 49;
	15106 : 49;
	15107 : 6E;
	15108 : 6E;
	15109 : 6E;
	15110 : 6D;
	15111 : 6E;
	15112 : 6D;
	15113 : 6D;
	15114 : 6D;
	15115 : 6D;
	15116 : 69;
	15117 : 69;
	15118 : 69;
	15119 : 69;
	15120 : 6D;
	15121 : 69;
	15122 : 6D;
	15123 : 49;
	15124 : 69;
	15125 : 6D;
	15126 : 6D;
	15127 : 6D;
	15128 : 69;
	15129 : 6D;
	15130 : 69;
	15131 : 49;
	15132 : 49;
	15133 : 49;
	15134 : 49;
	15135 : 49;
	15136 : 49;
	15137 : 49;
	15138 : 45;
	15139 : 69;
	15140 : 6D;
	15141 : 6D;
	15142 : 49;
	15143 : 69;
	15144 : 69;
	15145 : 69;
	15146 : 69;
	15147 : 6D;
	15148 : 69;
	15149 : 6D;
	15150 : 6D;
	15151 : 69;
	15152 : 49;
	15153 : 49;
	15154 : 49;
	15155 : 49;
	15156 : 49;
	15157 : 49;
	15158 : 49;
	15159 : 69;
	15160 : 69;
	15161 : 49;
	15162 : 49;
	15163 : 49;
	15164 : 49;
	15165 : 49;
	15166 : 49;
	15167 : 69;
	15168 : 69;
	15169 : 49;
	15170 : 49;
	15171 : 69;
	15172 : 69;
	15173 : 69;
	15174 : 69;
	15175 : 69;
	15176 : 69;
	15177 : 69;
	15178 : 69;
	15179 : 49;
	15180 : 25;
	15181 : 49;
	15182 : 24;
	15183 : 25;
	15184 : 25;
	15185 : 24;
	15186 : 69;
	15187 : 69;
	15188 : 69;
	15189 : 69;
	15190 : 49;
	15191 : 49;
	15192 : 6D;
	15193 : 49;
	15194 : 45;
	15195 : 45;
	15196 : 69;
	15197 : 25;
	15198 : 69;
	15199 : 24;
	15200 : 25;
	15201 : 00;
	15202 : 20;
	15203 : 49;
	15204 : 49;
	15205 : 69;
	15206 : 25;
	15207 : 25;
	15208 : 25;
	15209 : 25;
	15210 : 25;
	15211 : 24;
	15212 : 00;
	15213 : 24;
	15214 : 00;
	15215 : 00;
	15216 : 25;
	15217 : 25;
	15218 : 25;
	15219 : 49;
	15220 : 49;
	15221 : 49;
	15222 : 25;
	15223 : 25;
	15224 : 49;
	15225 : 49;
	15226 : 49;
	15227 : 49;
	15228 : 49;
	15229 : 49;
	15230 : 49;
	15231 : 24;
	15232 : 24;
	15233 : 24;
	15234 : 49;
	15235 : 49;
	15236 : 49;
	15237 : 69;
	15238 : 6D;
	15239 : 6D;
	15240 : 49;
	15241 : 25;
	15242 : 49;
	15243 : 6E;
	15244 : 6E;
	15245 : 6E;
	15246 : 6E;
	15247 : 6D;
	15248 : 6D;
	15249 : 6D;
	15250 : 6E;
	15251 : 6E;
	15252 : 69;
	15253 : 6D;
	15254 : 69;
	15255 : 69;
	15256 : 49;
	15257 : 49;
	15258 : 49;
	15259 : 49;
	15260 : 45;
	15261 : 8E;
	15262 : 8E;
	15263 : 8E;
	15264 : 6E;
	15265 : 6D;
	15266 : 49;
	15267 : 49;
	15268 : 49;
	15269 : 45;
	15270 : 49;
	15271 : 49;
	15272 : 49;
	15273 : 49;
	15274 : 49;
	15275 : 49;
	15276 : 25;
	15277 : 49;
	15278 : 49;
	15279 : 49;
	15280 : 45;
	15281 : 45;
	15282 : 6D;
	15283 : 6D;
	15284 : 6D;
	15285 : 6D;
	15286 : 49;
	15287 : 49;
	15288 : 49;
	15289 : 6D;
	15290 : 6D;
	15291 : 6D;
	15292 : 8E;
	15293 : 8E;
	15294 : 6D;
	15295 : 6E;
	15296 : 8E;
	15297 : 8E;
	15298 : 8E;
	15299 : 49;
	15300 : 49;
	15301 : 49;
	15302 : 45;
	15303 : 25;
	15304 : 69;
	15305 : 6D;
	15306 : 6D;
	15307 : 6D;
	15308 : 6D;
	15309 : 6D;
	15310 : 69;
	15311 : 69;
	15312 : 49;
	15313 : 49;
	15314 : 49;
	15315 : 49;
	15316 : 49;
	15317 : 49;
	15318 : 49;
	15319 : 45;
	15320 : 49;
	15321 : 49;
	15322 : 69;
	15323 : 69;
	15324 : 49;
	15325 : 45;
	15326 : 49;
	15327 : 49;
	15328 : 49;
	15329 : 25;
	15330 : 25;
	15331 : 25;
	15332 : 49;
	15333 : 69;
	15334 : 69;
	15335 : 69;
	15336 : 69;
	15337 : 69;
	15338 : 69;
	15339 : 69;
	15340 : 25;
	15341 : 49;
	15342 : 24;
	15343 : 24;
	15344 : 24;
	15345 : 20;
	15346 : 69;
	15347 : 6D;
	15348 : 6D;
	15349 : 69;
	15350 : 69;
	15351 : 69;
	15352 : 6D;
	15353 : 49;
	15354 : 45;
	15355 : 45;
	15356 : 6D;
	15357 : 25;
	15358 : 49;
	15359 : 24;
	15360 : 69;
	15361 : 25;
	15362 : 00;
	15363 : 24;
	15364 : 24;
	15365 : 24;
	15366 : 00;
	15367 : 24;
	15368 : 25;
	15369 : 24;
	15370 : 25;
	15371 : 49;
	15372 : 49;
	15373 : 49;
	15374 : 49;
	15375 : 49;
	15376 : 49;
	15377 : 49;
	15378 : 49;
	15379 : 25;
	15380 : 45;
	15381 : 69;
	15382 : 49;
	15383 : 49;
	15384 : 49;
	15385 : 49;
	15386 : 49;
	15387 : 49;
	15388 : 49;
	15389 : 49;
	15390 : 6D;
	15391 : 49;
	15392 : 49;
	15393 : 49;
	15394 : 49;
	15395 : 49;
	15396 : 25;
	15397 : 49;
	15398 : 49;
	15399 : 69;
	15400 : 49;
	15401 : 25;
	15402 : 24;
	15403 : 24;
	15404 : 24;
	15405 : 24;
	15406 : 24;
	15407 : 25;
	15408 : 25;
	15409 : 25;
	15410 : 25;
	15411 : 24;
	15412 : 45;
	15413 : 49;
	15414 : 25;
	15415 : 69;
	15416 : 6E;
	15417 : 49;
	15418 : 25;
	15419 : 6D;
	15420 : 6D;
	15421 : 6D;
	15422 : 6D;
	15423 : 69;
	15424 : 49;
	15425 : 69;
	15426 : 49;
	15427 : 6D;
	15428 : 6D;
	15429 : 25;
	15430 : 25;
	15431 : 25;
	15432 : 25;
	15433 : 25;
	15434 : 49;
	15435 : 6D;
	15436 : 6D;
	15437 : 6D;
	15438 : 49;
	15439 : 49;
	15440 : 45;
	15441 : 49;
	15442 : 49;
	15443 : 49;
	15444 : 69;
	15445 : 6D;
	15446 : 69;
	15447 : 49;
	15448 : 49;
	15449 : 49;
	15450 : 49;
	15451 : 49;
	15452 : 45;
	15453 : 45;
	15454 : 49;
	15455 : 49;
	15456 : 69;
	15457 : 6D;
	15458 : 6D;
	15459 : 6D;
	15460 : 6D;
	15461 : 25;
	15462 : 69;
	15463 : 6D;
	15464 : 6D;
	15465 : 45;
	15466 : 69;
	15467 : 6D;
	15468 : 8E;
	15469 : 6D;
	15470 : 6D;
	15471 : 49;
	15472 : 69;
	15473 : 69;
	15474 : 49;
	15475 : 49;
	15476 : 49;
	15477 : 49;
	15478 : 49;
	15479 : 45;
	15480 : 25;
	15481 : 25;
	15482 : 69;
	15483 : 69;
	15484 : 49;
	15485 : 49;
	15486 : 49;
	15487 : 49;
	15488 : 49;
	15489 : 25;
	15490 : 25;
	15491 : 25;
	15492 : 45;
	15493 : 69;
	15494 : 69;
	15495 : 69;
	15496 : 69;
	15497 : 69;
	15498 : 69;
	15499 : 45;
	15500 : 6D;
	15501 : 6E;
	15502 : 25;
	15503 : 25;
	15504 : 25;
	15505 : 25;
	15506 : 49;
	15507 : 49;
	15508 : 49;
	15509 : 49;
	15510 : 25;
	15511 : 49;
	15512 : 45;
	15513 : 69;
	15514 : 49;
	15515 : 25;
	15516 : 69;
	15517 : 49;
	15518 : 25;
	15519 : 00;
	15520 : 25;
	15521 : 25;
	15522 : 49;
	15523 : 24;
	15524 : 00;
	15525 : 00;
	15526 : 00;
	15527 : 24;
	15528 : 24;
	15529 : 24;
	15530 : 24;
	15531 : 00;
	15532 : 00;
	15533 : 00;
	15534 : 20;
	15535 : 20;
	15536 : 24;
	15537 : 45;
	15538 : 45;
	15539 : 6D;
	15540 : 6D;
	15541 : 6D;
	15542 : 49;
	15543 : 69;
	15544 : 6D;
	15545 : 6D;
	15546 : 49;
	15547 : 45;
	15548 : 49;
	15549 : 49;
	15550 : 49;
	15551 : 49;
	15552 : 69;
	15553 : 69;
	15554 : 69;
	15555 : 6D;
	15556 : 25;
	15557 : 24;
	15558 : 24;
	15559 : 25;
	15560 : 25;
	15561 : 25;
	15562 : 25;
	15563 : 49;
	15564 : 6D;
	15565 : 6D;
	15566 : 69;
	15567 : 69;
	15568 : 69;
	15569 : 69;
	15570 : 49;
	15571 : 49;
	15572 : 45;
	15573 : 69;
	15574 : 6D;
	15575 : 69;
	15576 : 25;
	15577 : 25;
	15578 : 25;
	15579 : 25;
	15580 : 25;
	15581 : 25;
	15582 : 25;
	15583 : 25;
	15584 : 25;
	15585 : 25;
	15586 : 25;
	15587 : 25;
	15588 : 25;
	15589 : 25;
	15590 : 25;
	15591 : 25;
	15592 : 45;
	15593 : 45;
	15594 : 25;
	15595 : 25;
	15596 : 25;
	15597 : 25;
	15598 : 25;
	15599 : 25;
	15600 : 25;
	15601 : 25;
	15602 : 25;
	15603 : 25;
	15604 : 25;
	15605 : 25;
	15606 : 49;
	15607 : 25;
	15608 : 25;
	15609 : 25;
	15610 : 25;
	15611 : 45;
	15612 : 45;
	15613 : 25;
	15614 : 25;
	15615 : 25;
	15616 : 49;
	15617 : 49;
	15618 : 69;
	15619 : 49;
	15620 : 49;
	15621 : 49;
	15622 : 25;
	15623 : 25;
	15624 : 69;
	15625 : 6E;
	15626 : 69;
	15627 : 25;
	15628 : 45;
	15629 : 69;
	15630 : 69;
	15631 : 6D;
	15632 : 69;
	15633 : 49;
	15634 : 69;
	15635 : 6D;
	15636 : 6D;
	15637 : 6D;
	15638 : 69;
	15639 : 49;
	15640 : 49;
	15641 : 49;
	15642 : 49;
	15643 : 49;
	15644 : 6D;
	15645 : 6D;
	15646 : 6D;
	15647 : 69;
	15648 : 69;
	15649 : 49;
	15650 : 49;
	15651 : 6D;
	15652 : 6D;
	15653 : 6D;
	15654 : 49;
	15655 : 69;
	15656 : 49;
	15657 : 49;
	15658 : 69;
	15659 : 6E;
	15660 : 8E;
	15661 : 49;
	15662 : 25;
	15663 : 25;
	15664 : 24;
	15665 : 25;
	15666 : 00;
	15667 : 6D;
	15668 : 6D;
	15669 : 69;
	15670 : 69;
	15671 : 49;
	15672 : 49;
	15673 : 25;
	15674 : 25;
	15675 : 45;
	15676 : 49;
	15677 : 24;
	15678 : 49;
	15679 : 24;
	15680 : 24;
	15681 : 24;
	15682 : 00;
	15683 : 24;
	15684 : 24;
	15685 : 25;
	15686 : 45;
	15687 : 25;
	15688 : 00;
	15689 : 00;
	15690 : 00;
	15691 : 24;
	15692 : 25;
	15693 : 49;
	15694 : 6D;
	15695 : 49;
	15696 : 6D;
	15697 : 49;
	15698 : 25;
	15699 : 45;
	15700 : 25;
	15701 : 25;
	15702 : 25;
	15703 : 24;
	15704 : 45;
	15705 : 49;
	15706 : 49;
	15707 : 49;
	15708 : 6D;
	15709 : 6D;
	15710 : 6D;
	15711 : 69;
	15712 : 6D;
	15713 : 69;
	15714 : 49;
	15715 : 45;
	15716 : 49;
	15717 : 49;
	15718 : 49;
	15719 : 69;
	15720 : 69;
	15721 : 69;
	15722 : 6D;
	15723 : 69;
	15724 : 49;
	15725 : 69;
	15726 : 69;
	15727 : 69;
	15728 : 69;
	15729 : 69;
	15730 : 49;
	15731 : 24;
	15732 : 6E;
	15733 : 6E;
	15734 : 49;
	15735 : 25;
	15736 : 25;
	15737 : 49;
	15738 : 49;
	15739 : 49;
	15740 : 49;
	15741 : 49;
	15742 : 49;
	15743 : 69;
	15744 : 69;
	15745 : 69;
	15746 : 6D;
	15747 : 49;
	15748 : 49;
	15749 : 49;
	15750 : 49;
	15751 : 49;
	15752 : 49;
	15753 : 69;
	15754 : 49;
	15755 : 49;
	15756 : 49;
	15757 : 49;
	15758 : 69;
	15759 : 6D;
	15760 : 25;
	15761 : 49;
	15762 : 69;
	15763 : 69;
	15764 : 69;
	15765 : 69;
	15766 : 69;
	15767 : 69;
	15768 : 49;
	15769 : 49;
	15770 : 49;
	15771 : 69;
	15772 : 6D;
	15773 : 6D;
	15774 : 6D;
	15775 : 6D;
	15776 : 6D;
	15777 : 69;
	15778 : 6D;
	15779 : 49;
	15780 : 49;
	15781 : 49;
	15782 : 49;
	15783 : 49;
	15784 : 25;
	15785 : 49;
	15786 : 6E;
	15787 : 69;
	15788 : 25;
	15789 : 45;
	15790 : 49;
	15791 : 6E;
	15792 : 6D;
	15793 : 69;
	15794 : 25;
	15795 : 25;
	15796 : 25;
	15797 : 25;
	15798 : 25;
	15799 : 25;
	15800 : 49;
	15801 : 69;
	15802 : 49;
	15803 : 25;
	15804 : 25;
	15805 : 25;
	15806 : 25;
	15807 : 25;
	15808 : 25;
	15809 : 49;
	15810 : 45;
	15811 : 49;
	15812 : 49;
	15813 : 49;
	15814 : 49;
	15815 : 49;
	15816 : 69;
	15817 : 25;
	15818 : 49;
	15819 : 49;
	15820 : 49;
	15821 : 25;
	15822 : 25;
	15823 : 25;
	15824 : 00;
	15825 : 00;
	15826 : 00;
	15827 : 69;
	15828 : 69;
	15829 : 69;
	15830 : 69;
	15831 : 69;
	15832 : 69;
	15833 : 49;
	15834 : 25;
	15835 : 25;
	15836 : 49;
	15837 : 25;
	15838 : 49;
	15839 : 24;
	15840 : 00;
	15841 : 00;
	15842 : 24;
	15843 : 49;
	15844 : 45;
	15845 : 25;
	15846 : 00;
	15847 : 00;
	15848 : 00;
	15849 : 24;
	15850 : 20;
	15851 : 00;
	15852 : 00;
	15853 : 00;
	15854 : 20;
	15855 : 20;
	15856 : 25;
	15857 : 24;
	15858 : 24;
	15859 : 00;
	15860 : 20;
	15861 : 49;
	15862 : 49;
	15863 : 49;
	15864 : 49;
	15865 : 49;
	15866 : 6D;
	15867 : 6D;
	15868 : 49;
	15869 : 49;
	15870 : 49;
	15871 : 69;
	15872 : 69;
	15873 : 69;
	15874 : 49;
	15875 : 25;
	15876 : 20;
	15877 : 24;
	15878 : 24;
	15879 : 25;
	15880 : 25;
	15881 : 45;
	15882 : 25;
	15883 : 25;
	15884 : 25;
	15885 : 25;
	15886 : 24;
	15887 : 49;
	15888 : 49;
	15889 : 24;
	15890 : 25;
	15891 : 25;
	15892 : 25;
	15893 : 25;
	15894 : 25;
	15895 : 45;
	15896 : 49;
	15897 : 49;
	15898 : 45;
	15899 : 45;
	15900 : 45;
	15901 : 45;
	15902 : 45;
	15903 : 25;
	15904 : 45;
	15905 : 49;
	15906 : 6D;
	15907 : 6D;
	15908 : 6D;
	15909 : 6E;
	15910 : 6D;
	15911 : 6D;
	15912 : 69;
	15913 : 69;
	15914 : 69;
	15915 : 49;
	15916 : 49;
	15917 : 49;
	15918 : 49;
	15919 : 69;
	15920 : 49;
	15921 : 49;
	15922 : 49;
	15923 : 49;
	15924 : 6D;
	15925 : 49;
	15926 : 6D;
	15927 : 69;
	15928 : 49;
	15929 : 49;
	15930 : 6D;
	15931 : 69;
	15932 : 49;
	15933 : 49;
	15934 : 49;
	15935 : 49;
	15936 : 25;
	15937 : 49;
	15938 : 49;
	15939 : 69;
	15940 : 69;
	15941 : 49;
	15942 : 69;
	15943 : 69;
	15944 : 69;
	15945 : 49;
	15946 : 24;
	15947 : 25;
	15948 : 45;
	15949 : 25;
	15950 : 25;
	15951 : 45;
	15952 : 25;
	15953 : 49;
	15954 : 49;
	15955 : 49;
	15956 : 24;
	15957 : 24;
	15958 : 24;
	15959 : 25;
	15960 : 25;
	15961 : 25;
	15962 : 25;
	15963 : 25;
	15964 : 25;
	15965 : 25;
	15966 : 25;
	15967 : 25;
	15968 : 25;
	15969 : 25;
	15970 : 25;
	15971 : 25;
	15972 : 6D;
	15973 : 6D;
	15974 : 69;
	15975 : 69;
	15976 : 6D;
	15977 : 69;
	15978 : 69;
	15979 : 6D;
	15980 : 6D;
	15981 : 69;
	15982 : 49;
	15983 : 49;
	15984 : 49;
	15985 : 49;
	15986 : 25;
	15987 : 25;
	15988 : 24;
	15989 : 69;
	15990 : 49;
	15991 : 69;
	15992 : 69;
	15993 : 49;
	15994 : 45;
	15995 : 25;
	15996 : 69;
	15997 : 25;
	15998 : 49;
	15999 : 24;
	16000 : 00;
	16001 : 00;
	16002 : 00;
	16003 : 00;
	16004 : 00;
	16005 : 00;
	16006 : 25;
	16007 : 25;
	16008 : 45;
	16009 : 69;
	16010 : 49;
	16011 : 00;
	16012 : 00;
	16013 : 00;
	16014 : 00;
	16015 : 00;
	16016 : 49;
	16017 : 00;
	16018 : 00;
	16019 : 00;
	16020 : 20;
	16021 : 25;
	16022 : 00;
	16023 : 00;
	16024 : 00;
	16025 : 00;
	16026 : 24;
	16027 : 45;
	16028 : 45;
	16029 : 25;
	16030 : 25;
	16031 : 45;
	16032 : 49;
	16033 : 45;
	16034 : 69;
	16035 : 49;
	16036 : 25;
	16037 : 25;
	16038 : 25;
	16039 : 25;
	16040 : 25;
	16041 : 25;
	16042 : 25;
	16043 : 25;
	16044 : 25;
	16045 : 25;
	16046 : 49;
	16047 : 45;
	16048 : 25;
	16049 : 69;
	16050 : 6E;
	16051 : 6D;
	16052 : 45;
	16053 : 24;
	16054 : 69;
	16055 : 69;
	16056 : 69;
	16057 : 6D;
	16058 : 69;
	16059 : 6D;
	16060 : 69;
	16061 : 69;
	16062 : 49;
	16063 : 25;
	16064 : 69;
	16065 : 6D;
	16066 : 6D;
	16067 : 6D;
	16068 : 6D;
	16069 : 6D;
	16070 : 6D;
	16071 : 69;
	16072 : 69;
	16073 : 69;
	16074 : 6D;
	16075 : 45;
	16076 : 45;
	16077 : 6D;
	16078 : 6D;
	16079 : 6D;
	16080 : 6D;
	16081 : 6D;
	16082 : 6D;
	16083 : 6D;
	16084 : 6E;
	16085 : 6D;
	16086 : 69;
	16087 : 69;
	16088 : 69;
	16089 : 49;
	16090 : 49;
	16091 : 49;
	16092 : 69;
	16093 : 6D;
	16094 : 69;
	16095 : 69;
	16096 : 49;
	16097 : 6D;
	16098 : 8E;
	16099 : 8E;
	16100 : 8E;
	16101 : 6D;
	16102 : 6D;
	16103 : 6D;
	16104 : 6D;
	16105 : 6D;
	16106 : 24;
	16107 : 49;
	16108 : 6E;
	16109 : 6D;
	16110 : 6D;
	16111 : 45;
	16112 : 49;
	16113 : 25;
	16114 : 25;
	16115 : 25;
	16116 : 25;
	16117 : 24;
	16118 : 00;
	16119 : 24;
	16120 : 25;
	16121 : 45;
	16122 : 45;
	16123 : 25;
	16124 : 45;
	16125 : 25;
	16126 : 45;
	16127 : 45;
	16128 : 25;
	16129 : 25;
	16130 : 45;
	16131 : 69;
	16132 : 6D;
	16133 : 69;
	16134 : 69;
	16135 : 69;
	16136 : 25;
	16137 : 49;
	16138 : 49;
	16139 : 6E;
	16140 : 8E;
	16141 : 25;
	16142 : 24;
	16143 : 24;
	16144 : 00;
	16145 : 24;
	16146 : 24;
	16147 : 24;
	16148 : 24;
	16149 : 45;
	16150 : 49;
	16151 : 69;
	16152 : 69;
	16153 : 49;
	16154 : 49;
	16155 : 25;
	16156 : 69;
	16157 : 25;
	16158 : 49;
	16159 : 24;
	16160 : 25;
	16161 : 24;
	16162 : 00;
	16163 : 00;
	16164 : 00;
	16165 : 00;
	16166 : 00;
	16167 : 00;
	16168 : 00;
	16169 : 00;
	16170 : 00;
	16171 : 00;
	16172 : 24;
	16173 : 25;
	16174 : 49;
	16175 : 49;
	16176 : 49;
	16177 : 49;
	16178 : 69;
	16179 : 25;
	16180 : 25;
	16181 : 00;
	16182 : 24;
	16183 : 24;
	16184 : 00;
	16185 : 00;
	16186 : 24;
	16187 : 25;
	16188 : 25;
	16189 : 25;
	16190 : 69;
	16191 : 45;
	16192 : 49;
	16193 : 49;
	16194 : 49;
	16195 : 6D;
	16196 : 24;
	16197 : 49;
	16198 : 49;
	16199 : 69;
	16200 : 6D;
	16201 : 69;
	16202 : 69;
	16203 : 49;
	16204 : 49;
	16205 : 49;
	16206 : 45;
	16207 : 6E;
	16208 : 6E;
	16209 : 6E;
	16210 : 6D;
	16211 : 25;
	16212 : 49;
	16213 : 49;
	16214 : 49;
	16215 : 49;
	16216 : 25;
	16217 : 25;
	16218 : 49;
	16219 : 49;
	16220 : 45;
	16221 : 45;
	16222 : 49;
	16223 : 49;
	16224 : 49;
	16225 : 49;
	16226 : 49;
	16227 : 49;
	16228 : 49;
	16229 : 6D;
	16230 : 49;
	16231 : 49;
	16232 : 49;
	16233 : 6D;
	16234 : 6D;
	16235 : 49;
	16236 : 49;
	16237 : 6D;
	16238 : 69;
	16239 : 24;
	16240 : 25;
	16241 : 24;
	16242 : 24;
	16243 : 24;
	16244 : 24;
	16245 : 24;
	16246 : 24;
	16247 : 25;
	16248 : 25;
	16249 : 24;
	16250 : 24;
	16251 : 25;
	16252 : 25;
	16253 : 25;
	16254 : 25;
	16255 : 25;
	16256 : 25;
	16257 : 25;
	16258 : 25;
	16259 : 25;
	16260 : 49;
	16261 : 24;
	16262 : 6D;
	16263 : 69;
	16264 : 49;
	16265 : 49;
	16266 : 49;
	16267 : 49;
	16268 : 25;
	16269 : 49;
	16270 : 6D;
	16271 : 6D;
	16272 : 6D;
	16273 : 49;
	16274 : 25;
	16275 : 25;
	16276 : 49;
	16277 : 69;
	16278 : 69;
	16279 : 69;
	16280 : 69;
	16281 : 49;
	16282 : 24;
	16283 : 49;
	16284 : 49;
	16285 : 49;
	16286 : 69;
	16287 : 49;
	16288 : 49;
	16289 : 49;
	16290 : 49;
	16291 : 6D;
	16292 : 69;
	16293 : 69;
	16294 : 49;
	16295 : 49;
	16296 : 45;
	16297 : 25;
	16298 : 25;
	16299 : 25;
	16300 : 6D;
	16301 : 25;
	16302 : 24;
	16303 : 24;
	16304 : 24;
	16305 : 00;
	16306 : 00;
	16307 : 25;
	16308 : 24;
	16309 : 25;
	16310 : 49;
	16311 : 69;
	16312 : 69;
	16313 : 49;
	16314 : 24;
	16315 : 25;
	16316 : 69;
	16317 : 25;
	16318 : 49;
	16319 : 24;
	16320 : 49;
	16321 : 49;
	16322 : 20;
	16323 : 00;
	16324 : 49;
	16325 : 49;
	16326 : 49;
	16327 : 00;
	16328 : 00;
	16329 : 00;
	16330 : 00;
	16331 : 00;
	16332 : 00;
	16333 : 00;
	16334 : 00;
	16335 : 00;
	16336 : 24;
	16337 : 00;
	16338 : 00;
	16339 : 00;
	16340 : 00;
	16341 : 00;
	16342 : 20;
	16343 : 00;
	16344 : 00;
	16345 : 00;
	16346 : 00;
	16347 : 00;
	16348 : 00;
	16349 : 00;
	16350 : 00;
	16351 : 24;
	16352 : 24;
	16353 : 49;
	16354 : 45;
	16355 : 49;
	16356 : 49;
	16357 : 49;
	16358 : 69;
	16359 : 49;
	16360 : 49;
	16361 : 49;
	16362 : 49;
	16363 : 25;
	16364 : 49;
	16365 : 49;
	16366 : 49;
	16367 : 49;
	16368 : 49;
	16369 : 24;
	16370 : 49;
	16371 : 6D;
	16372 : 6D;
	16373 : 6D;
	16374 : 6D;
	16375 : 49;
	16376 : 00;
	16377 : 69;
	16378 : 6D;
	16379 : 6D;
	16380 : 6D;
	16381 : 6D;
	16382 : 6D;
	16383 : 6D;
	16384 : 69;
	16385 : 6D;
	16386 : 6D;
	16387 : 69;
	16388 : 24;
	16389 : 69;
	16390 : 6D;
	16391 : 6D;
	16392 : 6D;
	16393 : 6D;
	16394 : 6D;
	16395 : 6E;
	16396 : 6E;
	16397 : 8E;
	16398 : 6D;
	16399 : 69;
	16400 : 69;
	16401 : 69;
	16402 : 69;
	16403 : 49;
	16404 : 69;
	16405 : 49;
	16406 : 49;
	16407 : 49;
	16408 : 49;
	16409 : 49;
	16410 : 49;
	16411 : 25;
	16412 : 69;
	16413 : 6D;
	16414 : 69;
	16415 : 69;
	16416 : 69;
	16417 : 69;
	16418 : 69;
	16419 : 69;
	16420 : 6D;
	16421 : 49;
	16422 : 20;
	16423 : 49;
	16424 : 69;
	16425 : 69;
	16426 : 69;
	16427 : 49;
	16428 : 49;
	16429 : 25;
	16430 : 00;
	16431 : 49;
	16432 : 49;
	16433 : 49;
	16434 : 69;
	16435 : 69;
	16436 : 20;
	16437 : 49;
	16438 : 49;
	16439 : 49;
	16440 : 49;
	16441 : 49;
	16442 : 24;
	16443 : 24;
	16444 : 24;
	16445 : 49;
	16446 : 45;
	16447 : 45;
	16448 : 49;
	16449 : 25;
	16450 : 49;
	16451 : 49;
	16452 : 49;
	16453 : 25;
	16454 : 49;
	16455 : 49;
	16456 : 49;
	16457 : 25;
	16458 : 24;
	16459 : 00;
	16460 : 00;
	16461 : 24;
	16462 : 24;
	16463 : 00;
	16464 : 00;
	16465 : 24;
	16466 : 24;
	16467 : 00;
	16468 : 24;
	16469 : 24;
	16470 : 25;
	16471 : 49;
	16472 : 24;
	16473 : 24;
	16474 : 00;
	16475 : 00;
	16476 : 45;
	16477 : 24;
	16478 : 49;
	16479 : 24;
	16480 : 24;
	16481 : 00;
	16482 : 24;
	16483 : 24;
	16484 : 00;
	16485 : 00;
	16486 : 00;
	16487 : 00;
	16488 : 00;
	16489 : 00;
	16490 : 00;
	16491 : 00;
	16492 : 00;
	16493 : 00;
	16494 : 24;
	16495 : 25;
	16496 : 49;
	16497 : 25;
	16498 : 00;
	16499 : 00;
	16500 : 00;
	16501 : 00;
	16502 : 00;
	16503 : 00;
	16504 : 00;
	16505 : 00;
	16506 : 24;
	16507 : 24;
	16508 : 45;
	16509 : 49;
	16510 : 45;
	16511 : 49;
	16512 : 25;
	16513 : 45;
	16514 : 49;
	16515 : 49;
	16516 : 49;
	16517 : 25;
	16518 : 25;
	16519 : 49;
	16520 : 49;
	16521 : 49;
	16522 : 45;
	16523 : 25;
	16524 : 6D;
	16525 : 6E;
	16526 : 6E;
	16527 : 25;
	16528 : 24;
	16529 : 25;
	16530 : 25;
	16531 : 45;
	16532 : 45;
	16533 : 45;
	16534 : 45;
	16535 : 45;
	16536 : 45;
	16537 : 45;
	16538 : 45;
	16539 : 49;
	16540 : 25;
	16541 : 24;
	16542 : 49;
	16543 : 49;
	16544 : 49;
	16545 : 49;
	16546 : 49;
	16547 : 49;
	16548 : 49;
	16549 : 45;
	16550 : 45;
	16551 : 45;
	16552 : 45;
	16553 : 49;
	16554 : 20;
	16555 : 24;
	16556 : 25;
	16557 : 25;
	16558 : 24;
	16559 : 24;
	16560 : 49;
	16561 : 49;
	16562 : 49;
	16563 : 45;
	16564 : 45;
	16565 : 49;
	16566 : 45;
	16567 : 45;
	16568 : 45;
	16569 : 45;
	16570 : 25;
	16571 : 25;
	16572 : 25;
	16573 : 25;
	16574 : 25;
	16575 : 25;
	16576 : 25;
	16577 : 25;
	16578 : 20;
	16579 : 00;
	16580 : 25;
	16581 : 25;
	16582 : 25;
	16583 : 25;
	16584 : 25;
	16585 : 25;
	16586 : 25;
	16587 : 25;
	16588 : 25;
	16589 : 45;
	16590 : 45;
	16591 : 20;
	16592 : 69;
	16593 : 6E;
	16594 : 6E;
	16595 : 6E;
	16596 : 69;
	16597 : 25;
	16598 : 49;
	16599 : 49;
	16600 : 49;
	16601 : 49;
	16602 : 49;
	16603 : 49;
	16604 : 49;
	16605 : 45;
	16606 : 25;
	16607 : 24;
	16608 : 24;
	16609 : 69;
	16610 : 69;
	16611 : 69;
	16612 : 49;
	16613 : 49;
	16614 : 49;
	16615 : 6E;
	16616 : 25;
	16617 : 25;
	16618 : 24;
	16619 : 25;
	16620 : 20;
	16621 : 00;
	16622 : 00;
	16623 : 00;
	16624 : 00;
	16625 : 00;
	16626 : 00;
	16627 : 00;
	16628 : 00;
	16629 : 00;
	16630 : 00;
	16631 : 45;
	16632 : 25;
	16633 : 45;
	16634 : 00;
	16635 : 00;
	16636 : 00;
	16637 : 49;
	16638 : 25;
	16639 : 00;
	16640 : 00;
	16641 : 00;
	16642 : 00;
	16643 : 00;
	16644 : 00;
	16645 : 00;
	16646 : 00;
	16647 : 24;
	16648 : 25;
	16649 : 49;
	16650 : 49;
	16651 : 49;
	16652 : 25;
	16653 : 24;
	16654 : 00;
	16655 : 00;
	16656 : 00;
	16657 : 00;
	16658 : 00;
	16659 : 20;
	16660 : 49;
	16661 : 49;
	16662 : 69;
	16663 : 49;
	16664 : 00;
	16665 : 24;
	16666 : 24;
	16667 : 25;
	16668 : 24;
	16669 : 20;
	16670 : 24;
	16671 : 25;
	16672 : 25;
	16673 : 25;
	16674 : 25;
	16675 : 25;
	16676 : 49;
	16677 : 24;
	16678 : 00;
	16679 : 45;
	16680 : 25;
	16681 : 24;
	16682 : 25;
	16683 : 25;
	16684 : 49;
	16685 : 6D;
	16686 : 25;
	16687 : 6D;
	16688 : 69;
	16689 : 69;
	16690 : 49;
	16691 : 49;
	16692 : 49;
	16693 : 49;
	16694 : 69;
	16695 : 69;
	16696 : 69;
	16697 : 6D;
	16698 : 6D;
	16699 : 49;
	16700 : 25;
	16701 : 49;
	16702 : 69;
	16703 : 69;
	16704 : 69;
	16705 : 69;
	16706 : 69;
	16707 : 69;
	16708 : 69;
	16709 : 69;
	16710 : 69;
	16711 : 69;
	16712 : 69;
	16713 : 6D;
	16714 : 49;
	16715 : 69;
	16716 : 49;
	16717 : 6D;
	16718 : 6D;
	16719 : 6D;
	16720 : 6D;
	16721 : 69;
	16722 : 6D;
	16723 : 6D;
	16724 : 6D;
	16725 : 6D;
	16726 : 6D;
	16727 : 24;
	16728 : 6D;
	16729 : 49;
	16730 : 49;
	16731 : 49;
	16732 : 49;
	16733 : 49;
	16734 : 49;
	16735 : 49;
	16736 : 49;
	16737 : 6D;
	16738 : 69;
	16739 : 24;
	16740 : 25;
	16741 : 69;
	16742 : 6D;
	16743 : 6D;
	16744 : 6D;
	16745 : 6D;
	16746 : 49;
	16747 : 6D;
	16748 : 6D;
	16749 : 49;
	16750 : 49;
	16751 : 49;
	16752 : 45;
	16753 : 25;
	16754 : 49;
	16755 : 49;
	16756 : 49;
	16757 : 49;
	16758 : 25;
	16759 : 45;
	16760 : 49;
	16761 : 24;
	16762 : 25;
	16763 : 8E;
	16764 : 6D;
	16765 : 49;
	16766 : 49;
	16767 : 69;
	16768 : 49;
	16769 : 25;
	16770 : 25;
	16771 : 6D;
	16772 : 6D;
	16773 : 6D;
	16774 : 69;
	16775 : 49;
	16776 : 24;
	16777 : 25;
	16778 : 49;
	16779 : 49;
	16780 : 49;
	16781 : 49;
	16782 : 24;
	16783 : 00;
	16784 : 00;
	16785 : 00;
	16786 : 00;
	16787 : 00;
	16788 : 00;
	16789 : 00;
	16790 : 25;
	16791 : 49;
	16792 : 49;
	16793 : 49;
	16794 : 49;
	16795 : 49;
	16796 : 00;
	16797 : 00;
	16798 : 00;
	16799 : 49;
	16800 : 00;
	16801 : 49;
	16802 : 49;
	16803 : 49;
	16804 : 00;
	16805 : 00;
	16806 : 00;
	16807 : 00;
	16808 : 00;
	16809 : 24;
	16810 : 24;
	16811 : 25;
	16812 : 25;
	16813 : 25;
	16814 : 00;
	16815 : 00;
	16816 : 00;
	16817 : 00;
	16818 : 00;
	16819 : 49;
	16820 : 49;
	16821 : 49;
	16822 : 69;
	16823 : 49;
	16824 : 45;
	16825 : 49;
	16826 : 49;
	16827 : 49;
	16828 : 45;
	16829 : 49;
	16830 : 49;
	16831 : 49;
	16832 : 25;
	16833 : 25;
	16834 : 25;
	16835 : 25;
	16836 : 45;
	16837 : 25;
	16838 : 24;
	16839 : 24;
	16840 : 45;
	16841 : 49;
	16842 : 45;
	16843 : 49;
	16844 : 24;
	16845 : 25;
	16846 : 49;
	16847 : 49;
	16848 : 69;
	16849 : 69;
	16850 : 69;
	16851 : 49;
	16852 : 6D;
	16853 : 6D;
	16854 : 6D;
	16855 : 6D;
	16856 : 6D;
	16857 : 6D;
	16858 : 8E;
	16859 : 25;
	16860 : 25;
	16861 : 6E;
	16862 : 6D;
	16863 : 6D;
	16864 : 6D;
	16865 : 6D;
	16866 : 6D;
	16867 : 6D;
	16868 : 6D;
	16869 : 6E;
	16870 : 6E;
	16871 : 6E;
	16872 : 6E;
	16873 : 6E;
	16874 : 45;
	16875 : 25;
	16876 : 6E;
	16877 : 6D;
	16878 : 6D;
	16879 : 6D;
	16880 : 6D;
	16881 : 6D;
	16882 : 6D;
	16883 : 6D;
	16884 : 6D;
	16885 : 6D;
	16886 : 6D;
	16887 : 24;
	16888 : 49;
	16889 : 69;
	16890 : 69;
	16891 : 49;
	16892 : 69;
	16893 : 49;
	16894 : 6D;
	16895 : 6D;
	16896 : 45;
	16897 : 25;
	16898 : 25;
	16899 : 00;
	16900 : 00;
	16901 : 24;
	16902 : 24;
	16903 : 24;
	16904 : 24;
	16905 : 24;
	16906 : 25;
	16907 : 24;
	16908 : 24;
	16909 : 24;
	16910 : 25;
	16911 : 25;
	16912 : 24;
	16913 : 20;
	16914 : 00;
	16915 : 24;
	16916 : 49;
	16917 : 49;
	16918 : 49;
	16919 : 49;
	16920 : 24;
	16921 : 49;
	16922 : 24;
	16923 : 25;
	16924 : 25;
	16925 : 24;
	16926 : 24;
	16927 : 24;
	16928 : 24;
	16929 : 24;
	16930 : 00;
	16931 : 6D;
	16932 : 6D;
	16933 : 6D;
	16934 : 6D;
	16935 : 6D;
	16936 : 49;
	16937 : 49;
	16938 : 49;
	16939 : 49;
	16940 : 69;
	16941 : 69;
	16942 : 49;
	16943 : 45;
	16944 : 24;
	16945 : 00;
	16946 : 00;
	16947 : 00;
	16948 : 00;
	16949 : 00;
	16950 : 00;
	16951 : 24;
	16952 : 25;
	16953 : 25;
	16954 : 49;
	16955 : 49;
	16956 : 24;
	16957 : 00;
	16958 : 00;
	16959 : 00;
	16960 : 24;
	16961 : 00;
	16962 : 00;
	16963 : 20;
	16964 : 25;
	16965 : 25;
	16966 : 49;
	16967 : 49;
	16968 : 45;
	16969 : 00;
	16970 : 00;
	16971 : 00;
	16972 : 24;
	16973 : 45;
	16974 : 45;
	16975 : 49;
	16976 : 49;
	16977 : 49;
	16978 : 49;
	16979 : 25;
	16980 : 24;
	16981 : 25;
	16982 : 25;
	16983 : 49;
	16984 : 49;
	16985 : 49;
	16986 : 25;
	16987 : 45;
	16988 : 49;
	16989 : 49;
	16990 : 45;
	16991 : 49;
	16992 : 69;
	16993 : 69;
	16994 : 49;
	16995 : 25;
	16996 : 24;
	16997 : 25;
	16998 : 49;
	16999 : 69;
	17000 : 6D;
	17001 : 6D;
	17002 : 49;
	17003 : 25;
	17004 : 24;
	17005 : 45;
	17006 : 49;
	17007 : 69;
	17008 : 69;
	17009 : 69;
	17010 : 69;
	17011 : 25;
	17012 : 25;
	17013 : 45;
	17014 : 45;
	17015 : 49;
	17016 : 49;
	17017 : 49;
	17018 : 49;
	17019 : 45;
	17020 : 49;
	17021 : 45;
	17022 : 49;
	17023 : 49;
	17024 : 69;
	17025 : 49;
	17026 : 00;
	17027 : 24;
	17028 : 24;
	17029 : 24;
	17030 : 24;
	17031 : 24;
	17032 : 25;
	17033 : 25;
	17034 : 25;
	17035 : 25;
	17036 : 25;
	17037 : 49;
	17038 : 49;
	17039 : 49;
	17040 : 49;
	17041 : 20;
	17042 : 24;
	17043 : 45;
	17044 : 25;
	17045 : 25;
	17046 : 25;
	17047 : 25;
	17048 : 24;
	17049 : 24;
	17050 : 24;
	17051 : 24;
	17052 : 24;
	17053 : 24;
	17054 : 24;
	17055 : 49;
	17056 : 49;
	17057 : 69;
	17058 : 69;
	17059 : 6D;
	17060 : 6D;
	17061 : 6D;
	17062 : 49;
	17063 : 49;
	17064 : 49;
	17065 : 49;
	17066 : 49;
	17067 : 25;
	17068 : 6D;
	17069 : 6D;
	17070 : 6D;
	17071 : 49;
	17072 : 49;
	17073 : 49;
	17074 : 49;
	17075 : 25;
	17076 : 25;
	17077 : 6D;
	17078 : 6D;
	17079 : 6D;
	17080 : 6D;
	17081 : 69;
	17082 : 25;
	17083 : 25;
	17084 : 49;
	17085 : 49;
	17086 : 25;
	17087 : 25;
	17088 : 25;
	17089 : 25;
	17090 : 25;
	17091 : 25;
	17092 : 25;
	17093 : 25;
	17094 : 25;
	17095 : 25;
	17096 : 25;
	17097 : 25;
	17098 : 25;
	17099 : 49;
	17100 : 49;
	17101 : 49;
	17102 : 49;
	17103 : 49;
	17104 : 20;
	17105 : 00;
	17106 : 00;
	17107 : 00;
	17108 : 00;
	17109 : 00;
	17110 : 00;
	17111 : 00;
	17112 : 25;
	17113 : 8D;
	17114 : 45;
	17115 : 49;
	17116 : 25;
	17117 : 25;
	17118 : 25;
	17119 : 00;
	17120 : 00;
	17121 : 00;
	17122 : 00;
	17123 : 00;
	17124 : 49;
	17125 : 49;
	17126 : 49;
	17127 : 24;
	17128 : 24;
	17129 : 24;
	17130 : 24;
	17131 : 25;
	17132 : 25;
	17133 : 49;
	17134 : 69;
	17135 : 69;
	17136 : 6D;
	17137 : 69;
	17138 : 49;
	17139 : 69;
	17140 : 69;
	17141 : 69;
	17142 : 49;
	17143 : 49;
	17144 : 49;
	17145 : 49;
	17146 : 45;
	17147 : 49;
	17148 : 49;
	17149 : 49;
	17150 : 49;
	17151 : 49;
	17152 : 49;
	17153 : 25;
	17154 : 24;
	17155 : 20;
	17156 : 6D;
	17157 : 6E;
	17158 : 6D;
	17159 : 69;
	17160 : 6D;
	17161 : 45;
	17162 : 24;
	17163 : 49;
	17164 : 6D;
	17165 : 4D;
	17166 : 4D;
	17167 : 6D;
	17168 : 69;
	17169 : 49;
	17170 : 00;
	17171 : 69;
	17172 : 69;
	17173 : 49;
	17174 : 49;
	17175 : 49;
	17176 : 49;
	17177 : 49;
	17178 : 49;
	17179 : 45;
	17180 : 49;
	17181 : 49;
	17182 : 49;
	17183 : 49;
	17184 : 69;
	17185 : 49;
	17186 : 69;
	17187 : 69;
	17188 : 69;
	17189 : 69;
	17190 : 69;
	17191 : 69;
	17192 : 69;
	17193 : 69;
	17194 : 69;
	17195 : 69;
	17196 : 49;
	17197 : 69;
	17198 : 69;
	17199 : 69;
	17200 : 69;
	17201 : 49;
	17202 : 69;
	17203 : 69;
	17204 : 69;
	17205 : 69;
	17206 : 45;
	17207 : 49;
	17208 : 49;
	17209 : 49;
	17210 : 49;
	17211 : 49;
	17212 : 69;
	17213 : 69;
	17214 : 49;
	17215 : 49;
	17216 : 24;
	17217 : 8E;
	17218 : 6D;
	17219 : 69;
	17220 : 49;
	17221 : 49;
	17222 : 49;
	17223 : 49;
	17224 : 49;
	17225 : 49;
	17226 : 49;
	17227 : 49;
	17228 : 45;
	17229 : 92;
	17230 : 6D;
	17231 : 6D;
	17232 : 6D;
	17233 : 6D;
	17234 : 6D;
	17235 : 6D;
	17236 : 49;
	17237 : 25;
	17238 : 45;
	17239 : 6E;
	17240 : 6E;
	17241 : 6D;
	17242 : 6D;
	17243 : 92;
	17244 : 45;
	17245 : 25;
	17246 : 20;
	17247 : 6D;
	17248 : 6E;
	17249 : 6D;
	17250 : 69;
	17251 : 49;
	17252 : 49;
	17253 : 49;
	17254 : 6D;
	17255 : 6D;
	17256 : 6D;
	17257 : 6D;
	17258 : 6D;
	17259 : 6D;
	17260 : 69;
	17261 : 25;
	17262 : 49;
	17263 : 49;
	17264 : 49;
	17265 : 49;
	17266 : 49;
	17267 : 24;
	17268 : 00;
	17269 : 00;
	17270 : 00;
	17271 : 00;
	17272 : 00;
	17273 : 00;
	17274 : 24;
	17275 : 49;
	17276 : 6D;
	17277 : 49;
	17278 : 49;
	17279 : 49;
	17280 : 00;
	17281 : 00;
	17282 : 00;
	17283 : 00;
	17284 : 00;
	17285 : 00;
	17286 : 49;
	17287 : 49;
	17288 : 49;
	17289 : 69;
	17290 : 69;
	17291 : 49;
	17292 : 45;
	17293 : 25;
	17294 : 25;
	17295 : 25;
	17296 : 25;
	17297 : 25;
	17298 : 49;
	17299 : 69;
	17300 : 69;
	17301 : 69;
	17302 : 49;
	17303 : 25;
	17304 : 49;
	17305 : 49;
	17306 : 49;
	17307 : 49;
	17308 : 49;
	17309 : 49;
	17310 : 49;
	17311 : 24;
	17312 : 24;
	17313 : 24;
	17314 : 00;
	17315 : 00;
	17316 : 24;
	17317 : 25;
	17318 : 25;
	17319 : 25;
	17320 : 45;
	17321 : 20;
	17322 : 25;
	17323 : 49;
	17324 : 49;
	17325 : 49;
	17326 : 49;
	17327 : 49;
	17328 : 49;
	17329 : 00;
	17330 : 00;
	17331 : 49;
	17332 : 49;
	17333 : 49;
	17334 : 49;
	17335 : 49;
	17336 : 49;
	17337 : 49;
	17338 : 49;
	17339 : 45;
	17340 : 49;
	17341 : 49;
	17342 : 49;
	17343 : 69;
	17344 : 45;
	17345 : 24;
	17346 : 6D;
	17347 : 6D;
	17348 : 6E;
	17349 : 6E;
	17350 : 6E;
	17351 : 6E;
	17352 : 69;
	17353 : 69;
	17354 : 6D;
	17355 : 49;
	17356 : 49;
	17357 : 69;
	17358 : 69;
	17359 : 69;
	17360 : 69;
	17361 : 6D;
	17362 : 8D;
	17363 : 69;
	17364 : 69;
	17365 : 69;
	17366 : 49;
	17367 : 49;
	17368 : 49;
	17369 : 49;
	17370 : 49;
	17371 : 69;
	17372 : 69;
	17373 : 69;
	17374 : 69;
	17375 : 69;
	17376 : 49;
	17377 : 49;
	17378 : 49;
	17379 : 49;
	17380 : 49;
	17381 : 49;
	17382 : 49;
	17383 : 49;
	17384 : 49;
	17385 : 49;
	17386 : 25;
	17387 : 25;
	17388 : 25;
	17389 : 24;
	17390 : 25;
	17391 : 45;
	17392 : 45;
	17393 : 25;
	17394 : 45;
	17395 : 25;
	17396 : 24;
	17397 : 20;
	17398 : 00;
	17399 : 49;
	17400 : 25;
	17401 : 25;
	17402 : 25;
	17403 : 25;
	17404 : 25;
	17405 : 25;
	17406 : 25;
	17407 : 24;
	17408 : 45;
	17409 : 6D;
	17410 : 6D;
	17411 : 49;
	17412 : 6D;
	17413 : 69;
	17414 : 6D;
	17415 : 6D;
	17416 : 6D;
	17417 : 6D;
	17418 : 6D;
	17419 : 6D;
	17420 : 6D;
	17421 : 6D;
	17422 : 45;
	17423 : 25;
	17424 : 25;
	17425 : 45;
	17426 : 24;
	17427 : 00;
	17428 : 00;
	17429 : 00;
	17430 : 00;
	17431 : 00;
	17432 : 00;
	17433 : 00;
	17434 : 00;
	17435 : 00;
	17436 : 49;
	17437 : 6D;
	17438 : 49;
	17439 : 49;
	17440 : 25;
	17441 : 00;
	17442 : 25;
	17443 : 49;
	17444 : 25;
	17445 : 00;
	17446 : 20;
	17447 : 25;
	17448 : 6D;
	17449 : 6D;
	17450 : 6D;
	17451 : 6D;
	17452 : 49;
	17453 : 49;
	17454 : 25;
	17455 : 25;
	17456 : 49;
	17457 : 49;
	17458 : 49;
	17459 : 49;
	17460 : 49;
	17461 : 49;
	17462 : 6E;
	17463 : 6E;
	17464 : 6E;
	17465 : 6D;
	17466 : 6D;
	17467 : 6D;
	17468 : 69;
	17469 : 24;
	17470 : 24;
	17471 : 24;
	17472 : 69;
	17473 : 8E;
	17474 : 8E;
	17475 : 6E;
	17476 : 69;
	17477 : 8E;
	17478 : 6D;
	17479 : 00;
	17480 : 00;
	17481 : 45;
	17482 : 49;
	17483 : 49;
	17484 : 49;
	17485 : 49;
	17486 : 49;
	17487 : 49;
	17488 : 49;
	17489 : 49;
	17490 : 69;
	17491 : 69;
	17492 : 49;
	17493 : 49;
	17494 : 49;
	17495 : 49;
	17496 : 6D;
	17497 : 00;
	17498 : 24;
	17499 : 49;
	17500 : 69;
	17501 : 69;
	17502 : 69;
	17503 : 45;
	17504 : 25;
	17505 : 25;
	17506 : 25;
	17507 : 25;
	17508 : 25;
	17509 : 25;
	17510 : 25;
	17511 : 25;
	17512 : 24;
	17513 : 00;
	17514 : 24;
	17515 : 24;
	17516 : 24;
	17517 : 24;
	17518 : 24;
	17519 : 24;
	17520 : 24;
	17521 : 00;
	17522 : 20;
	17523 : 20;
	17524 : 20;
	17525 : 24;
	17526 : 25;
	17527 : 25;
	17528 : 25;
	17529 : 24;
	17530 : 00;
	17531 : 49;
	17532 : 49;
	17533 : 49;
	17534 : 6D;
	17535 : 6D;
	17536 : 69;
	17537 : 6D;
	17538 : 6D;
	17539 : 6D;
	17540 : 6D;
	17541 : 6D;
	17542 : 6D;
	17543 : 6D;
	17544 : 25;
	17545 : 24;
	17546 : 6D;
	17547 : 69;
	17548 : 69;
	17549 : 69;
	17550 : 69;
	17551 : 49;
	17552 : 69;
	17553 : 69;
	17554 : 6D;
	17555 : 69;
	17556 : 69;
	17557 : 6D;
	17558 : 69;
	17559 : 25;
	17560 : 00;
	17561 : 69;
	17562 : 6D;
	17563 : 6D;
	17564 : 6D;
	17565 : 6D;
	17566 : 6D;
	17567 : 49;
	17568 : 25;
	17569 : 25;
	17570 : 00;
	17571 : 49;
	17572 : 6D;
	17573 : 6D;
	17574 : 6D;
	17575 : 6D;
	17576 : 6D;
	17577 : 69;
	17578 : 69;
	17579 : 6D;
	17580 : 6D;
	17581 : 6D;
	17582 : 6D;
	17583 : 6D;
	17584 : 69;
	17585 : 6D;
	17586 : 20;
	17587 : 49;
	17588 : 69;
	17589 : 6D;
	17590 : 6D;
	17591 : 49;
	17592 : 25;
	17593 : 25;
	17594 : 25;
	17595 : 25;
	17596 : 24;
	17597 : 24;
	17598 : 24;
	17599 : 25;
	17600 : 45;
	17601 : 25;
	17602 : 49;
	17603 : 24;
	17604 : 00;
	17605 : 00;
	17606 : 69;
	17607 : 69;
	17608 : 69;
	17609 : 49;
	17610 : 49;
	17611 : 49;
	17612 : 49;
	17613 : 49;
	17614 : 49;
	17615 : 49;
	17616 : 49;
	17617 : 49;
	17618 : 49;
	17619 : 25;
	17620 : 24;
	17621 : 6D;
	17622 : 6D;
	17623 : 6D;
	17624 : 49;
	17625 : 49;
	17626 : 49;
	17627 : 25;
	17628 : 25;
	17629 : 00;
	17630 : 00;
	17631 : 69;
	17632 : 69;
	17633 : 69;
	17634 : 69;
	17635 : 69;
	17636 : 6D;
	17637 : 49;
	17638 : 25;
	17639 : 20;
	17640 : 25;
	17641 : 49;
	17642 : 49;
	17643 : 49;
	17644 : 49;
	17645 : 49;
	17646 : 49;
	17647 : 49;
	17648 : 49;
	17649 : 45;
	17650 : 49;
	17651 : 49;
	17652 : 49;
	17653 : 49;
	17654 : 49;
	17655 : 49;
	17656 : 49;
	17657 : 24;
	17658 : 69;
	17659 : 69;
	17660 : 69;
	17661 : 69;
	17662 : 69;
	17663 : 69;
	17664 : 69;
	17665 : 69;
	17666 : 69;
	17667 : 69;
	17668 : 49;
	17669 : 49;
	17670 : 49;
	17671 : 8D;
	17672 : 24;
	17673 : 25;
	17674 : 45;
	17675 : 49;
	17676 : 49;
	17677 : 49;
	17678 : 49;
	17679 : 49;
	17680 : 49;
	17681 : 49;
	17682 : 49;
	17683 : 49;
	17684 : 49;
	17685 : 49;
	17686 : 69;
	17687 : 69;
	17688 : 69;
	17689 : 69;
	17690 : 45;
	17691 : 69;
	17692 : 49;
	17693 : 49;
	17694 : 49;
	17695 : 49;
	17696 : 69;
	17697 : 6D;
	17698 : 6D;
	17699 : 69;
	17700 : 69;
	17701 : 69;
	17702 : 69;
	17703 : 69;
	17704 : 49;
	17705 : 25;
	17706 : 6D;
	17707 : 69;
	17708 : 69;
	17709 : 69;
	17710 : 69;
	17711 : 49;
	17712 : 69;
	17713 : 69;
	17714 : 69;
	17715 : 69;
	17716 : 69;
	17717 : 6D;
	17718 : 69;
	17719 : 49;
	17720 : 25;
	17721 : 24;
	17722 : 8E;
	17723 : 6D;
	17724 : 6D;
	17725 : 69;
	17726 : 6D;
	17727 : 6D;
	17728 : 6D;
	17729 : 20;
	17730 : 00;
	17731 : 24;
	17732 : 24;
	17733 : 24;
	17734 : 24;
	17735 : 24;
	17736 : 24;
	17737 : 24;
	17738 : 24;
	17739 : 24;
	17740 : 24;
	17741 : 24;
	17742 : 24;
	17743 : 24;
	17744 : 24;
	17745 : 24;
	17746 : 20;
	17747 : 24;
	17748 : 24;
	17749 : 24;
	17750 : 24;
	17751 : 24;
	17752 : 25;
	17753 : 49;
	17754 : 49;
	17755 : 45;
	17756 : 45;
	17757 : 45;
	17758 : 25;
	17759 : 25;
	17760 : 00;
	17761 : 25;
	17762 : 49;
	17763 : 49;
	17764 : 69;
	17765 : 69;
	17766 : 69;
	17767 : 69;
	17768 : 69;
	17769 : 69;
	17770 : 69;
	17771 : 69;
	17772 : 6D;
	17773 : 49;
	17774 : 49;
	17775 : 45;
	17776 : 45;
	17777 : 49;
	17778 : 49;
	17779 : 49;
	17780 : 49;
	17781 : 45;
	17782 : 49;
	17783 : 49;
	17784 : 49;
	17785 : 49;
	17786 : 24;
	17787 : 24;
	17788 : 25;
	17789 : 69;
	17790 : 6D;
	17791 : 69;
	17792 : 69;
	17793 : 6D;
	17794 : 6D;
	17795 : 6E;
	17796 : 25;
	17797 : 00;
	17798 : 25;
	17799 : 49;
	17800 : 45;
	17801 : 45;
	17802 : 49;
	17803 : 49;
	17804 : 49;
	17805 : 49;
	17806 : 49;
	17807 : 49;
	17808 : 49;
	17809 : 49;
	17810 : 69;
	17811 : 69;
	17812 : 49;
	17813 : 49;
	17814 : 69;
	17815 : 69;
	17816 : 24;
	17817 : 8E;
	17818 : 6D;
	17819 : 6D;
	17820 : 69;
	17821 : 69;
	17822 : 69;
	17823 : 69;
	17824 : 49;
	17825 : 49;
	17826 : 49;
	17827 : 49;
	17828 : 69;
	17829 : 69;
	17830 : 69;
	17831 : 6D;
	17832 : 25;
	17833 : 6D;
	17834 : 69;
	17835 : 69;
	17836 : 69;
	17837 : 69;
	17838 : 69;
	17839 : 49;
	17840 : 49;
	17841 : 49;
	17842 : 49;
	17843 : 69;
	17844 : 69;
	17845 : 69;
	17846 : 69;
	17847 : 69;
	17848 : 69;
	17849 : 69;
	17850 : 49;
	17851 : 49;
	17852 : 6D;
	17853 : 6D;
	17854 : 6D;
	17855 : 6D;
	17856 : 69;
	17857 : 69;
	17858 : 69;
	17859 : 69;
	17860 : 6D;
	17861 : 6E;
	17862 : 6D;
	17863 : 6D;
	17864 : 6D;
	17865 : 6D;
	17866 : 24;
	17867 : 6E;
	17868 : 6D;
	17869 : 6D;
	17870 : 6D;
	17871 : 6D;
	17872 : 6D;
	17873 : 6D;
	17874 : 69;
	17875 : 6D;
	17876 : 6D;
	17877 : 6D;
	17878 : 6D;
	17879 : 6D;
	17880 : 69;
	17881 : 49;
	17882 : 00;
	17883 : 24;
	17884 : 6D;
	17885 : 6D;
	17886 : 6D;
	17887 : 6D;
	17888 : 69;
	17889 : 49;
	17890 : 6D;
	17891 : 49;
	17892 : 24;
	17893 : 45;
	17894 : 49;
	17895 : 25;
	17896 : 49;
	17897 : 69;
	17898 : 69;
	17899 : 69;
	17900 : 69;
	17901 : 69;
	17902 : 49;
	17903 : 45;
	17904 : 69;
	17905 : 69;
	17906 : 49;
	17907 : 49;
	17908 : 49;
	17909 : 69;
	17910 : 49;
	17911 : 49;
	17912 : 45;
	17913 : 24;
	17914 : 69;
	17915 : 8D;
	17916 : 6D;
	17917 : 69;
	17918 : 69;
	17919 : 49;
	17920 : 69;
	17921 : 69;
	17922 : 69;
	17923 : 69;
	17924 : 69;
	17925 : 69;
	17926 : 69;
	17927 : 69;
	17928 : 69;
	17929 : 69;
	17930 : 69;
	17931 : 92;
	17932 : 49;
	17933 : 24;
	17934 : 49;
	17935 : 45;
	17936 : 45;
	17937 : 45;
	17938 : 45;
	17939 : 45;
	17940 : 45;
	17941 : 45;
	17942 : 69;
	17943 : 69;
	17944 : 25;
	17945 : 24;
	17946 : 49;
	17947 : 69;
	17948 : 69;
	17949 : 69;
	17950 : 69;
	17951 : 49;
	17952 : 69;
	17953 : 6D;
	17954 : 25;
	17955 : 24;
	17956 : 49;
	17957 : 49;
	17958 : 45;
	17959 : 25;
	17960 : 45;
	17961 : 25;
	17962 : 25;
	17963 : 25;
	17964 : 25;
	17965 : 25;
	17966 : 25;
	17967 : 25;
	17968 : 25;
	17969 : 25;
	17970 : 25;
	17971 : 25;
	17972 : 25;
	17973 : 25;
	17974 : 25;
	17975 : 00;
	17976 : 69;
	17977 : 8E;
	17978 : 92;
	17979 : 92;
	17980 : 92;
	17981 : 6D;
	17982 : 69;
	17983 : 69;
	17984 : 69;
	17985 : 69;
	17986 : 69;
	17987 : 69;
	17988 : 69;
	17989 : 6D;
	17990 : 6D;
	17991 : 45;
	17992 : 69;
	17993 : 6D;
	17994 : 49;
	17995 : 6D;
	17996 : 49;
	17997 : 6D;
	17998 : 6D;
	17999 : 6D;
	18000 : 6D;
	18001 : 69;
	18002 : 69;
	18003 : 69;
	18004 : 6D;
	18005 : 49;
	18006 : 6D;
	18007 : 6D;
	18008 : 6D;
	18009 : 69;
	18010 : 6D;
	18011 : 20;
	18012 : 6D;
	18013 : 6D;
	18014 : 6D;
	18015 : 6D;
	18016 : 6D;
	18017 : 6D;
	18018 : 6D;
	18019 : 69;
	18020 : 69;
	18021 : 49;
	18022 : 45;
	18023 : 45;
	18024 : 45;
	18025 : 45;
	18026 : 24;
	18027 : 25;
	18028 : 25;
	18029 : 45;
	18030 : 45;
	18031 : 6D;
	18032 : 6D;
	18033 : 6D;
	18034 : 69;
	18035 : 49;
	18036 : 25;
	18037 : 25;
	18038 : 25;
	18039 : 45;
	18040 : 45;
	18041 : 45;
	18042 : 49;
	18043 : 49;
	18044 : 24;
	18045 : 49;
	18046 : 6D;
	18047 : 49;
	18048 : 49;
	18049 : 49;
	18050 : 49;
	18051 : 49;
	18052 : 6E;
	18053 : 49;
	18054 : 25;
	18055 : 25;
	18056 : 49;
	18057 : 49;
	18058 : 49;
	18059 : 49;
	18060 : 49;
	18061 : 69;
	18062 : 49;
	18063 : 49;
	18064 : 69;
	18065 : 49;
	18066 : 49;
	18067 : 69;
	18068 : 69;
	18069 : 69;
	18070 : 69;
	18071 : 69;
	18072 : 49;
	18073 : 49;
	18074 : 49;
	18075 : 49;
	18076 : 20;
	18077 : 49;
	18078 : 69;
	18079 : 6D;
	18080 : 69;
	18081 : 69;
	18082 : 69;
	18083 : 69;
	18084 : 69;
	18085 : 69;
	18086 : 69;
	18087 : 69;
	18088 : 69;
	18089 : 69;
	18090 : 6D;
	18091 : 49;
	18092 : 45;
	18093 : 49;
	18094 : 45;
	18095 : 45;
	18096 : 49;
	18097 : 49;
	18098 : 49;
	18099 : 49;
	18100 : 49;
	18101 : 69;
	18102 : 45;
	18103 : 25;
	18104 : 00;
	18105 : 00;
	18106 : 49;
	18107 : 49;
	18108 : 69;
	18109 : 69;
	18110 : 69;
	18111 : 69;
	18112 : 6E;
	18113 : 49;
	18114 : 00;
	18115 : 00;
	18116 : 00;
	18117 : 20;
	18118 : 24;
	18119 : 24;
	18120 : 24;
	18121 : 24;
	18122 : 24;
	18123 : 20;
	18124 : 00;
	18125 : 00;
	18126 : 00;
	18127 : 00;
	18128 : 00;
	18129 : 00;
	18130 : 00;
	18131 : 20;
	18132 : 00;
	18133 : 24;
	18134 : 00;
	18135 : 00;
	18136 : 24;
	18137 : 45;
	18138 : 45;
	18139 : 45;
	18140 : 45;
	18141 : 45;
	18142 : 45;
	18143 : 45;
	18144 : 45;
	18145 : 45;
	18146 : 45;
	18147 : 45;
	18148 : 45;
	18149 : 25;
	18150 : 25;
	18151 : 20;
	18152 : 49;
	18153 : 49;
	18154 : 49;
	18155 : 49;
	18156 : 49;
	18157 : 49;
	18158 : 49;
	18159 : 49;
	18160 : 6D;
	18161 : 6E;
	18162 : 6E;
	18163 : 6E;
	18164 : 6E;
	18165 : 6E;
	18166 : 6D;
	18167 : 6D;
	18168 : 69;
	18169 : 49;
	18170 : 49;
	18171 : 00;
	18172 : 24;
	18173 : 25;
	18174 : 25;
	18175 : 25;
	18176 : 25;
	18177 : 25;
	18178 : 25;
	18179 : 20;
	18180 : 24;
	18181 : 24;
	18182 : 24;
	18183 : 24;
	18184 : 20;
	18185 : 20;
	18186 : 00;
	18187 : 00;
	18188 : 24;
	18189 : 24;
	18190 : 24;
	18191 : 24;
	18192 : 24;
	18193 : 24;
	18194 : 00;
	18195 : 00;
	18196 : 24;
	18197 : 24;
	18198 : 24;
	18199 : 24;
	18200 : 24;
	18201 : 24;
	18202 : 24;
	18203 : 24;
	18204 : 00;
	18205 : 00;
	18206 : 49;
	18207 : 6D;
	18208 : 69;
	18209 : 6D;
	18210 : 6D;
	18211 : 49;
	18212 : 25;
	18213 : 49;
	18214 : 25;
	18215 : 00;
	18216 : 25;
	18217 : 49;
	18218 : 49;
	18219 : 49;
	18220 : 69;
	18221 : 6D;
	18222 : 49;
	18223 : 49;
	18224 : 49;
	18225 : 49;
	18226 : 49;
	18227 : 6D;
	18228 : 6D;
	18229 : 6D;
	18230 : 6D;
	18231 : 69;
	18232 : 69;
	18233 : 49;
	18234 : 49;
	18235 : 49;
	18236 : 49;
	18237 : 24;
	18238 : 20;
	18239 : 25;
	18240 : 49;
	18241 : 49;
	18242 : 25;
	18243 : 24;
	18244 : 24;
	18245 : 00;
	18246 : 20;
	18247 : 24;
	18248 : 24;
	18249 : 24;
	18250 : 00;
	18251 : 24;
	18252 : 25;
	18253 : 25;
	18254 : 24;
	18255 : 24;
	18256 : 24;
	18257 : 24;
	18258 : 25;
	18259 : 25;
	18260 : 24;
	18261 : 00;
	18262 : 25;
	18263 : 49;
	18264 : 6E;
	18265 : 6D;
	18266 : 8E;
	18267 : 49;
	18268 : 49;
	18269 : 49;
	18270 : 49;
	18271 : 00;
	18272 : 00;
	18273 : 24;
	18274 : 49;
	18275 : 49;
	18276 : 69;
	18277 : 69;
	18278 : 69;
	18279 : 69;
	18280 : 69;
	18281 : 69;
	18282 : 69;
	18283 : 8E;
	18284 : 45;
	18285 : 25;
	18286 : 6D;
	18287 : 49;
	18288 : 49;
	18289 : 45;
	18290 : 45;
	18291 : 69;
	18292 : 49;
	18293 : 49;
	18294 : 69;
	18295 : 69;
	18296 : 69;
	18297 : 69;
	18298 : 69;
	18299 : 69;
	18300 : 69;
	18301 : 6D;
	18302 : 45;
	18303 : 00;
	18304 : 6D;
	18305 : 6D;
	18306 : 6D;
	18307 : 6E;
	18308 : 6E;
	18309 : 6D;
	18310 : 6D;
	18311 : 6D;
	18312 : 6D;
	18313 : 6D;
	18314 : 6D;
	18315 : 8E;
	18316 : 6D;
	18317 : 6D;
	18318 : 69;
	18319 : 69;
	18320 : 69;
	18321 : 6D;
	18322 : 00;
	18323 : 49;
	18324 : 69;
	18325 : 69;
	18326 : 6D;
	18327 : 6D;
	18328 : 6D;
	18329 : 6D;
	18330 : 6D;
	18331 : 69;
	18332 : 69;
	18333 : 69;
	18334 : 69;
	18335 : 69;
	18336 : 6D;
	18337 : 49;
	18338 : 6D;
	18339 : 69;
	18340 : 69;
	18341 : 69;
	18342 : 69;
	18343 : 69;
	18344 : 8D;
	18345 : 8E;
	18346 : 69;
	18347 : 49;
	18348 : 49;
	18349 : 49;
	18350 : 49;
	18351 : 49;
	18352 : 49;
	18353 : 49;
	18354 : 49;
	18355 : 24;
	18356 : 6D;
	18357 : 69;
	18358 : 69;
	18359 : 69;
	18360 : 69;
	18361 : 6D;
	18362 : 6D;
	18363 : 6D;
	18364 : 6D;
	18365 : 6D;
	18366 : 25;
	18367 : 24;
	18368 : 24;
	18369 : 6E;
	18370 : 6E;
	18371 : 8E;
	18372 : 69;
	18373 : 6D;
	18374 : 6D;
	18375 : 6D;
	18376 : 6D;
	18377 : 25;
	18378 : 20;
	18379 : 24;
	18380 : 24;
	18381 : 25;
	18382 : 25;
	18383 : 25;
	18384 : 24;
	18385 : 24;
	18386 : 24;
	18387 : 25;
	18388 : 25;
	18389 : 49;
	18390 : 49;
	18391 : 25;
	18392 : 25;
	18393 : 25;
	18394 : 25;
	18395 : 25;
	18396 : 25;
	18397 : 25;
	18398 : 25;
	18399 : 00;
	18400 : 00;
	18401 : 00;
	18402 : 24;
	18403 : 25;
	18404 : 25;
	18405 : 25;
	18406 : 25;
	18407 : 25;
	18408 : 25;
	18409 : 25;
	18410 : 25;
	18411 : 00;
	18412 : 20;
	18413 : 24;
	18414 : 49;
	18415 : 45;
	18416 : 45;
	18417 : 20;
	18418 : 00;
	18419 : 24;
	18420 : 00;
	18421 : 24;
	18422 : 49;
	18423 : 49;
	18424 : 6D;
	18425 : 6D;
	18426 : 69;
	18427 : 69;
	18428 : 69;
	18429 : 6E;
	18430 : 6D;
	18431 : 00;
	18432 : 25;
	18433 : 49;
	18434 : 69;
	18435 : 49;
	18436 : 6D;
	18437 : 69;
	18438 : 69;
	18439 : 49;
	18440 : 49;
	18441 : 69;
	18442 : 6D;
	18443 : 49;
	18444 : 25;
	18445 : 6D;
	18446 : 6D;
	18447 : 69;
	18448 : 69;
	18449 : 69;
	18450 : 69;
	18451 : 69;
	18452 : 69;
	18453 : 69;
	18454 : 69;
	18455 : 69;
	18456 : 69;
	18457 : 69;
	18458 : 69;
	18459 : 69;
	18460 : 69;
	18461 : 6D;
	18462 : 00;
	18463 : 25;
	18464 : 6D;
	18465 : 49;
	18466 : 69;
	18467 : 69;
	18468 : 69;
	18469 : 69;
	18470 : 69;
	18471 : 69;
	18472 : 49;
	18473 : 49;
	18474 : 6D;
	18475 : 6D;
	18476 : 8E;
	18477 : 6D;
	18478 : 6D;
	18479 : 69;
	18480 : 69;
	18481 : 6D;
	18482 : 00;
	18483 : 69;
	18484 : 69;
	18485 : 49;
	18486 : 49;
	18487 : 49;
	18488 : 49;
	18489 : 49;
	18490 : 49;
	18491 : 49;
	18492 : 49;
	18493 : 69;
	18494 : 49;
	18495 : 69;
	18496 : 69;
	18497 : 24;
	18498 : 6D;
	18499 : 69;
	18500 : 69;
	18501 : 69;
	18502 : 69;
	18503 : 69;
	18504 : 69;
	18505 : 69;
	18506 : 49;
	18507 : 49;
	18508 : 49;
	18509 : 49;
	18510 : 49;
	18511 : 49;
	18512 : 49;
	18513 : 49;
	18514 : 49;
	18515 : 49;
	18516 : 49;
	18517 : 69;
	18518 : 69;
	18519 : 6D;
	18520 : 6D;
	18521 : 6D;
	18522 : 6D;
	18523 : 6D;
	18524 : 6D;
	18525 : 6D;
	18526 : 69;
	18527 : 24;
	18528 : 00;
	18529 : 49;
	18530 : 8E;
	18531 : 69;
	18532 : 69;
	18533 : 49;
	18534 : 49;
	18535 : 6D;
	18536 : 6D;
	18537 : 6D;
	18538 : 49;
	18539 : 00;
	18540 : 24;
	18541 : 25;
	18542 : 49;
	18543 : 25;
	18544 : 25;
	18545 : 45;
	18546 : 25;
	18547 : 24;
	18548 : 20;
	18549 : 24;
	18550 : 24;
	18551 : 49;
	18552 : 49;
	18553 : 49;
	18554 : 49;
	18555 : 49;
	18556 : 49;
	18557 : 49;
	18558 : 49;
	18559 : 49;
	18560 : 45;
	18561 : 00;
	18562 : 25;
	18563 : 25;
	18564 : 25;
	18565 : 49;
	18566 : 49;
	18567 : 49;
	18568 : 49;
	18569 : 25;
	18570 : 24;
	18571 : 49;
	18572 : 69;
	18573 : 69;
	18574 : 69;
	18575 : 69;
	18576 : 8E;
	18577 : 49;
	18578 : 24;
	18579 : 25;
	18580 : 49;
	18581 : 69;
	18582 : 69;
	18583 : 69;
	18584 : 69;
	18585 : 69;
	18586 : 69;
	18587 : 8E;
	18588 : 49;
	18589 : 24;
	18590 : 00;
	18591 : 49;
	18592 : 69;
	18593 : 69;
	18594 : 69;
	18595 : 45;
	18596 : 45;
	18597 : 69;
	18598 : 69;
	18599 : 69;
	18600 : 69;
	18601 : 6D;
	18602 : 25;
	18603 : 69;
	18604 : 69;
	18605 : 69;
	18606 : 69;
	18607 : 69;
	18608 : 69;
	18609 : 69;
	18610 : 69;
	18611 : 69;
	18612 : 49;
	18613 : 69;
	18614 : 69;
	18615 : 69;
	18616 : 69;
	18617 : 49;
	18618 : 49;
	18619 : 69;
	18620 : 69;
	18621 : 49;
	18622 : 49;
	18623 : 92;
	18624 : 8E;
	18625 : 8E;
	18626 : 8E;
	18627 : 69;
	18628 : 69;
	18629 : 69;
	18630 : 69;
	18631 : 69;
	18632 : 69;
	18633 : 69;
	18634 : 49;
	18635 : 49;
	18636 : 49;
	18637 : 69;
	18638 : 69;
	18639 : 69;
	18640 : 69;
	18641 : 6D;
	18642 : 00;
	18643 : 49;
	18644 : 49;
	18645 : 49;
	18646 : 49;
	18647 : 49;
	18648 : 49;
	18649 : 45;
	18650 : 45;
	18651 : 45;
	18652 : 49;
	18653 : 49;
	18654 : 49;
	18655 : 69;
	18656 : 49;
	18657 : 69;
	18658 : 24;
	18659 : 8D;
	18660 : 6D;
	18661 : 6D;
	18662 : 69;
	18663 : 49;
	18664 : 49;
	18665 : 49;
	18666 : 49;
	18667 : 49;
	18668 : 49;
	18669 : 49;
	18670 : 49;
	18671 : 49;
	18672 : 49;
	18673 : 49;
	18674 : 49;
	18675 : 49;
	18676 : 49;
	18677 : 25;
	18678 : 6D;
	18679 : 49;
	18680 : 49;
	18681 : 69;
	18682 : 69;
	18683 : 69;
	18684 : 69;
	18685 : 6D;
	18686 : 6D;
	18687 : 49;
	18688 : 49;
	18689 : 00;
	18690 : 00;
	18691 : 49;
	18692 : 6D;
	18693 : 6D;
	18694 : 69;
	18695 : 49;
	18696 : 6E;
	18697 : 6D;
	18698 : 6D;
	18699 : 49;
	18700 : 49;
	18701 : 20;
	18702 : 45;
	18703 : 69;
	18704 : 49;
	18705 : 49;
	18706 : 49;
	18707 : 49;
	18708 : 49;
	18709 : 24;
	18710 : 25;
	18711 : 6E;
	18712 : 6D;
	18713 : 49;
	18714 : 49;
	18715 : 49;
	18716 : 49;
	18717 : 49;
	18718 : 49;
	18719 : 49;
	18720 : 25;
	18721 : 45;
	18722 : 45;
	18723 : 45;
	18724 : 45;
	18725 : 25;
	18726 : 24;
	18727 : 20;
	18728 : 25;
	18729 : 69;
	18730 : 69;
	18731 : 69;
	18732 : 69;
	18733 : 69;
	18734 : 49;
	18735 : 49;
	18736 : 00;
	18737 : 45;
	18738 : 49;
	18739 : 49;
	18740 : 69;
	18741 : 49;
	18742 : 49;
	18743 : 69;
	18744 : 69;
	18745 : 6D;
	18746 : 49;
	18747 : 25;
	18748 : 00;
	18749 : 45;
	18750 : 45;
	18751 : 49;
	18752 : 69;
	18753 : 69;
	18754 : 49;
	18755 : 49;
	18756 : 49;
	18757 : 49;
	18758 : 49;
	18759 : 69;
	18760 : 8D;
	18761 : 25;
	18762 : 69;
	18763 : 69;
	18764 : 69;
	18765 : 6D;
	18766 : 49;
	18767 : 69;
	18768 : 69;
	18769 : 69;
	18770 : 69;
	18771 : 69;
	18772 : 69;
	18773 : 69;
	18774 : 69;
	18775 : 69;
	18776 : 69;
	18777 : 69;
	18778 : 69;
	18779 : 69;
	18780 : 8E;
	18781 : 00;
	18782 : 49;
	18783 : 49;
	18784 : 49;
	18785 : 69;
	18786 : 69;
	18787 : 49;
	18788 : 69;
	18789 : 69;
	18790 : 69;
	18791 : 69;
	18792 : 69;
	18793 : 69;
	18794 : 69;
	18795 : 69;
	18796 : 69;
	18797 : 69;
	18798 : 69;
	18799 : 69;
	18800 : 6D;
	18801 : 6E;
	18802 : 00;
	18803 : 25;
	18804 : 6E;
	18805 : 49;
	18806 : 49;
	18807 : 49;
	18808 : 49;
	18809 : 49;
	18810 : 49;
	18811 : 49;
	18812 : 49;
	18813 : 49;
	18814 : 49;
	18815 : 49;
	18816 : 49;
	18817 : 6D;
	18818 : 25;
	18819 : 6D;
	18820 : 69;
	18821 : 49;
	18822 : 49;
	18823 : 49;
	18824 : 49;
	18825 : 49;
	18826 : 69;
	18827 : 69;
	18828 : 69;
	18829 : 49;
	18830 : 49;
	18831 : 49;
	18832 : 49;
	18833 : 49;
	18834 : 49;
	18835 : 69;
	18836 : 69;
	18837 : 49;
	18838 : 00;
	18839 : 6D;
	18840 : 6D;
	18841 : 69;
	18842 : 69;
	18843 : 69;
	18844 : 69;
	18845 : 69;
	18846 : 69;
	18847 : 69;
	18848 : 49;
	18849 : 49;
	18850 : 49;
	18851 : 24;
	18852 : 25;
	18853 : 49;
	18854 : 6D;
	18855 : 69;
	18856 : 49;
	18857 : 6D;
	18858 : 69;
	18859 : 49;
	18860 : 6D;
	18861 : 69;
	18862 : 49;
	18863 : 25;
	18864 : 25;
	18865 : 49;
	18866 : 49;
	18867 : 49;
	18868 : 49;
	18869 : 49;
	18870 : 49;
	18871 : 25;
	18872 : 00;
	18873 : 49;
	18874 : 6D;
	18875 : 49;
	18876 : 49;
	18877 : 49;
	18878 : 49;
	18879 : 49;
	18880 : 24;
	18881 : 45;
	18882 : 45;
	18883 : 45;
	18884 : 25;
	18885 : 00;
	18886 : 24;
	18887 : 49;
	18888 : 69;
	18889 : 69;
	18890 : 69;
	18891 : 69;
	18892 : 69;
	18893 : 49;
	18894 : 00;
	18895 : 24;
	18896 : 69;
	18897 : 49;
	18898 : 49;
	18899 : 49;
	18900 : 49;
	18901 : 49;
	18902 : 49;
	18903 : 69;
	18904 : 6E;
	18905 : 6E;
	18906 : 24;
	18907 : 00;
	18908 : 25;
	18909 : 6D;
	18910 : 69;
	18911 : 69;
	18912 : 69;
	18913 : 49;
	18914 : 49;
	18915 : 49;
	18916 : 49;
	18917 : 49;
	18918 : 49;
	18919 : 6E;
	18920 : 69;
	18921 : 24;
	18922 : 69;
	18923 : 69;
	18924 : 6D;
	18925 : 69;
	18926 : 6D;
	18927 : 6D;
	18928 : 69;
	18929 : 69;
	18930 : 69;
	18931 : 69;
	18932 : 6D;
	18933 : 6D;
	18934 : 6D;
	18935 : 6D;
	18936 : 6D;
	18937 : 6D;
	18938 : 6D;
	18939 : 6D;
	18940 : 6D;
	18941 : 25;
	18942 : 6E;
	18943 : 69;
	18944 : 69;
	18945 : 69;
	18946 : 69;
	18947 : 6D;
	18948 : 6D;
	18949 : 69;
	18950 : 69;
	18951 : 69;
	18952 : 69;
	18953 : 69;
	18954 : 69;
	18955 : 69;
	18956 : 6D;
	18957 : 69;
	18958 : 69;
	18959 : 6D;
	18960 : 6E;
	18961 : 49;
	18962 : 00;
	18963 : 00;
	18964 : 69;
	18965 : 69;
	18966 : 49;
	18967 : 49;
	18968 : 49;
	18969 : 25;
	18970 : 49;
	18971 : 49;
	18972 : 49;
	18973 : 49;
	18974 : 69;
	18975 : 69;
	18976 : 49;
	18977 : 69;
	18978 : 49;
	18979 : 6D;
	18980 : 6D;
	18981 : 49;
	18982 : 49;
	18983 : 49;
	18984 : 49;
	18985 : 49;
	18986 : 49;
	18987 : 49;
	18988 : 49;
	18989 : 49;
	18990 : 49;
	18991 : 49;
	18992 : 49;
	18993 : 49;
	18994 : 45;
	18995 : 25;
	18996 : 69;
	18997 : 6D;
	18998 : 49;
	18999 : 45;
	19000 : 8D;
	19001 : 69;
	19002 : 69;
	19003 : 69;
	19004 : 69;
	19005 : 69;
	19006 : 69;
	19007 : 69;
	19008 : 6D;
	19009 : 69;
	19010 : 69;
	19011 : 49;
	19012 : 00;
	19013 : 00;
	19014 : 69;
	19015 : 6D;
	19016 : 69;
	19017 : 6D;
	19018 : 6D;
	19019 : 6D;
	19020 : 69;
	19021 : 6D;
	19022 : 69;
	19023 : 49;
	19024 : 20;
	19025 : 20;
	19026 : 49;
	19027 : 49;
	19028 : 49;
	19029 : 49;
	19030 : 49;
	19031 : 49;
	19032 : 45;
	19033 : 20;
	19034 : 49;
	19035 : 6E;
	19036 : 69;
	19037 : 69;
	19038 : 6D;
	19039 : 49;
	19040 : 49;
	19041 : 69;
	19042 : 25;
	19043 : 25;
	19044 : 25;
	19045 : 45;
	19046 : 45;
	19047 : 45;
	19048 : 45;
	19049 : 49;
	19050 : 49;
	19051 : 49;
	19052 : 25;
	19053 : 25;
	19054 : 6E;
	19055 : 6E;
	19056 : 6E;
	19057 : 6D;
	19058 : 6D;
	19059 : 6D;
	19060 : 6E;
	19061 : 6E;
	19062 : 6E;
	19063 : 6E;
	19064 : 25;
	19065 : 24;
	19066 : 00;
	19067 : 25;
	19068 : 25;
	19069 : 49;
	19070 : 49;
	19071 : 49;
	19072 : 49;
	19073 : 49;
	19074 : 45;
	19075 : 25;
	19076 : 49;
	19077 : 49;
	19078 : 49;
	19079 : 25;
	19080 : 25;
	19081 : 20;
	19082 : 25;
	19083 : 25;
	19084 : 25;
	19085 : 25;
	19086 : 25;
	19087 : 25;
	19088 : 25;
	19089 : 25;
	19090 : 25;
	19091 : 25;
	19092 : 25;
	19093 : 25;
	19094 : 25;
	19095 : 25;
	19096 : 25;
	19097 : 25;
	19098 : 25;
	19099 : 25;
	19100 : 24;
	19101 : 24;
	19102 : 25;
	19103 : 25;
	19104 : 49;
	19105 : 49;
	19106 : 25;
	19107 : 25;
	19108 : 25;
	19109 : 49;
	19110 : 49;
	19111 : 49;
	19112 : 49;
	19113 : 49;
	19114 : 49;
	19115 : 25;
	19116 : 25;
	19117 : 49;
	19118 : 49;
	19119 : 49;
	19120 : 49;
	19121 : 25;
	19122 : 20;
	19123 : 00;
	19124 : 45;
	19125 : 49;
	19126 : 49;
	19127 : 45;
	19128 : 49;
	19129 : 49;
	19130 : 25;
	19131 : 25;
	19132 : 25;
	19133 : 49;
	19134 : 49;
	19135 : 49;
	19136 : 49;
	19137 : 49;
	19138 : 49;
	19139 : 00;
	19140 : 45;
	19141 : 49;
	19142 : 49;
	19143 : 45;
	19144 : 25;
	19145 : 25;
	19146 : 45;
	19147 : 49;
	19148 : 49;
	19149 : 49;
	19150 : 49;
	19151 : 49;
	19152 : 49;
	19153 : 45;
	19154 : 49;
	19155 : 49;
	19156 : 49;
	19157 : 49;
	19158 : 45;
	19159 : 24;
	19160 : 24;
	19161 : 49;
	19162 : 49;
	19163 : 49;
	19164 : 49;
	19165 : 49;
	19166 : 49;
	19167 : 49;
	19168 : 49;
	19169 : 49;
	19170 : 49;
	19171 : 45;
	19172 : 25;
	19173 : 25;
	19174 : 24;
	19175 : 24;
	19176 : 6E;
	19177 : 6E;
	19178 : 6E;
	19179 : 6D;
	19180 : 6D;
	19181 : 6D;
	19182 : 6D;
	19183 : 6D;
	19184 : 6E;
	19185 : 6E;
	19186 : 25;
	19187 : 25;
	19188 : 49;
	19189 : 49;
	19190 : 49;
	19191 : 49;
	19192 : 25;
	19193 : 25;
	19194 : 49;
	19195 : 25;
	19196 : 25;
	19197 : 25;
	19198 : 49;
	19199 : 49;
END;
