DEPTH = 9471;
WIDTH = 8;
ADDRESS_RADIX = UNS;
DATA_RADIX = HEX;

CONTENT BEGIN
	0 : FF;
	1 : FF;
	2 : FF;
	3 : FF;
	4 : FF;
	5 : FF;
	6 : FF;
	7 : FF;
	8 : FF;
	9 : FF;
	10 : FF;
	11 : FF;
	12 : FF;
	13 : FF;
	14 : FF;
	15 : E3;
	16 : E3;
	17 : 45;
	18 : E3;
	19 : E3;
	20 : E3;
	21 : E3;
	22 : E3;
	23 : E3;
	24 : E3;
	25 : E3;
	26 : E3;
	27 : FF;
	28 : FF;
	29 : 24;
	30 : 24;
	31 : 24;
	32 : 24;
	33 : 24;
	34 : 24;
	35 : 24;
	36 : 24;
	37 : E3;
	38 : E3;
	39 : E3;
	40 : E3;
	41 : FF;
	42 : FF;
	43 : 00;
	44 : 24;
	45 : 24;
	46 : 64;
	47 : 88;
	48 : A8;
	49 : 88;
	50 : 68;
	51 : 65;
	52 : E3;
	53 : E3;
	54 : E3;
	55 : FF;
	56 : FF;
	57 : 00;
	58 : 00;
	59 : 44;
	60 : 64;
	61 : 88;
	62 : AC;
	63 : CC;
	64 : CC;
	65 : CC;
	66 : E3;
	67 : E3;
	68 : E3;
	69 : FF;
	70 : FF;
	71 : 44;
	72 : 24;
	73 : 64;
	74 : 84;
	75 : 88;
	76 : 88;
	77 : 88;
	78 : 88;
	79 : 88;
	80 : E3;
	81 : E3;
	82 : E3;
	83 : FF;
	84 : FF;
	85 : 64;
	86 : 84;
	87 : 88;
	88 : A8;
	89 : 88;
	90 : 64;
	91 : 44;
	92 : 64;
	93 : 88;
	94 : 61;
	95 : E3;
	96 : E3;
	97 : FF;
	98 : FF;
	99 : 64;
	100 : 64;
	101 : 88;
	102 : A8;
	103 : A8;
	104 : 88;
	105 : 64;
	106 : 88;
	107 : AC;
	108 : 81;
	109 : E3;
	110 : E3;
	111 : FF;
	112 : FF;
	113 : 64;
	114 : 64;
	115 : 84;
	116 : 88;
	117 : A8;
	118 : 88;
	119 : 64;
	120 : 64;
	121 : 64;
	122 : E3;
	123 : E3;
	124 : E3;
	125 : FF;
	126 : FF;
	127 : 64;
	128 : 64;
	129 : 64;
	130 : 84;
	131 : 88;
	132 : 88;
	133 : 88;
	134 : 88;
	135 : 88;
	136 : E3;
	137 : E3;
	138 : E3;
	139 : FF;
	140 : FF;
	141 : 64;
	142 : 64;
	143 : 64;
	144 : 64;
	145 : 84;
	146 : 88;
	147 : A8;
	148 : 88;
	149 : 84;
	150 : E3;
	151 : E3;
	152 : E3;
	153 : FF;
	154 : FF;
	155 : 84;
	156 : 84;
	157 : 84;
	158 : 64;
	159 : 64;
	160 : 64;
	161 : 84;
	162 : 84;
	163 : E3;
	164 : E3;
	165 : E3;
	166 : E3;
	167 : FF;
	168 : FF;
	169 : A0;
	170 : A0;
	171 : A0;
	172 : A0;
	173 : A0;
	174 : 84;
	175 : 84;
	176 : E3;
	177 : E3;
	178 : E3;
	179 : E3;
	180 : E3;
	181 : FF;
	182 : FF;
	183 : 80;
	184 : A0;
	185 : A0;
	186 : A0;
	187 : C0;
	188 : C0;
	189 : A0;
	190 : 80;
	191 : A1;
	192 : E3;
	193 : E3;
	194 : E3;
	195 : FF;
	196 : FF;
	197 : 80;
	198 : 80;
	199 : 80;
	200 : 80;
	201 : A0;
	202 : C0;
	203 : C0;
	204 : C0;
	205 : A0;
	206 : C0;
	207 : E3;
	208 : E3;
	209 : FF;
	210 : FF;
	211 : 80;
	212 : 80;
	213 : 80;
	214 : 80;
	215 : 80;
	216 : A0;
	217 : C0;
	218 : C0;
	219 : C0;
	220 : C0;
	221 : C0;
	222 : A0;
	223 : FF;
	224 : FF;
	225 : FF;
	226 : FF;
	227 : FF;
	228 : FF;
	229 : FF;
	230 : FF;
	231 : FF;
	232 : FF;
	233 : FF;
	234 : FF;
	235 : FF;
	236 : FF;
	237 : FF;
	238 : FF;
	239 : FF;
	240 : FF;
	241 : FF;
	242 : FF;
	243 : FF;
	244 : FF;
	245 : FF;
	246 : FF;
	247 : FF;
	248 : FF;
	249 : FF;
	250 : FF;
	251 : DA;
	252 : FF;
	253 : E3;
	254 : E3;
	255 : E3;
	256 : CA;
	257 : D5;
	258 : D5;
	259 : D5;
	260 : D5;
	261 : D5;
	262 : D5;
	263 : D1;
	264 : B1;
	265 : DA;
	266 : FF;
	267 : E3;
	268 : E3;
	269 : E3;
	270 : D5;
	271 : D5;
	272 : D5;
	273 : D5;
	274 : D5;
	275 : D5;
	276 : D5;
	277 : D5;
	278 : D1;
	279 : DA;
	280 : FF;
	281 : E3;
	282 : E3;
	283 : B1;
	284 : D5;
	285 : D5;
	286 : D5;
	287 : D5;
	288 : D1;
	289 : D5;
	290 : D5;
	291 : D5;
	292 : B1;
	293 : DA;
	294 : FF;
	295 : E3;
	296 : E3;
	297 : D5;
	298 : D5;
	299 : D5;
	300 : D5;
	301 : B1;
	302 : 68;
	303 : B1;
	304 : D1;
	305 : D1;
	306 : AD;
	307 : DA;
	308 : FF;
	309 : E3;
	310 : E3;
	311 : D1;
	312 : B1;
	313 : B1;
	314 : 48;
	315 : 00;
	316 : 24;
	317 : B1;
	318 : D1;
	319 : D1;
	320 : AD;
	321 : DA;
	322 : FF;
	323 : E3;
	324 : 20;
	325 : 24;
	326 : 44;
	327 : 24;
	328 : 00;
	329 : 24;
	330 : AD;
	331 : D1;
	332 : D1;
	333 : D1;
	334 : B1;
	335 : DA;
	336 : FF;
	337 : E3;
	338 : E3;
	339 : 68;
	340 : 88;
	341 : 8C;
	342 : AD;
	343 : D1;
	344 : D5;
	345 : D1;
	346 : D1;
	347 : D1;
	348 : 8C;
	349 : DA;
	350 : FF;
	351 : E3;
	352 : E3;
	353 : E3;
	354 : B1;
	355 : AD;
	356 : AD;
	357 : D1;
	358 : D1;
	359 : D1;
	360 : D1;
	361 : AD;
	362 : 8C;
	363 : DA;
	364 : FF;
	365 : E3;
	366 : E3;
	367 : E3;
	368 : A9;
	369 : 88;
	370 : 88;
	371 : 88;
	372 : AC;
	373 : D1;
	374 : D1;
	375 : 88;
	376 : B1;
	377 : DA;
	378 : FF;
	379 : E3;
	380 : E3;
	381 : E3;
	382 : E3;
	383 : AD;
	384 : D1;
	385 : D1;
	386 : D1;
	387 : B1;
	388 : 88;
	389 : AC;
	390 : D1;
	391 : DA;
	392 : FF;
	393 : E3;
	394 : E3;
	395 : E3;
	396 : E3;
	397 : E3;
	398 : D1;
	399 : B1;
	400 : AC;
	401 : 88;
	402 : 88;
	403 : D1;
	404 : D1;
	405 : DA;
	406 : FF;
	407 : E3;
	408 : E3;
	409 : E3;
	410 : E3;
	411 : E3;
	412 : E3;
	413 : E3;
	414 : 88;
	415 : AC;
	416 : AD;
	417 : AD;
	418 : 8D;
	419 : DA;
	420 : FF;
	421 : E3;
	422 : E3;
	423 : E3;
	424 : E3;
	425 : E3;
	426 : E3;
	427 : E3;
	428 : 8D;
	429 : AC;
	430 : AC;
	431 : 8D;
	432 : 6D;
	433 : DA;
	434 : FF;
	435 : E3;
	436 : E3;
	437 : E3;
	438 : E3;
	439 : E3;
	440 : E3;
	441 : 45;
	442 : 8D;
	443 : 8C;
	444 : 6D;
	445 : 49;
	446 : 91;
	447 : DA;
	448 : FF;
	449 : E3;
	450 : E3;
	451 : E3;
	452 : E3;
	453 : E3;
	454 : 45;
	455 : 44;
	456 : 69;
	457 : 69;
	458 : 49;
	459 : 8D;
	460 : DA;
	461 : DA;
	462 : FF;
	463 : FF;
	464 : FF;
	465 : FF;
	466 : FF;
	467 : FF;
	468 : FF;
	469 : FF;
	470 : FF;
	471 : FF;
	472 : FF;
	473 : FF;
	474 : FF;
	475 : DA;
	476 : 00;
	477 : 24;
	478 : FF;
	479 : FF;
	480 : FF;
	481 : FF;
	482 : FF;
	483 : FF;
	484 : FF;
	485 : 49;
	486 : FF;
	487 : FF;
	488 : FF;
	489 : FF;
	490 : FF;
	491 : FF;
	492 : FF;
	493 : FF;
	494 : FF;
	495 : FF;
	496 : DA;
	497 : 24;
	498 : FF;
	499 : FF;
	500 : FF;
	501 : FF;
	502 : FF;
	503 : FF;
	504 : FF;
	505 : FF;
	506 : FF;
	507 : FF;
	508 : FF;
	509 : FF;
	510 : FF;
	511 : FF;
	512 : FF;
	513 : FF;
	514 : FF;
	515 : FF;
	516 : FF;
	517 : FF;
	518 : FF;
	519 : FF;
	520 : FF;
	521 : FF;
	522 : FF;
	523 : FF;
	524 : FF;
	525 : FF;
	526 : FF;
	527 : FF;
	528 : FF;
	529 : DA;
	530 : FF;
	531 : FF;
	532 : FF;
	533 : FF;
	534 : FF;
	535 : FF;
	536 : FF;
	537 : FF;
	538 : FF;
	539 : FF;
	540 : 00;
	541 : FF;
	542 : FF;
	543 : FF;
	544 : FF;
	545 : FF;
	546 : FF;
	547 : FF;
	548 : FF;
	549 : FF;
	550 : FF;
	551 : FF;
	552 : FF;
	553 : FF;
	554 : FF;
	555 : FF;
	556 : FF;
	557 : FF;
	558 : FF;
	559 : FF;
	560 : FF;
	561 : FF;
	562 : FF;
	563 : 00;
	564 : 20;
	565 : DA;
	566 : FF;
	567 : FF;
	568 : FF;
	569 : FF;
	570 : FF;
	571 : FF;
	572 : FF;
	573 : FF;
	574 : FF;
	575 : FF;
	576 : FF;
	577 : FF;
	578 : 6D;
	579 : FF;
	580 : FF;
	581 : FF;
	582 : FF;
	583 : FF;
	584 : FF;
	585 : FF;
	586 : FF;
	587 : FF;
	588 : FF;
	589 : FF;
	590 : FF;
	591 : FF;
	592 : DA;
	593 : FF;
	594 : 8E;
	595 : FF;
	596 : FF;
	597 : FF;
	598 : FF;
	599 : FF;
	600 : FF;
	601 : FF;
	602 : FF;
	603 : DA;
	604 : FF;
	605 : FF;
	606 : FF;
	607 : FF;
	608 : FF;
	609 : FF;
	610 : FF;
	611 : FF;
	612 : FF;
	613 : FF;
	614 : FF;
	615 : FF;
	616 : FF;
	617 : 6D;
	618 : 6D;
	619 : FF;
	620 : FF;
	621 : F6;
	622 : F1;
	623 : F1;
	624 : F5;
	625 : F5;
	626 : FF;
	627 : FF;
	628 : FF;
	629 : F5;
	630 : E8;
	631 : E8;
	632 : E8;
	633 : E8;
	634 : E8;
	635 : E8;
	636 : E8;
	637 : E8;
	638 : FE;
	639 : 6D;
	640 : FF;
	641 : F6;
	642 : F5;
	643 : F5;
	644 : F5;
	645 : F5;
	646 : F5;
	647 : F5;
	648 : F5;
	649 : FF;
	650 : FF;
	651 : FF;
	652 : E8;
	653 : E8;
	654 : E8;
	655 : E8;
	656 : E8;
	657 : E8;
	658 : E8;
	659 : E8;
	660 : E8;
	661 : ED;
	662 : FF;
	663 : E8;
	664 : E8;
	665 : E8;
	666 : E8;
	667 : E8;
	668 : E8;
	669 : E8;
	670 : E8;
	671 : E8;
	672 : FF;
	673 : FF;
	674 : E8;
	675 : E8;
	676 : E8;
	677 : E8;
	678 : E8;
	679 : E8;
	680 : E8;
	681 : FF;
	682 : 00;
	683 : FF;
	684 : E4;
	685 : E4;
	686 : E4;
	687 : E4;
	688 : E4;
	689 : E4;
	690 : E4;
	691 : E4;
	692 : E4;
	693 : FF;
	694 : FF;
	695 : FF;
	696 : E0;
	697 : E4;
	698 : E4;
	699 : E4;
	700 : E4;
	701 : E4;
	702 : E0;
	703 : F1;
	704 : FF;
	705 : FF;
	706 : FF;
	707 : FF;
	708 : ED;
	709 : E4;
	710 : E4;
	711 : E4;
	712 : E4;
	713 : E4;
	714 : C4;
	715 : FF;
	716 : E8;
	717 : E4;
	718 : ED;
	719 : FF;
	720 : 49;
	721 : FF;
	722 : FF;
	723 : E8;
	724 : E4;
	725 : F1;
	726 : FF;
	727 : E0;
	728 : E4;
	729 : E4;
	730 : E4;
	731 : E4;
	732 : E4;
	733 : E0;
	734 : F1;
	735 : FF;
	736 : 8E;
	737 : FF;
	738 : E4;
	739 : E4;
	740 : E4;
	741 : E4;
	742 : E4;
	743 : E4;
	744 : E4;
	745 : E4;
	746 : E4;
	747 : FF;
	748 : FF;
	749 : E4;
	750 : E4;
	751 : E4;
	752 : E4;
	753 : E4;
	754 : E4;
	755 : E4;
	756 : ED;
	757 : FF;
	758 : FF;
	759 : FF;
	760 : FF;
	761 : FF;
	762 : FF;
	763 : C4;
	764 : C8;
	765 : C8;
	766 : E8;
	767 : C0;
	768 : F1;
	769 : FF;
	770 : FF;
	771 : F5;
	772 : E8;
	773 : E8;
	774 : E4;
	775 : C4;
	776 : C4;
	777 : E8;
	778 : E8;
	779 : E8;
	780 : FA;
	781 : 49;
	782 : FF;
	783 : E8;
	784 : C0;
	785 : C4;
	786 : E8;
	787 : E8;
	788 : E8;
	789 : E8;
	790 : C0;
	791 : FF;
	792 : FF;
	793 : FF;
	794 : C4;
	795 : C4;
	796 : E4;
	797 : F1;
	798 : F5;
	799 : F5;
	800 : F5;
	801 : F5;
	802 : F1;
	803 : F6;
	804 : FF;
	805 : C0;
	806 : C4;
	807 : E8;
	808 : F1;
	809 : F5;
	810 : F5;
	811 : F5;
	812 : F5;
	813 : F1;
	814 : FF;
	815 : FF;
	816 : E8;
	817 : E8;
	818 : C4;
	819 : C4;
	820 : E8;
	821 : E8;
	822 : E8;
	823 : FF;
	824 : 00;
	825 : FF;
	826 : C4;
	827 : C4;
	828 : F1;
	829 : D6;
	830 : D6;
	831 : D6;
	832 : D6;
	833 : D6;
	834 : D6;
	835 : FF;
	836 : FF;
	837 : FF;
	838 : F1;
	839 : F1;
	840 : E8;
	841 : C4;
	842 : E4;
	843 : ED;
	844 : F1;
	845 : F6;
	846 : FF;
	847 : FF;
	848 : FF;
	849 : F6;
	850 : E8;
	851 : E8;
	852 : F1;
	853 : F1;
	854 : F1;
	855 : ED;
	856 : F1;
	857 : FF;
	858 : E8;
	859 : C4;
	860 : ED;
	861 : FF;
	862 : 49;
	863 : FF;
	864 : FF;
	865 : E8;
	866 : C4;
	867 : F1;
	868 : FF;
	869 : CD;
	870 : CD;
	871 : E4;
	872 : C4;
	873 : E8;
	874 : F1;
	875 : F1;
	876 : F6;
	877 : FF;
	878 : 8E;
	879 : FF;
	880 : C4;
	881 : C4;
	882 : ED;
	883 : DA;
	884 : D6;
	885 : DA;
	886 : DA;
	887 : D6;
	888 : D6;
	889 : FF;
	890 : F1;
	891 : C4;
	892 : E4;
	893 : CD;
	894 : CD;
	895 : CD;
	896 : D1;
	897 : E8;
	898 : E8;
	899 : F1;
	900 : FA;
	901 : FF;
	902 : FF;
	903 : F6;
	904 : C4;
	905 : C4;
	906 : FA;
	907 : FF;
	908 : FF;
	909 : E8;
	910 : C4;
	911 : ED;
	912 : FF;
	913 : FF;
	914 : FF;
	915 : FF;
	916 : F1;
	917 : C4;
	918 : E4;
	919 : FA;
	920 : FF;
	921 : FF;
	922 : FF;
	923 : 24;
	924 : FF;
	925 : E8;
	926 : C4;
	927 : E4;
	928 : FF;
	929 : FF;
	930 : FF;
	931 : FF;
	932 : E8;
	933 : C4;
	934 : E8;
	935 : FF;
	936 : E4;
	937 : C4;
	938 : E8;
	939 : FF;
	940 : FF;
	941 : FF;
	942 : FF;
	943 : FF;
	944 : FF;
	945 : FF;
	946 : FF;
	947 : C4;
	948 : C4;
	949 : ED;
	950 : FF;
	951 : FF;
	952 : FF;
	953 : FF;
	954 : FF;
	955 : FF;
	956 : FF;
	957 : FF;
	958 : FF;
	959 : FF;
	960 : C4;
	961 : E4;
	962 : FF;
	963 : FF;
	964 : FF;
	965 : FF;
	966 : 00;
	967 : FF;
	968 : C4;
	969 : C4;
	970 : F6;
	971 : FF;
	972 : FF;
	973 : FF;
	974 : FF;
	975 : FF;
	976 : FF;
	977 : 00;
	978 : 24;
	979 : FF;
	980 : FF;
	981 : FF;
	982 : F1;
	983 : C0;
	984 : E8;
	985 : FF;
	986 : FF;
	987 : FF;
	988 : FF;
	989 : FF;
	990 : F6;
	991 : C4;
	992 : E4;
	993 : F1;
	994 : FF;
	995 : FF;
	996 : FF;
	997 : FF;
	998 : FF;
	999 : FF;
	1000 : E8;
	1001 : C4;
	1002 : ED;
	1003 : FF;
	1004 : FF;
	1005 : FF;
	1006 : FF;
	1007 : E8;
	1008 : C4;
	1009 : F1;
	1010 : FF;
	1011 : FF;
	1012 : FF;
	1013 : E8;
	1014 : C0;
	1015 : F1;
	1016 : FF;
	1017 : FF;
	1018 : FF;
	1019 : FF;
	1020 : 92;
	1021 : FF;
	1022 : C4;
	1023 : C4;
	1024 : F1;
	1025 : DA;
	1026 : FF;
	1027 : FF;
	1028 : FF;
	1029 : FF;
	1030 : FF;
	1031 : FF;
	1032 : F1;
	1033 : C4;
	1034 : E8;
	1035 : FF;
	1036 : FF;
	1037 : FF;
	1038 : FF;
	1039 : CD;
	1040 : C4;
	1041 : C0;
	1042 : F6;
	1043 : FF;
	1044 : FF;
	1045 : F5;
	1046 : C0;
	1047 : C4;
	1048 : FA;
	1049 : FF;
	1050 : FF;
	1051 : FF;
	1052 : FF;
	1053 : FF;
	1054 : FF;
	1055 : 24;
	1056 : 24;
	1057 : FF;
	1058 : F1;
	1059 : C4;
	1060 : E4;
	1061 : FF;
	1062 : FF;
	1063 : 24;
	1064 : 24;
	1065 : 24;
	1066 : FF;
	1067 : E8;
	1068 : C4;
	1069 : E4;
	1070 : FF;
	1071 : FF;
	1072 : FF;
	1073 : FF;
	1074 : E8;
	1075 : C4;
	1076 : E8;
	1077 : FF;
	1078 : E4;
	1079 : C4;
	1080 : E8;
	1081 : DA;
	1082 : FF;
	1083 : FF;
	1084 : FF;
	1085 : FF;
	1086 : 24;
	1087 : 24;
	1088 : FF;
	1089 : C4;
	1090 : C4;
	1091 : ED;
	1092 : FF;
	1093 : FF;
	1094 : FF;
	1095 : FF;
	1096 : FF;
	1097 : 00;
	1098 : 00;
	1099 : 25;
	1100 : 00;
	1101 : FF;
	1102 : C4;
	1103 : E4;
	1104 : FF;
	1105 : 00;
	1106 : 00;
	1107 : 24;
	1108 : 00;
	1109 : FF;
	1110 : C4;
	1111 : C4;
	1112 : F6;
	1113 : FF;
	1114 : FF;
	1115 : FF;
	1116 : FF;
	1117 : FF;
	1118 : FF;
	1119 : 00;
	1120 : 24;
	1121 : 00;
	1122 : 24;
	1123 : FF;
	1124 : F1;
	1125 : C0;
	1126 : C4;
	1127 : FF;
	1128 : FF;
	1129 : 00;
	1130 : FF;
	1131 : ED;
	1132 : C0;
	1133 : C0;
	1134 : F6;
	1135 : FF;
	1136 : FF;
	1137 : FF;
	1138 : FF;
	1139 : FF;
	1140 : FF;
	1141 : FF;
	1142 : C8;
	1143 : C0;
	1144 : ED;
	1145 : FF;
	1146 : FF;
	1147 : FF;
	1148 : FF;
	1149 : C8;
	1150 : C0;
	1151 : F1;
	1152 : FF;
	1153 : 92;
	1154 : FF;
	1155 : C8;
	1156 : C0;
	1157 : F1;
	1158 : FF;
	1159 : 92;
	1160 : 92;
	1161 : 92;
	1162 : 92;
	1163 : FF;
	1164 : C0;
	1165 : C0;
	1166 : ED;
	1167 : FF;
	1168 : FF;
	1169 : FF;
	1170 : FF;
	1171 : FF;
	1172 : FF;
	1173 : FF;
	1174 : F1;
	1175 : C0;
	1176 : E8;
	1177 : FF;
	1178 : FF;
	1179 : FF;
	1180 : FF;
	1181 : CD;
	1182 : C4;
	1183 : C0;
	1184 : F6;
	1185 : FF;
	1186 : FF;
	1187 : FF;
	1188 : F1;
	1189 : C8;
	1190 : CD;
	1191 : CD;
	1192 : CD;
	1193 : ED;
	1194 : F1;
	1195 : F5;
	1196 : FF;
	1197 : 24;
	1198 : 00;
	1199 : FF;
	1200 : F1;
	1201 : C0;
	1202 : C4;
	1203 : FA;
	1204 : FF;
	1205 : 24;
	1206 : 24;
	1207 : 24;
	1208 : FF;
	1209 : E8;
	1210 : C4;
	1211 : C4;
	1212 : FF;
	1213 : FF;
	1214 : FF;
	1215 : CD;
	1216 : C4;
	1217 : C0;
	1218 : C4;
	1219 : FF;
	1220 : C4;
	1221 : C4;
	1222 : C4;
	1223 : ED;
	1224 : F1;
	1225 : F1;
	1226 : F1;
	1227 : FF;
	1228 : 24;
	1229 : 24;
	1230 : FF;
	1231 : C0;
	1232 : C4;
	1233 : C8;
	1234 : CD;
	1235 : CD;
	1236 : CD;
	1237 : F1;
	1238 : FF;
	1239 : 00;
	1240 : 00;
	1241 : 44;
	1242 : 00;
	1243 : FF;
	1244 : C0;
	1245 : C4;
	1246 : FF;
	1247 : 00;
	1248 : 00;
	1249 : 24;
	1250 : 00;
	1251 : FF;
	1252 : A0;
	1253 : A0;
	1254 : A4;
	1255 : C8;
	1256 : C8;
	1257 : C8;
	1258 : C8;
	1259 : C9;
	1260 : FF;
	1261 : 00;
	1262 : 25;
	1263 : 00;
	1264 : 24;
	1265 : DA;
	1266 : D1;
	1267 : 80;
	1268 : A4;
	1269 : FF;
	1270 : FF;
	1271 : 00;
	1272 : FF;
	1273 : CD;
	1274 : A0;
	1275 : A0;
	1276 : D6;
	1277 : FF;
	1278 : FF;
	1279 : A8;
	1280 : A8;
	1281 : A9;
	1282 : A8;
	1283 : FF;
	1284 : A5;
	1285 : 80;
	1286 : 80;
	1287 : A5;
	1288 : E3;
	1289 : E3;
	1290 : E3;
	1291 : 80;
	1292 : 80;
	1293 : CD;
	1294 : FF;
	1295 : 92;
	1296 : DA;
	1297 : A4;
	1298 : 80;
	1299 : CD;
	1300 : FF;
	1301 : 92;
	1302 : 92;
	1303 : 92;
	1304 : 92;
	1305 : FF;
	1306 : 80;
	1307 : A0;
	1308 : A4;
	1309 : A4;
	1310 : C8;
	1311 : C4;
	1312 : F2;
	1313 : FF;
	1314 : FF;
	1315 : FF;
	1316 : F1;
	1317 : A0;
	1318 : A4;
	1319 : FF;
	1320 : FF;
	1321 : FF;
	1322 : A9;
	1323 : 80;
	1324 : 80;
	1325 : A0;
	1326 : D6;
	1327 : FF;
	1328 : 00;
	1329 : FF;
	1330 : FF;
	1331 : D1;
	1332 : C9;
	1333 : C9;
	1334 : C9;
	1335 : C8;
	1336 : A0;
	1337 : C8;
	1338 : D6;
	1339 : FF;
	1340 : 24;
	1341 : DA;
	1342 : D1;
	1343 : A0;
	1344 : A4;
	1345 : FA;
	1346 : FF;
	1347 : 49;
	1348 : 24;
	1349 : 24;
	1350 : FF;
	1351 : A9;
	1352 : 80;
	1353 : 80;
	1354 : B2;
	1355 : D6;
	1356 : AE;
	1357 : 80;
	1358 : A9;
	1359 : CD;
	1360 : ED;
	1361 : FF;
	1362 : A0;
	1363 : A0;
	1364 : A4;
	1365 : C9;
	1366 : CD;
	1367 : CD;
	1368 : CD;
	1369 : FA;
	1370 : 24;
	1371 : 24;
	1372 : FF;
	1373 : 80;
	1374 : 81;
	1375 : 85;
	1376 : A9;
	1377 : C9;
	1378 : C9;
	1379 : CD;
	1380 : FF;
	1381 : 00;
	1382 : 00;
	1383 : 24;
	1384 : 00;
	1385 : FF;
	1386 : 80;
	1387 : A0;
	1388 : FF;
	1389 : 00;
	1390 : 00;
	1391 : 24;
	1392 : 00;
	1393 : FF;
	1394 : E3;
	1395 : E3;
	1396 : AD;
	1397 : D2;
	1398 : D2;
	1399 : D2;
	1400 : D2;
	1401 : D6;
	1402 : FF;
	1403 : 00;
	1404 : 24;
	1405 : 00;
	1406 : 24;
	1407 : FF;
	1408 : AE;
	1409 : E3;
	1410 : E3;
	1411 : FF;
	1412 : FF;
	1413 : 00;
	1414 : FF;
	1415 : 89;
	1416 : E3;
	1417 : E3;
	1418 : D6;
	1419 : FF;
	1420 : FF;
	1421 : E3;
	1422 : E3;
	1423 : E3;
	1424 : E3;
	1425 : FF;
	1426 : E3;
	1427 : E3;
	1428 : E3;
	1429 : B2;
	1430 : D2;
	1431 : D2;
	1432 : AE;
	1433 : E3;
	1434 : E3;
	1435 : AE;
	1436 : DA;
	1437 : 92;
	1438 : FF;
	1439 : E3;
	1440 : E3;
	1441 : AE;
	1442 : FF;
	1443 : 92;
	1444 : 92;
	1445 : 92;
	1446 : 92;
	1447 : FF;
	1448 : E3;
	1449 : E3;
	1450 : E3;
	1451 : D2;
	1452 : D2;
	1453 : D2;
	1454 : FA;
	1455 : FF;
	1456 : FF;
	1457 : FF;
	1458 : CD;
	1459 : 61;
	1460 : E3;
	1461 : 8E;
	1462 : 8A;
	1463 : 8A;
	1464 : E3;
	1465 : 8E;
	1466 : B2;
	1467 : D2;
	1468 : DA;
	1469 : FF;
	1470 : 6D;
	1471 : FF;
	1472 : FF;
	1473 : FF;
	1474 : FF;
	1475 : FF;
	1476 : FF;
	1477 : FF;
	1478 : AD;
	1479 : 61;
	1480 : 81;
	1481 : FF;
	1482 : 25;
	1483 : DA;
	1484 : B2;
	1485 : E3;
	1486 : E3;
	1487 : FA;
	1488 : FF;
	1489 : 24;
	1490 : 24;
	1491 : 49;
	1492 : FF;
	1493 : E3;
	1494 : E3;
	1495 : E3;
	1496 : 41;
	1497 : 41;
	1498 : 41;
	1499 : E3;
	1500 : FF;
	1501 : FF;
	1502 : FF;
	1503 : FF;
	1504 : E3;
	1505 : E3;
	1506 : E3;
	1507 : FF;
	1508 : FF;
	1509 : FF;
	1510 : FF;
	1511 : FF;
	1512 : 49;
	1513 : 24;
	1514 : FF;
	1515 : E3;
	1516 : 41;
	1517 : 8A;
	1518 : FF;
	1519 : FF;
	1520 : FF;
	1521 : FF;
	1522 : FF;
	1523 : 00;
	1524 : 00;
	1525 : 24;
	1526 : 00;
	1527 : FF;
	1528 : E3;
	1529 : E3;
	1530 : FF;
	1531 : 00;
	1532 : 00;
	1533 : 24;
	1534 : 00;
	1535 : FF;
	1536 : 41;
	1537 : 41;
	1538 : DA;
	1539 : FF;
	1540 : FF;
	1541 : FF;
	1542 : FF;
	1543 : FF;
	1544 : FF;
	1545 : 00;
	1546 : 24;
	1547 : 00;
	1548 : 24;
	1549 : FF;
	1550 : AE;
	1551 : 41;
	1552 : E3;
	1553 : FF;
	1554 : FF;
	1555 : FF;
	1556 : FF;
	1557 : FF;
	1558 : 41;
	1559 : 41;
	1560 : 8E;
	1561 : D6;
	1562 : FF;
	1563 : FF;
	1564 : E3;
	1565 : 41;
	1566 : 41;
	1567 : FF;
	1568 : E3;
	1569 : 41;
	1570 : 8A;
	1571 : FF;
	1572 : FF;
	1573 : FF;
	1574 : FF;
	1575 : E3;
	1576 : 41;
	1577 : 8E;
	1578 : DA;
	1579 : 92;
	1580 : FF;
	1581 : E3;
	1582 : 41;
	1583 : 8E;
	1584 : FF;
	1585 : 92;
	1586 : 92;
	1587 : 92;
	1588 : 92;
	1589 : FF;
	1590 : 41;
	1591 : 41;
	1592 : 8A;
	1593 : FF;
	1594 : FF;
	1595 : FF;
	1596 : FF;
	1597 : FF;
	1598 : FF;
	1599 : FF;
	1600 : AE;
	1601 : 41;
	1602 : 41;
	1603 : 41;
	1604 : 41;
	1605 : 41;
	1606 : 41;
	1607 : B2;
	1608 : FF;
	1609 : FF;
	1610 : FF;
	1611 : FF;
	1612 : FF;
	1613 : D6;
	1614 : 8A;
	1615 : 8E;
	1616 : FF;
	1617 : FF;
	1618 : FF;
	1619 : FF;
	1620 : 8E;
	1621 : 41;
	1622 : E3;
	1623 : FF;
	1624 : 49;
	1625 : FF;
	1626 : AE;
	1627 : 41;
	1628 : E3;
	1629 : FA;
	1630 : FF;
	1631 : 49;
	1632 : 49;
	1633 : 49;
	1634 : FF;
	1635 : E3;
	1636 : 41;
	1637 : E3;
	1638 : B2;
	1639 : E3;
	1640 : 41;
	1641 : E3;
	1642 : D2;
	1643 : FF;
	1644 : FF;
	1645 : FF;
	1646 : E3;
	1647 : 41;
	1648 : E3;
	1649 : FF;
	1650 : FF;
	1651 : FF;
	1652 : FF;
	1653 : FF;
	1654 : FF;
	1655 : FF;
	1656 : FF;
	1657 : 41;
	1658 : 41;
	1659 : 8A;
	1660 : FF;
	1661 : FF;
	1662 : FF;
	1663 : FF;
	1664 : FF;
	1665 : FF;
	1666 : FF;
	1667 : FF;
	1668 : 00;
	1669 : FF;
	1670 : 21;
	1671 : 41;
	1672 : FF;
	1673 : 00;
	1674 : 00;
	1675 : 00;
	1676 : 00;
	1677 : FF;
	1678 : 41;
	1679 : 41;
	1680 : FF;
	1681 : 00;
	1682 : 00;
	1683 : 00;
	1684 : 00;
	1685 : 00;
	1686 : 00;
	1687 : 00;
	1688 : FF;
	1689 : FF;
	1690 : FF;
	1691 : FF;
	1692 : AE;
	1693 : 41;
	1694 : E3;
	1695 : FF;
	1696 : FF;
	1697 : FF;
	1698 : FF;
	1699 : FF;
	1700 : AE;
	1701 : 21;
	1702 : 21;
	1703 : 8A;
	1704 : FF;
	1705 : FF;
	1706 : E3;
	1707 : 21;
	1708 : 41;
	1709 : FF;
	1710 : E3;
	1711 : 41;
	1712 : 8A;
	1713 : FF;
	1714 : 49;
	1715 : 49;
	1716 : FF;
	1717 : E3;
	1718 : 21;
	1719 : 8E;
	1720 : FF;
	1721 : 92;
	1722 : FF;
	1723 : E3;
	1724 : 21;
	1725 : 8E;
	1726 : FF;
	1727 : 92;
	1728 : 92;
	1729 : 92;
	1730 : 92;
	1731 : FF;
	1732 : 41;
	1733 : 41;
	1734 : 8A;
	1735 : FF;
	1736 : FF;
	1737 : FF;
	1738 : FF;
	1739 : FF;
	1740 : FF;
	1741 : FF;
	1742 : 8E;
	1743 : 41;
	1744 : 21;
	1745 : 8E;
	1746 : B6;
	1747 : E3;
	1748 : 41;
	1749 : 41;
	1750 : B2;
	1751 : FF;
	1752 : FF;
	1753 : 92;
	1754 : FF;
	1755 : D6;
	1756 : E3;
	1757 : 21;
	1758 : B2;
	1759 : B2;
	1760 : B2;
	1761 : B2;
	1762 : E3;
	1763 : 41;
	1764 : E3;
	1765 : FF;
	1766 : 24;
	1767 : FF;
	1768 : 8E;
	1769 : 21;
	1770 : 41;
	1771 : DB;
	1772 : FF;
	1773 : 49;
	1774 : 49;
	1775 : 49;
	1776 : FF;
	1777 : E3;
	1778 : 21;
	1779 : E3;
	1780 : FF;
	1781 : D2;
	1782 : E3;
	1783 : 41;
	1784 : E3;
	1785 : B2;
	1786 : FF;
	1787 : FF;
	1788 : 41;
	1789 : 41;
	1790 : E3;
	1791 : B2;
	1792 : B2;
	1793 : B2;
	1794 : B2;
	1795 : B2;
	1796 : B2;
	1797 : D6;
	1798 : FF;
	1799 : 21;
	1800 : 41;
	1801 : E3;
	1802 : E3;
	1803 : E3;
	1804 : E3;
	1805 : E3;
	1806 : E3;
	1807 : E3;
	1808 : FF;
	1809 : FF;
	1810 : 00;
	1811 : FF;
	1812 : 21;
	1813 : 41;
	1814 : FF;
	1815 : 00;
	1816 : 00;
	1817 : 00;
	1818 : 00;
	1819 : FF;
	1820 : 41;
	1821 : 21;
	1822 : FF;
	1823 : 00;
	1824 : 00;
	1825 : 00;
	1826 : 00;
	1827 : 00;
	1828 : 00;
	1829 : 00;
	1830 : FF;
	1831 : D6;
	1832 : 8A;
	1833 : 8A;
	1834 : E3;
	1835 : 21;
	1836 : 41;
	1837 : 8A;
	1838 : E3;
	1839 : 8A;
	1840 : FF;
	1841 : FF;
	1842 : FF;
	1843 : AE;
	1844 : 41;
	1845 : E3;
	1846 : 8A;
	1847 : 8A;
	1848 : 41;
	1849 : 21;
	1850 : 21;
	1851 : FF;
	1852 : E3;
	1853 : 21;
	1854 : 8A;
	1855 : FF;
	1856 : 25;
	1857 : 49;
	1858 : FF;
	1859 : 41;
	1860 : 21;
	1861 : 8E;
	1862 : FF;
	1863 : 92;
	1864 : FF;
	1865 : E3;
	1866 : 21;
	1867 : 8A;
	1868 : FF;
	1869 : 8E;
	1870 : 92;
	1871 : 92;
	1872 : 92;
	1873 : FF;
	1874 : 21;
	1875 : 21;
	1876 : E3;
	1877 : 8A;
	1878 : 8E;
	1879 : 8E;
	1880 : 8E;
	1881 : 8E;
	1882 : 8A;
	1883 : FF;
	1884 : 8A;
	1885 : 21;
	1886 : 21;
	1887 : B2;
	1888 : FF;
	1889 : D6;
	1890 : 41;
	1891 : 21;
	1892 : 41;
	1893 : B2;
	1894 : FF;
	1895 : 92;
	1896 : FF;
	1897 : FF;
	1898 : DA;
	1899 : E3;
	1900 : 41;
	1901 : 41;
	1902 : E3;
	1903 : 41;
	1904 : 41;
	1905 : E3;
	1906 : FF;
	1907 : FF;
	1908 : 00;
	1909 : FF;
	1910 : B2;
	1911 : 41;
	1912 : E3;
	1913 : FB;
	1914 : FF;
	1915 : 24;
	1916 : 24;
	1917 : 45;
	1918 : FF;
	1919 : E3;
	1920 : 41;
	1921 : 8A;
	1922 : FF;
	1923 : FF;
	1924 : FF;
	1925 : E3;
	1926 : E3;
	1927 : 41;
	1928 : B2;
	1929 : DB;
	1930 : E3;
	1931 : E3;
	1932 : E3;
	1933 : 41;
	1934 : E3;
	1935 : E3;
	1936 : E3;
	1937 : E3;
	1938 : 41;
	1939 : E3;
	1940 : FF;
	1941 : 41;
	1942 : E3;
	1943 : E3;
	1944 : E3;
	1945 : E3;
	1946 : 41;
	1947 : 41;
	1948 : E3;
	1949 : 41;
	1950 : FF;
	1951 : FF;
	1952 : 00;
	1953 : FF;
	1954 : 41;
	1955 : E3;
	1956 : FF;
	1957 : 00;
	1958 : 00;
	1959 : 00;
	1960 : 00;
	1961 : FF;
	1962 : E3;
	1963 : E3;
	1964 : FF;
	1965 : 00;
	1966 : 00;
	1967 : 00;
	1968 : 00;
	1969 : 00;
	1970 : 00;
	1971 : 00;
	1972 : FF;
	1973 : B2;
	1974 : E3;
	1975 : E3;
	1976 : E3;
	1977 : E3;
	1978 : E3;
	1979 : E3;
	1980 : E3;
	1981 : 8A;
	1982 : FF;
	1983 : FF;
	1984 : FF;
	1985 : FF;
	1986 : B2;
	1987 : E3;
	1988 : E3;
	1989 : E3;
	1990 : E3;
	1991 : E3;
	1992 : E3;
	1993 : FF;
	1994 : 8E;
	1995 : E3;
	1996 : B2;
	1997 : FF;
	1998 : 24;
	1999 : 25;
	2000 : FF;
	2001 : 8A;
	2002 : E3;
	2003 : B2;
	2004 : FF;
	2005 : 6D;
	2006 : FF;
	2007 : 8E;
	2008 : E3;
	2009 : B2;
	2010 : FF;
	2011 : 69;
	2012 : 69;
	2013 : 6D;
	2014 : 6D;
	2015 : FF;
	2016 : E3;
	2017 : E3;
	2018 : E3;
	2019 : E3;
	2020 : E3;
	2021 : E3;
	2022 : E3;
	2023 : E3;
	2024 : E3;
	2025 : FF;
	2026 : B2;
	2027 : E3;
	2028 : E3;
	2029 : B2;
	2030 : FF;
	2031 : FF;
	2032 : 8A;
	2033 : E3;
	2034 : E3;
	2035 : 8A;
	2036 : DB;
	2037 : 92;
	2038 : 24;
	2039 : 49;
	2040 : FF;
	2041 : FF;
	2042 : DA;
	2043 : FF;
	2044 : FF;
	2045 : FF;
	2046 : FF;
	2047 : FF;
	2048 : FF;
	2049 : 00;
	2050 : 00;
	2051 : FF;
	2052 : FF;
	2053 : FF;
	2054 : FF;
	2055 : FF;
	2056 : FF;
	2057 : 00;
	2058 : 25;
	2059 : 49;
	2060 : FF;
	2061 : FF;
	2062 : FF;
	2063 : FF;
	2064 : FF;
	2065 : 8D;
	2066 : FF;
	2067 : FF;
	2068 : FF;
	2069 : FF;
	2070 : FF;
	2071 : FF;
	2072 : FF;
	2073 : FF;
	2074 : FF;
	2075 : FF;
	2076 : FF;
	2077 : FF;
	2078 : FF;
	2079 : FF;
	2080 : FF;
	2081 : FF;
	2082 : FF;
	2083 : FF;
	2084 : FF;
	2085 : FF;
	2086 : FF;
	2087 : FF;
	2088 : FF;
	2089 : FF;
	2090 : FF;
	2091 : FF;
	2092 : FF;
	2093 : FF;
	2094 : 24;
	2095 : FF;
	2096 : FF;
	2097 : FF;
	2098 : FF;
	2099 : 20;
	2100 : 00;
	2101 : 00;
	2102 : 20;
	2103 : FF;
	2104 : FF;
	2105 : FF;
	2106 : FF;
	2107 : 20;
	2108 : 00;
	2109 : 00;
	2110 : 24;
	2111 : 00;
	2112 : 00;
	2113 : 20;
	2114 : FF;
	2115 : FF;
	2116 : FF;
	2117 : FF;
	2118 : FF;
	2119 : FF;
	2120 : FF;
	2121 : FF;
	2122 : FF;
	2123 : FF;
	2124 : FF;
	2125 : 00;
	2126 : 00;
	2127 : FF;
	2128 : FF;
	2129 : FF;
	2130 : FF;
	2131 : FF;
	2132 : FF;
	2133 : FF;
	2134 : FF;
	2135 : FF;
	2136 : FF;
	2137 : FF;
	2138 : FF;
	2139 : FF;
	2140 : 49;
	2141 : 49;
	2142 : FF;
	2143 : FF;
	2144 : FF;
	2145 : FF;
	2146 : FF;
	2147 : 6D;
	2148 : FF;
	2149 : FF;
	2150 : FF;
	2151 : FF;
	2152 : FF;
	2153 : 69;
	2154 : 69;
	2155 : 6D;
	2156 : 69;
	2157 : FF;
	2158 : FF;
	2159 : FF;
	2160 : FF;
	2161 : FF;
	2162 : FF;
	2163 : FF;
	2164 : FF;
	2165 : FF;
	2166 : FF;
	2167 : FF;
	2168 : FF;
	2169 : FF;
	2170 : FF;
	2171 : FF;
	2172 : FF;
	2173 : FF;
	2174 : FF;
	2175 : FF;
	2176 : FF;
	2177 : FF;
	2178 : FF;
	2179 : 6D;
	2180 : 04;
	2181 : 04;
	2182 : 00;
	2183 : 24;
	2184 : 49;
	2185 : 20;
	2186 : 00;
	2187 : 24;
	2188 : 24;
	2189 : 24;
	2190 : 49;
	2191 : 49;
	2192 : 25;
	2193 : 24;
	2194 : 00;
	2195 : 20;
	2196 : 00;
	2197 : 00;
	2198 : 24;
	2199 : 49;
	2200 : 49;
	2201 : 49;
	2202 : 49;
	2203 : 49;
	2204 : 24;
	2205 : 24;
	2206 : 45;
	2207 : 49;
	2208 : 69;
	2209 : 6D;
	2210 : 8D;
	2211 : 8D;
	2212 : 8D;
	2213 : 8D;
	2214 : 8D;
	2215 : 8D;
	2216 : 8D;
	2217 : 8D;
	2218 : 45;
	2219 : 49;
	2220 : 49;
	2221 : 49;
	2222 : 49;
	2223 : 49;
	2224 : 49;
	2225 : 49;
	2226 : 69;
	2227 : 69;
	2228 : 6D;
	2229 : 00;
	2230 : 00;
	2231 : 00;
	2232 : 20;
	2233 : 24;
	2234 : 20;
	2235 : 00;
	2236 : 00;
	2237 : 00;
	2238 : 00;
	2239 : 00;
	2240 : 24;
	2241 : 24;
	2242 : 44;
	2243 : 24;
	2244 : 24;
	2245 : 24;
	2246 : 24;
	2247 : 24;
	2248 : 24;
	2249 : 24;
	2250 : 24;
	2251 : 24;
	2252 : 24;
	2253 : 24;
	2254 : 24;
	2255 : 24;
	2256 : 24;
	2257 : 24;
	2258 : 24;
	2259 : 24;
	2260 : 24;
	2261 : 24;
	2262 : 00;
	2263 : 00;
	2264 : 00;
	2265 : 00;
	2266 : 00;
	2267 : 00;
	2268 : 24;
	2269 : 00;
	2270 : 00;
	2271 : 00;
	2272 : 00;
	2273 : 69;
	2274 : 49;
	2275 : 69;
	2276 : 69;
	2277 : 69;
	2278 : 49;
	2279 : 49;
	2280 : 49;
	2281 : 49;
	2282 : 49;
	2283 : 49;
	2284 : 49;
	2285 : 49;
	2286 : 49;
	2287 : 6D;
	2288 : 6D;
	2289 : 6D;
	2290 : 6D;
	2291 : 69;
	2292 : 6D;
	2293 : 69;
	2294 : 69;
	2295 : 69;
	2296 : 69;
	2297 : 6D;
	2298 : 6D;
	2299 : 69;
	2300 : 69;
	2301 : 69;
	2302 : 69;
	2303 : 6D;
	2304 : 6D;
	2305 : 92;
	2306 : 92;
	2307 : 92;
	2308 : 92;
	2309 : 92;
	2310 : 92;
	2311 : 92;
	2312 : 92;
	2313 : 92;
	2314 : 92;
	2315 : 92;
	2316 : 92;
	2317 : 92;
	2318 : 92;
	2319 : 92;
	2320 : 92;
	2321 : 6D;
	2322 : 00;
	2323 : 00;
	2324 : 00;
	2325 : 24;
	2326 : 25;
	2327 : 24;
	2328 : 24;
	2329 : 49;
	2330 : 49;
	2331 : 49;
	2332 : 24;
	2333 : 49;
	2334 : 49;
	2335 : 49;
	2336 : 24;
	2337 : 24;
	2338 : 24;
	2339 : 24;
	2340 : 24;
	2341 : 24;
	2342 : 24;
	2343 : 24;
	2344 : 24;
	2345 : 24;
	2346 : 24;
	2347 : 24;
	2348 : 49;
	2349 : E3;
	2350 : E3;
	2351 : E3;
	2352 : E3;
	2353 : E3;
	2354 : E3;
	2355 : E3;
	2356 : E3;
	2357 : E3;
	2358 : E3;
	2359 : 49;
	2360 : 44;
	2361 : 24;
	2362 : 24;
	2363 : 24;
	2364 : 24;
	2365 : 24;
	2366 : 24;
	2367 : E3;
	2368 : 69;
	2369 : E3;
	2370 : E3;
	2371 : 24;
	2372 : 00;
	2373 : 00;
	2374 : 00;
	2375 : 24;
	2376 : 24;
	2377 : 20;
	2378 : 00;
	2379 : 00;
	2380 : 00;
	2381 : 00;
	2382 : 44;
	2383 : 44;
	2384 : E3;
	2385 : 24;
	2386 : 24;
	2387 : 24;
	2388 : 24;
	2389 : 49;
	2390 : 49;
	2391 : 24;
	2392 : 24;
	2393 : 24;
	2394 : 24;
	2395 : 44;
	2396 : 44;
	2397 : 45;
	2398 : 44;
	2399 : 20;
	2400 : 44;
	2401 : E3;
	2402 : 44;
	2403 : 24;
	2404 : 00;
	2405 : 00;
	2406 : 00;
	2407 : 00;
	2408 : 20;
	2409 : 20;
	2410 : 24;
	2411 : 00;
	2412 : 00;
	2413 : 00;
	2414 : 24;
	2415 : 69;
	2416 : 69;
	2417 : 69;
	2418 : 69;
	2419 : 49;
	2420 : 49;
	2421 : 25;
	2422 : 25;
	2423 : 49;
	2424 : 49;
	2425 : 49;
	2426 : 49;
	2427 : 49;
	2428 : 49;
	2429 : 49;
	2430 : 49;
	2431 : 6D;
	2432 : 6D;
	2433 : 6D;
	2434 : 6D;
	2435 : 6D;
	2436 : 6D;
	2437 : 69;
	2438 : 69;
	2439 : 6D;
	2440 : 69;
	2441 : 69;
	2442 : 69;
	2443 : 69;
	2444 : 69;
	2445 : 69;
	2446 : 69;
	2447 : 6D;
	2448 : 6D;
	2449 : 92;
	2450 : 92;
	2451 : 92;
	2452 : 92;
	2453 : 92;
	2454 : 92;
	2455 : 92;
	2456 : 92;
	2457 : 92;
	2458 : 92;
	2459 : 6D;
	2460 : 6D;
	2461 : 6D;
	2462 : 69;
	2463 : 49;
	2464 : 00;
	2465 : 20;
	2466 : 24;
	2467 : 24;
	2468 : 24;
	2469 : 24;
	2470 : 24;
	2471 : 24;
	2472 : 24;
	2473 : 24;
	2474 : 49;
	2475 : 24;
	2476 : 25;
	2477 : 00;
	2478 : 00;
	2479 : 24;
	2480 : 24;
	2481 : 24;
	2482 : 24;
	2483 : 24;
	2484 : 24;
	2485 : 24;
	2486 : 24;
	2487 : 24;
	2488 : 24;
	2489 : 24;
	2490 : 24;
	2491 : 44;
	2492 : 45;
	2493 : 45;
	2494 : 45;
	2495 : 49;
	2496 : 45;
	2497 : 45;
	2498 : 45;
	2499 : 45;
	2500 : 24;
	2501 : 44;
	2502 : 24;
	2503 : 24;
	2504 : 24;
	2505 : 24;
	2506 : 24;
	2507 : 24;
	2508 : 24;
	2509 : 49;
	2510 : E3;
	2511 : 49;
	2512 : 44;
	2513 : 24;
	2514 : 00;
	2515 : 00;
	2516 : 00;
	2517 : 00;
	2518 : 24;
	2519 : 20;
	2520 : 00;
	2521 : 00;
	2522 : 00;
	2523 : 00;
	2524 : 44;
	2525 : 44;
	2526 : 49;
	2527 : 20;
	2528 : 24;
	2529 : 24;
	2530 : 24;
	2531 : 44;
	2532 : 49;
	2533 : 20;
	2534 : 24;
	2535 : 20;
	2536 : 20;
	2537 : 49;
	2538 : 44;
	2539 : 49;
	2540 : 24;
	2541 : 20;
	2542 : 44;
	2543 : E3;
	2544 : 45;
	2545 : 24;
	2546 : 00;
	2547 : 00;
	2548 : 00;
	2549 : 00;
	2550 : 24;
	2551 : 24;
	2552 : 00;
	2553 : 00;
	2554 : 00;
	2555 : 00;
	2556 : 20;
	2557 : 45;
	2558 : 69;
	2559 : 49;
	2560 : 49;
	2561 : 25;
	2562 : 24;
	2563 : 49;
	2564 : 49;
	2565 : 25;
	2566 : 49;
	2567 : 49;
	2568 : 49;
	2569 : 29;
	2570 : 25;
	2571 : 24;
	2572 : 49;
	2573 : 6D;
	2574 : 69;
	2575 : 6D;
	2576 : 6D;
	2577 : 6D;
	2578 : 6D;
	2579 : 6D;
	2580 : 6D;
	2581 : 6D;
	2582 : 6D;
	2583 : 6D;
	2584 : 69;
	2585 : 69;
	2586 : 6D;
	2587 : 6D;
	2588 : 69;
	2589 : 69;
	2590 : 69;
	2591 : 69;
	2592 : 69;
	2593 : 6D;
	2594 : 92;
	2595 : 92;
	2596 : 92;
	2597 : 92;
	2598 : 92;
	2599 : 6D;
	2600 : 6D;
	2601 : 49;
	2602 : 49;
	2603 : 69;
	2604 : 49;
	2605 : 49;
	2606 : 24;
	2607 : 00;
	2608 : 00;
	2609 : 00;
	2610 : 00;
	2611 : 00;
	2612 : 00;
	2613 : 00;
	2614 : 00;
	2615 : 00;
	2616 : 24;
	2617 : 00;
	2618 : 00;
	2619 : 20;
	2620 : 24;
	2621 : 24;
	2622 : 00;
	2623 : 24;
	2624 : 24;
	2625 : 24;
	2626 : 44;
	2627 : 24;
	2628 : 49;
	2629 : 49;
	2630 : 24;
	2631 : 24;
	2632 : 49;
	2633 : 49;
	2634 : 49;
	2635 : 49;
	2636 : 49;
	2637 : 49;
	2638 : 49;
	2639 : 49;
	2640 : 49;
	2641 : 49;
	2642 : 49;
	2643 : 49;
	2644 : 25;
	2645 : 24;
	2646 : 24;
	2647 : 24;
	2648 : 24;
	2649 : 24;
	2650 : 25;
	2651 : 49;
	2652 : 49;
	2653 : 24;
	2654 : 20;
	2655 : 24;
	2656 : 24;
	2657 : 24;
	2658 : 20;
	2659 : 20;
	2660 : 24;
	2661 : 24;
	2662 : 20;
	2663 : 24;
	2664 : 24;
	2665 : 24;
	2666 : 44;
	2667 : 44;
	2668 : E3;
	2669 : 24;
	2670 : 49;
	2671 : 24;
	2672 : 20;
	2673 : 49;
	2674 : 44;
	2675 : 44;
	2676 : 44;
	2677 : 24;
	2678 : 44;
	2679 : E3;
	2680 : 49;
	2681 : 49;
	2682 : 24;
	2683 : 24;
	2684 : 24;
	2685 : 69;
	2686 : 44;
	2687 : 24;
	2688 : 24;
	2689 : 24;
	2690 : 24;
	2691 : 00;
	2692 : 24;
	2693 : 24;
	2694 : 20;
	2695 : 24;
	2696 : 24;
	2697 : 24;
	2698 : 24;
	2699 : 24;
	2700 : 49;
	2701 : 25;
	2702 : 49;
	2703 : 69;
	2704 : 49;
	2705 : 49;
	2706 : 49;
	2707 : 49;
	2708 : 24;
	2709 : 24;
	2710 : 49;
	2711 : 49;
	2712 : 49;
	2713 : 49;
	2714 : 6D;
	2715 : 6D;
	2716 : 6D;
	2717 : 69;
	2718 : 6D;
	2719 : 6D;
	2720 : 6D;
	2721 : 6D;
	2722 : 6D;
	2723 : 6D;
	2724 : 6D;
	2725 : 6D;
	2726 : 69;
	2727 : 69;
	2728 : 69;
	2729 : 69;
	2730 : 69;
	2731 : 69;
	2732 : 69;
	2733 : 69;
	2734 : 69;
	2735 : 69;
	2736 : 69;
	2737 : 49;
	2738 : 6D;
	2739 : 6D;
	2740 : 69;
	2741 : 69;
	2742 : 49;
	2743 : 49;
	2744 : 45;
	2745 : 49;
	2746 : 49;
	2747 : 49;
	2748 : 00;
	2749 : 00;
	2750 : 24;
	2751 : 24;
	2752 : 24;
	2753 : 00;
	2754 : 00;
	2755 : 00;
	2756 : 20;
	2757 : 00;
	2758 : 20;
	2759 : 00;
	2760 : 00;
	2761 : 24;
	2762 : 24;
	2763 : 24;
	2764 : 24;
	2765 : 24;
	2766 : 24;
	2767 : 24;
	2768 : 24;
	2769 : 45;
	2770 : 24;
	2771 : 49;
	2772 : 49;
	2773 : 49;
	2774 : 49;
	2775 : 45;
	2776 : 49;
	2777 : 49;
	2778 : 49;
	2779 : 49;
	2780 : 49;
	2781 : 45;
	2782 : 45;
	2783 : 45;
	2784 : 49;
	2785 : 49;
	2786 : 49;
	2787 : 24;
	2788 : 49;
	2789 : 45;
	2790 : 25;
	2791 : 25;
	2792 : 45;
	2793 : 49;
	2794 : 49;
	2795 : 49;
	2796 : 24;
	2797 : 24;
	2798 : 24;
	2799 : 24;
	2800 : 00;
	2801 : 24;
	2802 : 24;
	2803 : FF;
	2804 : FF;
	2805 : FF;
	2806 : FF;
	2807 : FF;
	2808 : FF;
	2809 : FF;
	2810 : FF;
	2811 : FF;
	2812 : FF;
	2813 : FF;
	2814 : FF;
	2815 : FF;
	2816 : FF;
	2817 : FF;
	2818 : FF;
	2819 : FF;
	2820 : FF;
	2821 : FF;
	2822 : FF;
	2823 : FF;
	2824 : FF;
	2825 : FF;
	2826 : FF;
	2827 : FF;
	2828 : FF;
	2829 : FF;
	2830 : FF;
	2831 : FF;
	2832 : FF;
	2833 : FF;
	2834 : FF;
	2835 : 24;
	2836 : 20;
	2837 : 24;
	2838 : 24;
	2839 : 24;
	2840 : 24;
	2841 : 24;
	2842 : 49;
	2843 : 49;
	2844 : 49;
	2845 : 49;
	2846 : 49;
	2847 : 49;
	2848 : 49;
	2849 : 25;
	2850 : 24;
	2851 : 49;
	2852 : 49;
	2853 : 49;
	2854 : 49;
	2855 : 49;
	2856 : 6D;
	2857 : 6D;
	2858 : 69;
	2859 : 69;
	2860 : 6D;
	2861 : 6D;
	2862 : 6D;
	2863 : 6D;
	2864 : 6D;
	2865 : 6D;
	2866 : 6D;
	2867 : 6D;
	2868 : 69;
	2869 : 69;
	2870 : 69;
	2871 : 69;
	2872 : 69;
	2873 : 69;
	2874 : 69;
	2875 : 69;
	2876 : 69;
	2877 : 69;
	2878 : 49;
	2879 : 49;
	2880 : 49;
	2881 : 69;
	2882 : 69;
	2883 : 69;
	2884 : 69;
	2885 : 49;
	2886 : 49;
	2887 : 49;
	2888 : 69;
	2889 : 49;
	2890 : 24;
	2891 : 24;
	2892 : 00;
	2893 : 00;
	2894 : 00;
	2895 : 20;
	2896 : 24;
	2897 : 24;
	2898 : 20;
	2899 : 00;
	2900 : 00;
	2901 : 20;
	2902 : 24;
	2903 : 24;
	2904 : 24;
	2905 : 00;
	2906 : 00;
	2907 : 00;
	2908 : 44;
	2909 : 49;
	2910 : 24;
	2911 : 49;
	2912 : 49;
	2913 : 24;
	2914 : 24;
	2915 : 49;
	2916 : 49;
	2917 : 49;
	2918 : 49;
	2919 : 49;
	2920 : 49;
	2921 : 49;
	2922 : 45;
	2923 : 49;
	2924 : 49;
	2925 : 49;
	2926 : 49;
	2927 : 49;
	2928 : 49;
	2929 : 24;
	2930 : 24;
	2931 : 24;
	2932 : 25;
	2933 : 25;
	2934 : 49;
	2935 : 69;
	2936 : 49;
	2937 : 6D;
	2938 : 24;
	2939 : 24;
	2940 : 24;
	2941 : 24;
	2942 : 00;
	2943 : 00;
	2944 : 24;
	2945 : FF;
	2946 : F1;
	2947 : E4;
	2948 : E4;
	2949 : E4;
	2950 : E8;
	2951 : E8;
	2952 : E8;
	2953 : E4;
	2954 : ED;
	2955 : FF;
	2956 : F1;
	2957 : F1;
	2958 : F1;
	2959 : F1;
	2960 : F1;
	2961 : F1;
	2962 : F1;
	2963 : F1;
	2964 : F1;
	2965 : DA;
	2966 : FF;
	2967 : DA;
	2968 : E8;
	2969 : E4;
	2970 : E4;
	2971 : E4;
	2972 : E8;
	2973 : E8;
	2974 : E8;
	2975 : ED;
	2976 : FF;
	2977 : 24;
	2978 : 00;
	2979 : 00;
	2980 : 24;
	2981 : 24;
	2982 : 24;
	2983 : 24;
	2984 : 49;
	2985 : 49;
	2986 : 25;
	2987 : 24;
	2988 : 49;
	2989 : 49;
	2990 : 49;
	2991 : 49;
	2992 : 45;
	2993 : 24;
	2994 : 25;
	2995 : 25;
	2996 : 49;
	2997 : 49;
	2998 : 49;
	2999 : 49;
	3000 : 69;
	3001 : 69;
	3002 : 69;
	3003 : 69;
	3004 : 69;
	3005 : 69;
	3006 : 6D;
	3007 : 6D;
	3008 : 69;
	3009 : 69;
	3010 : 69;
	3011 : 69;
	3012 : 69;
	3013 : 69;
	3014 : 49;
	3015 : 69;
	3016 : 69;
	3017 : 69;
	3018 : 69;
	3019 : 69;
	3020 : 49;
	3021 : 49;
	3022 : 49;
	3023 : 69;
	3024 : 69;
	3025 : 69;
	3026 : 49;
	3027 : 49;
	3028 : 24;
	3029 : 49;
	3030 : 49;
	3031 : 49;
	3032 : 20;
	3033 : 24;
	3034 : 20;
	3035 : 24;
	3036 : 24;
	3037 : 24;
	3038 : 24;
	3039 : 00;
	3040 : 00;
	3041 : 00;
	3042 : 20;
	3043 : 24;
	3044 : 24;
	3045 : 00;
	3046 : 24;
	3047 : 24;
	3048 : 00;
	3049 : 00;
	3050 : 00;
	3051 : 24;
	3052 : 24;
	3053 : 00;
	3054 : 24;
	3055 : 24;
	3056 : 49;
	3057 : 49;
	3058 : 49;
	3059 : 24;
	3060 : 45;
	3061 : 45;
	3062 : 49;
	3063 : 49;
	3064 : 45;
	3065 : 49;
	3066 : 49;
	3067 : 49;
	3068 : 49;
	3069 : 49;
	3070 : 49;
	3071 : 25;
	3072 : 24;
	3073 : 24;
	3074 : 24;
	3075 : 25;
	3076 : 49;
	3077 : 49;
	3078 : 49;
	3079 : 69;
	3080 : 49;
	3081 : 24;
	3082 : 25;
	3083 : 49;
	3084 : 6D;
	3085 : 69;
	3086 : 49;
	3087 : FF;
	3088 : F1;
	3089 : ED;
	3090 : ED;
	3091 : ED;
	3092 : E8;
	3093 : C4;
	3094 : C4;
	3095 : F5;
	3096 : DA;
	3097 : FF;
	3098 : E0;
	3099 : C0;
	3100 : C4;
	3101 : EC;
	3102 : EC;
	3103 : EC;
	3104 : E8;
	3105 : C0;
	3106 : C4;
	3107 : D6;
	3108 : FF;
	3109 : DA;
	3110 : ED;
	3111 : EC;
	3112 : EC;
	3113 : EC;
	3114 : E4;
	3115 : C4;
	3116 : C4;
	3117 : ED;
	3118 : FF;
	3119 : 45;
	3120 : E3;
	3121 : 69;
	3122 : 49;
	3123 : 45;
	3124 : 45;
	3125 : 49;
	3126 : 49;
	3127 : 49;
	3128 : 49;
	3129 : 49;
	3130 : 25;
	3131 : 25;
	3132 : 25;
	3133 : 25;
	3134 : 49;
	3135 : 49;
	3136 : 49;
	3137 : 49;
	3138 : 49;
	3139 : 49;
	3140 : 25;
	3141 : 49;
	3142 : 49;
	3143 : 69;
	3144 : 49;
	3145 : 49;
	3146 : 49;
	3147 : 49;
	3148 : 6D;
	3149 : 69;
	3150 : 6D;
	3151 : 69;
	3152 : 69;
	3153 : 49;
	3154 : 69;
	3155 : 69;
	3156 : 49;
	3157 : 69;
	3158 : 49;
	3159 : 69;
	3160 : 69;
	3161 : 69;
	3162 : 49;
	3163 : 49;
	3164 : 49;
	3165 : 49;
	3166 : 69;
	3167 : 49;
	3168 : 49;
	3169 : 49;
	3170 : 49;
	3171 : 49;
	3172 : 49;
	3173 : 49;
	3174 : 24;
	3175 : 24;
	3176 : 00;
	3177 : 00;
	3178 : 00;
	3179 : 24;
	3180 : 24;
	3181 : 24;
	3182 : 24;
	3183 : 24;
	3184 : 00;
	3185 : 00;
	3186 : 00;
	3187 : 24;
	3188 : 24;
	3189 : 00;
	3190 : 20;
	3191 : 20;
	3192 : 00;
	3193 : 00;
	3194 : 00;
	3195 : 00;
	3196 : 00;
	3197 : 00;
	3198 : 00;
	3199 : 00;
	3200 : 04;
	3201 : 24;
	3202 : 24;
	3203 : 24;
	3204 : 24;
	3205 : 24;
	3206 : 24;
	3207 : 24;
	3208 : 24;
	3209 : 45;
	3210 : 49;
	3211 : 24;
	3212 : 24;
	3213 : 24;
	3214 : 24;
	3215 : 24;
	3216 : 24;
	3217 : 24;
	3218 : 25;
	3219 : 49;
	3220 : 49;
	3221 : 45;
	3222 : 49;
	3223 : 45;
	3224 : 49;
	3225 : 6D;
	3226 : 8E;
	3227 : 8D;
	3228 : 49;
	3229 : FF;
	3230 : FF;
	3231 : FF;
	3232 : FF;
	3233 : FE;
	3234 : F1;
	3235 : C4;
	3236 : E8;
	3237 : FF;
	3238 : 00;
	3239 : FF;
	3240 : E8;
	3241 : E8;
	3242 : F1;
	3243 : FF;
	3244 : FF;
	3245 : FF;
	3246 : F1;
	3247 : C0;
	3248 : E4;
	3249 : FF;
	3250 : FF;
	3251 : FF;
	3252 : FF;
	3253 : FF;
	3254 : FF;
	3255 : FA;
	3256 : E8;
	3257 : C4;
	3258 : F1;
	3259 : DA;
	3260 : FF;
	3261 : 49;
	3262 : 6D;
	3263 : 8D;
	3264 : 6D;
	3265 : 49;
	3266 : 45;
	3267 : 49;
	3268 : 49;
	3269 : 24;
	3270 : 24;
	3271 : 24;
	3272 : 24;
	3273 : 25;
	3274 : 24;
	3275 : 24;
	3276 : 49;
	3277 : 49;
	3278 : 24;
	3279 : 24;
	3280 : 24;
	3281 : 24;
	3282 : 24;
	3283 : 24;
	3284 : 45;
	3285 : 45;
	3286 : 45;
	3287 : 49;
	3288 : 49;
	3289 : 49;
	3290 : 69;
	3291 : 69;
	3292 : 6D;
	3293 : 69;
	3294 : 69;
	3295 : 49;
	3296 : 69;
	3297 : 49;
	3298 : 49;
	3299 : 49;
	3300 : 49;
	3301 : 49;
	3302 : 49;
	3303 : 69;
	3304 : 49;
	3305 : 49;
	3306 : 49;
	3307 : 49;
	3308 : 69;
	3309 : 69;
	3310 : 49;
	3311 : 49;
	3312 : 45;
	3313 : 45;
	3314 : 49;
	3315 : 49;
	3316 : 24;
	3317 : 20;
	3318 : 24;
	3319 : 49;
	3320 : 49;
	3321 : 24;
	3322 : 00;
	3323 : 00;
	3324 : 00;
	3325 : 00;
	3326 : 24;
	3327 : 24;
	3328 : 24;
	3329 : 00;
	3330 : 00;
	3331 : 00;
	3332 : 00;
	3333 : 00;
	3334 : 00;
	3335 : 00;
	3336 : 00;
	3337 : 00;
	3338 : 00;
	3339 : 00;
	3340 : 00;
	3341 : 00;
	3342 : 00;
	3343 : 24;
	3344 : 24;
	3345 : 00;
	3346 : 24;
	3347 : 24;
	3348 : 24;
	3349 : 24;
	3350 : 24;
	3351 : 24;
	3352 : 24;
	3353 : 24;
	3354 : 24;
	3355 : 24;
	3356 : 24;
	3357 : 24;
	3358 : 24;
	3359 : 24;
	3360 : 24;
	3361 : 24;
	3362 : 24;
	3363 : 24;
	3364 : 24;
	3365 : 25;
	3366 : 49;
	3367 : 6D;
	3368 : 8D;
	3369 : 8D;
	3370 : 49;
	3371 : 45;
	3372 : FF;
	3373 : FF;
	3374 : FF;
	3375 : EC;
	3376 : C4;
	3377 : E8;
	3378 : FA;
	3379 : FF;
	3380 : 24;
	3381 : FF;
	3382 : FF;
	3383 : FF;
	3384 : FF;
	3385 : FF;
	3386 : FF;
	3387 : FF;
	3388 : C4;
	3389 : E4;
	3390 : FF;
	3391 : FF;
	3392 : 49;
	3393 : 24;
	3394 : 24;
	3395 : FF;
	3396 : FA;
	3397 : C8;
	3398 : C0;
	3399 : F5;
	3400 : FF;
	3401 : FF;
	3402 : FF;
	3403 : 69;
	3404 : 6D;
	3405 : 6D;
	3406 : 6D;
	3407 : 49;
	3408 : 24;
	3409 : 24;
	3410 : 24;
	3411 : 24;
	3412 : 24;
	3413 : 24;
	3414 : 24;
	3415 : 24;
	3416 : 24;
	3417 : 24;
	3418 : 24;
	3419 : 24;
	3420 : 24;
	3421 : 24;
	3422 : 24;
	3423 : 24;
	3424 : 24;
	3425 : 24;
	3426 : 24;
	3427 : 24;
	3428 : 24;
	3429 : 45;
	3430 : 49;
	3431 : 49;
	3432 : 49;
	3433 : 69;
	3434 : 69;
	3435 : 69;
	3436 : 49;
	3437 : 49;
	3438 : 49;
	3439 : 49;
	3440 : 49;
	3441 : 49;
	3442 : 69;
	3443 : 49;
	3444 : 49;
	3445 : 49;
	3446 : 49;
	3447 : 49;
	3448 : 45;
	3449 : 49;
	3450 : 69;
	3451 : 49;
	3452 : 49;
	3453 : 25;
	3454 : 45;
	3455 : 24;
	3456 : 49;
	3457 : 49;
	3458 : 49;
	3459 : 49;
	3460 : 45;
	3461 : 24;
	3462 : 24;
	3463 : 24;
	3464 : 24;
	3465 : 20;
	3466 : 24;
	3467 : 24;
	3468 : 24;
	3469 : 00;
	3470 : 00;
	3471 : 20;
	3472 : 00;
	3473 : 20;
	3474 : 20;
	3475 : 00;
	3476 : 00;
	3477 : 00;
	3478 : 00;
	3479 : 00;
	3480 : 00;
	3481 : 00;
	3482 : 24;
	3483 : 48;
	3484 : 48;
	3485 : 24;
	3486 : 24;
	3487 : 48;
	3488 : 24;
	3489 : 20;
	3490 : 00;
	3491 : 00;
	3492 : 00;
	3493 : 00;
	3494 : 00;
	3495 : 00;
	3496 : 00;
	3497 : 00;
	3498 : 00;
	3499 : 00;
	3500 : 00;
	3501 : 00;
	3502 : 20;
	3503 : 00;
	3504 : 20;
	3505 : 24;
	3506 : 24;
	3507 : 24;
	3508 : 49;
	3509 : 6D;
	3510 : 8E;
	3511 : 8D;
	3512 : 49;
	3513 : 44;
	3514 : FF;
	3515 : D6;
	3516 : A9;
	3517 : A0;
	3518 : A0;
	3519 : A4;
	3520 : CD;
	3521 : FF;
	3522 : FF;
	3523 : 00;
	3524 : 24;
	3525 : 24;
	3526 : FF;
	3527 : DA;
	3528 : D6;
	3529 : A4;
	3530 : C8;
	3531 : FF;
	3532 : FF;
	3533 : 00;
	3534 : 20;
	3535 : 20;
	3536 : FF;
	3537 : D1;
	3538 : A4;
	3539 : A0;
	3540 : 80;
	3541 : A5;
	3542 : D2;
	3543 : BA;
	3544 : FF;
	3545 : 49;
	3546 : 6D;
	3547 : 8D;
	3548 : 6D;
	3549 : 49;
	3550 : 24;
	3551 : 20;
	3552 : 20;
	3553 : 20;
	3554 : 20;
	3555 : 24;
	3556 : 00;
	3557 : 20;
	3558 : 20;
	3559 : 00;
	3560 : 24;
	3561 : 00;
	3562 : 00;
	3563 : 20;
	3564 : 00;
	3565 : 00;
	3566 : 00;
	3567 : 00;
	3568 : 20;
	3569 : 00;
	3570 : 20;
	3571 : 24;
	3572 : 49;
	3573 : 49;
	3574 : 49;
	3575 : 69;
	3576 : 49;
	3577 : 69;
	3578 : 49;
	3579 : 49;
	3580 : 49;
	3581 : 49;
	3582 : 49;
	3583 : 49;
	3584 : 49;
	3585 : 49;
	3586 : 49;
	3587 : 49;
	3588 : 49;
	3589 : 49;
	3590 : 45;
	3591 : 49;
	3592 : 49;
	3593 : 49;
	3594 : 49;
	3595 : 49;
	3596 : 45;
	3597 : 24;
	3598 : 24;
	3599 : 24;
	3600 : 6D;
	3601 : 69;
	3602 : 6D;
	3603 : 6D;
	3604 : 49;
	3605 : 49;
	3606 : 49;
	3607 : 45;
	3608 : 24;
	3609 : 24;
	3610 : 20;
	3611 : 49;
	3612 : 49;
	3613 : 24;
	3614 : 00;
	3615 : 00;
	3616 : 00;
	3617 : 00;
	3618 : 00;
	3619 : 20;
	3620 : 24;
	3621 : 00;
	3622 : 00;
	3623 : 24;
	3624 : 24;
	3625 : 49;
	3626 : 49;
	3627 : 49;
	3628 : 24;
	3629 : 24;
	3630 : 49;
	3631 : 24;
	3632 : 00;
	3633 : 24;
	3634 : 00;
	3635 : 00;
	3636 : 24;
	3637 : 00;
	3638 : 24;
	3639 : 20;
	3640 : 00;
	3641 : 24;
	3642 : 00;
	3643 : 00;
	3644 : 24;
	3645 : 00;
	3646 : 24;
	3647 : 20;
	3648 : 24;
	3649 : 45;
	3650 : 49;
	3651 : 6D;
	3652 : 8D;
	3653 : 6D;
	3654 : 49;
	3655 : 44;
	3656 : FF;
	3657 : D6;
	3658 : AD;
	3659 : AD;
	3660 : AD;
	3661 : E3;
	3662 : 61;
	3663 : D6;
	3664 : FF;
	3665 : 24;
	3666 : 24;
	3667 : FF;
	3668 : FF;
	3669 : AE;
	3670 : 60;
	3671 : E3;
	3672 : DA;
	3673 : FF;
	3674 : 49;
	3675 : 49;
	3676 : 49;
	3677 : 49;
	3678 : FF;
	3679 : C9;
	3680 : 81;
	3681 : E3;
	3682 : E3;
	3683 : E3;
	3684 : E3;
	3685 : B2;
	3686 : FF;
	3687 : 49;
	3688 : 6D;
	3689 : 8D;
	3690 : 6D;
	3691 : 49;
	3692 : 45;
	3693 : 24;
	3694 : 24;
	3695 : 24;
	3696 : 00;
	3697 : 44;
	3698 : 20;
	3699 : 00;
	3700 : 24;
	3701 : 00;
	3702 : 20;
	3703 : 24;
	3704 : 00;
	3705 : 24;
	3706 : 00;
	3707 : 00;
	3708 : 24;
	3709 : 00;
	3710 : 24;
	3711 : 20;
	3712 : 00;
	3713 : 24;
	3714 : 49;
	3715 : 49;
	3716 : 49;
	3717 : 49;
	3718 : 49;
	3719 : 69;
	3720 : 49;
	3721 : 49;
	3722 : 49;
	3723 : 49;
	3724 : 49;
	3725 : 49;
	3726 : 69;
	3727 : 49;
	3728 : 45;
	3729 : 49;
	3730 : 49;
	3731 : 49;
	3732 : 49;
	3733 : 45;
	3734 : 49;
	3735 : 49;
	3736 : 49;
	3737 : 24;
	3738 : 24;
	3739 : 24;
	3740 : 24;
	3741 : 24;
	3742 : 6D;
	3743 : 69;
	3744 : 49;
	3745 : 69;
	3746 : 6D;
	3747 : 6D;
	3748 : 6D;
	3749 : 6D;
	3750 : 69;
	3751 : 49;
	3752 : 45;
	3753 : 45;
	3754 : 45;
	3755 : 24;
	3756 : 24;
	3757 : 00;
	3758 : 24;
	3759 : 00;
	3760 : 20;
	3761 : 00;
	3762 : 00;
	3763 : 00;
	3764 : 00;
	3765 : 24;
	3766 : 04;
	3767 : 00;
	3768 : 24;
	3769 : 49;
	3770 : 24;
	3771 : 49;
	3772 : 44;
	3773 : 00;
	3774 : 00;
	3775 : 24;
	3776 : 00;
	3777 : 24;
	3778 : 20;
	3779 : 00;
	3780 : 24;
	3781 : 00;
	3782 : 00;
	3783 : 24;
	3784 : 00;
	3785 : 24;
	3786 : 24;
	3787 : 20;
	3788 : 24;
	3789 : 20;
	3790 : 24;
	3791 : 49;
	3792 : 49;
	3793 : 6D;
	3794 : 6D;
	3795 : 6D;
	3796 : FF;
	3797 : FF;
	3798 : FF;
	3799 : DA;
	3800 : FF;
	3801 : FF;
	3802 : FF;
	3803 : D6;
	3804 : 41;
	3805 : E3;
	3806 : D2;
	3807 : FF;
	3808 : 25;
	3809 : FF;
	3810 : B6;
	3811 : 41;
	3812 : 41;
	3813 : B6;
	3814 : FF;
	3815 : 45;
	3816 : 49;
	3817 : 49;
	3818 : FF;
	3819 : FF;
	3820 : FF;
	3821 : FF;
	3822 : FF;
	3823 : FF;
	3824 : FF;
	3825 : 8A;
	3826 : 21;
	3827 : 21;
	3828 : B2;
	3829 : FF;
	3830 : 6D;
	3831 : 6D;
	3832 : 6D;
	3833 : 49;
	3834 : 49;
	3835 : 24;
	3836 : 24;
	3837 : 24;
	3838 : 20;
	3839 : 24;
	3840 : 24;
	3841 : 24;
	3842 : 25;
	3843 : 00;
	3844 : 00;
	3845 : 24;
	3846 : 00;
	3847 : 24;
	3848 : 24;
	3849 : 00;
	3850 : 44;
	3851 : 00;
	3852 : 00;
	3853 : 24;
	3854 : 00;
	3855 : 49;
	3856 : 24;
	3857 : 49;
	3858 : 49;
	3859 : 49;
	3860 : 49;
	3861 : 49;
	3862 : 49;
	3863 : 49;
	3864 : 25;
	3865 : 49;
	3866 : 49;
	3867 : 45;
	3868 : 49;
	3869 : 49;
	3870 : 49;
	3871 : 49;
	3872 : 49;
	3873 : 49;
	3874 : 49;
	3875 : 25;
	3876 : 45;
	3877 : 25;
	3878 : 25;
	3879 : 24;
	3880 : 24;
	3881 : 24;
	3882 : 24;
	3883 : 24;
	3884 : 6D;
	3885 : 6D;
	3886 : 49;
	3887 : 6D;
	3888 : 6D;
	3889 : 6D;
	3890 : 6D;
	3891 : 6D;
	3892 : 6D;
	3893 : 6D;
	3894 : 6D;
	3895 : 69;
	3896 : 49;
	3897 : 45;
	3898 : 20;
	3899 : 24;
	3900 : 24;
	3901 : 49;
	3902 : 24;
	3903 : 00;
	3904 : 20;
	3905 : 00;
	3906 : 00;
	3907 : 00;
	3908 : 00;
	3909 : 00;
	3910 : 00;
	3911 : 04;
	3912 : 00;
	3913 : 44;
	3914 : 24;
	3915 : 00;
	3916 : 00;
	3917 : 20;
	3918 : 00;
	3919 : 24;
	3920 : 00;
	3921 : 00;
	3922 : 24;
	3923 : 00;
	3924 : 00;
	3925 : 24;
	3926 : 00;
	3927 : 24;
	3928 : 00;
	3929 : 00;
	3930 : 45;
	3931 : 24;
	3932 : 24;
	3933 : 49;
	3934 : 24;
	3935 : 49;
	3936 : 69;
	3937 : FF;
	3938 : DA;
	3939 : E3;
	3940 : E3;
	3941 : B2;
	3942 : FF;
	3943 : FF;
	3944 : FF;
	3945 : DA;
	3946 : 41;
	3947 : 41;
	3948 : B2;
	3949 : FF;
	3950 : 49;
	3951 : FF;
	3952 : B6;
	3953 : 21;
	3954 : 21;
	3955 : B2;
	3956 : FF;
	3957 : 44;
	3958 : 49;
	3959 : FF;
	3960 : B2;
	3961 : E3;
	3962 : E3;
	3963 : FF;
	3964 : FF;
	3965 : FF;
	3966 : FF;
	3967 : 8A;
	3968 : 21;
	3969 : 21;
	3970 : B2;
	3971 : FF;
	3972 : 49;
	3973 : 49;
	3974 : 49;
	3975 : 24;
	3976 : 45;
	3977 : 24;
	3978 : 24;
	3979 : 45;
	3980 : 00;
	3981 : 00;
	3982 : 24;
	3983 : 00;
	3984 : 24;
	3985 : 24;
	3986 : 00;
	3987 : 24;
	3988 : 00;
	3989 : 00;
	3990 : 24;
	3991 : 00;
	3992 : 24;
	3993 : 00;
	3994 : 00;
	3995 : 24;
	3996 : 00;
	3997 : 20;
	3998 : 24;
	3999 : 49;
	4000 : 49;
	4001 : 49;
	4002 : 49;
	4003 : 45;
	4004 : 49;
	4005 : 49;
	4006 : 25;
	4007 : 49;
	4008 : 24;
	4009 : 24;
	4010 : 49;
	4011 : 49;
	4012 : 24;
	4013 : 24;
	4014 : 49;
	4015 : 49;
	4016 : 45;
	4017 : 24;
	4018 : 45;
	4019 : 24;
	4020 : 45;
	4021 : 49;
	4022 : 45;
	4023 : 24;
	4024 : 24;
	4025 : 24;
	4026 : 6D;
	4027 : 6D;
	4028 : 6D;
	4029 : 6D;
	4030 : 6D;
	4031 : 6D;
	4032 : 6D;
	4033 : 6D;
	4034 : 6D;
	4035 : 49;
	4036 : 6D;
	4037 : 69;
	4038 : 6D;
	4039 : 24;
	4040 : 24;
	4041 : 48;
	4042 : 49;
	4043 : 24;
	4044 : 24;
	4045 : 00;
	4046 : 24;
	4047 : 00;
	4048 : 00;
	4049 : 00;
	4050 : 00;
	4051 : 00;
	4052 : 00;
	4053 : 00;
	4054 : 00;
	4055 : 00;
	4056 : 00;
	4057 : 00;
	4058 : 00;
	4059 : 00;
	4060 : 00;
	4061 : 00;
	4062 : 00;
	4063 : 00;
	4064 : 00;
	4065 : 00;
	4066 : 00;
	4067 : 00;
	4068 : 00;
	4069 : 00;
	4070 : 00;
	4071 : 00;
	4072 : 20;
	4073 : 00;
	4074 : 20;
	4075 : 20;
	4076 : 20;
	4077 : 20;
	4078 : 00;
	4079 : FF;
	4080 : DA;
	4081 : 8E;
	4082 : 41;
	4083 : E3;
	4084 : AE;
	4085 : AE;
	4086 : AE;
	4087 : 8E;
	4088 : 41;
	4089 : 8A;
	4090 : D6;
	4091 : FF;
	4092 : 49;
	4093 : FF;
	4094 : B2;
	4095 : 21;
	4096 : 21;
	4097 : B2;
	4098 : FF;
	4099 : 24;
	4100 : 24;
	4101 : FF;
	4102 : D6;
	4103 : E3;
	4104 : 21;
	4105 : 8E;
	4106 : B2;
	4107 : B2;
	4108 : B2;
	4109 : E3;
	4110 : 41;
	4111 : 8E;
	4112 : B6;
	4113 : FF;
	4114 : 24;
	4115 : 00;
	4116 : 20;
	4117 : 20;
	4118 : 00;
	4119 : 20;
	4120 : 20;
	4121 : 20;
	4122 : 00;
	4123 : 00;
	4124 : 00;
	4125 : 00;
	4126 : 00;
	4127 : 00;
	4128 : 00;
	4129 : 00;
	4130 : 00;
	4131 : 00;
	4132 : 00;
	4133 : 00;
	4134 : 00;
	4135 : 00;
	4136 : 00;
	4137 : 00;
	4138 : 00;
	4139 : 00;
	4140 : 24;
	4141 : 24;
	4142 : 24;
	4143 : 24;
	4144 : 45;
	4145 : 25;
	4146 : 49;
	4147 : 49;
	4148 : 24;
	4149 : 24;
	4150 : 24;
	4151 : 24;
	4152 : 24;
	4153 : 24;
	4154 : 24;
	4155 : 24;
	4156 : 49;
	4157 : 49;
	4158 : 25;
	4159 : 45;
	4160 : 45;
	4161 : 49;
	4162 : 49;
	4163 : 6D;
	4164 : 49;
	4165 : 25;
	4166 : 24;
	4167 : 24;
	4168 : 6D;
	4169 : 6D;
	4170 : 6D;
	4171 : 6D;
	4172 : 6D;
	4173 : 6D;
	4174 : 6D;
	4175 : 6D;
	4176 : 6D;
	4177 : 6D;
	4178 : 6D;
	4179 : 6D;
	4180 : 49;
	4181 : 24;
	4182 : 49;
	4183 : 24;
	4184 : 24;
	4185 : 24;
	4186 : 24;
	4187 : 24;
	4188 : 24;
	4189 : 24;
	4190 : 00;
	4191 : 24;
	4192 : 24;
	4193 : 00;
	4194 : 20;
	4195 : 24;
	4196 : 24;
	4197 : 00;
	4198 : 20;
	4199 : 24;
	4200 : 20;
	4201 : 24;
	4202 : 24;
	4203 : 24;
	4204 : 24;
	4205 : 24;
	4206 : 24;
	4207 : 24;
	4208 : 24;
	4209 : 00;
	4210 : 00;
	4211 : 24;
	4212 : 24;
	4213 : 24;
	4214 : 24;
	4215 : 24;
	4216 : 24;
	4217 : 24;
	4218 : 24;
	4219 : 24;
	4220 : 24;
	4221 : FF;
	4222 : FF;
	4223 : DA;
	4224 : D6;
	4225 : E3;
	4226 : E3;
	4227 : E3;
	4228 : E3;
	4229 : E3;
	4230 : E3;
	4231 : FF;
	4232 : FF;
	4233 : 44;
	4234 : 24;
	4235 : FF;
	4236 : D6;
	4237 : E3;
	4238 : E3;
	4239 : B6;
	4240 : FF;
	4241 : 44;
	4242 : 24;
	4243 : FF;
	4244 : FF;
	4245 : D6;
	4246 : E3;
	4247 : E3;
	4248 : E3;
	4249 : E3;
	4250 : E3;
	4251 : E3;
	4252 : 8E;
	4253 : FF;
	4254 : FF;
	4255 : 24;
	4256 : 44;
	4257 : 24;
	4258 : 24;
	4259 : 24;
	4260 : 24;
	4261 : 24;
	4262 : 24;
	4263 : 24;
	4264 : 24;
	4265 : 24;
	4266 : 24;
	4267 : 00;
	4268 : 00;
	4269 : 24;
	4270 : 24;
	4271 : 24;
	4272 : 24;
	4273 : 24;
	4274 : 24;
	4275 : 24;
	4276 : 24;
	4277 : 24;
	4278 : 00;
	4279 : 00;
	4280 : 24;
	4281 : 24;
	4282 : 24;
	4283 : 24;
	4284 : 24;
	4285 : 24;
	4286 : 24;
	4287 : 45;
	4288 : 49;
	4289 : 49;
	4290 : 49;
	4291 : 24;
	4292 : 24;
	4293 : 24;
	4294 : 24;
	4295 : 24;
	4296 : 24;
	4297 : 25;
	4298 : 49;
	4299 : 49;
	4300 : 45;
	4301 : 45;
	4302 : 49;
	4303 : 49;
	4304 : 49;
	4305 : 49;
	4306 : 49;
	4307 : 25;
	4308 : 24;
	4309 : 24;
	4310 : 6D;
	4311 : 6D;
	4312 : 6D;
	4313 : 6D;
	4314 : 6D;
	4315 : 6D;
	4316 : 6D;
	4317 : 6D;
	4318 : 6D;
	4319 : 6D;
	4320 : 6D;
	4321 : 69;
	4322 : 69;
	4323 : 00;
	4324 : 00;
	4325 : 00;
	4326 : 00;
	4327 : 00;
	4328 : 00;
	4329 : 00;
	4330 : 00;
	4331 : 00;
	4332 : 24;
	4333 : 00;
	4334 : 00;
	4335 : 24;
	4336 : 45;
	4337 : 00;
	4338 : 49;
	4339 : 24;
	4340 : 24;
	4341 : 44;
	4342 : 20;
	4343 : 45;
	4344 : 45;
	4345 : 45;
	4346 : 49;
	4347 : 49;
	4348 : 24;
	4349 : 49;
	4350 : 49;
	4351 : 20;
	4352 : 24;
	4353 : 24;
	4354 : 49;
	4355 : 49;
	4356 : 49;
	4357 : 49;
	4358 : 45;
	4359 : 24;
	4360 : 24;
	4361 : 49;
	4362 : 24;
	4363 : 24;
	4364 : FF;
	4365 : FF;
	4366 : FF;
	4367 : FF;
	4368 : FF;
	4369 : FF;
	4370 : FF;
	4371 : FF;
	4372 : FF;
	4373 : FF;
	4374 : 24;
	4375 : 24;
	4376 : 44;
	4377 : FF;
	4378 : FF;
	4379 : FF;
	4380 : FF;
	4381 : FF;
	4382 : FF;
	4383 : 44;
	4384 : 24;
	4385 : 44;
	4386 : FF;
	4387 : FF;
	4388 : FF;
	4389 : FF;
	4390 : FF;
	4391 : FF;
	4392 : FF;
	4393 : FF;
	4394 : FF;
	4395 : FF;
	4396 : 44;
	4397 : 24;
	4398 : 24;
	4399 : 24;
	4400 : 45;
	4401 : 49;
	4402 : 24;
	4403 : 24;
	4404 : 45;
	4405 : 49;
	4406 : 45;
	4407 : 49;
	4408 : 24;
	4409 : 20;
	4410 : 00;
	4411 : 45;
	4412 : 24;
	4413 : 24;
	4414 : 45;
	4415 : 45;
	4416 : 49;
	4417 : 49;
	4418 : 49;
	4419 : 25;
	4420 : 20;
	4421 : 20;
	4422 : 24;
	4423 : 24;
	4424 : 24;
	4425 : 24;
	4426 : 25;
	4427 : 24;
	4428 : 24;
	4429 : 24;
	4430 : 24;
	4431 : 24;
	4432 : 24;
	4433 : 24;
	4434 : 24;
	4435 : 44;
	4436 : 49;
	4437 : 45;
	4438 : 24;
	4439 : 25;
	4440 : 25;
	4441 : 24;
	4442 : 24;
	4443 : 49;
	4444 : 69;
	4445 : 69;
	4446 : 6D;
	4447 : 49;
	4448 : 49;
	4449 : 49;
	4450 : 24;
	4451 : 45;
	4452 : 49;
	4453 : 49;
	4454 : 49;
	4455 : 49;
	4456 : 49;
	4457 : 49;
	4458 : 25;
	4459 : 24;
	4460 : 24;
	4461 : 24;
	4462 : 24;
	4463 : 24;
	4464 : 24;
	4465 : 24;
	4466 : 24;
	4467 : 45;
	4468 : 45;
	4469 : 44;
	4470 : 24;
	4471 : 24;
	4472 : 49;
	4473 : 49;
	4474 : 45;
	4475 : 45;
	4476 : 45;
	4477 : 45;
	4478 : 44;
	4479 : 44;
	4480 : 24;
	4481 : 24;
	4482 : 45;
	4483 : 45;
	4484 : 45;
	4485 : 49;
	4486 : 49;
	4487 : 49;
	4488 : 49;
	4489 : 49;
	4490 : 49;
	4491 : 49;
	4492 : 49;
	4493 : 49;
	4494 : 49;
	4495 : 49;
	4496 : 49;
	4497 : 49;
	4498 : 49;
	4499 : 69;
	4500 : 6D;
	4501 : 6D;
	4502 : 6D;
	4503 : 6D;
	4504 : 6D;
	4505 : 6D;
	4506 : 6D;
	4507 : 6D;
	4508 : 6D;
	4509 : 6E;
	4510 : 6E;
	4511 : 6D;
	4512 : 6D;
	4513 : 6E;
	4514 : 6E;
	4515 : 6D;
	4516 : 49;
	4517 : 25;
	4518 : 6D;
	4519 : 8E;
	4520 : 92;
	4521 : 92;
	4522 : 92;
	4523 : 92;
	4524 : 92;
	4525 : 92;
	4526 : 92;
	4527 : 92;
	4528 : 92;
	4529 : 92;
	4530 : 92;
	4531 : 45;
	4532 : 24;
	4533 : 45;
	4534 : 49;
	4535 : 49;
	4536 : 49;
	4537 : 49;
	4538 : 49;
	4539 : 24;
	4540 : 24;
	4541 : 24;
	4542 : 24;
	4543 : 45;
	4544 : 49;
	4545 : 49;
	4546 : 69;
	4547 : 49;
	4548 : 44;
	4549 : 24;
	4550 : 25;
	4551 : 20;
	4552 : 24;
	4553 : 49;
	4554 : 24;
	4555 : 24;
	4556 : 24;
	4557 : 24;
	4558 : 45;
	4559 : 24;
	4560 : 45;
	4561 : 24;
	4562 : 24;
	4563 : 24;
	4564 : 24;
	4565 : 24;
	4566 : 24;
	4567 : 44;
	4568 : 45;
	4569 : 24;
	4570 : 24;
	4571 : 24;
	4572 : 24;
	4573 : 24;
	4574 : 25;
	4575 : 49;
	4576 : 49;
	4577 : 24;
	4578 : 49;
	4579 : 49;
	4580 : 49;
	4581 : 49;
	4582 : 49;
	4583 : 49;
	4584 : 49;
	4585 : 49;
	4586 : 49;
	4587 : 49;
	4588 : 49;
	4589 : 49;
	4590 : 49;
	4591 : 49;
	4592 : 49;
	4593 : 25;
	4594 : 00;
	4595 : 45;
	4596 : 24;
	4597 : 6D;
	4598 : 8E;
	4599 : 8E;
	4600 : 8E;
	4601 : 8E;
	4602 : 8E;
	4603 : 8E;
	4604 : 8E;
	4605 : 8E;
	4606 : 8E;
	4607 : 92;
	4608 : 92;
	4609 : 92;
	4610 : 24;
	4611 : 24;
	4612 : 24;
	4613 : 24;
	4614 : 45;
	4615 : 45;
	4616 : 45;
	4617 : 49;
	4618 : 24;
	4619 : 24;
	4620 : 49;
	4621 : 49;
	4622 : 69;
	4623 : 69;
	4624 : 8D;
	4625 : 69;
	4626 : 49;
	4627 : 49;
	4628 : 69;
	4629 : 00;
	4630 : 20;
	4631 : 24;
	4632 : 20;
	4633 : 24;
	4634 : 24;
	4635 : 24;
	4636 : 24;
	4637 : 24;
	4638 : 24;
	4639 : 24;
	4640 : 24;
	4641 : 24;
	4642 : 24;
	4643 : 24;
	4644 : 24;
	4645 : 24;
	4646 : 24;
	4647 : 24;
	4648 : 24;
	4649 : 00;
	4650 : 00;
	4651 : 00;
	4652 : 00;
	4653 : 00;
	4654 : 24;
	4655 : 24;
	4656 : 24;
	4657 : 24;
	4658 : 24;
	4659 : 24;
	4660 : 24;
	4661 : 24;
	4662 : 24;
	4663 : 24;
	4664 : 24;
	4665 : 24;
	4666 : 24;
	4667 : 24;
	4668 : 24;
	4669 : 24;
	4670 : 24;
	4671 : 24;
	4672 : 24;
	4673 : 00;
	4674 : 20;
	4675 : 49;
	4676 : 8E;
	4677 : 8E;
	4678 : 8E;
	4679 : 6E;
	4680 : 8E;
	4681 : 6E;
	4682 : 8E;
	4683 : 8E;
	4684 : 8E;
	4685 : 8E;
	4686 : 6E;
	4687 : 92;
	4688 : 92;
	4689 : 69;
	4690 : 49;
	4691 : 49;
	4692 : 49;
	4693 : 49;
	4694 : 49;
	4695 : 45;
	4696 : 45;
	4697 : 24;
	4698 : 24;
	4699 : 49;
	4700 : 49;
	4701 : 8D;
	4702 : 6D;
	4703 : 8D;
	4704 : 69;
	4705 : 49;
	4706 : 24;
	4707 : 24;
	4708 : 00;
	4709 : 00;
	4710 : 00;
	4711 : 24;
	4712 : 00;
	4713 : 00;
	4714 : 00;
	4715 : 00;
	4716 : 00;
	4717 : 00;
	4718 : 00;
	4719 : 00;
	4720 : 00;
	4721 : 00;
	4722 : 00;
	4723 : 00;
	4724 : 00;
	4725 : 00;
	4726 : 00;
	4727 : 00;
	4728 : 00;
	4729 : 00;
	4730 : 00;
	4731 : 00;
	4732 : 00;
	4733 : 00;
	4734 : 00;
	4735 : 00;
	4736 : 00;
	4737 : 00;
	4738 : 00;
	4739 : 00;
	4740 : 00;
	4741 : 00;
	4742 : 00;
	4743 : 00;
	4744 : 00;
	4745 : 00;
	4746 : 00;
	4747 : 00;
	4748 : 00;
	4749 : 00;
	4750 : 24;
	4751 : 00;
	4752 : 00;
	4753 : 00;
	4754 : 24;
	4755 : 25;
	4756 : 49;
	4757 : 6E;
	4758 : 6E;
	4759 : 8E;
	4760 : 6E;
	4761 : 6E;
	4762 : 6D;
	4763 : 6D;
	4764 : 8E;
	4765 : 8E;
	4766 : 8E;
	4767 : 8E;
	4768 : 6D;
	4769 : 8D;
	4770 : 6D;
	4771 : 6D;
	4772 : 6D;
	4773 : 6D;
	4774 : 6D;
	4775 : 6D;
	4776 : 49;
	4777 : 49;
	4778 : 49;
	4779 : 49;
	4780 : 69;
	4781 : 49;
	4782 : 49;
	4783 : 45;
	4784 : 20;
	4785 : 20;
	4786 : 20;
	4787 : 00;
	4788 : 00;
	4789 : 24;
	4790 : 24;
	4791 : 00;
	4792 : 20;
	4793 : 00;
	4794 : 00;
	4795 : 00;
	4796 : 00;
	4797 : 20;
	4798 : 00;
	4799 : 00;
	4800 : 00;
	4801 : 00;
	4802 : 00;
	4803 : 00;
	4804 : 00;
	4805 : 00;
	4806 : 00;
	4807 : 00;
	4808 : 00;
	4809 : 00;
	4810 : 00;
	4811 : 00;
	4812 : 00;
	4813 : 00;
	4814 : 24;
	4815 : 00;
	4816 : 00;
	4817 : 20;
	4818 : 00;
	4819 : 00;
	4820 : 00;
	4821 : 00;
	4822 : 24;
	4823 : 00;
	4824 : 00;
	4825 : 00;
	4826 : 00;
	4827 : 20;
	4828 : 00;
	4829 : 20;
	4830 : 24;
	4831 : 00;
	4832 : 00;
	4833 : 00;
	4834 : 00;
	4835 : 45;
	4836 : 6E;
	4837 : 6E;
	4838 : 6E;
	4839 : 8E;
	4840 : 8E;
	4841 : 6D;
	4842 : 6D;
	4843 : 6D;
	4844 : 6E;
	4845 : 8E;
	4846 : 8E;
	4847 : 6D;
	4848 : 8D;
	4849 : 6D;
	4850 : B2;
	4851 : 8D;
	4852 : 8D;
	4853 : 8D;
	4854 : 6D;
	4855 : 49;
	4856 : 49;
	4857 : 49;
	4858 : 44;
	4859 : 24;
	4860 : 24;
	4861 : 24;
	4862 : 24;
	4863 : 20;
	4864 : 24;
	4865 : 24;
	4866 : 24;
	4867 : 00;
	4868 : 45;
	4869 : 24;
	4870 : 00;
	4871 : 24;
	4872 : 00;
	4873 : 20;
	4874 : 00;
	4875 : 00;
	4876 : 24;
	4877 : 00;
	4878 : 00;
	4879 : 24;
	4880 : 00;
	4881 : 00;
	4882 : 00;
	4883 : 00;
	4884 : 00;
	4885 : 00;
	4886 : 00;
	4887 : 00;
	4888 : 00;
	4889 : 00;
	4890 : 00;
	4891 : 00;
	4892 : 00;
	4893 : 24;
	4894 : 24;
	4895 : 00;
	4896 : 24;
	4897 : 00;
	4898 : 00;
	4899 : 24;
	4900 : 00;
	4901 : 24;
	4902 : 00;
	4903 : 00;
	4904 : 24;
	4905 : 00;
	4906 : 24;
	4907 : 00;
	4908 : 20;
	4909 : 24;
	4910 : 00;
	4911 : 20;
	4912 : 20;
	4913 : 20;
	4914 : 45;
	4915 : 6E;
	4916 : 6E;
	4917 : 6E;
	4918 : 8E;
	4919 : 6D;
	4920 : 49;
	4921 : 69;
	4922 : 6D;
	4923 : 8E;
	4924 : 8E;
	4925 : 8E;
	4926 : 45;
	4927 : 49;
	4928 : 49;
	4929 : 69;
	4930 : 69;
	4931 : 6D;
	4932 : 6D;
	4933 : 6D;
	4934 : 69;
	4935 : 24;
	4936 : 24;
	4937 : 24;
	4938 : 24;
	4939 : 24;
	4940 : 25;
	4941 : 25;
	4942 : 24;
	4943 : 24;
	4944 : 24;
	4945 : 24;
	4946 : 00;
	4947 : 45;
	4948 : 00;
	4949 : 00;
	4950 : 20;
	4951 : 00;
	4952 : 24;
	4953 : 00;
	4954 : 00;
	4955 : 00;
	4956 : 00;
	4957 : 00;
	4958 : 00;
	4959 : 00;
	4960 : 00;
	4961 : 00;
	4962 : 00;
	4963 : 00;
	4964 : 00;
	4965 : 00;
	4966 : 00;
	4967 : 00;
	4968 : 00;
	4969 : 00;
	4970 : 00;
	4971 : 00;
	4972 : 00;
	4973 : 20;
	4974 : 00;
	4975 : 24;
	4976 : 00;
	4977 : 00;
	4978 : 24;
	4979 : 00;
	4980 : 24;
	4981 : 00;
	4982 : 00;
	4983 : 24;
	4984 : 00;
	4985 : 24;
	4986 : 00;
	4987 : 00;
	4988 : 25;
	4989 : 00;
	4990 : 20;
	4991 : 00;
	4992 : 20;
	4993 : 24;
	4994 : 6E;
	4995 : 6E;
	4996 : 6E;
	4997 : 6E;
	4998 : 6D;
	4999 : 49;
	5000 : 49;
	5001 : 6D;
	5002 : 6D;
	5003 : 8E;
	5004 : 8E;
	5005 : 49;
	5006 : 49;
	5007 : 45;
	5008 : 25;
	5009 : 45;
	5010 : 24;
	5011 : 44;
	5012 : 49;
	5013 : 45;
	5014 : 24;
	5015 : 24;
	5016 : 25;
	5017 : 25;
	5018 : 25;
	5019 : 24;
	5020 : 24;
	5021 : 20;
	5022 : 24;
	5023 : 00;
	5024 : 24;
	5025 : 00;
	5026 : 49;
	5027 : 00;
	5028 : 00;
	5029 : 00;
	5030 : 00;
	5031 : 00;
	5032 : 00;
	5033 : 00;
	5034 : 00;
	5035 : 00;
	5036 : 00;
	5037 : 00;
	5038 : 00;
	5039 : 00;
	5040 : 00;
	5041 : 00;
	5042 : 00;
	5043 : 00;
	5044 : 00;
	5045 : 00;
	5046 : 00;
	5047 : 00;
	5048 : 00;
	5049 : 24;
	5050 : 00;
	5051 : 00;
	5052 : 24;
	5053 : 00;
	5054 : 24;
	5055 : 00;
	5056 : 00;
	5057 : 24;
	5058 : 00;
	5059 : 24;
	5060 : 00;
	5061 : 00;
	5062 : 24;
	5063 : 00;
	5064 : 24;
	5065 : 00;
	5066 : 00;
	5067 : 25;
	5068 : 00;
	5069 : 24;
	5070 : 00;
	5071 : 00;
	5072 : 24;
	5073 : 6E;
	5074 : 6E;
	5075 : 6D;
	5076 : 6D;
	5077 : 49;
	5078 : 49;
	5079 : 49;
	5080 : 49;
	5081 : 6D;
	5082 : 6E;
	5083 : 6E;
	5084 : 49;
	5085 : 49;
	5086 : 49;
	5087 : 49;
	5088 : 49;
	5089 : 49;
	5090 : 49;
	5091 : 49;
	5092 : 49;
	5093 : 24;
	5094 : 24;
	5095 : 24;
	5096 : 24;
	5097 : 24;
	5098 : 24;
	5099 : 24;
	5100 : 24;
	5101 : 24;
	5102 : 00;
	5103 : 24;
	5104 : 00;
	5105 : 25;
	5106 : 00;
	5107 : 24;
	5108 : 00;
	5109 : 00;
	5110 : 00;
	5111 : 00;
	5112 : 00;
	5113 : 00;
	5114 : 00;
	5115 : 24;
	5116 : 00;
	5117 : 00;
	5118 : 00;
	5119 : 00;
	5120 : 00;
	5121 : 00;
	5122 : 00;
	5123 : 00;
	5124 : 00;
	5125 : 00;
	5126 : 00;
	5127 : 00;
	5128 : 25;
	5129 : 00;
	5130 : 00;
	5131 : 24;
	5132 : 00;
	5133 : 24;
	5134 : 00;
	5135 : 00;
	5136 : 24;
	5137 : 00;
	5138 : 24;
	5139 : 24;
	5140 : 00;
	5141 : 45;
	5142 : 00;
	5143 : 00;
	5144 : 24;
	5145 : 00;
	5146 : 45;
	5147 : 00;
	5148 : 24;
	5149 : 00;
	5150 : 24;
	5151 : 24;
	5152 : 8E;
	5153 : 92;
	5154 : 92;
	5155 : 6D;
	5156 : 49;
	5157 : 49;
	5158 : 49;
	5159 : 49;
	5160 : 6D;
	5161 : 92;
	5162 : 92;
	5163 : 45;
	5164 : 45;
	5165 : 44;
	5166 : 45;
	5167 : 49;
	5168 : 49;
	5169 : 49;
	5170 : 49;
	5171 : 49;
	5172 : 49;
	5173 : 49;
	5174 : 24;
	5175 : 24;
	5176 : 24;
	5177 : 24;
	5178 : 24;
	5179 : 24;
	5180 : 24;
	5181 : 00;
	5182 : 20;
	5183 : 00;
	5184 : 00;
	5185 : 00;
	5186 : 24;
	5187 : 00;
	5188 : 00;
	5189 : 00;
	5190 : 00;
	5191 : 00;
	5192 : 00;
	5193 : 00;
	5194 : 00;
	5195 : 00;
	5196 : 00;
	5197 : 00;
	5198 : 00;
	5199 : 00;
	5200 : 00;
	5201 : 00;
	5202 : 00;
	5203 : 00;
	5204 : 00;
	5205 : 00;
	5206 : 00;
	5207 : 25;
	5208 : 00;
	5209 : 00;
	5210 : 25;
	5211 : 00;
	5212 : 24;
	5213 : 00;
	5214 : 00;
	5215 : 24;
	5216 : 00;
	5217 : 24;
	5218 : 24;
	5219 : 00;
	5220 : 24;
	5221 : 00;
	5222 : 00;
	5223 : 24;
	5224 : 00;
	5225 : 00;
	5226 : 00;
	5227 : 24;
	5228 : 24;
	5229 : 24;
	5230 : 24;
	5231 : 49;
	5232 : 92;
	5233 : 92;
	5234 : 49;
	5235 : 49;
	5236 : 49;
	5237 : 49;
	5238 : 49;
	5239 : 6D;
	5240 : 92;
	5241 : 92;
	5242 : 24;
	5243 : 24;
	5244 : 24;
	5245 : 24;
	5246 : 24;
	5247 : 24;
	5248 : 24;
	5249 : 24;
	5250 : 24;
	5251 : 24;
	5252 : 24;
	5253 : 24;
	5254 : 24;
	5255 : 24;
	5256 : 24;
	5257 : 24;
	5258 : 24;
	5259 : 24;
	5260 : 24;
	5261 : 00;
	5262 : 00;
	5263 : 00;
	5264 : 00;
	5265 : 00;
	5266 : 00;
	5267 : 00;
	5268 : 00;
	5269 : 00;
	5270 : 00;
	5271 : 00;
	5272 : 00;
	5273 : 00;
	5274 : 00;
	5275 : 00;
	5276 : 00;
	5277 : 00;
	5278 : 00;
	5279 : 00;
	5280 : 00;
	5281 : 00;
	5282 : 00;
	5283 : 24;
	5284 : 24;
	5285 : 00;
	5286 : 25;
	5287 : 00;
	5288 : 00;
	5289 : 24;
	5290 : 00;
	5291 : 24;
	5292 : 00;
	5293 : 00;
	5294 : 24;
	5295 : 00;
	5296 : 24;
	5297 : 24;
	5298 : 00;
	5299 : 24;
	5300 : 00;
	5301 : 00;
	5302 : 24;
	5303 : 00;
	5304 : 00;
	5305 : 00;
	5306 : 00;
	5307 : 24;
	5308 : 20;
	5309 : 24;
	5310 : 24;
	5311 : 92;
	5312 : 8D;
	5313 : 6D;
	5314 : 49;
	5315 : 49;
	5316 : 49;
	5317 : 49;
	5318 : 49;
	5319 : 6D;
	5320 : 92;
	5321 : 6D;
	5322 : 6D;
	5323 : 6D;
	5324 : 6D;
	5325 : 49;
	5326 : 49;
	5327 : 49;
	5328 : 45;
	5329 : 24;
	5330 : 24;
	5331 : 24;
	5332 : 24;
	5333 : 24;
	5334 : 49;
	5335 : 24;
	5336 : 24;
	5337 : 24;
	5338 : 20;
	5339 : 45;
	5340 : 00;
	5341 : 00;
	5342 : 00;
	5343 : 00;
	5344 : 00;
	5345 : 00;
	5346 : 00;
	5347 : 00;
	5348 : 00;
	5349 : 00;
	5350 : 00;
	5351 : 00;
	5352 : 00;
	5353 : 00;
	5354 : 00;
	5355 : 00;
	5356 : 00;
	5357 : 00;
	5358 : 00;
	5359 : 00;
	5360 : 00;
	5361 : 00;
	5362 : 00;
	5363 : 24;
	5364 : 00;
	5365 : 24;
	5366 : 00;
	5367 : 00;
	5368 : 24;
	5369 : 00;
	5370 : 24;
	5371 : 00;
	5372 : 00;
	5373 : 24;
	5374 : 00;
	5375 : 00;
	5376 : 24;
	5377 : 00;
	5378 : 24;
	5379 : 00;
	5380 : 00;
	5381 : 45;
	5382 : 00;
	5383 : 00;
	5384 : 00;
	5385 : 00;
	5386 : 24;
	5387 : 24;
	5388 : 24;
	5389 : 24;
	5390 : 6D;
	5391 : 6D;
	5392 : 49;
	5393 : 49;
	5394 : 49;
	5395 : 49;
	5396 : 49;
	5397 : 6D;
	5398 : 8E;
	5399 : 92;
	5400 : 69;
	5401 : 6D;
	5402 : 6D;
	5403 : 6D;
	5404 : 6D;
	5405 : 6D;
	5406 : 6D;
	5407 : 6D;
	5408 : 6D;
	5409 : 45;
	5410 : 45;
	5411 : 49;
	5412 : 25;
	5413 : 24;
	5414 : 00;
	5415 : 24;
	5416 : 00;
	5417 : 00;
	5418 : 00;
	5419 : 00;
	5420 : 00;
	5421 : 00;
	5422 : 00;
	5423 : 00;
	5424 : 00;
	5425 : 00;
	5426 : 00;
	5427 : 00;
	5428 : 00;
	5429 : 00;
	5430 : 00;
	5431 : 00;
	5432 : 00;
	5433 : 00;
	5434 : 00;
	5435 : 00;
	5436 : 00;
	5437 : 00;
	5438 : 00;
	5439 : 00;
	5440 : 00;
	5441 : 00;
	5442 : 00;
	5443 : 00;
	5444 : 00;
	5445 : 00;
	5446 : 00;
	5447 : 00;
	5448 : 00;
	5449 : 00;
	5450 : 00;
	5451 : 00;
	5452 : 00;
	5453 : 00;
	5454 : 00;
	5455 : 00;
	5456 : 00;
	5457 : 00;
	5458 : 00;
	5459 : 00;
	5460 : 00;
	5461 : 00;
	5462 : 00;
	5463 : 00;
	5464 : 00;
	5465 : 00;
	5466 : 00;
	5467 : 00;
	5468 : 20;
	5469 : 24;
	5470 : 6D;
	5471 : 6D;
	5472 : 49;
	5473 : 49;
	5474 : 49;
	5475 : 49;
	5476 : 49;
	5477 : 92;
	5478 : 92;
	5479 : 8D;
	5480 : 8D;
	5481 : 8D;
	5482 : 8D;
	5483 : 8D;
	5484 : 6D;
	5485 : 6D;
	5486 : 69;
	5487 : 49;
	5488 : 24;
	5489 : 49;
	5490 : 49;
	5491 : 49;
	5492 : 45;
	5493 : 49;
	5494 : 00;
	5495 : 00;
	5496 : 00;
	5497 : 00;
	5498 : 00;
	5499 : 00;
	5500 : 00;
	5501 : 00;
	5502 : 00;
	5503 : 00;
	5504 : 00;
	5505 : 00;
	5506 : 00;
	5507 : 00;
	5508 : 00;
	5509 : 00;
	5510 : 00;
	5511 : 00;
	5512 : 00;
	5513 : 00;
	5514 : 00;
	5515 : 00;
	5516 : 00;
	5517 : 00;
	5518 : 00;
	5519 : 00;
	5520 : 00;
	5521 : 00;
	5522 : 00;
	5523 : 00;
	5524 : 00;
	5525 : 00;
	5526 : 00;
	5527 : 00;
	5528 : 00;
	5529 : 00;
	5530 : 00;
	5531 : 00;
	5532 : 00;
	5533 : 00;
	5534 : 00;
	5535 : 00;
	5536 : 00;
	5537 : 00;
	5538 : 00;
	5539 : 00;
	5540 : 00;
	5541 : 00;
	5542 : 00;
	5543 : 00;
	5544 : 00;
	5545 : 00;
	5546 : 00;
	5547 : 00;
	5548 : 49;
	5549 : 69;
	5550 : 49;
	5551 : 49;
	5552 : 25;
	5553 : 25;
	5554 : 49;
	5555 : 6D;
	5556 : 8E;
	5557 : 92;
	5558 : 8E;
	5559 : 8D;
	5560 : B2;
	5561 : B2;
	5562 : B2;
	5563 : 8D;
	5564 : 8E;
	5565 : 8E;
	5566 : 6D;
	5567 : 45;
	5568 : 49;
	5569 : 49;
	5570 : 49;
	5571 : 49;
	5572 : 49;
	5573 : 49;
	5574 : 00;
	5575 : 00;
	5576 : 00;
	5577 : 00;
	5578 : 00;
	5579 : 00;
	5580 : 00;
	5581 : 00;
	5582 : 00;
	5583 : 00;
	5584 : 00;
	5585 : 00;
	5586 : 00;
	5587 : 00;
	5588 : 00;
	5589 : 00;
	5590 : 00;
	5591 : 00;
	5592 : 00;
	5593 : 00;
	5594 : 00;
	5595 : 00;
	5596 : 00;
	5597 : 00;
	5598 : 00;
	5599 : 00;
	5600 : 00;
	5601 : 00;
	5602 : 00;
	5603 : 00;
	5604 : 00;
	5605 : 00;
	5606 : 00;
	5607 : 00;
	5608 : 00;
	5609 : 00;
	5610 : 00;
	5611 : 00;
	5612 : 00;
	5613 : 00;
	5614 : 00;
	5615 : 00;
	5616 : 00;
	5617 : 00;
	5618 : 00;
	5619 : 00;
	5620 : 00;
	5621 : 00;
	5622 : 00;
	5623 : 00;
	5624 : 00;
	5625 : 20;
	5626 : 49;
	5627 : 69;
	5628 : 49;
	5629 : 25;
	5630 : 25;
	5631 : 24;
	5632 : 24;
	5633 : 49;
	5634 : 69;
	5635 : 69;
	5636 : 69;
	5637 : 92;
	5638 : 8D;
	5639 : 92;
	5640 : B2;
	5641 : 92;
	5642 : 8D;
	5643 : 8E;
	5644 : 8E;
	5645 : 8D;
	5646 : 45;
	5647 : 49;
	5648 : 49;
	5649 : 49;
	5650 : 49;
	5651 : 49;
	5652 : 49;
	5653 : 6D;
	5654 : 00;
	5655 : 00;
	5656 : 00;
	5657 : 00;
	5658 : 00;
	5659 : 00;
	5660 : 00;
	5661 : 00;
	5662 : 00;
	5663 : 00;
	5664 : 00;
	5665 : 00;
	5666 : 00;
	5667 : 00;
	5668 : 00;
	5669 : 00;
	5670 : 00;
	5671 : 00;
	5672 : 00;
	5673 : 00;
	5674 : 00;
	5675 : 00;
	5676 : 00;
	5677 : 20;
	5678 : 00;
	5679 : 00;
	5680 : 24;
	5681 : 00;
	5682 : 00;
	5683 : 20;
	5684 : 00;
	5685 : 24;
	5686 : 00;
	5687 : 00;
	5688 : 20;
	5689 : 00;
	5690 : 00;
	5691 : 00;
	5692 : 00;
	5693 : 20;
	5694 : 00;
	5695 : 00;
	5696 : 00;
	5697 : 20;
	5698 : 00;
	5699 : 00;
	5700 : 20;
	5701 : 00;
	5702 : 24;
	5703 : 24;
	5704 : 69;
	5705 : 69;
	5706 : 49;
	5707 : 49;
	5708 : 49;
	5709 : 49;
	5710 : 49;
	5711 : 49;
	5712 : 49;
	5713 : 49;
	5714 : 49;
	5715 : 69;
	5716 : 6D;
	5717 : 8D;
	5718 : 8D;
	5719 : 8D;
	5720 : 8D;
	5721 : 8D;
	5722 : 8D;
	5723 : 8D;
	5724 : 8D;
	5725 : 45;
	5726 : 49;
	5727 : 49;
	5728 : 49;
	5729 : 6D;
	5730 : 49;
	5731 : 24;
	5732 : 24;
	5733 : 49;
	5734 : 24;
	5735 : 48;
	5736 : 00;
	5737 : 00;
	5738 : 00;
	5739 : 00;
	5740 : 00;
	5741 : 00;
	5742 : 00;
	5743 : 00;
	5744 : 24;
	5745 : 24;
	5746 : 24;
	5747 : 24;
	5748 : 24;
	5749 : 24;
	5750 : 24;
	5751 : 00;
	5752 : 00;
	5753 : 24;
	5754 : 24;
	5755 : 24;
	5756 : 24;
	5757 : 24;
	5758 : 24;
	5759 : 24;
	5760 : 24;
	5761 : 24;
	5762 : 24;
	5763 : 24;
	5764 : 24;
	5765 : 24;
	5766 : 24;
	5767 : 24;
	5768 : 49;
	5769 : 24;
	5770 : 24;
	5771 : 24;
	5772 : 24;
	5773 : 24;
	5774 : 24;
	5775 : 49;
	5776 : 24;
	5777 : 24;
	5778 : 24;
	5779 : 24;
	5780 : 6D;
	5781 : 6D;
	5782 : 6D;
	5783 : 69;
	5784 : 69;
	5785 : 49;
	5786 : 49;
	5787 : 49;
	5788 : 49;
	5789 : 49;
	5790 : 49;
	5791 : 49;
	5792 : 49;
	5793 : 49;
	5794 : 6D;
	5795 : E3;
	5796 : E3;
	5797 : E3;
	5798 : E3;
	5799 : E3;
	5800 : E3;
	5801 : E3;
	5802 : E3;
	5803 : 49;
	5804 : 44;
	5805 : 24;
	5806 : 24;
	5807 : 92;
	5808 : DA;
	5809 : FF;
	5810 : FF;
	5811 : FF;
	5812 : DA;
	5813 : FF;
	5814 : DA;
	5815 : 00;
	5816 : 00;
	5817 : 00;
	5818 : 00;
	5819 : 00;
	5820 : 00;
	5821 : 00;
	5822 : 91;
	5823 : FF;
	5824 : FF;
	5825 : FF;
	5826 : FF;
	5827 : FF;
	5828 : DA;
	5829 : FF;
	5830 : 6D;
	5831 : 24;
	5832 : 24;
	5833 : 49;
	5834 : 49;
	5835 : 24;
	5836 : 24;
	5837 : 24;
	5838 : 24;
	5839 : 44;
	5840 : 44;
	5841 : 45;
	5842 : 44;
	5843 : 20;
	5844 : 44;
	5845 : 8D;
	5846 : B6;
	5847 : DA;
	5848 : DA;
	5849 : DA;
	5850 : DA;
	5851 : DA;
	5852 : DA;
	5853 : DA;
	5854 : DA;
	5855 : DA;
	5856 : DA;
	5857 : DA;
	5858 : DA;
	5859 : DB;
	5860 : DB;
	5861 : DA;
	5862 : 92;
	5863 : 49;
	5864 : 49;
	5865 : 25;
	5866 : 25;
	5867 : 49;
	5868 : 49;
	5869 : 49;
	5870 : 49;
	5871 : 49;
	5872 : 49;
	5873 : 49;
	5874 : 45;
	5875 : 45;
	5876 : 49;
	5877 : 45;
	5878 : 45;
	5879 : 45;
	5880 : 45;
	5881 : 24;
	5882 : 44;
	5883 : 24;
	5884 : 24;
	5885 : 24;
	5886 : B6;
	5887 : 68;
	5888 : 44;
	5889 : 44;
	5890 : 44;
	5891 : 44;
	5892 : 44;
	5893 : B6;
	5894 : 00;
	5895 : 00;
	5896 : 00;
	5897 : 00;
	5898 : 00;
	5899 : 00;
	5900 : 00;
	5901 : 92;
	5902 : B6;
	5903 : 44;
	5904 : 44;
	5905 : 44;
	5906 : 44;
	5907 : 44;
	5908 : D6;
	5909 : 92;
	5910 : 24;
	5911 : 24;
	5912 : 44;
	5913 : 49;
	5914 : 20;
	5915 : 24;
	5916 : 20;
	5917 : 20;
	5918 : 49;
	5919 : 44;
	5920 : 49;
	5921 : 24;
	5922 : 20;
	5923 : 44;
	5924 : 91;
	5925 : DA;
	5926 : 44;
	5927 : 44;
	5928 : 44;
	5929 : 44;
	5930 : 44;
	5931 : 44;
	5932 : 44;
	5933 : 44;
	5934 : 44;
	5935 : 44;
	5936 : 44;
	5937 : 44;
	5938 : 44;
	5939 : 44;
	5940 : 44;
	5941 : DA;
	5942 : 49;
	5943 : 00;
	5944 : 00;
	5945 : 24;
	5946 : 25;
	5947 : 24;
	5948 : 49;
	5949 : 49;
	5950 : 29;
	5951 : 25;
	5952 : 24;
	5953 : 49;
	5954 : 49;
	5955 : 49;
	5956 : 49;
	5957 : 49;
	5958 : 49;
	5959 : 49;
	5960 : 49;
	5961 : 49;
	5962 : 25;
	5963 : 24;
	5964 : 00;
	5965 : B6;
	5966 : 44;
	5967 : 20;
	5968 : 20;
	5969 : 20;
	5970 : 20;
	5971 : 20;
	5972 : B6;
	5973 : 00;
	5974 : 00;
	5975 : 00;
	5976 : 00;
	5977 : 00;
	5978 : 24;
	5979 : 24;
	5980 : DA;
	5981 : B1;
	5982 : 20;
	5983 : 20;
	5984 : 20;
	5985 : 20;
	5986 : 20;
	5987 : D6;
	5988 : B2;
	5989 : 24;
	5990 : 20;
	5991 : 49;
	5992 : 44;
	5993 : 44;
	5994 : 44;
	5995 : 24;
	5996 : 44;
	5997 : E3;
	5998 : 49;
	5999 : 49;
	6000 : 24;
	6001 : 24;
	6002 : 24;
	6003 : B6;
	6004 : DA;
	6005 : 20;
	6006 : 20;
	6007 : 20;
	6008 : 20;
	6009 : 40;
	6010 : 40;
	6011 : 40;
	6012 : 40;
	6013 : 40;
	6014 : 40;
	6015 : 20;
	6016 : 20;
	6017 : 20;
	6018 : 20;
	6019 : 40;
	6020 : FA;
	6021 : 4D;
	6022 : 24;
	6023 : 00;
	6024 : 00;
	6025 : 49;
	6026 : 24;
	6027 : 24;
	6028 : 49;
	6029 : 49;
	6030 : 49;
	6031 : 49;
	6032 : 49;
	6033 : 49;
	6034 : 49;
	6035 : 49;
	6036 : 45;
	6037 : 45;
	6038 : 45;
	6039 : 49;
	6040 : 49;
	6041 : 49;
	6042 : 00;
	6043 : 00;
	6044 : B6;
	6045 : 64;
	6046 : 20;
	6047 : 20;
	6048 : 20;
	6049 : 20;
	6050 : 40;
	6051 : B6;
	6052 : 24;
	6053 : 00;
	6054 : 00;
	6055 : 00;
	6056 : 49;
	6057 : FF;
	6058 : FF;
	6059 : FF;
	6060 : B1;
	6061 : 20;
	6062 : 20;
	6063 : 68;
	6064 : 89;
	6065 : A9;
	6066 : FA;
	6067 : 92;
	6068 : 45;
	6069 : 24;
	6070 : 49;
	6071 : 44;
	6072 : 44;
	6073 : 24;
	6074 : 24;
	6075 : 44;
	6076 : 49;
	6077 : 45;
	6078 : 24;
	6079 : 49;
	6080 : 69;
	6081 : 6D;
	6082 : DA;
	6083 : DA;
	6084 : 20;
	6085 : 20;
	6086 : 40;
	6087 : 88;
	6088 : 89;
	6089 : AD;
	6090 : AD;
	6091 : AD;
	6092 : 8D;
	6093 : 89;
	6094 : 68;
	6095 : 68;
	6096 : 20;
	6097 : 20;
	6098 : 40;
	6099 : DA;
	6100 : FF;
	6101 : FF;
	6102 : DA;
	6103 : 24;
	6104 : 00;
	6105 : 00;
	6106 : 25;
	6107 : 49;
	6108 : 49;
	6109 : 49;
	6110 : 49;
	6111 : 49;
	6112 : 49;
	6113 : 49;
	6114 : 45;
	6115 : 49;
	6116 : 49;
	6117 : 49;
	6118 : 49;
	6119 : 24;
	6120 : 00;
	6121 : 00;
	6122 : 00;
	6123 : B6;
	6124 : 88;
	6125 : 40;
	6126 : 40;
	6127 : 40;
	6128 : 40;
	6129 : 40;
	6130 : B6;
	6131 : 24;
	6132 : 00;
	6133 : 00;
	6134 : 00;
	6135 : 96;
	6136 : D6;
	6137 : 84;
	6138 : 64;
	6139 : 44;
	6140 : 20;
	6141 : 20;
	6142 : D6;
	6143 : B6;
	6144 : B6;
	6145 : 92;
	6146 : 8D;
	6147 : 44;
	6148 : 49;
	6149 : E3;
	6150 : 44;
	6151 : 20;
	6152 : 44;
	6153 : 44;
	6154 : 24;
	6155 : 44;
	6156 : 44;
	6157 : 20;
	6158 : 8D;
	6159 : B1;
	6160 : 64;
	6161 : 64;
	6162 : 44;
	6163 : 40;
	6164 : 40;
	6165 : 64;
	6166 : DA;
	6167 : 91;
	6168 : 91;
	6169 : 91;
	6170 : 91;
	6171 : 91;
	6172 : 91;
	6173 : B6;
	6174 : DA;
	6175 : 40;
	6176 : 20;
	6177 : 20;
	6178 : 44;
	6179 : 64;
	6180 : 88;
	6181 : FE;
	6182 : 49;
	6183 : 00;
	6184 : 00;
	6185 : 24;
	6186 : 24;
	6187 : 25;
	6188 : 49;
	6189 : 49;
	6190 : 45;
	6191 : 49;
	6192 : 49;
	6193 : 45;
	6194 : 49;
	6195 : 49;
	6196 : 49;
	6197 : 49;
	6198 : 00;
	6199 : 00;
	6200 : 20;
	6201 : 00;
	6202 : B6;
	6203 : 88;
	6204 : 60;
	6205 : 60;
	6206 : 60;
	6207 : 60;
	6208 : 60;
	6209 : D6;
	6210 : 00;
	6211 : 00;
	6212 : 00;
	6213 : 00;
	6214 : B6;
	6215 : D6;
	6216 : 80;
	6217 : 60;
	6218 : 40;
	6219 : 40;
	6220 : 40;
	6221 : D6;
	6222 : 49;
	6223 : 24;
	6224 : 44;
	6225 : 44;
	6226 : 44;
	6227 : 44;
	6228 : 44;
	6229 : 44;
	6230 : 44;
	6231 : 44;
	6232 : 44;
	6233 : 44;
	6234 : 24;
	6235 : 00;
	6236 : 00;
	6237 : 4D;
	6238 : AD;
	6239 : 40;
	6240 : 40;
	6241 : 40;
	6242 : 60;
	6243 : 60;
	6244 : 84;
	6245 : B6;
	6246 : 00;
	6247 : 00;
	6248 : 00;
	6249 : 00;
	6250 : 00;
	6251 : 00;
	6252 : 48;
	6253 : FA;
	6254 : 64;
	6255 : 40;
	6256 : 40;
	6257 : 40;
	6258 : 40;
	6259 : 64;
	6260 : FA;
	6261 : 49;
	6262 : 00;
	6263 : 00;
	6264 : 00;
	6265 : 24;
	6266 : 49;
	6267 : 49;
	6268 : 49;
	6269 : 24;
	6270 : 24;
	6271 : 24;
	6272 : 24;
	6273 : 24;
	6274 : 24;
	6275 : 45;
	6276 : 24;
	6277 : 00;
	6278 : 00;
	6279 : 00;
	6280 : 00;
	6281 : B6;
	6282 : A8;
	6283 : A0;
	6284 : A4;
	6285 : A4;
	6286 : A4;
	6287 : A4;
	6288 : D6;
	6289 : 00;
	6290 : 48;
	6291 : B6;
	6292 : B6;
	6293 : DA;
	6294 : F6;
	6295 : A0;
	6296 : 84;
	6297 : 88;
	6298 : AD;
	6299 : AD;
	6300 : DA;
	6301 : 24;
	6302 : 00;
	6303 : 00;
	6304 : 00;
	6305 : 00;
	6306 : 24;
	6307 : 00;
	6308 : 00;
	6309 : 00;
	6310 : 00;
	6311 : 00;
	6312 : 00;
	6313 : 00;
	6314 : 00;
	6315 : 00;
	6316 : 4D;
	6317 : D1;
	6318 : 80;
	6319 : 84;
	6320 : 84;
	6321 : 84;
	6322 : A0;
	6323 : C8;
	6324 : B6;
	6325 : 00;
	6326 : 00;
	6327 : 00;
	6328 : 00;
	6329 : 00;
	6330 : 00;
	6331 : 49;
	6332 : FA;
	6333 : 84;
	6334 : 80;
	6335 : 60;
	6336 : 60;
	6337 : 60;
	6338 : 84;
	6339 : FA;
	6340 : 49;
	6341 : 00;
	6342 : 00;
	6343 : 00;
	6344 : 00;
	6345 : 24;
	6346 : 24;
	6347 : 24;
	6348 : 00;
	6349 : 24;
	6350 : 24;
	6351 : 24;
	6352 : 24;
	6353 : 24;
	6354 : 20;
	6355 : 00;
	6356 : 00;
	6357 : 00;
	6358 : 00;
	6359 : 00;
	6360 : B6;
	6361 : C8;
	6362 : C4;
	6363 : C4;
	6364 : C4;
	6365 : C4;
	6366 : C4;
	6367 : D6;
	6368 : 00;
	6369 : B6;
	6370 : F1;
	6371 : E8;
	6372 : E8;
	6373 : C8;
	6374 : C4;
	6375 : C4;
	6376 : D6;
	6377 : B6;
	6378 : B6;
	6379 : 92;
	6380 : 91;
	6381 : 49;
	6382 : 69;
	6383 : 24;
	6384 : 24;
	6385 : 6D;
	6386 : 44;
	6387 : 00;
	6388 : 00;
	6389 : 00;
	6390 : 00;
	6391 : 00;
	6392 : 00;
	6393 : 00;
	6394 : 24;
	6395 : 6D;
	6396 : F1;
	6397 : C0;
	6398 : C4;
	6399 : C4;
	6400 : C4;
	6401 : C4;
	6402 : E8;
	6403 : B6;
	6404 : 00;
	6405 : 00;
	6406 : 00;
	6407 : 00;
	6408 : 00;
	6409 : 00;
	6410 : 49;
	6411 : FA;
	6412 : C4;
	6413 : C4;
	6414 : A4;
	6415 : A4;
	6416 : A4;
	6417 : C4;
	6418 : FA;
	6419 : 49;
	6420 : 00;
	6421 : 00;
	6422 : 00;
	6423 : 00;
	6424 : 24;
	6425 : 24;
	6426 : 24;
	6427 : 48;
	6428 : 24;
	6429 : 20;
	6430 : 00;
	6431 : 00;
	6432 : 00;
	6433 : 00;
	6434 : 00;
	6435 : 00;
	6436 : 00;
	6437 : 00;
	6438 : 00;
	6439 : B6;
	6440 : E8;
	6441 : C4;
	6442 : C4;
	6443 : C4;
	6444 : C4;
	6445 : C4;
	6446 : D6;
	6447 : 28;
	6448 : B6;
	6449 : EC;
	6450 : C4;
	6451 : C4;
	6452 : C4;
	6453 : C4;
	6454 : C4;
	6455 : D6;
	6456 : 24;
	6457 : 24;
	6458 : 24;
	6459 : 24;
	6460 : 00;
	6461 : 24;
	6462 : 00;
	6463 : 00;
	6464 : 00;
	6465 : 00;
	6466 : 00;
	6467 : 00;
	6468 : 00;
	6469 : 00;
	6470 : 00;
	6471 : 00;
	6472 : 00;
	6473 : 00;
	6474 : 4D;
	6475 : F1;
	6476 : C4;
	6477 : C4;
	6478 : C4;
	6479 : C4;
	6480 : C4;
	6481 : E8;
	6482 : B6;
	6483 : 00;
	6484 : 00;
	6485 : 00;
	6486 : 00;
	6487 : 00;
	6488 : 00;
	6489 : 49;
	6490 : FA;
	6491 : C4;
	6492 : C4;
	6493 : C4;
	6494 : C4;
	6495 : C4;
	6496 : C4;
	6497 : FA;
	6498 : 49;
	6499 : 00;
	6500 : 00;
	6501 : 00;
	6502 : 00;
	6503 : 00;
	6504 : 00;
	6505 : 00;
	6506 : 24;
	6507 : 49;
	6508 : 24;
	6509 : 00;
	6510 : 20;
	6511 : 00;
	6512 : 00;
	6513 : 00;
	6514 : 00;
	6515 : 00;
	6516 : 00;
	6517 : 00;
	6518 : B6;
	6519 : E8;
	6520 : C4;
	6521 : C4;
	6522 : C4;
	6523 : C4;
	6524 : C4;
	6525 : F1;
	6526 : D6;
	6527 : D6;
	6528 : E8;
	6529 : C4;
	6530 : E8;
	6531 : ED;
	6532 : ED;
	6533 : ED;
	6534 : DA;
	6535 : 24;
	6536 : 00;
	6537 : 24;
	6538 : 24;
	6539 : 00;
	6540 : 00;
	6541 : 00;
	6542 : 00;
	6543 : 00;
	6544 : 00;
	6545 : 00;
	6546 : 00;
	6547 : 00;
	6548 : 00;
	6549 : 00;
	6550 : 00;
	6551 : 00;
	6552 : 00;
	6553 : 4D;
	6554 : F1;
	6555 : C4;
	6556 : C4;
	6557 : C4;
	6558 : C4;
	6559 : C4;
	6560 : E8;
	6561 : B6;
	6562 : 00;
	6563 : 00;
	6564 : 00;
	6565 : 00;
	6566 : 20;
	6567 : 24;
	6568 : 6D;
	6569 : FA;
	6570 : E4;
	6571 : C4;
	6572 : C4;
	6573 : C4;
	6574 : C4;
	6575 : E8;
	6576 : FA;
	6577 : 49;
	6578 : 00;
	6579 : 00;
	6580 : 00;
	6581 : 00;
	6582 : 00;
	6583 : 00;
	6584 : 00;
	6585 : 49;
	6586 : 44;
	6587 : 00;
	6588 : 00;
	6589 : 00;
	6590 : 00;
	6591 : 00;
	6592 : 00;
	6593 : 00;
	6594 : 24;
	6595 : 00;
	6596 : 00;
	6597 : B6;
	6598 : E8;
	6599 : C4;
	6600 : C4;
	6601 : C4;
	6602 : C4;
	6603 : C4;
	6604 : C4;
	6605 : C4;
	6606 : C4;
	6607 : C4;
	6608 : C4;
	6609 : EC;
	6610 : FF;
	6611 : DA;
	6612 : DA;
	6613 : B6;
	6614 : 00;
	6615 : 00;
	6616 : 00;
	6617 : 00;
	6618 : 00;
	6619 : 00;
	6620 : 00;
	6621 : 00;
	6622 : 00;
	6623 : 00;
	6624 : 00;
	6625 : 00;
	6626 : 00;
	6627 : 00;
	6628 : 00;
	6629 : 00;
	6630 : 00;
	6631 : 00;
	6632 : 4D;
	6633 : F1;
	6634 : C4;
	6635 : C4;
	6636 : C4;
	6637 : C4;
	6638 : C4;
	6639 : E8;
	6640 : B6;
	6641 : 00;
	6642 : 00;
	6643 : 24;
	6644 : 24;
	6645 : 24;
	6646 : E3;
	6647 : 49;
	6648 : FA;
	6649 : E4;
	6650 : C4;
	6651 : C4;
	6652 : C4;
	6653 : C4;
	6654 : E8;
	6655 : FA;
	6656 : 48;
	6657 : 00;
	6658 : 00;
	6659 : 00;
	6660 : 00;
	6661 : 00;
	6662 : 00;
	6663 : 00;
	6664 : 44;
	6665 : 24;
	6666 : 00;
	6667 : 00;
	6668 : 00;
	6669 : 00;
	6670 : 00;
	6671 : 00;
	6672 : 00;
	6673 : 00;
	6674 : 00;
	6675 : 00;
	6676 : B6;
	6677 : E8;
	6678 : C4;
	6679 : C4;
	6680 : C4;
	6681 : C4;
	6682 : C4;
	6683 : C4;
	6684 : C4;
	6685 : C4;
	6686 : C4;
	6687 : C4;
	6688 : EC;
	6689 : DA;
	6690 : 6D;
	6691 : 48;
	6692 : 00;
	6693 : 00;
	6694 : 00;
	6695 : 00;
	6696 : 00;
	6697 : 00;
	6698 : 00;
	6699 : 00;
	6700 : 00;
	6701 : 00;
	6702 : 00;
	6703 : 00;
	6704 : 00;
	6705 : 00;
	6706 : 00;
	6707 : 00;
	6708 : 00;
	6709 : 00;
	6710 : 00;
	6711 : 6D;
	6712 : F1;
	6713 : C4;
	6714 : C4;
	6715 : C4;
	6716 : C4;
	6717 : C4;
	6718 : E8;
	6719 : B6;
	6720 : 00;
	6721 : 00;
	6722 : 00;
	6723 : 00;
	6724 : 00;
	6725 : 00;
	6726 : 49;
	6727 : FA;
	6728 : E4;
	6729 : C4;
	6730 : C4;
	6731 : C4;
	6732 : C4;
	6733 : E8;
	6734 : FA;
	6735 : 48;
	6736 : 00;
	6737 : 00;
	6738 : 00;
	6739 : 00;
	6740 : 00;
	6741 : 00;
	6742 : 00;
	6743 : 00;
	6744 : 00;
	6745 : 00;
	6746 : 00;
	6747 : 00;
	6748 : 00;
	6749 : 00;
	6750 : 00;
	6751 : 00;
	6752 : 00;
	6753 : 00;
	6754 : 00;
	6755 : B6;
	6756 : E8;
	6757 : C4;
	6758 : C4;
	6759 : C4;
	6760 : C4;
	6761 : C4;
	6762 : C4;
	6763 : C4;
	6764 : C4;
	6765 : C4;
	6766 : C4;
	6767 : EC;
	6768 : FF;
	6769 : DA;
	6770 : DA;
	6771 : 6D;
	6772 : 00;
	6773 : 00;
	6774 : 00;
	6775 : 00;
	6776 : 00;
	6777 : 00;
	6778 : 00;
	6779 : 00;
	6780 : 24;
	6781 : 00;
	6782 : 00;
	6783 : 00;
	6784 : 00;
	6785 : 00;
	6786 : 00;
	6787 : 00;
	6788 : 00;
	6789 : 00;
	6790 : 49;
	6791 : F1;
	6792 : C4;
	6793 : C4;
	6794 : C4;
	6795 : C4;
	6796 : C4;
	6797 : E8;
	6798 : B6;
	6799 : 00;
	6800 : 00;
	6801 : 00;
	6802 : 00;
	6803 : 00;
	6804 : 00;
	6805 : 49;
	6806 : FA;
	6807 : E4;
	6808 : C4;
	6809 : C4;
	6810 : C4;
	6811 : C4;
	6812 : E8;
	6813 : FA;
	6814 : 48;
	6815 : 00;
	6816 : 00;
	6817 : 00;
	6818 : 00;
	6819 : 00;
	6820 : 00;
	6821 : 00;
	6822 : 00;
	6823 : 20;
	6824 : 00;
	6825 : 00;
	6826 : 00;
	6827 : 24;
	6828 : 00;
	6829 : 00;
	6830 : 00;
	6831 : 00;
	6832 : 00;
	6833 : 00;
	6834 : B6;
	6835 : E8;
	6836 : C4;
	6837 : C4;
	6838 : C4;
	6839 : C4;
	6840 : C4;
	6841 : C4;
	6842 : C4;
	6843 : C4;
	6844 : C4;
	6845 : C4;
	6846 : E4;
	6847 : E8;
	6848 : E8;
	6849 : E8;
	6850 : D6;
	6851 : 00;
	6852 : 00;
	6853 : 00;
	6854 : 00;
	6855 : 00;
	6856 : 00;
	6857 : 00;
	6858 : 00;
	6859 : 00;
	6860 : 00;
	6861 : 00;
	6862 : 00;
	6863 : 00;
	6864 : 00;
	6865 : 00;
	6866 : 00;
	6867 : 00;
	6868 : 00;
	6869 : 4D;
	6870 : F1;
	6871 : C4;
	6872 : C4;
	6873 : C4;
	6874 : C4;
	6875 : C4;
	6876 : E8;
	6877 : B6;
	6878 : 00;
	6879 : 00;
	6880 : 00;
	6881 : 00;
	6882 : 00;
	6883 : 24;
	6884 : 6D;
	6885 : FA;
	6886 : E4;
	6887 : C4;
	6888 : C4;
	6889 : C4;
	6890 : C4;
	6891 : E8;
	6892 : FA;
	6893 : 48;
	6894 : 00;
	6895 : 00;
	6896 : 00;
	6897 : 00;
	6898 : 00;
	6899 : 00;
	6900 : 00;
	6901 : 24;
	6902 : 24;
	6903 : 00;
	6904 : 00;
	6905 : 24;
	6906 : 24;
	6907 : 00;
	6908 : 00;
	6909 : 00;
	6910 : 00;
	6911 : 00;
	6912 : 00;
	6913 : B6;
	6914 : E8;
	6915 : C4;
	6916 : C4;
	6917 : C4;
	6918 : C4;
	6919 : C4;
	6920 : C4;
	6921 : C4;
	6922 : C4;
	6923 : C4;
	6924 : C4;
	6925 : C4;
	6926 : C4;
	6927 : C4;
	6928 : C4;
	6929 : D6;
	6930 : 00;
	6931 : 00;
	6932 : 00;
	6933 : 00;
	6934 : 00;
	6935 : 00;
	6936 : 00;
	6937 : 00;
	6938 : 00;
	6939 : 00;
	6940 : 00;
	6941 : 00;
	6942 : 00;
	6943 : 00;
	6944 : 00;
	6945 : 00;
	6946 : 00;
	6947 : 20;
	6948 : 6D;
	6949 : F1;
	6950 : C0;
	6951 : C4;
	6952 : C4;
	6953 : C4;
	6954 : C4;
	6955 : E8;
	6956 : B6;
	6957 : 00;
	6958 : 24;
	6959 : 24;
	6960 : 24;
	6961 : 24;
	6962 : 45;
	6963 : 6D;
	6964 : FA;
	6965 : E4;
	6966 : C4;
	6967 : C4;
	6968 : C4;
	6969 : C4;
	6970 : C4;
	6971 : FA;
	6972 : 48;
	6973 : 00;
	6974 : 00;
	6975 : 00;
	6976 : 00;
	6977 : 00;
	6978 : 00;
	6979 : 24;
	6980 : 24;
	6981 : 24;
	6982 : 00;
	6983 : 00;
	6984 : 24;
	6985 : 00;
	6986 : 00;
	6987 : 00;
	6988 : 00;
	6989 : 00;
	6990 : 00;
	6991 : 00;
	6992 : B6;
	6993 : E8;
	6994 : C4;
	6995 : C4;
	6996 : C4;
	6997 : C4;
	6998 : C4;
	6999 : EC;
	7000 : ED;
	7001 : ED;
	7002 : E4;
	7003 : C4;
	7004 : C4;
	7005 : C4;
	7006 : C4;
	7007 : C4;
	7008 : F6;
	7009 : B6;
	7010 : B6;
	7011 : 91;
	7012 : 00;
	7013 : 00;
	7014 : 00;
	7015 : 00;
	7016 : 00;
	7017 : 00;
	7018 : 00;
	7019 : 00;
	7020 : 00;
	7021 : 00;
	7022 : 00;
	7023 : 00;
	7024 : 00;
	7025 : 00;
	7026 : 24;
	7027 : 6D;
	7028 : F1;
	7029 : A0;
	7030 : A4;
	7031 : C4;
	7032 : C4;
	7033 : C4;
	7034 : E8;
	7035 : B6;
	7036 : 00;
	7037 : 44;
	7038 : 24;
	7039 : 44;
	7040 : 24;
	7041 : 49;
	7042 : 91;
	7043 : FA;
	7044 : C4;
	7045 : C4;
	7046 : C4;
	7047 : C4;
	7048 : C4;
	7049 : C4;
	7050 : FA;
	7051 : 48;
	7052 : 00;
	7053 : 00;
	7054 : 00;
	7055 : 00;
	7056 : 00;
	7057 : 00;
	7058 : 24;
	7059 : 00;
	7060 : 00;
	7061 : 00;
	7062 : 00;
	7063 : 00;
	7064 : 00;
	7065 : 00;
	7066 : 00;
	7067 : 00;
	7068 : 00;
	7069 : 00;
	7070 : 00;
	7071 : B6;
	7072 : E8;
	7073 : C4;
	7074 : C4;
	7075 : C4;
	7076 : C4;
	7077 : C4;
	7078 : DA;
	7079 : 91;
	7080 : DA;
	7081 : E8;
	7082 : C4;
	7083 : C4;
	7084 : C4;
	7085 : C4;
	7086 : C4;
	7087 : C8;
	7088 : E8;
	7089 : E8;
	7090 : FA;
	7091 : 24;
	7092 : 00;
	7093 : 00;
	7094 : 00;
	7095 : 00;
	7096 : 00;
	7097 : 00;
	7098 : 00;
	7099 : 00;
	7100 : 00;
	7101 : 00;
	7102 : 00;
	7103 : 00;
	7104 : 24;
	7105 : 45;
	7106 : 91;
	7107 : D1;
	7108 : 80;
	7109 : 60;
	7110 : 80;
	7111 : 80;
	7112 : 80;
	7113 : C8;
	7114 : B6;
	7115 : 00;
	7116 : 44;
	7117 : 24;
	7118 : 44;
	7119 : 24;
	7120 : 49;
	7121 : 91;
	7122 : FA;
	7123 : A4;
	7124 : A4;
	7125 : A4;
	7126 : 80;
	7127 : 80;
	7128 : A4;
	7129 : FA;
	7130 : 48;
	7131 : 00;
	7132 : 00;
	7133 : 00;
	7134 : 24;
	7135 : 00;
	7136 : 00;
	7137 : 49;
	7138 : 00;
	7139 : 00;
	7140 : 00;
	7141 : 00;
	7142 : 00;
	7143 : 00;
	7144 : 00;
	7145 : 00;
	7146 : 00;
	7147 : 00;
	7148 : 00;
	7149 : 00;
	7150 : B6;
	7151 : E8;
	7152 : C4;
	7153 : C4;
	7154 : C4;
	7155 : C4;
	7156 : C4;
	7157 : D6;
	7158 : 00;
	7159 : 92;
	7160 : E8;
	7161 : C4;
	7162 : C4;
	7163 : C4;
	7164 : C4;
	7165 : C4;
	7166 : C4;
	7167 : C4;
	7168 : C4;
	7169 : D6;
	7170 : 00;
	7171 : 00;
	7172 : 00;
	7173 : 00;
	7174 : 00;
	7175 : 00;
	7176 : 24;
	7177 : 24;
	7178 : 24;
	7179 : 00;
	7180 : 20;
	7181 : 24;
	7182 : 24;
	7183 : 49;
	7184 : 44;
	7185 : 91;
	7186 : B1;
	7187 : 40;
	7188 : 40;
	7189 : 40;
	7190 : 40;
	7191 : 60;
	7192 : A8;
	7193 : B6;
	7194 : 00;
	7195 : 44;
	7196 : 24;
	7197 : 44;
	7198 : 24;
	7199 : 49;
	7200 : 91;
	7201 : FA;
	7202 : 84;
	7203 : 60;
	7204 : 60;
	7205 : 40;
	7206 : 40;
	7207 : 64;
	7208 : FA;
	7209 : 48;
	7210 : 00;
	7211 : 00;
	7212 : 24;
	7213 : 24;
	7214 : 24;
	7215 : 24;
	7216 : 49;
	7217 : 24;
	7218 : 00;
	7219 : 00;
	7220 : 00;
	7221 : 00;
	7222 : 00;
	7223 : 00;
	7224 : 00;
	7225 : 00;
	7226 : 00;
	7227 : 00;
	7228 : 00;
	7229 : B6;
	7230 : A8;
	7231 : A0;
	7232 : 84;
	7233 : A4;
	7234 : A4;
	7235 : A4;
	7236 : D6;
	7237 : 00;
	7238 : 6D;
	7239 : F6;
	7240 : C8;
	7241 : C4;
	7242 : A4;
	7243 : A4;
	7244 : A4;
	7245 : A4;
	7246 : A4;
	7247 : A0;
	7248 : D6;
	7249 : B6;
	7250 : B6;
	7251 : B6;
	7252 : 24;
	7253 : 00;
	7254 : 49;
	7255 : FA;
	7256 : D6;
	7257 : D6;
	7258 : DA;
	7259 : 6D;
	7260 : 24;
	7261 : 24;
	7262 : 24;
	7263 : 24;
	7264 : 91;
	7265 : AD;
	7266 : 40;
	7267 : 20;
	7268 : 20;
	7269 : 40;
	7270 : 40;
	7271 : 64;
	7272 : DA;
	7273 : B6;
	7274 : B6;
	7275 : B6;
	7276 : B6;
	7277 : B6;
	7278 : B6;
	7279 : B6;
	7280 : DA;
	7281 : 40;
	7282 : 40;
	7283 : 40;
	7284 : 68;
	7285 : 68;
	7286 : 89;
	7287 : FA;
	7288 : 48;
	7289 : 00;
	7290 : 6D;
	7291 : FA;
	7292 : D6;
	7293 : D6;
	7294 : DA;
	7295 : 24;
	7296 : 24;
	7297 : 20;
	7298 : 00;
	7299 : 00;
	7300 : 00;
	7301 : 00;
	7302 : 00;
	7303 : 00;
	7304 : 00;
	7305 : 00;
	7306 : 00;
	7307 : 00;
	7308 : B6;
	7309 : 64;
	7310 : 40;
	7311 : 40;
	7312 : 60;
	7313 : 60;
	7314 : 84;
	7315 : D6;
	7316 : 00;
	7317 : 00;
	7318 : B6;
	7319 : FF;
	7320 : FA;
	7321 : B1;
	7322 : 60;
	7323 : 60;
	7324 : 60;
	7325 : 60;
	7326 : 60;
	7327 : 84;
	7328 : 88;
	7329 : 88;
	7330 : FA;
	7331 : 91;
	7332 : 00;
	7333 : 49;
	7334 : D1;
	7335 : A0;
	7336 : A0;
	7337 : FA;
	7338 : 6D;
	7339 : 24;
	7340 : 44;
	7341 : 49;
	7342 : 49;
	7343 : 91;
	7344 : FA;
	7345 : DA;
	7346 : DA;
	7347 : B6;
	7348 : 20;
	7349 : 20;
	7350 : 40;
	7351 : 64;
	7352 : 88;
	7353 : 88;
	7354 : 68;
	7355 : 64;
	7356 : 64;
	7357 : 64;
	7358 : 64;
	7359 : 44;
	7360 : 20;
	7361 : 20;
	7362 : 40;
	7363 : DA;
	7364 : FF;
	7365 : FF;
	7366 : DA;
	7367 : 00;
	7368 : 00;
	7369 : 71;
	7370 : CD;
	7371 : A0;
	7372 : A8;
	7373 : DA;
	7374 : 24;
	7375 : 24;
	7376 : 00;
	7377 : 00;
	7378 : 00;
	7379 : 00;
	7380 : 00;
	7381 : 00;
	7382 : 00;
	7383 : 00;
	7384 : 00;
	7385 : 00;
	7386 : 00;
	7387 : B6;
	7388 : 64;
	7389 : 20;
	7390 : 20;
	7391 : 40;
	7392 : 40;
	7393 : 60;
	7394 : D6;
	7395 : 00;
	7396 : 00;
	7397 : 00;
	7398 : 24;
	7399 : BA;
	7400 : B6;
	7401 : 40;
	7402 : 20;
	7403 : 20;
	7404 : 40;
	7405 : 40;
	7406 : 40;
	7407 : 40;
	7408 : 20;
	7409 : D6;
	7410 : 91;
	7411 : 00;
	7412 : 6D;
	7413 : B1;
	7414 : 40;
	7415 : 40;
	7416 : DA;
	7417 : 91;
	7418 : 24;
	7419 : 24;
	7420 : 49;
	7421 : 49;
	7422 : 69;
	7423 : 92;
	7424 : 91;
	7425 : B6;
	7426 : DA;
	7427 : 20;
	7428 : 20;
	7429 : 20;
	7430 : 20;
	7431 : 20;
	7432 : 20;
	7433 : 20;
	7434 : 20;
	7435 : 20;
	7436 : 20;
	7437 : 20;
	7438 : 20;
	7439 : 20;
	7440 : 20;
	7441 : 40;
	7442 : DA;
	7443 : 91;
	7444 : 49;
	7445 : 49;
	7446 : 00;
	7447 : 00;
	7448 : 91;
	7449 : AD;
	7450 : 60;
	7451 : 84;
	7452 : DA;
	7453 : 44;
	7454 : 49;
	7455 : 20;
	7456 : 20;
	7457 : 00;
	7458 : 00;
	7459 : 00;
	7460 : 00;
	7461 : 00;
	7462 : 00;
	7463 : 00;
	7464 : 00;
	7465 : 00;
	7466 : B6;
	7467 : 44;
	7468 : 20;
	7469 : 20;
	7470 : 20;
	7471 : 20;
	7472 : 20;
	7473 : B6;
	7474 : 00;
	7475 : 00;
	7476 : 00;
	7477 : 00;
	7478 : 49;
	7479 : FF;
	7480 : D6;
	7481 : B6;
	7482 : B6;
	7483 : B6;
	7484 : B6;
	7485 : B6;
	7486 : B6;
	7487 : B6;
	7488 : FF;
	7489 : 91;
	7490 : 24;
	7491 : 6D;
	7492 : DA;
	7493 : B6;
	7494 : B6;
	7495 : FF;
	7496 : 91;
	7497 : 24;
	7498 : 24;
	7499 : 49;
	7500 : 49;
	7501 : 49;
	7502 : 49;
	7503 : 49;
	7504 : 8D;
	7505 : DA;
	7506 : 68;
	7507 : 68;
	7508 : 68;
	7509 : 68;
	7510 : 68;
	7511 : 68;
	7512 : 68;
	7513 : 68;
	7514 : 68;
	7515 : 68;
	7516 : 68;
	7517 : 68;
	7518 : 68;
	7519 : 69;
	7520 : B6;
	7521 : FF;
	7522 : 24;
	7523 : 00;
	7524 : 00;
	7525 : 00;
	7526 : 00;
	7527 : 91;
	7528 : DA;
	7529 : B6;
	7530 : D6;
	7531 : DA;
	7532 : 49;
	7533 : 00;
	7534 : 00;
	7535 : 00;
	7536 : 00;
	7537 : 00;
	7538 : 00;
	7539 : 00;
	7540 : 00;
	7541 : 00;
	7542 : 00;
	7543 : 00;
	7544 : 00;
	7545 : 91;
	7546 : 69;
	7547 : 48;
	7548 : 48;
	7549 : 48;
	7550 : 48;
	7551 : 48;
	7552 : B2;
	7553 : 00;
	7554 : 00;
	7555 : 00;
	7556 : 00;
	7557 : 00;
	7558 : 91;
	7559 : 91;
	7560 : 91;
	7561 : 91;
	7562 : 91;
	7563 : 91;
	7564 : 92;
	7565 : B6;
	7566 : B6;
	7567 : B2;
	7568 : 92;
	7569 : 49;
	7570 : 6D;
	7571 : B6;
	7572 : B6;
	7573 : B6;
	7574 : B2;
	7575 : 6D;
	7576 : 49;
	7577 : 49;
	7578 : 49;
	7579 : 69;
	7580 : 49;
	7581 : 49;
	7582 : 49;
	7583 : 6D;
	7584 : DA;
	7585 : DA;
	7586 : DA;
	7587 : DA;
	7588 : DA;
	7589 : DA;
	7590 : DA;
	7591 : DA;
	7592 : DA;
	7593 : DA;
	7594 : DA;
	7595 : DA;
	7596 : DA;
	7597 : DA;
	7598 : B6;
	7599 : 91;
	7600 : 91;
	7601 : 24;
	7602 : 00;
	7603 : 00;
	7604 : 00;
	7605 : 00;
	7606 : 49;
	7607 : 91;
	7608 : 92;
	7609 : 92;
	7610 : 91;
	7611 : 44;
	7612 : 00;
	7613 : 00;
	7614 : 20;
	7615 : 00;
	7616 : 00;
	7617 : 00;
	7618 : 00;
	7619 : 00;
	7620 : 24;
	7621 : 00;
	7622 : 00;
	7623 : 00;
	7624 : 00;
	7625 : 00;
	7626 : 00;
	7627 : 00;
	7628 : 00;
	7629 : 00;
	7630 : 00;
	7631 : 00;
	7632 : 00;
	7633 : 00;
	7634 : 00;
	7635 : 00;
	7636 : 00;
	7637 : 00;
	7638 : 00;
	7639 : 00;
	7640 : 00;
	7641 : 00;
	7642 : 00;
	7643 : 24;
	7644 : 49;
	7645 : 49;
	7646 : 24;
	7647 : 49;
	7648 : 6D;
	7649 : 49;
	7650 : 49;
	7651 : 49;
	7652 : 49;
	7653 : 49;
	7654 : 49;
	7655 : 49;
	7656 : 49;
	7657 : 49;
	7658 : 49;
	7659 : 69;
	7660 : 49;
	7661 : 24;
	7662 : 49;
	7663 : 6D;
	7664 : 24;
	7665 : 24;
	7666 : 00;
	7667 : 24;
	7668 : 00;
	7669 : 44;
	7670 : 24;
	7671 : 24;
	7672 : 24;
	7673 : 44;
	7674 : 44;
	7675 : 24;
	7676 : 49;
	7677 : 44;
	7678 : 20;
	7679 : 00;
	7680 : 00;
	7681 : 00;
	7682 : 00;
	7683 : 00;
	7684 : 00;
	7685 : 00;
	7686 : 00;
	7687 : 24;
	7688 : 20;
	7689 : 20;
	7690 : 24;
	7691 : 00;
	7692 : 00;
	7693 : 00;
	7694 : 24;
	7695 : 00;
	7696 : 00;
	7697 : 00;
	7698 : 00;
	7699 : 20;
	7700 : 20;
	7701 : 00;
	7702 : 00;
	7703 : 00;
	7704 : 00;
	7705 : 00;
	7706 : 00;
	7707 : 00;
	7708 : 00;
	7709 : 00;
	7710 : 00;
	7711 : 00;
	7712 : 20;
	7713 : 24;
	7714 : 00;
	7715 : 00;
	7716 : 00;
	7717 : 00;
	7718 : 00;
	7719 : 20;
	7720 : 20;
	7721 : 00;
	7722 : 24;
	7723 : 49;
	7724 : 49;
	7725 : 24;
	7726 : 24;
	7727 : 69;
	7728 : 6D;
	7729 : 49;
	7730 : 49;
	7731 : 49;
	7732 : 49;
	7733 : 49;
	7734 : 49;
	7735 : 49;
	7736 : 49;
	7737 : 49;
	7738 : 49;
	7739 : 6D;
	7740 : 49;
	7741 : 49;
	7742 : 69;
	7743 : 24;
	7744 : 20;
	7745 : 00;
	7746 : 24;
	7747 : 00;
	7748 : 24;
	7749 : 24;
	7750 : 24;
	7751 : 24;
	7752 : 24;
	7753 : 44;
	7754 : 24;
	7755 : 44;
	7756 : 24;
	7757 : 24;
	7758 : 00;
	7759 : 00;
	7760 : 00;
	7761 : 00;
	7762 : 00;
	7763 : 00;
	7764 : 00;
	7765 : 00;
	7766 : 24;
	7767 : 24;
	7768 : 20;
	7769 : 24;
	7770 : 24;
	7771 : 00;
	7772 : 24;
	7773 : 00;
	7774 : 00;
	7775 : 00;
	7776 : 00;
	7777 : 00;
	7778 : 00;
	7779 : 00;
	7780 : 00;
	7781 : 00;
	7782 : 00;
	7783 : 00;
	7784 : 00;
	7785 : 24;
	7786 : 24;
	7787 : 24;
	7788 : 24;
	7789 : 20;
	7790 : 00;
	7791 : 00;
	7792 : 00;
	7793 : 00;
	7794 : 24;
	7795 : 00;
	7796 : 00;
	7797 : 00;
	7798 : 24;
	7799 : 20;
	7800 : 00;
	7801 : 45;
	7802 : 49;
	7803 : 49;
	7804 : 49;
	7805 : 45;
	7806 : 49;
	7807 : 49;
	7808 : 49;
	7809 : 49;
	7810 : 49;
	7811 : 49;
	7812 : 49;
	7813 : 49;
	7814 : 49;
	7815 : 49;
	7816 : 49;
	7817 : 49;
	7818 : 49;
	7819 : 49;
	7820 : 49;
	7821 : 49;
	7822 : 45;
	7823 : 20;
	7824 : 00;
	7825 : 24;
	7826 : 00;
	7827 : 24;
	7828 : 24;
	7829 : 24;
	7830 : 24;
	7831 : 24;
	7832 : 44;
	7833 : 24;
	7834 : 44;
	7835 : 20;
	7836 : 24;
	7837 : 00;
	7838 : 00;
	7839 : 00;
	7840 : 00;
	7841 : 00;
	7842 : 00;
	7843 : 00;
	7844 : 00;
	7845 : 24;
	7846 : 24;
	7847 : 24;
	7848 : 24;
	7849 : 24;
	7850 : 00;
	7851 : 24;
	7852 : 24;
	7853 : 24;
	7854 : 24;
	7855 : 20;
	7856 : 24;
	7857 : 24;
	7858 : 20;
	7859 : 24;
	7860 : 24;
	7861 : 20;
	7862 : 44;
	7863 : 24;
	7864 : 44;
	7865 : 24;
	7866 : 00;
	7867 : 00;
	7868 : 20;
	7869 : 00;
	7870 : 24;
	7871 : 24;
	7872 : 00;
	7873 : 00;
	7874 : 24;
	7875 : 00;
	7876 : 00;
	7877 : 24;
	7878 : 20;
	7879 : 00;
	7880 : 49;
	7881 : 49;
	7882 : 49;
	7883 : 49;
	7884 : 49;
	7885 : 49;
	7886 : 49;
	7887 : 49;
	7888 : 49;
	7889 : 49;
	7890 : 49;
	7891 : 49;
	7892 : 49;
	7893 : 49;
	7894 : 49;
	7895 : 49;
	7896 : 49;
	7897 : 49;
	7898 : 49;
	7899 : 49;
	7900 : 49;
	7901 : 24;
	7902 : 00;
	7903 : 00;
	7904 : 20;
	7905 : 00;
	7906 : 24;
	7907 : 00;
	7908 : 24;
	7909 : 00;
	7910 : 24;
	7911 : 44;
	7912 : 24;
	7913 : 24;
	7914 : 24;
	7915 : 24;
	7916 : 00;
	7917 : 00;
	7918 : 00;
	7919 : 00;
	7920 : 00;
	7921 : 00;
	7922 : 20;
	7923 : 20;
	7924 : 24;
	7925 : 24;
	7926 : 20;
	7927 : 24;
	7928 : 00;
	7929 : 00;
	7930 : 20;
	7931 : 24;
	7932 : 24;
	7933 : 24;
	7934 : 24;
	7935 : 24;
	7936 : 24;
	7937 : 20;
	7938 : 24;
	7939 : 20;
	7940 : 24;
	7941 : 24;
	7942 : 24;
	7943 : 20;
	7944 : 24;
	7945 : 24;
	7946 : 20;
	7947 : 24;
	7948 : 24;
	7949 : 24;
	7950 : 24;
	7951 : 00;
	7952 : 00;
	7953 : 00;
	7954 : 00;
	7955 : 00;
	7956 : 20;
	7957 : 00;
	7958 : 00;
	7959 : 49;
	7960 : 49;
	7961 : 49;
	7962 : 49;
	7963 : 49;
	7964 : 49;
	7965 : 49;
	7966 : 49;
	7967 : 49;
	7968 : 49;
	7969 : 49;
	7970 : 49;
	7971 : 49;
	7972 : 49;
	7973 : 69;
	7974 : 69;
	7975 : 69;
	7976 : 49;
	7977 : 49;
	7978 : 49;
	7979 : 49;
	7980 : 49;
	7981 : 00;
	7982 : 00;
	7983 : 00;
	7984 : 00;
	7985 : 24;
	7986 : 24;
	7987 : 00;
	7988 : 00;
	7989 : 24;
	7990 : 44;
	7991 : 24;
	7992 : 24;
	7993 : 24;
	7994 : 20;
	7995 : 00;
	7996 : 00;
	7997 : 00;
	7998 : 00;
	7999 : 00;
	8000 : 00;
	8001 : 24;
	8002 : 00;
	8003 : 24;
	8004 : 20;
	8005 : 20;
	8006 : 00;
	8007 : 00;
	8008 : 00;
	8009 : 20;
	8010 : 00;
	8011 : 00;
	8012 : 00;
	8013 : 00;
	8014 : 00;
	8015 : 24;
	8016 : 00;
	8017 : 20;
	8018 : 00;
	8019 : 00;
	8020 : 44;
	8021 : 24;
	8022 : 24;
	8023 : 24;
	8024 : 24;
	8025 : 24;
	8026 : 24;
	8027 : 00;
	8028 : 24;
	8029 : 24;
	8030 : 00;
	8031 : 00;
	8032 : 20;
	8033 : 00;
	8034 : 00;
	8035 : 20;
	8036 : 00;
	8037 : 00;
	8038 : 49;
	8039 : 49;
	8040 : 49;
	8041 : 49;
	8042 : 49;
	8043 : 49;
	8044 : 49;
	8045 : 49;
	8046 : 49;
	8047 : 49;
	8048 : 49;
	8049 : 49;
	8050 : 49;
	8051 : 49;
	8052 : 49;
	8053 : 49;
	8054 : 49;
	8055 : 69;
	8056 : 69;
	8057 : 49;
	8058 : 49;
	8059 : 49;
	8060 : 00;
	8061 : 00;
	8062 : 20;
	8063 : 00;
	8064 : 20;
	8065 : 24;
	8066 : 00;
	8067 : 00;
	8068 : 20;
	8069 : 24;
	8070 : 20;
	8071 : 24;
	8072 : 24;
	8073 : 24;
	8074 : 00;
	8075 : 00;
	8076 : 00;
	8077 : 00;
	8078 : 00;
	8079 : 20;
	8080 : 20;
	8081 : 00;
	8082 : 20;
	8083 : 00;
	8084 : 00;
	8085 : 00;
	8086 : 00;
	8087 : 00;
	8088 : 20;
	8089 : 20;
	8090 : 24;
	8091 : 24;
	8092 : 24;
	8093 : 24;
	8094 : 24;
	8095 : 24;
	8096 : 24;
	8097 : 24;
	8098 : 00;
	8099 : 24;
	8100 : 00;
	8101 : 24;
	8102 : 45;
	8103 : 44;
	8104 : 44;
	8105 : 44;
	8106 : 44;
	8107 : 44;
	8108 : 24;
	8109 : 00;
	8110 : 24;
	8111 : 00;
	8112 : 00;
	8113 : 00;
	8114 : 20;
	8115 : 00;
	8116 : 00;
	8117 : 24;
	8118 : 49;
	8119 : 49;
	8120 : 45;
	8121 : 45;
	8122 : 45;
	8123 : 45;
	8124 : 45;
	8125 : 45;
	8126 : 45;
	8127 : 49;
	8128 : 49;
	8129 : 45;
	8130 : 45;
	8131 : 45;
	8132 : 45;
	8133 : 45;
	8134 : 45;
	8135 : 45;
	8136 : 49;
	8137 : 49;
	8138 : 24;
	8139 : 00;
	8140 : 00;
	8141 : 20;
	8142 : 00;
	8143 : 24;
	8144 : 24;
	8145 : 00;
	8146 : 00;
	8147 : 44;
	8148 : 44;
	8149 : 44;
	8150 : 44;
	8151 : 44;
	8152 : 44;
	8153 : 00;
	8154 : 00;
	8155 : 00;
	8156 : 00;
	8157 : 00;
	8158 : 24;
	8159 : 24;
	8160 : 24;
	8161 : 24;
	8162 : 24;
	8163 : 24;
	8164 : 24;
	8165 : 00;
	8166 : 20;
	8167 : 24;
	8168 : 00;
	8169 : 00;
	8170 : 00;
	8171 : 00;
	8172 : 00;
	8173 : 00;
	8174 : 00;
	8175 : 00;
	8176 : 00;
	8177 : 24;
	8178 : 24;
	8179 : 20;
	8180 : 24;
	8181 : 24;
	8182 : 24;
	8183 : 24;
	8184 : 24;
	8185 : 24;
	8186 : 24;
	8187 : 20;
	8188 : 00;
	8189 : 00;
	8190 : 00;
	8191 : 20;
	8192 : 00;
	8193 : 00;
	8194 : 00;
	8195 : 00;
	8196 : 24;
	8197 : 24;
	8198 : 24;
	8199 : 24;
	8200 : 24;
	8201 : 24;
	8202 : 24;
	8203 : 24;
	8204 : 24;
	8205 : 24;
	8206 : 24;
	8207 : 24;
	8208 : 24;
	8209 : 24;
	8210 : 24;
	8211 : 24;
	8212 : 24;
	8213 : 24;
	8214 : 24;
	8215 : 24;
	8216 : 24;
	8217 : 24;
	8218 : 00;
	8219 : 00;
	8220 : 00;
	8221 : 00;
	8222 : 20;
	8223 : 00;
	8224 : 00;
	8225 : 00;
	8226 : 20;
	8227 : 24;
	8228 : 24;
	8229 : 24;
	8230 : 24;
	8231 : 20;
	8232 : 00;
	8233 : 00;
	8234 : 00;
	8235 : 00;
	8236 : 24;
	8237 : 20;
	8238 : 20;
	8239 : 20;
	8240 : 24;
	8241 : 24;
	8242 : 20;
	8243 : 20;
	8244 : 00;
	8245 : 24;
	8246 : 24;
	8247 : 00;
	8248 : 00;
	8249 : 00;
	8250 : 00;
	8251 : 00;
	8252 : 00;
	8253 : 00;
	8254 : 00;
	8255 : 00;
	8256 : 20;
	8257 : 20;
	8258 : 00;
	8259 : 00;
	8260 : 00;
	8261 : 00;
	8262 : 20;
	8263 : 20;
	8264 : 00;
	8265 : 00;
	8266 : 00;
	8267 : 49;
	8268 : 45;
	8269 : 24;
	8270 : 24;
	8271 : 24;
	8272 : 00;
	8273 : 24;
	8274 : 24;
	8275 : 24;
	8276 : 24;
	8277 : 24;
	8278 : 24;
	8279 : 24;
	8280 : 24;
	8281 : 24;
	8282 : 24;
	8283 : 24;
	8284 : 24;
	8285 : 24;
	8286 : 24;
	8287 : 24;
	8288 : 24;
	8289 : 24;
	8290 : 24;
	8291 : 24;
	8292 : 24;
	8293 : 24;
	8294 : 24;
	8295 : 24;
	8296 : 20;
	8297 : 24;
	8298 : 24;
	8299 : 00;
	8300 : 24;
	8301 : 45;
	8302 : 45;
	8303 : 24;
	8304 : 24;
	8305 : 00;
	8306 : 00;
	8307 : 00;
	8308 : 00;
	8309 : 00;
	8310 : 00;
	8311 : 00;
	8312 : 00;
	8313 : 00;
	8314 : 00;
	8315 : 24;
	8316 : 00;
	8317 : 00;
	8318 : 00;
	8319 : 24;
	8320 : 20;
	8321 : 24;
	8322 : 00;
	8323 : 20;
	8324 : 00;
	8325 : 00;
	8326 : 24;
	8327 : 24;
	8328 : 00;
	8329 : 00;
	8330 : 00;
	8331 : 00;
	8332 : 00;
	8333 : 00;
	8334 : 20;
	8335 : 24;
	8336 : 24;
	8337 : 24;
	8338 : 24;
	8339 : 00;
	8340 : 00;
	8341 : 24;
	8342 : 24;
	8343 : 00;
	8344 : 00;
	8345 : 00;
	8346 : 24;
	8347 : 24;
	8348 : 24;
	8349 : 24;
	8350 : 24;
	8351 : 00;
	8352 : 20;
	8353 : 20;
	8354 : 20;
	8355 : 20;
	8356 : 24;
	8357 : 20;
	8358 : 24;
	8359 : 24;
	8360 : 20;
	8361 : 20;
	8362 : 24;
	8363 : 24;
	8364 : 24;
	8365 : 24;
	8366 : 24;
	8367 : 20;
	8368 : 24;
	8369 : 24;
	8370 : 24;
	8371 : 24;
	8372 : 24;
	8373 : 24;
	8374 : 24;
	8375 : 20;
	8376 : 20;
	8377 : 24;
	8378 : 24;
	8379 : 24;
	8380 : 00;
	8381 : 20;
	8382 : 24;
	8383 : 24;
	8384 : 24;
	8385 : 00;
	8386 : 00;
	8387 : 20;
	8388 : 24;
	8389 : 24;
	8390 : 00;
	8391 : 00;
	8392 : 00;
	8393 : 20;
	8394 : 00;
	8395 : 00;
	8396 : 24;
	8397 : 24;
	8398 : 24;
	8399 : 24;
	8400 : 24;
	8401 : 24;
	8402 : 24;
	8403 : 24;
	8404 : 24;
	8405 : 24;
	8406 : 24;
	8407 : 24;
	8408 : 24;
	8409 : 24;
	8410 : 24;
	8411 : 24;
	8412 : 24;
	8413 : 24;
	8414 : 24;
	8415 : 24;
	8416 : 49;
	8417 : 49;
	8418 : E3;
	8419 : 49;
	8420 : 44;
	8421 : 49;
	8422 : 24;
	8423 : 44;
	8424 : 24;
	8425 : 24;
	8426 : 49;
	8427 : 45;
	8428 : 45;
	8429 : 49;
	8430 : 49;
	8431 : 49;
	8432 : 49;
	8433 : 49;
	8434 : 49;
	8435 : 49;
	8436 : 49;
	8437 : 49;
	8438 : 49;
	8439 : 49;
	8440 : 49;
	8441 : 49;
	8442 : 49;
	8443 : 49;
	8444 : 49;
	8445 : 49;
	8446 : 49;
	8447 : 49;
	8448 : 49;
	8449 : 49;
	8450 : 49;
	8451 : 49;
	8452 : 49;
	8453 : 49;
	8454 : 49;
	8455 : 49;
	8456 : 49;
	8457 : 69;
	8458 : 69;
	8459 : 45;
	8460 : 45;
	8461 : 49;
	8462 : 45;
	8463 : 24;
	8464 : 24;
	8465 : 24;
	8466 : 48;
	8467 : 49;
	8468 : 49;
	8469 : 24;
	8470 : 00;
	8471 : 24;
	8472 : E3;
	8473 : E3;
	8474 : E3;
	8475 : 49;
	8476 : 45;
	8477 : 44;
	8478 : 44;
	8479 : 24;
	8480 : 24;
	8481 : 24;
	8482 : 24;
	8483 : 24;
	8484 : 24;
	8485 : 44;
	8486 : 24;
	8487 : 24;
	8488 : 24;
	8489 : 49;
	8490 : 49;
	8491 : 45;
	8492 : 44;
	8493 : 49;
	8494 : 49;
	8495 : 49;
	8496 : 49;
	8497 : 49;
	8498 : 49;
	8499 : 49;
	8500 : E3;
	8501 : 49;
	8502 : 24;
	8503 : 49;
	8504 : 49;
	8505 : 24;
	8506 : 24;
	8507 : 49;
	8508 : 49;
	8509 : 49;
	8510 : 69;
	8511 : 69;
	8512 : 49;
	8513 : 49;
	8514 : 49;
	8515 : 49;
	8516 : 49;
	8517 : 49;
	8518 : 49;
	8519 : 49;
	8520 : 25;
	8521 : 49;
	8522 : 49;
	8523 : 49;
	8524 : 49;
	8525 : 49;
	8526 : 49;
	8527 : 49;
	8528 : 49;
	8529 : 49;
	8530 : 49;
	8531 : 49;
	8532 : 49;
	8533 : 49;
	8534 : 49;
	8535 : 49;
	8536 : 49;
	8537 : 49;
	8538 : 49;
	8539 : 49;
	8540 : 24;
	8541 : 69;
	8542 : 69;
	8543 : 45;
	8544 : 49;
	8545 : 49;
	8546 : 49;
	8547 : 49;
	8548 : 49;
	8549 : 49;
	8550 : 49;
	8551 : 49;
	8552 : 49;
	8553 : 49;
	8554 : 49;
	8555 : 49;
	8556 : 49;
	8557 : 49;
	8558 : 49;
	8559 : 49;
	8560 : 49;
	8561 : 49;
	8562 : 49;
	8563 : 49;
	8564 : 44;
	8565 : 24;
	8566 : 24;
	8567 : 24;
	8568 : 24;
	8569 : 24;
	8570 : 24;
	8571 : 44;
	8572 : 44;
	8573 : 49;
	8574 : 49;
	8575 : 49;
	8576 : 49;
	8577 : E3;
	8578 : 49;
	8579 : 49;
	8580 : E3;
	8581 : 69;
	8582 : 49;
	8583 : 24;
	8584 : 44;
	8585 : 49;
	8586 : 49;
	8587 : 49;
	8588 : 49;
	8589 : 69;
	8590 : 69;
	8591 : 69;
	8592 : 49;
	8593 : 69;
	8594 : 49;
	8595 : 49;
	8596 : 49;
	8597 : 49;
	8598 : 49;
	8599 : 49;
	8600 : 49;
	8601 : 49;
	8602 : 49;
	8603 : 49;
	8604 : 49;
	8605 : 49;
	8606 : 49;
	8607 : 49;
	8608 : 49;
	8609 : 49;
	8610 : 49;
	8611 : 49;
	8612 : 49;
	8613 : 49;
	8614 : 49;
	8615 : 49;
	8616 : 49;
	8617 : 49;
	8618 : 49;
	8619 : 44;
	8620 : 44;
	8621 : 49;
	8622 : 49;
	8623 : 49;
	8624 : 49;
	8625 : 49;
	8626 : E3;
	8627 : 49;
	8628 : 49;
	8629 : E3;
	8630 : 49;
	8631 : 49;
	8632 : 49;
	8633 : 49;
	8634 : 49;
	8635 : 44;
	8636 : 44;
	8637 : 44;
	8638 : 44;
	8639 : FF;
	8640 : FF;
	8641 : FF;
	8642 : 24;
	8643 : FF;
	8644 : 24;
	8645 : 24;
	8646 : 24;
	8647 : FF;
	8648 : FF;
	8649 : FF;
	8650 : 00;
	8651 : FF;
	8652 : 00;
	8653 : 20;
	8654 : 00;
	8655 : FF;
	8656 : 00;
	8657 : 00;
	8658 : FF;
	8659 : 24;
	8660 : FF;
	8661 : 24;
	8662 : 24;
	8663 : FF;
	8664 : FF;
	8665 : 24;
	8666 : 24;
	8667 : FF;
	8668 : 24;
	8669 : 24;
	8670 : FF;
	8671 : 24;
	8672 : FF;
	8673 : FF;
	8674 : FF;
	8675 : 24;
	8676 : 24;
	8677 : 24;
	8678 : 24;
	8679 : FF;
	8680 : FF;
	8681 : 00;
	8682 : 00;
	8683 : FF;
	8684 : FF;
	8685 : FF;
	8686 : 00;
	8687 : 00;
	8688 : FF;
	8689 : 24;
	8690 : 24;
	8691 : 24;
	8692 : FF;
	8693 : 24;
	8694 : 24;
	8695 : FF;
	8696 : FF;
	8697 : FF;
	8698 : 24;
	8699 : 20;
	8700 : FF;
	8701 : FF;
	8702 : 24;
	8703 : FF;
	8704 : 20;
	8705 : 00;
	8706 : 00;
	8707 : FF;
	8708 : 00;
	8709 : 20;
	8710 : 20;
	8711 : FF;
	8712 : 00;
	8713 : 00;
	8714 : 49;
	8715 : 45;
	8716 : FF;
	8717 : 24;
	8718 : FF;
	8719 : 00;
	8720 : 24;
	8721 : 24;
	8722 : FF;
	8723 : 24;
	8724 : FF;
	8725 : 24;
	8726 : FF;
	8727 : 24;
	8728 : 24;
	8729 : FF;
	8730 : 24;
	8731 : FF;
	8732 : 24;
	8733 : 24;
	8734 : FF;
	8735 : 24;
	8736 : FF;
	8737 : 24;
	8738 : 24;
	8739 : FF;
	8740 : 24;
	8741 : 24;
	8742 : FF;
	8743 : 20;
	8744 : 24;
	8745 : FF;
	8746 : 00;
	8747 : FF;
	8748 : 45;
	8749 : 45;
	8750 : FF;
	8751 : 24;
	8752 : FF;
	8753 : FF;
	8754 : 00;
	8755 : FF;
	8756 : FF;
	8757 : 00;
	8758 : 00;
	8759 : 00;
	8760 : FF;
	8761 : 24;
	8762 : 24;
	8763 : FF;
	8764 : 00;
	8765 : 00;
	8766 : FF;
	8767 : FF;
	8768 : FF;
	8769 : FF;
	8770 : 24;
	8771 : FF;
	8772 : 00;
	8773 : 24;
	8774 : 24;
	8775 : FF;
	8776 : FF;
	8777 : FF;
	8778 : 24;
	8779 : 24;
	8780 : 24;
	8781 : FF;
	8782 : 24;
	8783 : 00;
	8784 : 20;
	8785 : 20;
	8786 : 20;
	8787 : FF;
	8788 : 24;
	8789 : 20;
	8790 : FF;
	8791 : 24;
	8792 : 20;
	8793 : FF;
	8794 : 24;
	8795 : FF;
	8796 : 24;
	8797 : 24;
	8798 : FF;
	8799 : 20;
	8800 : FF;
	8801 : 24;
	8802 : FF;
	8803 : 24;
	8804 : 24;
	8805 : 24;
	8806 : FF;
	8807 : 20;
	8808 : 20;
	8809 : FF;
	8810 : 24;
	8811 : FF;
	8812 : 00;
	8813 : FF;
	8814 : 24;
	8815 : 24;
	8816 : FF;
	8817 : FF;
	8818 : FF;
	8819 : FF;
	8820 : FF;
	8821 : 24;
	8822 : 24;
	8823 : 00;
	8824 : FF;
	8825 : 20;
	8826 : 00;
	8827 : FF;
	8828 : 24;
	8829 : 24;
	8830 : FF;
	8831 : FF;
	8832 : 24;
	8833 : 49;
	8834 : 49;
	8835 : FF;
	8836 : 49;
	8837 : 44;
	8838 : 49;
	8839 : FF;
	8840 : 44;
	8841 : 24;
	8842 : 24;
	8843 : 49;
	8844 : FF;
	8845 : 45;
	8846 : FF;
	8847 : 49;
	8848 : 49;
	8849 : 49;
	8850 : 49;
	8851 : FF;
	8852 : 49;
	8853 : 49;
	8854 : FF;
	8855 : 49;
	8856 : 49;
	8857 : FF;
	8858 : 49;
	8859 : FF;
	8860 : 49;
	8861 : 49;
	8862 : FF;
	8863 : 49;
	8864 : FF;
	8865 : FF;
	8866 : 49;
	8867 : 49;
	8868 : 49;
	8869 : 49;
	8870 : FF;
	8871 : FF;
	8872 : FF;
	8873 : FF;
	8874 : 69;
	8875 : FF;
	8876 : FF;
	8877 : 45;
	8878 : 49;
	8879 : 45;
	8880 : FF;
	8881 : 24;
	8882 : FF;
	8883 : 48;
	8884 : FF;
	8885 : 49;
	8886 : 49;
	8887 : 49;
	8888 : FF;
	8889 : 49;
	8890 : E3;
	8891 : FF;
	8892 : 49;
	8893 : 45;
	8894 : FF;
	8895 : FF;
	8896 : 49;
	8897 : 49;
	8898 : 49;
	8899 : FF;
	8900 : FF;
	8901 : FF;
	8902 : E3;
	8903 : FF;
	8904 : FF;
	8905 : FF;
	8906 : 49;
	8907 : FF;
	8908 : 24;
	8909 : 49;
	8910 : 49;
	8911 : FF;
	8912 : 69;
	8913 : 69;
	8914 : 49;
	8915 : FF;
	8916 : 49;
	8917 : 49;
	8918 : 49;
	8919 : FF;
	8920 : FF;
	8921 : 49;
	8922 : 25;
	8923 : 49;
	8924 : FF;
	8925 : FF;
	8926 : 49;
	8927 : 49;
	8928 : FF;
	8929 : 49;
	8930 : FF;
	8931 : 49;
	8932 : 49;
	8933 : 49;
	8934 : FF;
	8935 : 49;
	8936 : 49;
	8937 : FF;
	8938 : 49;
	8939 : FF;
	8940 : 49;
	8941 : FF;
	8942 : 24;
	8943 : 69;
	8944 : FF;
	8945 : 45;
	8946 : 49;
	8947 : 49;
	8948 : FF;
	8949 : 49;
	8950 : 49;
	8951 : 49;
	8952 : FF;
	8953 : 49;
	8954 : 49;
	8955 : 49;
	8956 : FF;
	8957 : FF;
	8958 : 49;
	8959 : 44;
	8960 : 49;
	8961 : 49;
	8962 : 49;
	8963 : 49;
	8964 : E3;
	8965 : 49;
	8966 : 49;
	8967 : E3;
	8968 : 69;
	8969 : 49;
	8970 : 24;
	8971 : 44;
	8972 : 49;
	8973 : 49;
	8974 : 49;
	8975 : 49;
	8976 : 69;
	8977 : 69;
	8978 : 69;
	8979 : 49;
	8980 : 69;
	8981 : 49;
	8982 : 49;
	8983 : 49;
	8984 : 49;
	8985 : 49;
	8986 : 49;
	8987 : 49;
	8988 : 49;
	8989 : 49;
	8990 : 49;
	8991 : 49;
	8992 : 49;
	8993 : 49;
	8994 : 49;
	8995 : 49;
	8996 : 49;
	8997 : 49;
	8998 : 49;
	8999 : 49;
	9000 : 49;
	9001 : 49;
	9002 : 49;
	9003 : 49;
	9004 : 49;
	9005 : 49;
	9006 : 44;
	9007 : 44;
	9008 : 49;
	9009 : 49;
	9010 : 49;
	9011 : 49;
	9012 : 49;
	9013 : 49;
	9014 : 49;
	9015 : 49;
	9016 : E3;
	9017 : 49;
	9018 : 49;
	9019 : 49;
	9020 : 49;
	9021 : 49;
	9022 : 44;
	9023 : 69;
	9024 : 69;
	9025 : 49;
	9026 : 49;
	9027 : 49;
	9028 : 49;
	9029 : 44;
	9030 : 45;
	9031 : 45;
	9032 : 24;
	9033 : 24;
	9034 : 69;
	9035 : 69;
	9036 : 69;
	9037 : 49;
	9038 : 49;
	9039 : 45;
	9040 : 45;
	9041 : 45;
	9042 : 24;
	9043 : 45;
	9044 : 49;
	9045 : 49;
	9046 : 49;
	9047 : 49;
	9048 : 49;
	9049 : 24;
	9050 : 25;
	9051 : 45;
	9052 : 45;
	9053 : 25;
	9054 : 45;
	9055 : 49;
	9056 : 49;
	9057 : 49;
	9058 : 49;
	9059 : 24;
	9060 : 49;
	9061 : 49;
	9062 : 49;
	9063 : E3;
	9064 : 69;
	9065 : 6D;
	9066 : 69;
	9067 : 49;
	9068 : 69;
	9069 : 69;
	9070 : 69;
	9071 : 69;
	9072 : 45;
	9073 : 24;
	9074 : 49;
	9075 : 44;
	9076 : 24;
	9077 : 44;
	9078 : 69;
	9079 : 69;
	9080 : 49;
	9081 : 49;
	9082 : 49;
	9083 : 49;
	9084 : 49;
	9085 : 49;
	9086 : 24;
	9087 : 24;
	9088 : 00;
	9089 : 24;
	9090 : 24;
	9091 : 24;
	9092 : E3;
	9093 : 69;
	9094 : 49;
	9095 : 24;
	9096 : 49;
	9097 : 49;
	9098 : 49;
	9099 : 49;
	9100 : 49;
	9101 : 49;
	9102 : 49;
	9103 : 49;
	9104 : 49;
	9105 : 49;
	9106 : 24;
	9107 : 20;
	9108 : 24;
	9109 : 24;
	9110 : 24;
	9111 : 49;
	9112 : 49;
	9113 : 49;
	9114 : 49;
	9115 : 49;
	9116 : 24;
	9117 : 24;
	9118 : 24;
	9119 : 24;
	9120 : 25;
	9121 : 49;
	9122 : 49;
	9123 : 49;
	9124 : 24;
	9125 : 24;
	9126 : 24;
	9127 : 24;
	9128 : 24;
	9129 : 24;
	9130 : 24;
	9131 : 24;
	9132 : 49;
	9133 : 49;
	9134 : 49;
	9135 : 49;
	9136 : 49;
	9137 : 49;
	9138 : 24;
	9139 : 49;
	9140 : 49;
	9141 : 49;
	9142 : 24;
	9143 : 49;
	9144 : 49;
	9145 : 6D;
	9146 : 69;
	9147 : 69;
	9148 : 49;
	9149 : 49;
	9150 : 49;
	9151 : 44;
	9152 : 44;
	9153 : 24;
	9154 : FF;
	9155 : FF;
	9156 : FF;
	9157 : 24;
	9158 : FF;
	9159 : FF;
	9160 : FF;
	9161 : 25;
	9162 : 25;
	9163 : FF;
	9164 : FF;
	9165 : 45;
	9166 : 45;
	9167 : FF;
	9168 : FF;
	9169 : FF;
	9170 : 49;
	9171 : 49;
	9172 : FF;
	9173 : FF;
	9174 : FF;
	9175 : 25;
	9176 : 24;
	9177 : 45;
	9178 : FF;
	9179 : FF;
	9180 : FF;
	9181 : 45;
	9182 : FF;
	9183 : 49;
	9184 : 45;
	9185 : FF;
	9186 : 24;
	9187 : FF;
	9188 : FF;
	9189 : FF;
	9190 : 49;
	9191 : 49;
	9192 : 45;
	9193 : 49;
	9194 : FF;
	9195 : FF;
	9196 : FF;
	9197 : 49;
	9198 : 49;
	9199 : FF;
	9200 : FF;
	9201 : 49;
	9202 : 45;
	9203 : FF;
	9204 : 24;
	9205 : 49;
	9206 : 69;
	9207 : FF;
	9208 : 24;
	9209 : FF;
	9210 : FF;
	9211 : FF;
	9212 : 49;
	9213 : 49;
	9214 : 49;
	9215 : 44;
	9216 : 24;
	9217 : 49;
	9218 : FF;
	9219 : 49;
	9220 : 24;
	9221 : 20;
	9222 : 45;
	9223 : FF;
	9224 : 25;
	9225 : 24;
	9226 : FF;
	9227 : 49;
	9228 : 49;
	9229 : FF;
	9230 : 49;
	9231 : FF;
	9232 : 49;
	9233 : 24;
	9234 : FF;
	9235 : 25;
	9236 : 25;
	9237 : FF;
	9238 : 49;
	9239 : 49;
	9240 : 49;
	9241 : 49;
	9242 : 49;
	9243 : FF;
	9244 : 49;
	9245 : 20;
	9246 : FF;
	9247 : 49;
	9248 : 49;
	9249 : FF;
	9250 : 49;
	9251 : FF;
	9252 : 49;
	9253 : 45;
	9254 : 45;
	9255 : 49;
	9256 : 49;
	9257 : FF;
	9258 : 49;
	9259 : 49;
	9260 : 49;
	9261 : 49;
	9262 : FF;
	9263 : 49;
	9264 : 49;
	9265 : FF;
	9266 : 49;
	9267 : FF;
	9268 : FF;
	9269 : 24;
	9270 : FF;
	9271 : FF;
	9272 : 49;
	9273 : FF;
	9274 : 24;
	9275 : 49;
	9276 : 6D;
	9277 : 69;
	9278 : 49;
	9279 : 20;
	9280 : 24;
	9281 : 24;
	9282 : FF;
	9283 : FF;
	9284 : FF;
	9285 : 24;
	9286 : 24;
	9287 : FF;
	9288 : 24;
	9289 : 24;
	9290 : FF;
	9291 : 24;
	9292 : 24;
	9293 : FF;
	9294 : 45;
	9295 : FF;
	9296 : 49;
	9297 : FF;
	9298 : 69;
	9299 : 49;
	9300 : 49;
	9301 : FF;
	9302 : 49;
	9303 : 49;
	9304 : 24;
	9305 : 24;
	9306 : 45;
	9307 : FF;
	9308 : 49;
	9309 : 25;
	9310 : FF;
	9311 : FF;
	9312 : FF;
	9313 : FF;
	9314 : 24;
	9315 : FF;
	9316 : FF;
	9317 : FF;
	9318 : 49;
	9319 : 49;
	9320 : 49;
	9321 : FF;
	9322 : 25;
	9323 : FF;
	9324 : FF;
	9325 : 24;
	9326 : FF;
	9327 : 24;
	9328 : 49;
	9329 : FF;
	9330 : 45;
	9331 : FF;
	9332 : FF;
	9333 : FF;
	9334 : FF;
	9335 : FF;
	9336 : 24;
	9337 : FF;
	9338 : FF;
	9339 : FF;
	9340 : 44;
	9341 : 44;
	9342 : 24;
	9343 : 69;
	9344 : 49;
	9345 : 24;
	9346 : 00;
	9347 : 24;
	9348 : FF;
	9349 : 44;
	9350 : 44;
	9351 : FF;
	9352 : 49;
	9353 : 49;
	9354 : FF;
	9355 : FF;
	9356 : FF;
	9357 : FF;
	9358 : 49;
	9359 : FF;
	9360 : FF;
	9361 : 49;
	9362 : 49;
	9363 : 49;
	9364 : 45;
	9365 : FF;
	9366 : 45;
	9367 : 49;
	9368 : 20;
	9369 : 24;
	9370 : 49;
	9371 : FF;
	9372 : 49;
	9373 : 49;
	9374 : FF;
	9375 : 49;
	9376 : 49;
	9377 : FF;
	9378 : 45;
	9379 : FF;
	9380 : 49;
	9381 : 49;
	9382 : 49;
	9383 : 49;
	9384 : 49;
	9385 : FF;
	9386 : 49;
	9387 : 49;
	9388 : FF;
	9389 : 45;
	9390 : FF;
	9391 : FF;
	9392 : FF;
	9393 : FF;
	9394 : 49;
	9395 : FF;
	9396 : 49;
	9397 : FF;
	9398 : 45;
	9399 : FF;
	9400 : 24;
	9401 : FF;
	9402 : 69;
	9403 : 49;
	9404 : 44;
	9405 : 44;
	9406 : 24;
	9407 : 49;
	9408 : 20;
	9409 : 24;
	9410 : FF;
	9411 : FF;
	9412 : FF;
	9413 : 24;
	9414 : 20;
	9415 : FF;
	9416 : 24;
	9417 : 24;
	9418 : FF;
	9419 : 24;
	9420 : 45;
	9421 : FF;
	9422 : 24;
	9423 : FF;
	9424 : 24;
	9425 : FF;
	9426 : 49;
	9427 : 24;
	9428 : 24;
	9429 : FF;
	9430 : 49;
	9431 : 49;
	9432 : 49;
	9433 : 45;
	9434 : 49;
	9435 : FF;
	9436 : 20;
	9437 : 20;
	9438 : FF;
	9439 : 20;
	9440 : 00;
	9441 : FF;
	9442 : 00;
	9443 : FF;
	9444 : FF;
	9445 : FF;
	9446 : 20;
	9447 : 00;
	9448 : 20;
	9449 : 24;
	9450 : FF;
	9451 : FF;
	9452 : FF;
	9453 : 24;
	9454 : FF;
	9455 : 24;
	9456 : 24;
	9457 : FF;
	9458 : 00;
	9459 : FF;
	9460 : 49;
	9461 : 49;
	9462 : 49;
	9463 : FF;
	9464 : 24;
	9465 : FF;
	9466 : FF;
	9467 : FF;
	9468 : 69;
	9469 : 49;
	9470 : 44;
END;
