DEPTH = 24695;
WIDTH = 8;
ADDRESS_RADIX = UNS;
DATA_RADIX = HEX;

CONTENT BEGIN
	0 : FF;
	1 : FF;
	2 : FF;
	3 : FF;
	4 : FF;
	5 : FF;
	6 : FF;
	7 : FF;
	8 : FF;
	9 : FF;
	10 : FF;
	11 : FF;
	12 : FF;
	13 : FF;
	14 : FF;
	15 : E3;
	16 : E3;
	17 : E3;
	18 : E3;
	19 : E3;
	20 : E3;
	21 : E3;
	22 : E3;
	23 : E3;
	24 : E3;
	25 : E3;
	26 : E3;
	27 : FF;
	28 : FF;
	29 : 24;
	30 : 48;
	31 : 48;
	32 : 48;
	33 : 24;
	34 : 24;
	35 : 48;
	36 : 48;
	37 : E3;
	38 : E3;
	39 : E3;
	40 : E3;
	41 : FF;
	42 : FF;
	43 : 24;
	44 : 24;
	45 : 44;
	46 : 68;
	47 : 88;
	48 : AC;
	49 : A8;
	50 : 88;
	51 : E3;
	52 : E3;
	53 : E3;
	54 : E3;
	55 : FF;
	56 : FF;
	57 : 24;
	58 : 24;
	59 : 44;
	60 : 88;
	61 : 88;
	62 : CC;
	63 : D1;
	64 : CC;
	65 : CC;
	66 : E3;
	67 : E3;
	68 : E3;
	69 : FF;
	70 : FF;
	71 : 64;
	72 : 44;
	73 : 68;
	74 : 88;
	75 : 88;
	76 : 88;
	77 : 88;
	78 : A8;
	79 : 88;
	80 : E3;
	81 : E3;
	82 : E3;
	83 : FF;
	84 : FF;
	85 : 88;
	86 : 88;
	87 : A8;
	88 : AC;
	89 : A8;
	90 : 88;
	91 : 64;
	92 : 88;
	93 : 88;
	94 : E3;
	95 : E3;
	96 : E3;
	97 : FF;
	98 : FF;
	99 : 88;
	100 : 88;
	101 : A8;
	102 : AC;
	103 : AC;
	104 : A8;
	105 : 88;
	106 : A8;
	107 : CC;
	108 : E3;
	109 : E3;
	110 : E3;
	111 : FF;
	112 : FF;
	113 : 88;
	114 : 88;
	115 : 88;
	116 : A8;
	117 : AC;
	118 : 88;
	119 : 88;
	120 : 88;
	121 : 88;
	122 : E3;
	123 : E3;
	124 : E3;
	125 : FF;
	126 : FF;
	127 : 88;
	128 : 88;
	129 : 88;
	130 : 88;
	131 : 88;
	132 : A8;
	133 : AC;
	134 : 8D;
	135 : AC;
	136 : E3;
	137 : E3;
	138 : E3;
	139 : FF;
	140 : FF;
	141 : 88;
	142 : 88;
	143 : 88;
	144 : 88;
	145 : 88;
	146 : A8;
	147 : AC;
	148 : 88;
	149 : A8;
	150 : E3;
	151 : E3;
	152 : E3;
	153 : FF;
	154 : FF;
	155 : 84;
	156 : 84;
	157 : 84;
	158 : 84;
	159 : 64;
	160 : 88;
	161 : A8;
	162 : A4;
	163 : E3;
	164 : E3;
	165 : E3;
	166 : E3;
	167 : FF;
	168 : FF;
	169 : C0;
	170 : C0;
	171 : C0;
	172 : C0;
	173 : A0;
	174 : 84;
	175 : A4;
	176 : E3;
	177 : E3;
	178 : E3;
	179 : E3;
	180 : E3;
	181 : FF;
	182 : FF;
	183 : A0;
	184 : A0;
	185 : C0;
	186 : C0;
	187 : C0;
	188 : C0;
	189 : A0;
	190 : A4;
	191 : E3;
	192 : E3;
	193 : E3;
	194 : E3;
	195 : FF;
	196 : FF;
	197 : A0;
	198 : A0;
	199 : A0;
	200 : A0;
	201 : A0;
	202 : C0;
	203 : C0;
	204 : C0;
	205 : C0;
	206 : C0;
	207 : E3;
	208 : E3;
	209 : FF;
	210 : FF;
	211 : A0;
	212 : A0;
	213 : A0;
	214 : A0;
	215 : A0;
	216 : C0;
	217 : C0;
	218 : C0;
	219 : C0;
	220 : C0;
	221 : C0;
	222 : C0;
	223 : FF;
	224 : FF;
	225 : FF;
	226 : FF;
	227 : FF;
	228 : FF;
	229 : FF;
	230 : FF;
	231 : FF;
	232 : FF;
	233 : FF;
	234 : FF;
	235 : FF;
	236 : FF;
	237 : FF;
	238 : FF;
	239 : FF;
	240 : FF;
	241 : FF;
	242 : FF;
	243 : FF;
	244 : FF;
	245 : FF;
	246 : FF;
	247 : FF;
	248 : FF;
	249 : FF;
	250 : FF;
	251 : FF;
	252 : FF;
	253 : E3;
	254 : E3;
	255 : E3;
	256 : E3;
	257 : D6;
	258 : DA;
	259 : DA;
	260 : DA;
	261 : DA;
	262 : DA;
	263 : D5;
	264 : D5;
	265 : FF;
	266 : FF;
	267 : E3;
	268 : E3;
	269 : E3;
	270 : D6;
	271 : FA;
	272 : FA;
	273 : FA;
	274 : FA;
	275 : FA;
	276 : D6;
	277 : D6;
	278 : D5;
	279 : FF;
	280 : FF;
	281 : E3;
	282 : E3;
	283 : D1;
	284 : FA;
	285 : FA;
	286 : FA;
	287 : FA;
	288 : D5;
	289 : D5;
	290 : D6;
	291 : D6;
	292 : D1;
	293 : FF;
	294 : FF;
	295 : E3;
	296 : E3;
	297 : D5;
	298 : D6;
	299 : FA;
	300 : FA;
	301 : B1;
	302 : 8C;
	303 : D1;
	304 : D5;
	305 : D5;
	306 : B1;
	307 : FF;
	308 : FF;
	309 : E3;
	310 : E3;
	311 : D5;
	312 : D1;
	313 : D1;
	314 : 68;
	315 : 24;
	316 : 44;
	317 : D1;
	318 : D1;
	319 : D1;
	320 : B1;
	321 : FF;
	322 : FF;
	323 : E3;
	324 : E3;
	325 : 44;
	326 : 68;
	327 : 44;
	328 : 24;
	329 : 48;
	330 : B1;
	331 : D5;
	332 : D1;
	333 : D1;
	334 : D1;
	335 : FF;
	336 : FF;
	337 : E3;
	338 : E3;
	339 : 88;
	340 : 8C;
	341 : AC;
	342 : B1;
	343 : D5;
	344 : D6;
	345 : D5;
	346 : D1;
	347 : D1;
	348 : AD;
	349 : FF;
	350 : FF;
	351 : E3;
	352 : E3;
	353 : E3;
	354 : D1;
	355 : B1;
	356 : D1;
	357 : D5;
	358 : D5;
	359 : D1;
	360 : D1;
	361 : D1;
	362 : AD;
	363 : FF;
	364 : FF;
	365 : E3;
	366 : E3;
	367 : E3;
	368 : AD;
	369 : AC;
	370 : 8C;
	371 : 88;
	372 : AC;
	373 : D1;
	374 : D1;
	375 : AC;
	376 : D1;
	377 : FF;
	378 : FF;
	379 : E3;
	380 : E3;
	381 : E3;
	382 : E3;
	383 : CD;
	384 : D1;
	385 : D1;
	386 : D1;
	387 : D1;
	388 : AC;
	389 : B1;
	390 : D5;
	391 : FF;
	392 : FF;
	393 : E3;
	394 : E3;
	395 : E3;
	396 : E3;
	397 : E3;
	398 : D1;
	399 : D1;
	400 : AC;
	401 : AC;
	402 : AC;
	403 : D1;
	404 : D5;
	405 : FF;
	406 : FF;
	407 : E3;
	408 : E3;
	409 : E3;
	410 : E3;
	411 : E3;
	412 : E3;
	413 : E3;
	414 : AC;
	415 : AC;
	416 : D1;
	417 : D1;
	418 : B1;
	419 : FF;
	420 : FF;
	421 : E3;
	422 : E3;
	423 : E3;
	424 : E3;
	425 : E3;
	426 : E3;
	427 : E3;
	428 : B1;
	429 : AC;
	430 : AC;
	431 : 8D;
	432 : 6E;
	433 : FF;
	434 : FF;
	435 : E3;
	436 : E3;
	437 : E3;
	438 : E3;
	439 : E3;
	440 : E3;
	441 : E3;
	442 : B1;
	443 : AD;
	444 : 8D;
	445 : 6E;
	446 : 92;
	447 : FF;
	448 : FF;
	449 : E3;
	450 : E3;
	451 : E3;
	452 : E3;
	453 : E3;
	454 : E3;
	455 : 48;
	456 : 8D;
	457 : 6D;
	458 : 6E;
	459 : 92;
	460 : DB;
	461 : FF;
	462 : FF;
	463 : FF;
	464 : FF;
	465 : FF;
	466 : FF;
	467 : FF;
	468 : FF;
	469 : FF;
	470 : FF;
	471 : FF;
	472 : FF;
	473 : FF;
	474 : FF;
	475 : FF;
	476 : E3;
	477 : E3;
	478 : E3;
	479 : E3;
	480 : E3;
	481 : E3;
	482 : E3;
	483 : E3;
	484 : E3;
	485 : E3;
	486 : E3;
	487 : E3;
	488 : E3;
	489 : E3;
	490 : E3;
	491 : E3;
	492 : E3;
	493 : E3;
	494 : E3;
	495 : E3;
	496 : E3;
	497 : E3;
	498 : E3;
	499 : E3;
	500 : E3;
	501 : E3;
	502 : E3;
	503 : E3;
	504 : E3;
	505 : E3;
	506 : E3;
	507 : E3;
	508 : E3;
	509 : E3;
	510 : E3;
	511 : E3;
	512 : E3;
	513 : E3;
	514 : E3;
	515 : E3;
	516 : E3;
	517 : E3;
	518 : E3;
	519 : E3;
	520 : E3;
	521 : E3;
	522 : E3;
	523 : E3;
	524 : E3;
	525 : E3;
	526 : E3;
	527 : E3;
	528 : E3;
	529 : E3;
	530 : E3;
	531 : E3;
	532 : E3;
	533 : E3;
	534 : E3;
	535 : E3;
	536 : E3;
	537 : E3;
	538 : E3;
	539 : E3;
	540 : E3;
	541 : E3;
	542 : E3;
	543 : E3;
	544 : E3;
	545 : E3;
	546 : E3;
	547 : E3;
	548 : E3;
	549 : E3;
	550 : E3;
	551 : E3;
	552 : E3;
	553 : E3;
	554 : E3;
	555 : E3;
	556 : E3;
	557 : E3;
	558 : E3;
	559 : E3;
	560 : E3;
	561 : E3;
	562 : E3;
	563 : E3;
	564 : E3;
	565 : E3;
	566 : E3;
	567 : E3;
	568 : E3;
	569 : E3;
	570 : E3;
	571 : E3;
	572 : E3;
	573 : E3;
	574 : E3;
	575 : E3;
	576 : E3;
	577 : E3;
	578 : E3;
	579 : E3;
	580 : E3;
	581 : E3;
	582 : E3;
	583 : E3;
	584 : E3;
	585 : E3;
	586 : E3;
	587 : E3;
	588 : E3;
	589 : E3;
	590 : E3;
	591 : E3;
	592 : E3;
	593 : E3;
	594 : E3;
	595 : E3;
	596 : E3;
	597 : E3;
	598 : E3;
	599 : E3;
	600 : E3;
	601 : E3;
	602 : E3;
	603 : E3;
	604 : E3;
	605 : E3;
	606 : E3;
	607 : E3;
	608 : E3;
	609 : E3;
	610 : E3;
	611 : E3;
	612 : E3;
	613 : E3;
	614 : E3;
	615 : E3;
	616 : E3;
	617 : E3;
	618 : E3;
	619 : E3;
	620 : E3;
	621 : E3;
	622 : E3;
	623 : E3;
	624 : E3;
	625 : E3;
	626 : E3;
	627 : E3;
	628 : E3;
	629 : E3;
	630 : E3;
	631 : E3;
	632 : E3;
	633 : E3;
	634 : E3;
	635 : E3;
	636 : E3;
	637 : E3;
	638 : E3;
	639 : E3;
	640 : E3;
	641 : E3;
	642 : E3;
	643 : E3;
	644 : E3;
	645 : E3;
	646 : E3;
	647 : E3;
	648 : E3;
	649 : E3;
	650 : E3;
	651 : E3;
	652 : E3;
	653 : E3;
	654 : E3;
	655 : E3;
	656 : E3;
	657 : E3;
	658 : E3;
	659 : E3;
	660 : E3;
	661 : E3;
	662 : E3;
	663 : E3;
	664 : E3;
	665 : E3;
	666 : E3;
	667 : E3;
	668 : E3;
	669 : E3;
	670 : E3;
	671 : E3;
	672 : E3;
	673 : E3;
	674 : E3;
	675 : E3;
	676 : E3;
	677 : E3;
	678 : E3;
	679 : E3;
	680 : E3;
	681 : E3;
	682 : E3;
	683 : E3;
	684 : E3;
	685 : E3;
	686 : E3;
	687 : E3;
	688 : E3;
	689 : E3;
	690 : E3;
	691 : E3;
	692 : E3;
	693 : E3;
	694 : E3;
	695 : E3;
	696 : E3;
	697 : E3;
	698 : E3;
	699 : E3;
	700 : E3;
	701 : E3;
	702 : E3;
	703 : E3;
	704 : E3;
	705 : E3;
	706 : E3;
	707 : E3;
	708 : E3;
	709 : E3;
	710 : E3;
	711 : E3;
	712 : E3;
	713 : E3;
	714 : E3;
	715 : E3;
	716 : E3;
	717 : E3;
	718 : E3;
	719 : E3;
	720 : E3;
	721 : E3;
	722 : E3;
	723 : E3;
	724 : E3;
	725 : E3;
	726 : E3;
	727 : E3;
	728 : E3;
	729 : E3;
	730 : E3;
	731 : E3;
	732 : E3;
	733 : E3;
	734 : E3;
	735 : E3;
	736 : E3;
	737 : E3;
	738 : E3;
	739 : E3;
	740 : E3;
	741 : E3;
	742 : E3;
	743 : E3;
	744 : E3;
	745 : E3;
	746 : E3;
	747 : E3;
	748 : E3;
	749 : E3;
	750 : E3;
	751 : E3;
	752 : E3;
	753 : E3;
	754 : E3;
	755 : E3;
	756 : E3;
	757 : E3;
	758 : E3;
	759 : E3;
	760 : E3;
	761 : E3;
	762 : E3;
	763 : E3;
	764 : E3;
	765 : E3;
	766 : E3;
	767 : E3;
	768 : E3;
	769 : E3;
	770 : E3;
	771 : E3;
	772 : E3;
	773 : E3;
	774 : E3;
	775 : E3;
	776 : E3;
	777 : E3;
	778 : E3;
	779 : E3;
	780 : E3;
	781 : E3;
	782 : E3;
	783 : E3;
	784 : E3;
	785 : E3;
	786 : E3;
	787 : E3;
	788 : E3;
	789 : E3;
	790 : E3;
	791 : E3;
	792 : E3;
	793 : E3;
	794 : E3;
	795 : E3;
	796 : E3;
	797 : E3;
	798 : E3;
	799 : E3;
	800 : E3;
	801 : E3;
	802 : E3;
	803 : E3;
	804 : E3;
	805 : E3;
	806 : E3;
	807 : E3;
	808 : E3;
	809 : E3;
	810 : E3;
	811 : E3;
	812 : E3;
	813 : E3;
	814 : E3;
	815 : E3;
	816 : E3;
	817 : E3;
	818 : E3;
	819 : E3;
	820 : E3;
	821 : E3;
	822 : E3;
	823 : E3;
	824 : E3;
	825 : E3;
	826 : E3;
	827 : E3;
	828 : E3;
	829 : E3;
	830 : E3;
	831 : E3;
	832 : E3;
	833 : E3;
	834 : E3;
	835 : E3;
	836 : E3;
	837 : E3;
	838 : E3;
	839 : E3;
	840 : E3;
	841 : E3;
	842 : E3;
	843 : E3;
	844 : E3;
	845 : E3;
	846 : E3;
	847 : E3;
	848 : E3;
	849 : E3;
	850 : E3;
	851 : E3;
	852 : E3;
	853 : E3;
	854 : E3;
	855 : E3;
	856 : E3;
	857 : E3;
	858 : E3;
	859 : E3;
	860 : E3;
	861 : E3;
	862 : E3;
	863 : E3;
	864 : E3;
	865 : E3;
	866 : E3;
	867 : E3;
	868 : E3;
	869 : E3;
	870 : E3;
	871 : E3;
	872 : E3;
	873 : E3;
	874 : E3;
	875 : E3;
	876 : E3;
	877 : E3;
	878 : E3;
	879 : E3;
	880 : E3;
	881 : E3;
	882 : E3;
	883 : E3;
	884 : E3;
	885 : E3;
	886 : E3;
	887 : E3;
	888 : E3;
	889 : E3;
	890 : E3;
	891 : E3;
	892 : E3;
	893 : E3;
	894 : E3;
	895 : E3;
	896 : E3;
	897 : E3;
	898 : E3;
	899 : E3;
	900 : E3;
	901 : E3;
	902 : E3;
	903 : E3;
	904 : E3;
	905 : E3;
	906 : E3;
	907 : E3;
	908 : E3;
	909 : E3;
	910 : E3;
	911 : E3;
	912 : E3;
	913 : E3;
	914 : E3;
	915 : E3;
	916 : E3;
	917 : E3;
	918 : E3;
	919 : E3;
	920 : E3;
	921 : E3;
	922 : E3;
	923 : E3;
	924 : E3;
	925 : E3;
	926 : E3;
	927 : E3;
	928 : E3;
	929 : E3;
	930 : E3;
	931 : E3;
	932 : E3;
	933 : E3;
	934 : E3;
	935 : E3;
	936 : E3;
	937 : E3;
	938 : E3;
	939 : E3;
	940 : E3;
	941 : E3;
	942 : E3;
	943 : E3;
	944 : E3;
	945 : E3;
	946 : E3;
	947 : E3;
	948 : E3;
	949 : E3;
	950 : E3;
	951 : E3;
	952 : E3;
	953 : E3;
	954 : E3;
	955 : E3;
	956 : E3;
	957 : E3;
	958 : E3;
	959 : E3;
	960 : E3;
	961 : E3;
	962 : E3;
	963 : E3;
	964 : E3;
	965 : E3;
	966 : E3;
	967 : E3;
	968 : E3;
	969 : E3;
	970 : E3;
	971 : E3;
	972 : E3;
	973 : E3;
	974 : E3;
	975 : E3;
	976 : E3;
	977 : E3;
	978 : E3;
	979 : E3;
	980 : E3;
	981 : E3;
	982 : E3;
	983 : E3;
	984 : E3;
	985 : E3;
	986 : E3;
	987 : E3;
	988 : E3;
	989 : E3;
	990 : E3;
	991 : E3;
	992 : E3;
	993 : E3;
	994 : E3;
	995 : E3;
	996 : E3;
	997 : E3;
	998 : E3;
	999 : E3;
	1000 : E3;
	1001 : E3;
	1002 : E3;
	1003 : E3;
	1004 : E3;
	1005 : E3;
	1006 : E3;
	1007 : E3;
	1008 : E3;
	1009 : E3;
	1010 : E3;
	1011 : E3;
	1012 : E3;
	1013 : E3;
	1014 : E3;
	1015 : E3;
	1016 : E3;
	1017 : E3;
	1018 : E3;
	1019 : E3;
	1020 : E3;
	1021 : E3;
	1022 : E3;
	1023 : E3;
	1024 : E3;
	1025 : E3;
	1026 : E3;
	1027 : E3;
	1028 : E3;
	1029 : E3;
	1030 : E3;
	1031 : E3;
	1032 : E3;
	1033 : E3;
	1034 : E3;
	1035 : E3;
	1036 : E3;
	1037 : E3;
	1038 : E3;
	1039 : E3;
	1040 : E3;
	1041 : E3;
	1042 : E3;
	1043 : E3;
	1044 : E3;
	1045 : E3;
	1046 : E3;
	1047 : E3;
	1048 : E3;
	1049 : E3;
	1050 : E3;
	1051 : E3;
	1052 : E3;
	1053 : E3;
	1054 : E3;
	1055 : E3;
	1056 : E3;
	1057 : E3;
	1058 : E3;
	1059 : E3;
	1060 : E3;
	1061 : E3;
	1062 : E3;
	1063 : E3;
	1064 : E3;
	1065 : E3;
	1066 : E3;
	1067 : E3;
	1068 : E3;
	1069 : E3;
	1070 : E3;
	1071 : E3;
	1072 : E3;
	1073 : E3;
	1074 : E3;
	1075 : E3;
	1076 : E3;
	1077 : E3;
	1078 : E3;
	1079 : E3;
	1080 : E3;
	1081 : E3;
	1082 : E3;
	1083 : E3;
	1084 : E3;
	1085 : E3;
	1086 : E3;
	1087 : E3;
	1088 : E3;
	1089 : E3;
	1090 : E3;
	1091 : E3;
	1092 : E3;
	1093 : E3;
	1094 : E3;
	1095 : E3;
	1096 : E3;
	1097 : E3;
	1098 : E3;
	1099 : E3;
	1100 : E3;
	1101 : E3;
	1102 : E3;
	1103 : E3;
	1104 : E3;
	1105 : E3;
	1106 : E3;
	1107 : E3;
	1108 : E3;
	1109 : E3;
	1110 : E3;
	1111 : E3;
	1112 : E3;
	1113 : E3;
	1114 : E3;
	1115 : E3;
	1116 : E3;
	1117 : E3;
	1118 : E3;
	1119 : E3;
	1120 : E3;
	1121 : E3;
	1122 : E3;
	1123 : E3;
	1124 : E3;
	1125 : E3;
	1126 : E3;
	1127 : E3;
	1128 : E3;
	1129 : E3;
	1130 : E3;
	1131 : E3;
	1132 : E3;
	1133 : E3;
	1134 : E3;
	1135 : E3;
	1136 : E3;
	1137 : E3;
	1138 : E3;
	1139 : E3;
	1140 : E3;
	1141 : E3;
	1142 : E3;
	1143 : E3;
	1144 : E3;
	1145 : E3;
	1146 : E3;
	1147 : E3;
	1148 : E3;
	1149 : E3;
	1150 : E3;
	1151 : E3;
	1152 : E3;
	1153 : E3;
	1154 : E3;
	1155 : E3;
	1156 : E3;
	1157 : E3;
	1158 : E3;
	1159 : E3;
	1160 : E3;
	1161 : E3;
	1162 : E3;
	1163 : E3;
	1164 : E3;
	1165 : E3;
	1166 : E3;
	1167 : E3;
	1168 : E3;
	1169 : E3;
	1170 : E3;
	1171 : E3;
	1172 : E3;
	1173 : E3;
	1174 : E3;
	1175 : E3;
	1176 : E3;
	1177 : E3;
	1178 : E3;
	1179 : E3;
	1180 : E3;
	1181 : E3;
	1182 : E3;
	1183 : E3;
	1184 : E3;
	1185 : E3;
	1186 : E3;
	1187 : E3;
	1188 : E3;
	1189 : E3;
	1190 : E3;
	1191 : E3;
	1192 : E3;
	1193 : E3;
	1194 : E3;
	1195 : E3;
	1196 : E3;
	1197 : E3;
	1198 : E3;
	1199 : E3;
	1200 : E3;
	1201 : E3;
	1202 : E3;
	1203 : E3;
	1204 : E3;
	1205 : E3;
	1206 : E3;
	1207 : E3;
	1208 : E3;
	1209 : E3;
	1210 : E3;
	1211 : E3;
	1212 : E3;
	1213 : E3;
	1214 : E3;
	1215 : E3;
	1216 : E3;
	1217 : E3;
	1218 : E3;
	1219 : E3;
	1220 : E3;
	1221 : E3;
	1222 : E3;
	1223 : E3;
	1224 : E3;
	1225 : E3;
	1226 : E3;
	1227 : E3;
	1228 : E3;
	1229 : E3;
	1230 : E3;
	1231 : E3;
	1232 : E3;
	1233 : E3;
	1234 : E3;
	1235 : E3;
	1236 : E3;
	1237 : E3;
	1238 : E3;
	1239 : E3;
	1240 : E3;
	1241 : E3;
	1242 : E3;
	1243 : E3;
	1244 : E3;
	1245 : E3;
	1246 : E3;
	1247 : E3;
	1248 : E3;
	1249 : E3;
	1250 : E3;
	1251 : E3;
	1252 : E3;
	1253 : E3;
	1254 : E3;
	1255 : E3;
	1256 : E3;
	1257 : E3;
	1258 : E3;
	1259 : E3;
	1260 : E3;
	1261 : E3;
	1262 : E3;
	1263 : E3;
	1264 : E3;
	1265 : E3;
	1266 : E3;
	1267 : E3;
	1268 : E3;
	1269 : E3;
	1270 : E3;
	1271 : E3;
	1272 : E3;
	1273 : E3;
	1274 : E3;
	1275 : E3;
	1276 : E3;
	1277 : E3;
	1278 : E3;
	1279 : E3;
	1280 : E3;
	1281 : E3;
	1282 : E3;
	1283 : E3;
	1284 : E3;
	1285 : E3;
	1286 : E3;
	1287 : E3;
	1288 : E3;
	1289 : E3;
	1290 : E3;
	1291 : E3;
	1292 : E3;
	1293 : E3;
	1294 : E3;
	1295 : E3;
	1296 : E3;
	1297 : E3;
	1298 : E3;
	1299 : E3;
	1300 : E3;
	1301 : E3;
	1302 : E3;
	1303 : E3;
	1304 : E3;
	1305 : E3;
	1306 : E3;
	1307 : E3;
	1308 : E3;
	1309 : E3;
	1310 : E3;
	1311 : E3;
	1312 : E3;
	1313 : E3;
	1314 : E3;
	1315 : E3;
	1316 : E3;
	1317 : E3;
	1318 : E3;
	1319 : E3;
	1320 : E3;
	1321 : E3;
	1322 : E3;
	1323 : E3;
	1324 : E3;
	1325 : E3;
	1326 : E3;
	1327 : E3;
	1328 : E3;
	1329 : E3;
	1330 : E3;
	1331 : E3;
	1332 : E3;
	1333 : E3;
	1334 : E3;
	1335 : E3;
	1336 : E3;
	1337 : E3;
	1338 : E3;
	1339 : E3;
	1340 : E3;
	1341 : E3;
	1342 : E3;
	1343 : E3;
	1344 : E3;
	1345 : E3;
	1346 : E3;
	1347 : E3;
	1348 : E3;
	1349 : E3;
	1350 : E3;
	1351 : E3;
	1352 : E3;
	1353 : E3;
	1354 : E3;
	1355 : E3;
	1356 : E3;
	1357 : E3;
	1358 : E3;
	1359 : E3;
	1360 : E3;
	1361 : E3;
	1362 : E3;
	1363 : E3;
	1364 : E3;
	1365 : E3;
	1366 : E3;
	1367 : E3;
	1368 : E3;
	1369 : E3;
	1370 : E3;
	1371 : E3;
	1372 : E3;
	1373 : E3;
	1374 : E3;
	1375 : E3;
	1376 : E3;
	1377 : E3;
	1378 : E3;
	1379 : E3;
	1380 : E3;
	1381 : E3;
	1382 : E3;
	1383 : E3;
	1384 : E3;
	1385 : E3;
	1386 : E3;
	1387 : E3;
	1388 : E3;
	1389 : E3;
	1390 : E3;
	1391 : E3;
	1392 : E3;
	1393 : E3;
	1394 : E3;
	1395 : E3;
	1396 : E3;
	1397 : E3;
	1398 : E3;
	1399 : E3;
	1400 : E3;
	1401 : E3;
	1402 : E3;
	1403 : E3;
	1404 : E3;
	1405 : E3;
	1406 : E3;
	1407 : E3;
	1408 : E3;
	1409 : E3;
	1410 : E3;
	1411 : E3;
	1412 : E3;
	1413 : E3;
	1414 : E3;
	1415 : E3;
	1416 : E3;
	1417 : E3;
	1418 : E3;
	1419 : E3;
	1420 : E3;
	1421 : E3;
	1422 : E3;
	1423 : E3;
	1424 : E3;
	1425 : E3;
	1426 : E3;
	1427 : E3;
	1428 : E3;
	1429 : E3;
	1430 : E3;
	1431 : E3;
	1432 : E3;
	1433 : E3;
	1434 : E3;
	1435 : E3;
	1436 : E3;
	1437 : E3;
	1438 : E3;
	1439 : E3;
	1440 : E3;
	1441 : E3;
	1442 : E3;
	1443 : E3;
	1444 : E3;
	1445 : E3;
	1446 : E3;
	1447 : E3;
	1448 : E3;
	1449 : E3;
	1450 : E3;
	1451 : E3;
	1452 : E3;
	1453 : E3;
	1454 : E3;
	1455 : E3;
	1456 : E3;
	1457 : E3;
	1458 : E3;
	1459 : E3;
	1460 : E3;
	1461 : E3;
	1462 : E3;
	1463 : E3;
	1464 : E3;
	1465 : E3;
	1466 : E3;
	1467 : E3;
	1468 : E3;
	1469 : E3;
	1470 : E3;
	1471 : E3;
	1472 : E3;
	1473 : E3;
	1474 : E3;
	1475 : E3;
	1476 : E3;
	1477 : E3;
	1478 : E3;
	1479 : E3;
	1480 : E3;
	1481 : E3;
	1482 : E3;
	1483 : E3;
	1484 : E3;
	1485 : E3;
	1486 : E3;
	1487 : E3;
	1488 : E3;
	1489 : E3;
	1490 : E3;
	1491 : E3;
	1492 : E3;
	1493 : E3;
	1494 : E3;
	1495 : E3;
	1496 : E3;
	1497 : E3;
	1498 : E3;
	1499 : E3;
	1500 : E3;
	1501 : E3;
	1502 : E3;
	1503 : E3;
	1504 : E3;
	1505 : E3;
	1506 : E3;
	1507 : E3;
	1508 : E3;
	1509 : E3;
	1510 : E3;
	1511 : E3;
	1512 : E3;
	1513 : E3;
	1514 : E3;
	1515 : E3;
	1516 : E3;
	1517 : E3;
	1518 : E3;
	1519 : E3;
	1520 : E3;
	1521 : E3;
	1522 : E3;
	1523 : E3;
	1524 : E3;
	1525 : E3;
	1526 : E3;
	1527 : E3;
	1528 : E3;
	1529 : E3;
	1530 : E3;
	1531 : E3;
	1532 : E3;
	1533 : E3;
	1534 : E3;
	1535 : E3;
	1536 : E3;
	1537 : E3;
	1538 : E3;
	1539 : E3;
	1540 : E3;
	1541 : E3;
	1542 : E3;
	1543 : E3;
	1544 : E3;
	1545 : E3;
	1546 : E3;
	1547 : E3;
	1548 : E3;
	1549 : E3;
	1550 : E3;
	1551 : E3;
	1552 : E3;
	1553 : E3;
	1554 : E3;
	1555 : E3;
	1556 : E3;
	1557 : E3;
	1558 : E3;
	1559 : E3;
	1560 : E3;
	1561 : E3;
	1562 : E3;
	1563 : E3;
	1564 : E3;
	1565 : E3;
	1566 : E3;
	1567 : E3;
	1568 : E3;
	1569 : E3;
	1570 : E3;
	1571 : E3;
	1572 : E3;
	1573 : E3;
	1574 : E3;
	1575 : E3;
	1576 : E3;
	1577 : E3;
	1578 : E3;
	1579 : E3;
	1580 : E3;
	1581 : E3;
	1582 : E3;
	1583 : E3;
	1584 : E3;
	1585 : E3;
	1586 : E3;
	1587 : E3;
	1588 : E3;
	1589 : E3;
	1590 : E3;
	1591 : E3;
	1592 : E3;
	1593 : E3;
	1594 : E3;
	1595 : E3;
	1596 : E3;
	1597 : E3;
	1598 : E3;
	1599 : E3;
	1600 : E3;
	1601 : E3;
	1602 : E3;
	1603 : E3;
	1604 : E3;
	1605 : E3;
	1606 : E3;
	1607 : E3;
	1608 : E3;
	1609 : E3;
	1610 : E3;
	1611 : E3;
	1612 : E3;
	1613 : E3;
	1614 : E3;
	1615 : E3;
	1616 : E3;
	1617 : E3;
	1618 : E3;
	1619 : E3;
	1620 : E3;
	1621 : E3;
	1622 : E3;
	1623 : E3;
	1624 : E3;
	1625 : E3;
	1626 : E3;
	1627 : E3;
	1628 : E3;
	1629 : E3;
	1630 : E3;
	1631 : E3;
	1632 : E3;
	1633 : E3;
	1634 : E3;
	1635 : E3;
	1636 : E3;
	1637 : E3;
	1638 : E3;
	1639 : E3;
	1640 : E3;
	1641 : E3;
	1642 : E3;
	1643 : E3;
	1644 : E3;
	1645 : E3;
	1646 : E3;
	1647 : E3;
	1648 : E3;
	1649 : E3;
	1650 : E3;
	1651 : E3;
	1652 : E3;
	1653 : E3;
	1654 : E3;
	1655 : E3;
	1656 : E3;
	1657 : E3;
	1658 : E3;
	1659 : E3;
	1660 : E3;
	1661 : E3;
	1662 : E3;
	1663 : E3;
	1664 : E3;
	1665 : E3;
	1666 : E3;
	1667 : E3;
	1668 : E3;
	1669 : E3;
	1670 : E3;
	1671 : E3;
	1672 : E3;
	1673 : E3;
	1674 : E3;
	1675 : E3;
	1676 : E3;
	1677 : E3;
	1678 : E3;
	1679 : E3;
	1680 : E3;
	1681 : E3;
	1682 : E3;
	1683 : E3;
	1684 : E3;
	1685 : E3;
	1686 : E3;
	1687 : E3;
	1688 : E3;
	1689 : E3;
	1690 : E3;
	1691 : E3;
	1692 : E3;
	1693 : E3;
	1694 : E3;
	1695 : E3;
	1696 : E3;
	1697 : E3;
	1698 : E3;
	1699 : E3;
	1700 : E3;
	1701 : E3;
	1702 : E3;
	1703 : E3;
	1704 : E3;
	1705 : E3;
	1706 : E3;
	1707 : E3;
	1708 : E3;
	1709 : E3;
	1710 : E3;
	1711 : E3;
	1712 : E3;
	1713 : E3;
	1714 : E3;
	1715 : E3;
	1716 : E3;
	1717 : E3;
	1718 : E3;
	1719 : E3;
	1720 : E3;
	1721 : E3;
	1722 : E3;
	1723 : E3;
	1724 : E3;
	1725 : E3;
	1726 : E3;
	1727 : E3;
	1728 : E3;
	1729 : E3;
	1730 : E3;
	1731 : E3;
	1732 : E3;
	1733 : E3;
	1734 : E3;
	1735 : E3;
	1736 : E3;
	1737 : E3;
	1738 : E3;
	1739 : E3;
	1740 : E3;
	1741 : E3;
	1742 : E3;
	1743 : E3;
	1744 : E3;
	1745 : E3;
	1746 : E3;
	1747 : E3;
	1748 : E3;
	1749 : E3;
	1750 : E3;
	1751 : E3;
	1752 : E3;
	1753 : E3;
	1754 : E3;
	1755 : E3;
	1756 : E3;
	1757 : E3;
	1758 : E3;
	1759 : E3;
	1760 : E3;
	1761 : E3;
	1762 : E3;
	1763 : E3;
	1764 : E3;
	1765 : E3;
	1766 : E3;
	1767 : E3;
	1768 : E3;
	1769 : E3;
	1770 : E3;
	1771 : E3;
	1772 : E3;
	1773 : E3;
	1774 : E3;
	1775 : E3;
	1776 : E3;
	1777 : E3;
	1778 : E3;
	1779 : E3;
	1780 : E3;
	1781 : E3;
	1782 : E3;
	1783 : E3;
	1784 : E3;
	1785 : E3;
	1786 : E3;
	1787 : E3;
	1788 : E3;
	1789 : E3;
	1790 : E3;
	1791 : E3;
	1792 : E3;
	1793 : E3;
	1794 : E3;
	1795 : E3;
	1796 : E3;
	1797 : E3;
	1798 : E3;
	1799 : E3;
	1800 : E3;
	1801 : E3;
	1802 : E3;
	1803 : E3;
	1804 : E3;
	1805 : E3;
	1806 : E3;
	1807 : E3;
	1808 : E3;
	1809 : E3;
	1810 : E3;
	1811 : E3;
	1812 : E3;
	1813 : E3;
	1814 : E3;
	1815 : E3;
	1816 : E3;
	1817 : E3;
	1818 : E3;
	1819 : E3;
	1820 : E3;
	1821 : E3;
	1822 : E3;
	1823 : E3;
	1824 : E3;
	1825 : E3;
	1826 : E3;
	1827 : E3;
	1828 : E3;
	1829 : E3;
	1830 : E3;
	1831 : E3;
	1832 : E3;
	1833 : E3;
	1834 : E3;
	1835 : E3;
	1836 : E3;
	1837 : E3;
	1838 : E3;
	1839 : E3;
	1840 : E3;
	1841 : E3;
	1842 : E3;
	1843 : E3;
	1844 : E3;
	1845 : E3;
	1846 : E3;
	1847 : E3;
	1848 : E3;
	1849 : E3;
	1850 : E3;
	1851 : E3;
	1852 : E3;
	1853 : E3;
	1854 : E3;
	1855 : E3;
	1856 : E3;
	1857 : E3;
	1858 : E3;
	1859 : E3;
	1860 : E3;
	1861 : E3;
	1862 : E3;
	1863 : E3;
	1864 : E3;
	1865 : E3;
	1866 : E3;
	1867 : E3;
	1868 : E3;
	1869 : E3;
	1870 : E3;
	1871 : E3;
	1872 : E3;
	1873 : E3;
	1874 : E3;
	1875 : E3;
	1876 : E3;
	1877 : E3;
	1878 : E3;
	1879 : E3;
	1880 : E3;
	1881 : E3;
	1882 : E3;
	1883 : E3;
	1884 : E3;
	1885 : E3;
	1886 : E3;
	1887 : E3;
	1888 : E3;
	1889 : E3;
	1890 : E3;
	1891 : E3;
	1892 : E3;
	1893 : E3;
	1894 : E3;
	1895 : E3;
	1896 : E3;
	1897 : E3;
	1898 : E3;
	1899 : E3;
	1900 : E3;
	1901 : E3;
	1902 : E3;
	1903 : E3;
	1904 : E3;
	1905 : E3;
	1906 : E3;
	1907 : E3;
	1908 : E3;
	1909 : E3;
	1910 : E3;
	1911 : E3;
	1912 : E3;
	1913 : E3;
	1914 : E3;
	1915 : E3;
	1916 : E3;
	1917 : E3;
	1918 : E3;
	1919 : E3;
	1920 : E3;
	1921 : E3;
	1922 : E3;
	1923 : E3;
	1924 : E3;
	1925 : E3;
	1926 : E3;
	1927 : E3;
	1928 : E3;
	1929 : E3;
	1930 : E3;
	1931 : E3;
	1932 : E3;
	1933 : E3;
	1934 : E3;
	1935 : E3;
	1936 : E3;
	1937 : E3;
	1938 : E3;
	1939 : E3;
	1940 : E3;
	1941 : E3;
	1942 : E3;
	1943 : E3;
	1944 : E3;
	1945 : E3;
	1946 : E3;
	1947 : E3;
	1948 : E3;
	1949 : E3;
	1950 : E3;
	1951 : E3;
	1952 : E3;
	1953 : E3;
	1954 : E3;
	1955 : E3;
	1956 : E3;
	1957 : E3;
	1958 : E3;
	1959 : E3;
	1960 : E3;
	1961 : E3;
	1962 : E3;
	1963 : E3;
	1964 : E3;
	1965 : E3;
	1966 : E3;
	1967 : E3;
	1968 : E3;
	1969 : E3;
	1970 : E3;
	1971 : E3;
	1972 : E3;
	1973 : E3;
	1974 : E3;
	1975 : E3;
	1976 : E3;
	1977 : E3;
	1978 : E3;
	1979 : E3;
	1980 : E3;
	1981 : E3;
	1982 : E3;
	1983 : E3;
	1984 : E3;
	1985 : E3;
	1986 : E3;
	1987 : E3;
	1988 : E3;
	1989 : E3;
	1990 : E3;
	1991 : E3;
	1992 : E3;
	1993 : E3;
	1994 : E3;
	1995 : E3;
	1996 : E3;
	1997 : E3;
	1998 : E3;
	1999 : E3;
	2000 : E3;
	2001 : E3;
	2002 : E3;
	2003 : E3;
	2004 : E3;
	2005 : E3;
	2006 : E3;
	2007 : E3;
	2008 : E3;
	2009 : E3;
	2010 : E3;
	2011 : E3;
	2012 : E3;
	2013 : E3;
	2014 : E3;
	2015 : E3;
	2016 : E3;
	2017 : E3;
	2018 : E3;
	2019 : E3;
	2020 : E3;
	2021 : E3;
	2022 : E3;
	2023 : E3;
	2024 : E3;
	2025 : E3;
	2026 : E3;
	2027 : E3;
	2028 : E3;
	2029 : E3;
	2030 : E3;
	2031 : E3;
	2032 : E3;
	2033 : E3;
	2034 : E3;
	2035 : E3;
	2036 : E3;
	2037 : E3;
	2038 : E3;
	2039 : E3;
	2040 : E3;
	2041 : E3;
	2042 : E3;
	2043 : E3;
	2044 : E3;
	2045 : E3;
	2046 : E3;
	2047 : E3;
	2048 : E3;
	2049 : E3;
	2050 : E3;
	2051 : E3;
	2052 : E3;
	2053 : E3;
	2054 : E3;
	2055 : E3;
	2056 : E3;
	2057 : E3;
	2058 : E3;
	2059 : E3;
	2060 : E3;
	2061 : E3;
	2062 : E3;
	2063 : E3;
	2064 : E3;
	2065 : E3;
	2066 : E3;
	2067 : E3;
	2068 : E3;
	2069 : E3;
	2070 : E3;
	2071 : E3;
	2072 : E3;
	2073 : E3;
	2074 : E3;
	2075 : E3;
	2076 : E3;
	2077 : E3;
	2078 : E3;
	2079 : E3;
	2080 : E3;
	2081 : E3;
	2082 : E3;
	2083 : E3;
	2084 : E3;
	2085 : E3;
	2086 : E3;
	2087 : E3;
	2088 : E3;
	2089 : E3;
	2090 : E3;
	2091 : E3;
	2092 : E3;
	2093 : E3;
	2094 : E3;
	2095 : E3;
	2096 : E3;
	2097 : E3;
	2098 : E3;
	2099 : E3;
	2100 : E3;
	2101 : E3;
	2102 : E3;
	2103 : E3;
	2104 : E3;
	2105 : E3;
	2106 : E3;
	2107 : E3;
	2108 : E3;
	2109 : E3;
	2110 : E3;
	2111 : E3;
	2112 : E3;
	2113 : E3;
	2114 : E3;
	2115 : E3;
	2116 : E3;
	2117 : E3;
	2118 : E3;
	2119 : E3;
	2120 : E3;
	2121 : E3;
	2122 : E3;
	2123 : E3;
	2124 : E3;
	2125 : E3;
	2126 : E3;
	2127 : E3;
	2128 : E3;
	2129 : E3;
	2130 : E3;
	2131 : E3;
	2132 : E3;
	2133 : E3;
	2134 : E3;
	2135 : E3;
	2136 : E3;
	2137 : E3;
	2138 : E3;
	2139 : E3;
	2140 : E3;
	2141 : E3;
	2142 : E3;
	2143 : E3;
	2144 : E3;
	2145 : E3;
	2146 : E3;
	2147 : E3;
	2148 : E3;
	2149 : E3;
	2150 : E3;
	2151 : E3;
	2152 : E3;
	2153 : E3;
	2154 : E3;
	2155 : E3;
	2156 : E3;
	2157 : E3;
	2158 : E3;
	2159 : E3;
	2160 : E3;
	2161 : E3;
	2162 : E3;
	2163 : E3;
	2164 : E3;
	2165 : E3;
	2166 : E3;
	2167 : E3;
	2168 : E3;
	2169 : E3;
	2170 : E3;
	2171 : E3;
	2172 : E3;
	2173 : E3;
	2174 : E3;
	2175 : E3;
	2176 : E3;
	2177 : E3;
	2178 : E3;
	2179 : E3;
	2180 : E3;
	2181 : E3;
	2182 : E3;
	2183 : E3;
	2184 : E3;
	2185 : E3;
	2186 : E3;
	2187 : E3;
	2188 : E3;
	2189 : E3;
	2190 : E3;
	2191 : E3;
	2192 : E3;
	2193 : E3;
	2194 : E3;
	2195 : E3;
	2196 : E3;
	2197 : E3;
	2198 : E3;
	2199 : E3;
	2200 : E3;
	2201 : E3;
	2202 : E3;
	2203 : E3;
	2204 : E3;
	2205 : E3;
	2206 : E3;
	2207 : E3;
	2208 : E3;
	2209 : E3;
	2210 : E3;
	2211 : E3;
	2212 : E3;
	2213 : E3;
	2214 : E3;
	2215 : E3;
	2216 : E3;
	2217 : E3;
	2218 : E3;
	2219 : E3;
	2220 : E3;
	2221 : E3;
	2222 : E3;
	2223 : E3;
	2224 : E3;
	2225 : E3;
	2226 : E3;
	2227 : E3;
	2228 : E3;
	2229 : E3;
	2230 : E3;
	2231 : E3;
	2232 : E3;
	2233 : E3;
	2234 : E3;
	2235 : E3;
	2236 : E3;
	2237 : E3;
	2238 : E3;
	2239 : E3;
	2240 : E3;
	2241 : E3;
	2242 : E3;
	2243 : E3;
	2244 : E3;
	2245 : E3;
	2246 : E3;
	2247 : E3;
	2248 : E3;
	2249 : E3;
	2250 : E3;
	2251 : E3;
	2252 : E3;
	2253 : E3;
	2254 : E3;
	2255 : E3;
	2256 : E3;
	2257 : E3;
	2258 : E3;
	2259 : E3;
	2260 : E3;
	2261 : E3;
	2262 : E3;
	2263 : E3;
	2264 : E3;
	2265 : E3;
	2266 : E3;
	2267 : E3;
	2268 : E3;
	2269 : E3;
	2270 : E3;
	2271 : E3;
	2272 : E3;
	2273 : E3;
	2274 : E3;
	2275 : E3;
	2276 : E3;
	2277 : E3;
	2278 : E3;
	2279 : E3;
	2280 : E3;
	2281 : E3;
	2282 : E3;
	2283 : E3;
	2284 : E3;
	2285 : E3;
	2286 : E3;
	2287 : E3;
	2288 : E3;
	2289 : E3;
	2290 : E3;
	2291 : E3;
	2292 : E3;
	2293 : E3;
	2294 : E3;
	2295 : E3;
	2296 : E3;
	2297 : E3;
	2298 : E3;
	2299 : E3;
	2300 : E3;
	2301 : E3;
	2302 : E3;
	2303 : E3;
	2304 : E3;
	2305 : E3;
	2306 : E3;
	2307 : E3;
	2308 : E3;
	2309 : E3;
	2310 : E3;
	2311 : E3;
	2312 : E3;
	2313 : E3;
	2314 : E3;
	2315 : E3;
	2316 : E3;
	2317 : E3;
	2318 : E3;
	2319 : E3;
	2320 : E3;
	2321 : E3;
	2322 : E3;
	2323 : E3;
	2324 : E3;
	2325 : E3;
	2326 : E3;
	2327 : E3;
	2328 : E3;
	2329 : E3;
	2330 : E3;
	2331 : E3;
	2332 : E3;
	2333 : E3;
	2334 : E3;
	2335 : E3;
	2336 : E3;
	2337 : E3;
	2338 : E3;
	2339 : E3;
	2340 : E3;
	2341 : E3;
	2342 : E3;
	2343 : E3;
	2344 : E3;
	2345 : E3;
	2346 : E3;
	2347 : E3;
	2348 : E3;
	2349 : E3;
	2350 : E3;
	2351 : E3;
	2352 : E3;
	2353 : E3;
	2354 : E3;
	2355 : E3;
	2356 : E3;
	2357 : E3;
	2358 : E3;
	2359 : E3;
	2360 : E3;
	2361 : E3;
	2362 : E3;
	2363 : E3;
	2364 : E3;
	2365 : E3;
	2366 : E3;
	2367 : E3;
	2368 : E3;
	2369 : E3;
	2370 : E3;
	2371 : E3;
	2372 : E3;
	2373 : E3;
	2374 : E3;
	2375 : E3;
	2376 : E3;
	2377 : E3;
	2378 : E3;
	2379 : E3;
	2380 : E3;
	2381 : E3;
	2382 : E3;
	2383 : E3;
	2384 : E3;
	2385 : E3;
	2386 : E3;
	2387 : E3;
	2388 : E3;
	2389 : E3;
	2390 : E3;
	2391 : E3;
	2392 : E3;
	2393 : E3;
	2394 : E3;
	2395 : E3;
	2396 : E3;
	2397 : E3;
	2398 : E3;
	2399 : E3;
	2400 : E3;
	2401 : E3;
	2402 : E3;
	2403 : E3;
	2404 : E3;
	2405 : E3;
	2406 : E3;
	2407 : E3;
	2408 : E3;
	2409 : E3;
	2410 : E3;
	2411 : E3;
	2412 : E3;
	2413 : E3;
	2414 : E3;
	2415 : E3;
	2416 : E3;
	2417 : E3;
	2418 : E3;
	2419 : E3;
	2420 : E3;
	2421 : E3;
	2422 : E3;
	2423 : E3;
	2424 : E3;
	2425 : E3;
	2426 : E3;
	2427 : E3;
	2428 : E3;
	2429 : E3;
	2430 : E3;
	2431 : E3;
	2432 : E3;
	2433 : E3;
	2434 : E3;
	2435 : E3;
	2436 : E3;
	2437 : E3;
	2438 : E3;
	2439 : E3;
	2440 : E3;
	2441 : E3;
	2442 : E3;
	2443 : E3;
	2444 : E3;
	2445 : E3;
	2446 : E3;
	2447 : E3;
	2448 : E3;
	2449 : E3;
	2450 : E3;
	2451 : E3;
	2452 : E3;
	2453 : E3;
	2454 : E3;
	2455 : E3;
	2456 : E3;
	2457 : E3;
	2458 : E3;
	2459 : E3;
	2460 : E3;
	2461 : E3;
	2462 : E3;
	2463 : E3;
	2464 : E3;
	2465 : E3;
	2466 : E3;
	2467 : E3;
	2468 : E3;
	2469 : E3;
	2470 : E3;
	2471 : E3;
	2472 : E3;
	2473 : E3;
	2474 : E3;
	2475 : E3;
	2476 : E3;
	2477 : E3;
	2478 : E3;
	2479 : E3;
	2480 : E3;
	2481 : E3;
	2482 : E3;
	2483 : E3;
	2484 : E3;
	2485 : E3;
	2486 : E3;
	2487 : E3;
	2488 : E3;
	2489 : E3;
	2490 : E3;
	2491 : E3;
	2492 : E3;
	2493 : E3;
	2494 : E3;
	2495 : E3;
	2496 : E3;
	2497 : E3;
	2498 : E3;
	2499 : E3;
	2500 : E3;
	2501 : E3;
	2502 : E3;
	2503 : E3;
	2504 : E3;
	2505 : E3;
	2506 : E3;
	2507 : E3;
	2508 : E3;
	2509 : E3;
	2510 : E3;
	2511 : E3;
	2512 : E3;
	2513 : E3;
	2514 : E3;
	2515 : E3;
	2516 : E3;
	2517 : E3;
	2518 : E3;
	2519 : E3;
	2520 : E3;
	2521 : E3;
	2522 : E3;
	2523 : E3;
	2524 : E3;
	2525 : E3;
	2526 : E3;
	2527 : E3;
	2528 : E3;
	2529 : E3;
	2530 : E3;
	2531 : E3;
	2532 : E3;
	2533 : E3;
	2534 : E3;
	2535 : E3;
	2536 : E3;
	2537 : E3;
	2538 : E3;
	2539 : E3;
	2540 : E3;
	2541 : E3;
	2542 : E3;
	2543 : E3;
	2544 : E3;
	2545 : E3;
	2546 : E3;
	2547 : E3;
	2548 : E3;
	2549 : E3;
	2550 : E3;
	2551 : E3;
	2552 : E3;
	2553 : E3;
	2554 : E3;
	2555 : E3;
	2556 : E3;
	2557 : E3;
	2558 : E3;
	2559 : E3;
	2560 : E3;
	2561 : E3;
	2562 : E3;
	2563 : E3;
	2564 : E3;
	2565 : E3;
	2566 : E3;
	2567 : E3;
	2568 : E3;
	2569 : E3;
	2570 : E3;
	2571 : E3;
	2572 : E3;
	2573 : E3;
	2574 : E3;
	2575 : E3;
	2576 : E3;
	2577 : E3;
	2578 : E3;
	2579 : E3;
	2580 : E3;
	2581 : E3;
	2582 : E3;
	2583 : E3;
	2584 : E3;
	2585 : E3;
	2586 : E3;
	2587 : E3;
	2588 : E3;
	2589 : E3;
	2590 : E3;
	2591 : E3;
	2592 : E3;
	2593 : E3;
	2594 : E3;
	2595 : E3;
	2596 : E3;
	2597 : E3;
	2598 : E3;
	2599 : E3;
	2600 : E3;
	2601 : E3;
	2602 : E3;
	2603 : E3;
	2604 : E3;
	2605 : E3;
	2606 : E3;
	2607 : E3;
	2608 : E3;
	2609 : E3;
	2610 : E3;
	2611 : E3;
	2612 : E3;
	2613 : E3;
	2614 : E3;
	2615 : E3;
	2616 : E3;
	2617 : E3;
	2618 : E3;
	2619 : E3;
	2620 : E3;
	2621 : E3;
	2622 : E3;
	2623 : E3;
	2624 : E3;
	2625 : E3;
	2626 : E3;
	2627 : E3;
	2628 : E3;
	2629 : E3;
	2630 : E3;
	2631 : E3;
	2632 : E3;
	2633 : E3;
	2634 : E3;
	2635 : E3;
	2636 : E3;
	2637 : E3;
	2638 : E3;
	2639 : E3;
	2640 : E3;
	2641 : E3;
	2642 : E3;
	2643 : E3;
	2644 : E3;
	2645 : E3;
	2646 : E3;
	2647 : E3;
	2648 : E3;
	2649 : E3;
	2650 : E3;
	2651 : E3;
	2652 : E3;
	2653 : E3;
	2654 : E3;
	2655 : E3;
	2656 : E3;
	2657 : E3;
	2658 : E3;
	2659 : E3;
	2660 : E3;
	2661 : E3;
	2662 : E3;
	2663 : E3;
	2664 : E3;
	2665 : E3;
	2666 : E3;
	2667 : E3;
	2668 : E3;
	2669 : E3;
	2670 : E3;
	2671 : E3;
	2672 : E3;
	2673 : E3;
	2674 : E3;
	2675 : E3;
	2676 : E3;
	2677 : E3;
	2678 : E3;
	2679 : E3;
	2680 : E3;
	2681 : E3;
	2682 : E3;
	2683 : E3;
	2684 : E3;
	2685 : E3;
	2686 : E3;
	2687 : E3;
	2688 : E3;
	2689 : E3;
	2690 : E3;
	2691 : E3;
	2692 : E3;
	2693 : E3;
	2694 : E3;
	2695 : E3;
	2696 : E3;
	2697 : E3;
	2698 : E3;
	2699 : E3;
	2700 : E3;
	2701 : E3;
	2702 : E3;
	2703 : E3;
	2704 : E3;
	2705 : E3;
	2706 : E3;
	2707 : E3;
	2708 : E3;
	2709 : E3;
	2710 : E3;
	2711 : E3;
	2712 : E3;
	2713 : E3;
	2714 : E3;
	2715 : E3;
	2716 : E3;
	2717 : E3;
	2718 : E3;
	2719 : E3;
	2720 : E3;
	2721 : E3;
	2722 : E3;
	2723 : E3;
	2724 : E3;
	2725 : E3;
	2726 : E3;
	2727 : E3;
	2728 : E3;
	2729 : E3;
	2730 : E3;
	2731 : E3;
	2732 : E3;
	2733 : E3;
	2734 : E3;
	2735 : E3;
	2736 : E3;
	2737 : E3;
	2738 : E3;
	2739 : E3;
	2740 : E3;
	2741 : E3;
	2742 : E3;
	2743 : E3;
	2744 : E3;
	2745 : E3;
	2746 : E3;
	2747 : E3;
	2748 : E3;
	2749 : E3;
	2750 : E3;
	2751 : E3;
	2752 : E3;
	2753 : E3;
	2754 : E3;
	2755 : E3;
	2756 : E3;
	2757 : E3;
	2758 : E3;
	2759 : E3;
	2760 : E3;
	2761 : E3;
	2762 : E3;
	2763 : E3;
	2764 : E3;
	2765 : E3;
	2766 : E3;
	2767 : E3;
	2768 : E3;
	2769 : E3;
	2770 : E3;
	2771 : E3;
	2772 : E3;
	2773 : E3;
	2774 : E3;
	2775 : E3;
	2776 : E3;
	2777 : E3;
	2778 : E3;
	2779 : E3;
	2780 : E3;
	2781 : E3;
	2782 : E3;
	2783 : E3;
	2784 : E3;
	2785 : E3;
	2786 : E3;
	2787 : E3;
	2788 : E3;
	2789 : E3;
	2790 : E3;
	2791 : E3;
	2792 : E3;
	2793 : E3;
	2794 : E3;
	2795 : E3;
	2796 : E3;
	2797 : E3;
	2798 : E3;
	2799 : E3;
	2800 : E3;
	2801 : E3;
	2802 : E3;
	2803 : E3;
	2804 : E3;
	2805 : E3;
	2806 : E3;
	2807 : E3;
	2808 : E3;
	2809 : E3;
	2810 : E3;
	2811 : E3;
	2812 : E3;
	2813 : E3;
	2814 : E3;
	2815 : E3;
	2816 : E3;
	2817 : E3;
	2818 : E3;
	2819 : E3;
	2820 : E3;
	2821 : E3;
	2822 : E3;
	2823 : E3;
	2824 : E3;
	2825 : E3;
	2826 : E3;
	2827 : E3;
	2828 : E3;
	2829 : E3;
	2830 : E3;
	2831 : E3;
	2832 : E3;
	2833 : E3;
	2834 : E3;
	2835 : E3;
	2836 : E3;
	2837 : E3;
	2838 : E3;
	2839 : E3;
	2840 : E3;
	2841 : E3;
	2842 : E3;
	2843 : E3;
	2844 : E3;
	2845 : E3;
	2846 : E3;
	2847 : E3;
	2848 : E3;
	2849 : E3;
	2850 : E3;
	2851 : E3;
	2852 : E3;
	2853 : E3;
	2854 : E3;
	2855 : E3;
	2856 : E3;
	2857 : E3;
	2858 : E3;
	2859 : E3;
	2860 : E3;
	2861 : E3;
	2862 : E3;
	2863 : E3;
	2864 : E3;
	2865 : E3;
	2866 : E3;
	2867 : E3;
	2868 : E3;
	2869 : E3;
	2870 : E3;
	2871 : E3;
	2872 : E3;
	2873 : E3;
	2874 : E3;
	2875 : E3;
	2876 : E3;
	2877 : E3;
	2878 : E3;
	2879 : E3;
	2880 : E3;
	2881 : E3;
	2882 : E3;
	2883 : E3;
	2884 : E3;
	2885 : E3;
	2886 : E3;
	2887 : E3;
	2888 : E3;
	2889 : E3;
	2890 : E3;
	2891 : E3;
	2892 : E3;
	2893 : E3;
	2894 : E3;
	2895 : E3;
	2896 : E3;
	2897 : E3;
	2898 : E3;
	2899 : E3;
	2900 : E3;
	2901 : E3;
	2902 : E3;
	2903 : E3;
	2904 : E3;
	2905 : E3;
	2906 : E3;
	2907 : E3;
	2908 : E3;
	2909 : E3;
	2910 : E3;
	2911 : E3;
	2912 : E3;
	2913 : E3;
	2914 : E3;
	2915 : E3;
	2916 : E3;
	2917 : E3;
	2918 : E3;
	2919 : E3;
	2920 : E3;
	2921 : E3;
	2922 : E3;
	2923 : E3;
	2924 : E3;
	2925 : E3;
	2926 : E3;
	2927 : E3;
	2928 : E3;
	2929 : E3;
	2930 : E3;
	2931 : E3;
	2932 : E3;
	2933 : E3;
	2934 : E3;
	2935 : E3;
	2936 : E3;
	2937 : E3;
	2938 : E3;
	2939 : E3;
	2940 : E3;
	2941 : E3;
	2942 : E3;
	2943 : E3;
	2944 : E3;
	2945 : E3;
	2946 : E3;
	2947 : E3;
	2948 : E3;
	2949 : E3;
	2950 : E3;
	2951 : E3;
	2952 : E3;
	2953 : E3;
	2954 : E3;
	2955 : E3;
	2956 : E3;
	2957 : E3;
	2958 : E3;
	2959 : E3;
	2960 : E3;
	2961 : E3;
	2962 : E3;
	2963 : E3;
	2964 : E3;
	2965 : E3;
	2966 : E3;
	2967 : E3;
	2968 : E3;
	2969 : E3;
	2970 : E3;
	2971 : E3;
	2972 : E3;
	2973 : E3;
	2974 : E3;
	2975 : E3;
	2976 : E3;
	2977 : E3;
	2978 : E3;
	2979 : E3;
	2980 : E3;
	2981 : E3;
	2982 : E3;
	2983 : E3;
	2984 : E3;
	2985 : E3;
	2986 : E3;
	2987 : E3;
	2988 : E3;
	2989 : E3;
	2990 : E3;
	2991 : E3;
	2992 : E3;
	2993 : E3;
	2994 : E3;
	2995 : E3;
	2996 : E3;
	2997 : E3;
	2998 : E3;
	2999 : E3;
	3000 : E3;
	3001 : E3;
	3002 : E3;
	3003 : E3;
	3004 : E3;
	3005 : E3;
	3006 : E3;
	3007 : E3;
	3008 : E3;
	3009 : E3;
	3010 : E3;
	3011 : E3;
	3012 : E3;
	3013 : E3;
	3014 : E3;
	3015 : E3;
	3016 : E3;
	3017 : E3;
	3018 : E3;
	3019 : E3;
	3020 : E3;
	3021 : E3;
	3022 : E3;
	3023 : E3;
	3024 : E3;
	3025 : E3;
	3026 : E3;
	3027 : E3;
	3028 : E3;
	3029 : E3;
	3030 : E3;
	3031 : E3;
	3032 : E3;
	3033 : E3;
	3034 : E3;
	3035 : E3;
	3036 : E3;
	3037 : E3;
	3038 : E3;
	3039 : E3;
	3040 : E3;
	3041 : E3;
	3042 : E3;
	3043 : E3;
	3044 : E3;
	3045 : E3;
	3046 : E3;
	3047 : E3;
	3048 : E3;
	3049 : E3;
	3050 : E3;
	3051 : E3;
	3052 : E3;
	3053 : E3;
	3054 : E3;
	3055 : E3;
	3056 : E3;
	3057 : E3;
	3058 : E3;
	3059 : E3;
	3060 : E3;
	3061 : E3;
	3062 : E3;
	3063 : E3;
	3064 : E3;
	3065 : E3;
	3066 : E3;
	3067 : E3;
	3068 : E3;
	3069 : E3;
	3070 : E3;
	3071 : E3;
	3072 : E3;
	3073 : E3;
	3074 : E3;
	3075 : E3;
	3076 : E3;
	3077 : E3;
	3078 : E3;
	3079 : E3;
	3080 : E3;
	3081 : E3;
	3082 : E3;
	3083 : E3;
	3084 : E3;
	3085 : E3;
	3086 : E3;
	3087 : E3;
	3088 : E3;
	3089 : E3;
	3090 : E3;
	3091 : E3;
	3092 : E3;
	3093 : E3;
	3094 : E3;
	3095 : E3;
	3096 : E3;
	3097 : E3;
	3098 : E3;
	3099 : E3;
	3100 : E3;
	3101 : E3;
	3102 : E3;
	3103 : E3;
	3104 : E3;
	3105 : E3;
	3106 : E3;
	3107 : E3;
	3108 : E3;
	3109 : E3;
	3110 : E3;
	3111 : E3;
	3112 : E3;
	3113 : E3;
	3114 : E3;
	3115 : E3;
	3116 : E3;
	3117 : E3;
	3118 : E3;
	3119 : E3;
	3120 : E3;
	3121 : E3;
	3122 : E3;
	3123 : E3;
	3124 : E3;
	3125 : E3;
	3126 : E3;
	3127 : E3;
	3128 : E3;
	3129 : E3;
	3130 : E3;
	3131 : E3;
	3132 : E3;
	3133 : E3;
	3134 : E3;
	3135 : E3;
	3136 : E3;
	3137 : E3;
	3138 : E3;
	3139 : E3;
	3140 : E3;
	3141 : E3;
	3142 : E3;
	3143 : E3;
	3144 : E3;
	3145 : E3;
	3146 : E3;
	3147 : E3;
	3148 : E3;
	3149 : E3;
	3150 : E3;
	3151 : E3;
	3152 : E3;
	3153 : E3;
	3154 : E3;
	3155 : E3;
	3156 : E3;
	3157 : E3;
	3158 : E3;
	3159 : E3;
	3160 : E3;
	3161 : E3;
	3162 : E3;
	3163 : E3;
	3164 : E3;
	3165 : E3;
	3166 : E3;
	3167 : E3;
	3168 : E3;
	3169 : E3;
	3170 : E3;
	3171 : E3;
	3172 : E3;
	3173 : E3;
	3174 : E3;
	3175 : E3;
	3176 : E3;
	3177 : E3;
	3178 : E3;
	3179 : E3;
	3180 : E3;
	3181 : E3;
	3182 : E3;
	3183 : E3;
	3184 : E3;
	3185 : E3;
	3186 : E3;
	3187 : E3;
	3188 : E3;
	3189 : E3;
	3190 : E3;
	3191 : E3;
	3192 : E3;
	3193 : E3;
	3194 : E3;
	3195 : E3;
	3196 : E3;
	3197 : E3;
	3198 : E3;
	3199 : E3;
	3200 : E3;
	3201 : E3;
	3202 : E3;
	3203 : E3;
	3204 : E3;
	3205 : E3;
	3206 : E3;
	3207 : E3;
	3208 : E3;
	3209 : E3;
	3210 : E3;
	3211 : E3;
	3212 : E3;
	3213 : E3;
	3214 : E3;
	3215 : E3;
	3216 : E3;
	3217 : E3;
	3218 : E3;
	3219 : E3;
	3220 : E3;
	3221 : E3;
	3222 : E3;
	3223 : E3;
	3224 : E3;
	3225 : E3;
	3226 : E3;
	3227 : E3;
	3228 : E3;
	3229 : E3;
	3230 : E3;
	3231 : E3;
	3232 : E3;
	3233 : E3;
	3234 : E3;
	3235 : E3;
	3236 : E3;
	3237 : E3;
	3238 : E3;
	3239 : E3;
	3240 : E3;
	3241 : E3;
	3242 : E3;
	3243 : E3;
	3244 : E3;
	3245 : E3;
	3246 : E3;
	3247 : E3;
	3248 : E3;
	3249 : E3;
	3250 : E3;
	3251 : E3;
	3252 : E3;
	3253 : E3;
	3254 : E3;
	3255 : E3;
	3256 : E3;
	3257 : E3;
	3258 : E3;
	3259 : E3;
	3260 : E3;
	3261 : E3;
	3262 : E3;
	3263 : E3;
	3264 : E3;
	3265 : E3;
	3266 : E3;
	3267 : E3;
	3268 : E3;
	3269 : E3;
	3270 : E3;
	3271 : E3;
	3272 : E3;
	3273 : E3;
	3274 : E3;
	3275 : E3;
	3276 : E3;
	3277 : E3;
	3278 : E3;
	3279 : E3;
	3280 : E3;
	3281 : E3;
	3282 : E3;
	3283 : E3;
	3284 : E3;
	3285 : E3;
	3286 : E3;
	3287 : E3;
	3288 : E3;
	3289 : E3;
	3290 : E3;
	3291 : E3;
	3292 : E3;
	3293 : E3;
	3294 : E3;
	3295 : E3;
	3296 : E3;
	3297 : E3;
	3298 : E3;
	3299 : E3;
	3300 : E3;
	3301 : E3;
	3302 : E3;
	3303 : E3;
	3304 : E3;
	3305 : E3;
	3306 : E3;
	3307 : E3;
	3308 : E3;
	3309 : E3;
	3310 : E3;
	3311 : E3;
	3312 : E3;
	3313 : E3;
	3314 : E3;
	3315 : E3;
	3316 : E3;
	3317 : E3;
	3318 : E3;
	3319 : E3;
	3320 : E3;
	3321 : E3;
	3322 : E3;
	3323 : E3;
	3324 : E3;
	3325 : E3;
	3326 : E3;
	3327 : E3;
	3328 : E3;
	3329 : E3;
	3330 : E3;
	3331 : E3;
	3332 : E3;
	3333 : E3;
	3334 : E3;
	3335 : E3;
	3336 : E3;
	3337 : E3;
	3338 : E3;
	3339 : E3;
	3340 : E3;
	3341 : E3;
	3342 : E3;
	3343 : E3;
	3344 : E3;
	3345 : E3;
	3346 : E3;
	3347 : E3;
	3348 : E3;
	3349 : E3;
	3350 : E3;
	3351 : E3;
	3352 : E3;
	3353 : E3;
	3354 : E3;
	3355 : E3;
	3356 : E3;
	3357 : E3;
	3358 : E3;
	3359 : E3;
	3360 : E3;
	3361 : E3;
	3362 : E3;
	3363 : E3;
	3364 : E3;
	3365 : E3;
	3366 : E3;
	3367 : E3;
	3368 : E3;
	3369 : E3;
	3370 : E3;
	3371 : E3;
	3372 : E3;
	3373 : E3;
	3374 : E3;
	3375 : E3;
	3376 : E3;
	3377 : E3;
	3378 : E3;
	3379 : E3;
	3380 : E3;
	3381 : E3;
	3382 : E3;
	3383 : E3;
	3384 : E3;
	3385 : E3;
	3386 : E3;
	3387 : E3;
	3388 : E3;
	3389 : E3;
	3390 : E3;
	3391 : E3;
	3392 : E3;
	3393 : E3;
	3394 : E3;
	3395 : E3;
	3396 : E3;
	3397 : E3;
	3398 : E3;
	3399 : E3;
	3400 : E3;
	3401 : E3;
	3402 : E3;
	3403 : E3;
	3404 : E3;
	3405 : E3;
	3406 : E3;
	3407 : E3;
	3408 : E3;
	3409 : E3;
	3410 : E3;
	3411 : E3;
	3412 : E3;
	3413 : E3;
	3414 : E3;
	3415 : E3;
	3416 : E3;
	3417 : E3;
	3418 : E3;
	3419 : E3;
	3420 : E3;
	3421 : E3;
	3422 : E3;
	3423 : E3;
	3424 : E3;
	3425 : E3;
	3426 : E3;
	3427 : E3;
	3428 : E3;
	3429 : E3;
	3430 : E3;
	3431 : E3;
	3432 : E3;
	3433 : E3;
	3434 : E3;
	3435 : E3;
	3436 : E3;
	3437 : E3;
	3438 : E3;
	3439 : E3;
	3440 : E3;
	3441 : E3;
	3442 : E3;
	3443 : E3;
	3444 : E3;
	3445 : E3;
	3446 : E3;
	3447 : E3;
	3448 : E3;
	3449 : E3;
	3450 : E3;
	3451 : E3;
	3452 : E3;
	3453 : E3;
	3454 : E3;
	3455 : E3;
	3456 : E3;
	3457 : E3;
	3458 : E3;
	3459 : E3;
	3460 : E3;
	3461 : E3;
	3462 : E3;
	3463 : E3;
	3464 : E3;
	3465 : E3;
	3466 : E3;
	3467 : E3;
	3468 : E3;
	3469 : E3;
	3470 : E3;
	3471 : E3;
	3472 : E3;
	3473 : E3;
	3474 : E3;
	3475 : E3;
	3476 : E3;
	3477 : E3;
	3478 : E3;
	3479 : E3;
	3480 : E3;
	3481 : E3;
	3482 : E3;
	3483 : E3;
	3484 : E3;
	3485 : E3;
	3486 : E3;
	3487 : E3;
	3488 : E3;
	3489 : E3;
	3490 : E3;
	3491 : E3;
	3492 : E3;
	3493 : E3;
	3494 : E3;
	3495 : E3;
	3496 : E3;
	3497 : E3;
	3498 : E3;
	3499 : E3;
	3500 : E3;
	3501 : E3;
	3502 : E3;
	3503 : E3;
	3504 : E3;
	3505 : E3;
	3506 : E3;
	3507 : E3;
	3508 : E3;
	3509 : E3;
	3510 : E3;
	3511 : E3;
	3512 : E3;
	3513 : E3;
	3514 : E3;
	3515 : E3;
	3516 : E3;
	3517 : E3;
	3518 : E3;
	3519 : E3;
	3520 : E3;
	3521 : E3;
	3522 : E3;
	3523 : E3;
	3524 : E3;
	3525 : E3;
	3526 : E3;
	3527 : E3;
	3528 : E3;
	3529 : E3;
	3530 : E3;
	3531 : E3;
	3532 : E3;
	3533 : E3;
	3534 : E3;
	3535 : E3;
	3536 : E3;
	3537 : E3;
	3538 : E3;
	3539 : E3;
	3540 : E3;
	3541 : E3;
	3542 : E3;
	3543 : E3;
	3544 : E3;
	3545 : E3;
	3546 : E3;
	3547 : E3;
	3548 : E3;
	3549 : E3;
	3550 : E3;
	3551 : E3;
	3552 : E3;
	3553 : E3;
	3554 : E3;
	3555 : E3;
	3556 : E3;
	3557 : E3;
	3558 : E3;
	3559 : E3;
	3560 : E3;
	3561 : E3;
	3562 : E3;
	3563 : E3;
	3564 : E3;
	3565 : E3;
	3566 : E3;
	3567 : E3;
	3568 : E3;
	3569 : E3;
	3570 : E3;
	3571 : E3;
	3572 : E3;
	3573 : E3;
	3574 : E3;
	3575 : E3;
	3576 : E3;
	3577 : E3;
	3578 : E3;
	3579 : E3;
	3580 : E3;
	3581 : E3;
	3582 : E3;
	3583 : E3;
	3584 : E3;
	3585 : E3;
	3586 : E3;
	3587 : E3;
	3588 : E3;
	3589 : E3;
	3590 : E3;
	3591 : E3;
	3592 : E3;
	3593 : E3;
	3594 : E3;
	3595 : E3;
	3596 : E3;
	3597 : E3;
	3598 : E3;
	3599 : E3;
	3600 : E3;
	3601 : E3;
	3602 : E3;
	3603 : E3;
	3604 : E3;
	3605 : E3;
	3606 : E3;
	3607 : E3;
	3608 : E3;
	3609 : E3;
	3610 : E3;
	3611 : E3;
	3612 : E3;
	3613 : E3;
	3614 : E3;
	3615 : E3;
	3616 : E3;
	3617 : E3;
	3618 : E3;
	3619 : E3;
	3620 : E3;
	3621 : E3;
	3622 : E3;
	3623 : E3;
	3624 : E3;
	3625 : E3;
	3626 : E3;
	3627 : E3;
	3628 : E3;
	3629 : E3;
	3630 : E3;
	3631 : E3;
	3632 : E3;
	3633 : E3;
	3634 : E3;
	3635 : E3;
	3636 : E3;
	3637 : E3;
	3638 : E3;
	3639 : E3;
	3640 : E3;
	3641 : E3;
	3642 : E3;
	3643 : E3;
	3644 : E3;
	3645 : E3;
	3646 : E3;
	3647 : E3;
	3648 : E3;
	3649 : E3;
	3650 : E3;
	3651 : E3;
	3652 : E3;
	3653 : E3;
	3654 : E3;
	3655 : E3;
	3656 : E3;
	3657 : E3;
	3658 : E3;
	3659 : E3;
	3660 : E3;
	3661 : E3;
	3662 : E3;
	3663 : E3;
	3664 : E3;
	3665 : E3;
	3666 : E3;
	3667 : E3;
	3668 : E3;
	3669 : E3;
	3670 : E3;
	3671 : E3;
	3672 : E3;
	3673 : E3;
	3674 : E3;
	3675 : E3;
	3676 : E3;
	3677 : E3;
	3678 : E3;
	3679 : E3;
	3680 : E3;
	3681 : E3;
	3682 : E3;
	3683 : E3;
	3684 : E3;
	3685 : E3;
	3686 : E3;
	3687 : E3;
	3688 : E3;
	3689 : E3;
	3690 : E3;
	3691 : E3;
	3692 : E3;
	3693 : E3;
	3694 : E3;
	3695 : E3;
	3696 : E3;
	3697 : E3;
	3698 : E3;
	3699 : E3;
	3700 : E3;
	3701 : E3;
	3702 : E3;
	3703 : E3;
	3704 : E3;
	3705 : E3;
	3706 : E3;
	3707 : E3;
	3708 : E3;
	3709 : E3;
	3710 : E3;
	3711 : E3;
	3712 : E3;
	3713 : E3;
	3714 : E3;
	3715 : E3;
	3716 : E3;
	3717 : E3;
	3718 : E3;
	3719 : E3;
	3720 : E3;
	3721 : E3;
	3722 : E3;
	3723 : E3;
	3724 : E3;
	3725 : E3;
	3726 : E3;
	3727 : E3;
	3728 : E3;
	3729 : E3;
	3730 : E3;
	3731 : E3;
	3732 : E3;
	3733 : E3;
	3734 : E3;
	3735 : E3;
	3736 : E3;
	3737 : E3;
	3738 : E3;
	3739 : E3;
	3740 : E3;
	3741 : E3;
	3742 : E3;
	3743 : E3;
	3744 : E3;
	3745 : E3;
	3746 : E3;
	3747 : E3;
	3748 : E3;
	3749 : E3;
	3750 : E3;
	3751 : E3;
	3752 : E3;
	3753 : E3;
	3754 : E3;
	3755 : E3;
	3756 : E3;
	3757 : E3;
	3758 : E3;
	3759 : E3;
	3760 : E3;
	3761 : E3;
	3762 : E3;
	3763 : E3;
	3764 : E3;
	3765 : E3;
	3766 : E3;
	3767 : E3;
	3768 : E3;
	3769 : E3;
	3770 : E3;
	3771 : E3;
	3772 : E3;
	3773 : E3;
	3774 : E3;
	3775 : E3;
	3776 : E3;
	3777 : E3;
	3778 : E3;
	3779 : E3;
	3780 : E3;
	3781 : E3;
	3782 : E3;
	3783 : E3;
	3784 : E3;
	3785 : E3;
	3786 : E3;
	3787 : E3;
	3788 : E3;
	3789 : E3;
	3790 : E3;
	3791 : E3;
	3792 : E3;
	3793 : E3;
	3794 : E3;
	3795 : E3;
	3796 : E3;
	3797 : E3;
	3798 : E3;
	3799 : E3;
	3800 : E3;
	3801 : E3;
	3802 : E3;
	3803 : E3;
	3804 : E3;
	3805 : E3;
	3806 : E3;
	3807 : E3;
	3808 : E3;
	3809 : E3;
	3810 : E3;
	3811 : E3;
	3812 : E3;
	3813 : E3;
	3814 : E3;
	3815 : E3;
	3816 : E3;
	3817 : E3;
	3818 : E3;
	3819 : E3;
	3820 : E3;
	3821 : E3;
	3822 : E3;
	3823 : E3;
	3824 : E3;
	3825 : E3;
	3826 : E3;
	3827 : E3;
	3828 : E3;
	3829 : E3;
	3830 : E3;
	3831 : E3;
	3832 : E3;
	3833 : E3;
	3834 : E3;
	3835 : E3;
	3836 : E3;
	3837 : E3;
	3838 : E3;
	3839 : E3;
	3840 : E3;
	3841 : E3;
	3842 : E3;
	3843 : E3;
	3844 : E3;
	3845 : E3;
	3846 : E3;
	3847 : E3;
	3848 : E3;
	3849 : E3;
	3850 : E3;
	3851 : E3;
	3852 : E3;
	3853 : E3;
	3854 : E3;
	3855 : E3;
	3856 : E3;
	3857 : E3;
	3858 : E3;
	3859 : E3;
	3860 : E3;
	3861 : E3;
	3862 : E3;
	3863 : E3;
	3864 : E3;
	3865 : E3;
	3866 : E3;
	3867 : E3;
	3868 : E3;
	3869 : E3;
	3870 : E3;
	3871 : E3;
	3872 : E3;
	3873 : E3;
	3874 : E3;
	3875 : E3;
	3876 : E3;
	3877 : E3;
	3878 : E3;
	3879 : E3;
	3880 : E3;
	3881 : E3;
	3882 : E3;
	3883 : E3;
	3884 : E3;
	3885 : E3;
	3886 : E3;
	3887 : E3;
	3888 : E3;
	3889 : E3;
	3890 : E3;
	3891 : E3;
	3892 : E3;
	3893 : E3;
	3894 : E3;
	3895 : E3;
	3896 : E3;
	3897 : E3;
	3898 : E3;
	3899 : E3;
	3900 : E3;
	3901 : E3;
	3902 : E3;
	3903 : E3;
	3904 : E3;
	3905 : E3;
	3906 : E3;
	3907 : E3;
	3908 : E3;
	3909 : E3;
	3910 : E3;
	3911 : E3;
	3912 : E3;
	3913 : E3;
	3914 : E3;
	3915 : E3;
	3916 : E3;
	3917 : E3;
	3918 : E3;
	3919 : E3;
	3920 : E3;
	3921 : E3;
	3922 : E3;
	3923 : E3;
	3924 : E3;
	3925 : E3;
	3926 : E3;
	3927 : E3;
	3928 : E3;
	3929 : E3;
	3930 : E3;
	3931 : E3;
	3932 : E3;
	3933 : E3;
	3934 : E3;
	3935 : E3;
	3936 : E3;
	3937 : E3;
	3938 : E3;
	3939 : E3;
	3940 : E3;
	3941 : E3;
	3942 : E3;
	3943 : E3;
	3944 : E3;
	3945 : E3;
	3946 : E3;
	3947 : E3;
	3948 : E3;
	3949 : E3;
	3950 : E3;
	3951 : E3;
	3952 : E3;
	3953 : E3;
	3954 : E3;
	3955 : E3;
	3956 : E3;
	3957 : E3;
	3958 : E3;
	3959 : E3;
	3960 : E3;
	3961 : E3;
	3962 : E3;
	3963 : E3;
	3964 : E3;
	3965 : E3;
	3966 : E3;
	3967 : E3;
	3968 : E3;
	3969 : E3;
	3970 : E3;
	3971 : E3;
	3972 : E3;
	3973 : E3;
	3974 : E3;
	3975 : E3;
	3976 : E3;
	3977 : E3;
	3978 : E3;
	3979 : E3;
	3980 : E3;
	3981 : E3;
	3982 : E3;
	3983 : E3;
	3984 : E3;
	3985 : E3;
	3986 : E3;
	3987 : E3;
	3988 : E3;
	3989 : E3;
	3990 : E3;
	3991 : E3;
	3992 : E3;
	3993 : E3;
	3994 : E3;
	3995 : E3;
	3996 : E3;
	3997 : E3;
	3998 : E3;
	3999 : E3;
	4000 : E3;
	4001 : E3;
	4002 : E3;
	4003 : E3;
	4004 : E3;
	4005 : E3;
	4006 : E3;
	4007 : E3;
	4008 : E3;
	4009 : E3;
	4010 : E3;
	4011 : E3;
	4012 : E3;
	4013 : E3;
	4014 : E3;
	4015 : E3;
	4016 : E3;
	4017 : E3;
	4018 : E3;
	4019 : E3;
	4020 : E3;
	4021 : E3;
	4022 : E3;
	4023 : E3;
	4024 : E3;
	4025 : E3;
	4026 : E3;
	4027 : E3;
	4028 : E3;
	4029 : E3;
	4030 : E3;
	4031 : E3;
	4032 : E3;
	4033 : E3;
	4034 : E3;
	4035 : E3;
	4036 : E3;
	4037 : E3;
	4038 : E3;
	4039 : E3;
	4040 : E3;
	4041 : E3;
	4042 : E3;
	4043 : E3;
	4044 : E3;
	4045 : E3;
	4046 : E3;
	4047 : E3;
	4048 : E3;
	4049 : E3;
	4050 : E3;
	4051 : E3;
	4052 : E3;
	4053 : E3;
	4054 : E3;
	4055 : E3;
	4056 : E3;
	4057 : E3;
	4058 : E3;
	4059 : E3;
	4060 : E3;
	4061 : E3;
	4062 : E3;
	4063 : E3;
	4064 : E3;
	4065 : E3;
	4066 : E3;
	4067 : E3;
	4068 : E3;
	4069 : E3;
	4070 : E3;
	4071 : E3;
	4072 : E3;
	4073 : E3;
	4074 : E3;
	4075 : E3;
	4076 : E3;
	4077 : E3;
	4078 : E3;
	4079 : E3;
	4080 : E3;
	4081 : E3;
	4082 : E3;
	4083 : E3;
	4084 : E3;
	4085 : E3;
	4086 : E3;
	4087 : E3;
	4088 : E3;
	4089 : E3;
	4090 : E3;
	4091 : E3;
	4092 : E3;
	4093 : E3;
	4094 : E3;
	4095 : E3;
	4096 : E3;
	4097 : E3;
	4098 : E3;
	4099 : E3;
	4100 : E3;
	4101 : E3;
	4102 : E3;
	4103 : E3;
	4104 : E3;
	4105 : E3;
	4106 : E3;
	4107 : E3;
	4108 : E3;
	4109 : E3;
	4110 : E3;
	4111 : E3;
	4112 : E3;
	4113 : E3;
	4114 : E3;
	4115 : E3;
	4116 : E3;
	4117 : E3;
	4118 : E3;
	4119 : E3;
	4120 : E3;
	4121 : E3;
	4122 : E3;
	4123 : E3;
	4124 : E3;
	4125 : E3;
	4126 : E3;
	4127 : E3;
	4128 : E3;
	4129 : E3;
	4130 : E3;
	4131 : E3;
	4132 : E3;
	4133 : E3;
	4134 : E3;
	4135 : E3;
	4136 : E3;
	4137 : E3;
	4138 : E3;
	4139 : E3;
	4140 : E3;
	4141 : E3;
	4142 : E3;
	4143 : E3;
	4144 : E3;
	4145 : E3;
	4146 : E3;
	4147 : E3;
	4148 : E3;
	4149 : E3;
	4150 : E3;
	4151 : E3;
	4152 : E3;
	4153 : E3;
	4154 : E3;
	4155 : E3;
	4156 : E3;
	4157 : E3;
	4158 : E3;
	4159 : E3;
	4160 : E3;
	4161 : E3;
	4162 : E3;
	4163 : E3;
	4164 : E3;
	4165 : E3;
	4166 : E3;
	4167 : E3;
	4168 : E3;
	4169 : E3;
	4170 : E3;
	4171 : E3;
	4172 : E3;
	4173 : E3;
	4174 : E3;
	4175 : E3;
	4176 : E3;
	4177 : E3;
	4178 : E3;
	4179 : E3;
	4180 : E3;
	4181 : E3;
	4182 : E3;
	4183 : E3;
	4184 : E3;
	4185 : E3;
	4186 : E3;
	4187 : E3;
	4188 : E3;
	4189 : E3;
	4190 : E3;
	4191 : E3;
	4192 : E3;
	4193 : E3;
	4194 : E3;
	4195 : E3;
	4196 : E3;
	4197 : E3;
	4198 : E3;
	4199 : E3;
	4200 : E3;
	4201 : E3;
	4202 : E3;
	4203 : E3;
	4204 : E3;
	4205 : E3;
	4206 : E3;
	4207 : E3;
	4208 : E3;
	4209 : E3;
	4210 : E3;
	4211 : E3;
	4212 : E3;
	4213 : E3;
	4214 : E3;
	4215 : E3;
	4216 : E3;
	4217 : E3;
	4218 : E3;
	4219 : E3;
	4220 : E3;
	4221 : E3;
	4222 : E3;
	4223 : E3;
	4224 : E3;
	4225 : E3;
	4226 : E3;
	4227 : E3;
	4228 : E3;
	4229 : E3;
	4230 : E3;
	4231 : E3;
	4232 : E3;
	4233 : E3;
	4234 : E3;
	4235 : E3;
	4236 : E3;
	4237 : E3;
	4238 : E3;
	4239 : E3;
	4240 : E3;
	4241 : E3;
	4242 : E3;
	4243 : E3;
	4244 : E3;
	4245 : E3;
	4246 : E3;
	4247 : E3;
	4248 : E3;
	4249 : E3;
	4250 : E3;
	4251 : E3;
	4252 : E3;
	4253 : E3;
	4254 : E3;
	4255 : E3;
	4256 : E3;
	4257 : E3;
	4258 : E3;
	4259 : E3;
	4260 : E3;
	4261 : E3;
	4262 : E3;
	4263 : E3;
	4264 : E3;
	4265 : E3;
	4266 : E3;
	4267 : E3;
	4268 : E3;
	4269 : E3;
	4270 : E3;
	4271 : E3;
	4272 : E3;
	4273 : E3;
	4274 : E3;
	4275 : E3;
	4276 : E3;
	4277 : E3;
	4278 : E3;
	4279 : E3;
	4280 : E3;
	4281 : E3;
	4282 : E3;
	4283 : E3;
	4284 : E3;
	4285 : E3;
	4286 : E3;
	4287 : E3;
	4288 : E3;
	4289 : E3;
	4290 : E3;
	4291 : E3;
	4292 : E3;
	4293 : E3;
	4294 : E3;
	4295 : E3;
	4296 : E3;
	4297 : E3;
	4298 : E3;
	4299 : E3;
	4300 : E3;
	4301 : E3;
	4302 : E3;
	4303 : E3;
	4304 : E3;
	4305 : E3;
	4306 : E3;
	4307 : E3;
	4308 : E3;
	4309 : E3;
	4310 : E3;
	4311 : E3;
	4312 : E3;
	4313 : E3;
	4314 : E3;
	4315 : E3;
	4316 : E3;
	4317 : E3;
	4318 : E3;
	4319 : E3;
	4320 : E3;
	4321 : E3;
	4322 : E3;
	4323 : E3;
	4324 : E3;
	4325 : E3;
	4326 : E3;
	4327 : E3;
	4328 : E3;
	4329 : E3;
	4330 : E3;
	4331 : E3;
	4332 : E3;
	4333 : E3;
	4334 : E3;
	4335 : E3;
	4336 : E3;
	4337 : E3;
	4338 : E3;
	4339 : E3;
	4340 : E3;
	4341 : E3;
	4342 : E3;
	4343 : E3;
	4344 : E3;
	4345 : E3;
	4346 : E3;
	4347 : E3;
	4348 : E3;
	4349 : E3;
	4350 : E3;
	4351 : E3;
	4352 : E3;
	4353 : E3;
	4354 : E3;
	4355 : E3;
	4356 : E3;
	4357 : E3;
	4358 : E3;
	4359 : E3;
	4360 : E3;
	4361 : E3;
	4362 : E3;
	4363 : E3;
	4364 : E3;
	4365 : E3;
	4366 : E3;
	4367 : E3;
	4368 : E3;
	4369 : E3;
	4370 : E3;
	4371 : E3;
	4372 : E3;
	4373 : E3;
	4374 : E3;
	4375 : E3;
	4376 : E3;
	4377 : E3;
	4378 : E3;
	4379 : E3;
	4380 : E3;
	4381 : E3;
	4382 : E3;
	4383 : E3;
	4384 : E3;
	4385 : E3;
	4386 : E3;
	4387 : E3;
	4388 : E3;
	4389 : E3;
	4390 : E3;
	4391 : E3;
	4392 : E3;
	4393 : E3;
	4394 : E3;
	4395 : E3;
	4396 : E3;
	4397 : E3;
	4398 : E3;
	4399 : E3;
	4400 : E3;
	4401 : E3;
	4402 : E3;
	4403 : E3;
	4404 : E3;
	4405 : E3;
	4406 : E3;
	4407 : E3;
	4408 : E3;
	4409 : E3;
	4410 : E3;
	4411 : E3;
	4412 : E3;
	4413 : E3;
	4414 : E3;
	4415 : E3;
	4416 : E3;
	4417 : E3;
	4418 : E3;
	4419 : E3;
	4420 : E3;
	4421 : E3;
	4422 : E3;
	4423 : E3;
	4424 : E3;
	4425 : E3;
	4426 : E3;
	4427 : E3;
	4428 : E3;
	4429 : E3;
	4430 : E3;
	4431 : E3;
	4432 : E3;
	4433 : E3;
	4434 : E3;
	4435 : E3;
	4436 : E3;
	4437 : E3;
	4438 : E3;
	4439 : E3;
	4440 : E3;
	4441 : E3;
	4442 : E3;
	4443 : E3;
	4444 : E3;
	4445 : E3;
	4446 : E3;
	4447 : E3;
	4448 : E3;
	4449 : E3;
	4450 : E3;
	4451 : E3;
	4452 : E3;
	4453 : E3;
	4454 : E3;
	4455 : E3;
	4456 : E3;
	4457 : E3;
	4458 : E3;
	4459 : E3;
	4460 : E3;
	4461 : E3;
	4462 : E3;
	4463 : E3;
	4464 : E3;
	4465 : E3;
	4466 : E3;
	4467 : E3;
	4468 : E3;
	4469 : E3;
	4470 : E3;
	4471 : E3;
	4472 : E3;
	4473 : E3;
	4474 : E3;
	4475 : E3;
	4476 : E3;
	4477 : E3;
	4478 : E3;
	4479 : E3;
	4480 : E3;
	4481 : E3;
	4482 : E3;
	4483 : E3;
	4484 : E3;
	4485 : E3;
	4486 : E3;
	4487 : E3;
	4488 : E3;
	4489 : E3;
	4490 : E3;
	4491 : E3;
	4492 : E3;
	4493 : E3;
	4494 : E3;
	4495 : E3;
	4496 : E3;
	4497 : E3;
	4498 : E3;
	4499 : E3;
	4500 : E3;
	4501 : E3;
	4502 : E3;
	4503 : E3;
	4504 : E3;
	4505 : E3;
	4506 : E3;
	4507 : E3;
	4508 : E3;
	4509 : E3;
	4510 : E3;
	4511 : E3;
	4512 : E3;
	4513 : E3;
	4514 : E3;
	4515 : E3;
	4516 : E3;
	4517 : E3;
	4518 : E3;
	4519 : E3;
	4520 : E3;
	4521 : E3;
	4522 : E3;
	4523 : E3;
	4524 : E3;
	4525 : E3;
	4526 : E3;
	4527 : E3;
	4528 : E3;
	4529 : E3;
	4530 : E3;
	4531 : E3;
	4532 : E3;
	4533 : E3;
	4534 : E3;
	4535 : E3;
	4536 : E3;
	4537 : E3;
	4538 : E3;
	4539 : E3;
	4540 : E3;
	4541 : E3;
	4542 : E3;
	4543 : E3;
	4544 : E3;
	4545 : E3;
	4546 : E3;
	4547 : E3;
	4548 : E3;
	4549 : E3;
	4550 : E3;
	4551 : E3;
	4552 : E3;
	4553 : E3;
	4554 : E3;
	4555 : E3;
	4556 : E3;
	4557 : E3;
	4558 : E3;
	4559 : E3;
	4560 : E3;
	4561 : E3;
	4562 : E3;
	4563 : E3;
	4564 : E3;
	4565 : E3;
	4566 : E3;
	4567 : E3;
	4568 : E3;
	4569 : E3;
	4570 : E3;
	4571 : E3;
	4572 : E3;
	4573 : E3;
	4574 : E3;
	4575 : E3;
	4576 : E3;
	4577 : E3;
	4578 : E3;
	4579 : E3;
	4580 : E3;
	4581 : E3;
	4582 : E3;
	4583 : E3;
	4584 : E3;
	4585 : E3;
	4586 : E3;
	4587 : E3;
	4588 : E3;
	4589 : E3;
	4590 : E3;
	4591 : E3;
	4592 : E3;
	4593 : E3;
	4594 : E3;
	4595 : E3;
	4596 : E3;
	4597 : E3;
	4598 : E3;
	4599 : E3;
	4600 : E3;
	4601 : E3;
	4602 : E3;
	4603 : E3;
	4604 : E3;
	4605 : E3;
	4606 : E3;
	4607 : E3;
	4608 : E3;
	4609 : E3;
	4610 : E3;
	4611 : E3;
	4612 : E3;
	4613 : E3;
	4614 : E3;
	4615 : E3;
	4616 : E3;
	4617 : E3;
	4618 : E3;
	4619 : E3;
	4620 : E3;
	4621 : E3;
	4622 : E3;
	4623 : E3;
	4624 : E3;
	4625 : E3;
	4626 : E3;
	4627 : E3;
	4628 : E3;
	4629 : E3;
	4630 : E3;
	4631 : E3;
	4632 : E3;
	4633 : E3;
	4634 : E3;
	4635 : E3;
	4636 : E3;
	4637 : E3;
	4638 : E3;
	4639 : E3;
	4640 : E3;
	4641 : E3;
	4642 : E3;
	4643 : E3;
	4644 : E3;
	4645 : E3;
	4646 : E3;
	4647 : E3;
	4648 : E3;
	4649 : E3;
	4650 : E3;
	4651 : E3;
	4652 : E3;
	4653 : E3;
	4654 : E3;
	4655 : E3;
	4656 : E3;
	4657 : E3;
	4658 : E3;
	4659 : E3;
	4660 : E3;
	4661 : E3;
	4662 : E3;
	4663 : E3;
	4664 : E3;
	4665 : E3;
	4666 : E3;
	4667 : E3;
	4668 : E3;
	4669 : E3;
	4670 : E3;
	4671 : E3;
	4672 : E3;
	4673 : E3;
	4674 : E3;
	4675 : E3;
	4676 : E3;
	4677 : E3;
	4678 : E3;
	4679 : E3;
	4680 : E3;
	4681 : E3;
	4682 : E3;
	4683 : E3;
	4684 : E3;
	4685 : E3;
	4686 : E3;
	4687 : E3;
	4688 : E3;
	4689 : E3;
	4690 : E3;
	4691 : E3;
	4692 : E3;
	4693 : E3;
	4694 : E3;
	4695 : E3;
	4696 : E3;
	4697 : E3;
	4698 : E3;
	4699 : E3;
	4700 : E3;
	4701 : E3;
	4702 : E3;
	4703 : E3;
	4704 : E3;
	4705 : E3;
	4706 : E3;
	4707 : E3;
	4708 : E3;
	4709 : E3;
	4710 : E3;
	4711 : E3;
	4712 : E3;
	4713 : E3;
	4714 : E3;
	4715 : E3;
	4716 : E3;
	4717 : E3;
	4718 : E3;
	4719 : E3;
	4720 : E3;
	4721 : E3;
	4722 : E3;
	4723 : E3;
	4724 : E3;
	4725 : E3;
	4726 : E3;
	4727 : E3;
	4728 : E3;
	4729 : E3;
	4730 : E3;
	4731 : E3;
	4732 : E3;
	4733 : E3;
	4734 : E3;
	4735 : E3;
	4736 : E3;
	4737 : E3;
	4738 : E3;
	4739 : E3;
	4740 : E3;
	4741 : E3;
	4742 : E3;
	4743 : E3;
	4744 : E3;
	4745 : E3;
	4746 : E3;
	4747 : E3;
	4748 : E3;
	4749 : E3;
	4750 : E3;
	4751 : E3;
	4752 : E3;
	4753 : E3;
	4754 : E3;
	4755 : E3;
	4756 : E3;
	4757 : E3;
	4758 : E3;
	4759 : E3;
	4760 : E3;
	4761 : E3;
	4762 : E3;
	4763 : E3;
	4764 : E3;
	4765 : E3;
	4766 : E3;
	4767 : E3;
	4768 : E3;
	4769 : E3;
	4770 : E3;
	4771 : E3;
	4772 : E3;
	4773 : E3;
	4774 : E3;
	4775 : E3;
	4776 : E3;
	4777 : E3;
	4778 : E3;
	4779 : E3;
	4780 : E3;
	4781 : E3;
	4782 : E3;
	4783 : E3;
	4784 : E3;
	4785 : E3;
	4786 : E3;
	4787 : E3;
	4788 : E3;
	4789 : E3;
	4790 : E3;
	4791 : E3;
	4792 : E3;
	4793 : E3;
	4794 : E3;
	4795 : E3;
	4796 : E3;
	4797 : E3;
	4798 : E3;
	4799 : E3;
	4800 : E3;
	4801 : E3;
	4802 : E3;
	4803 : E3;
	4804 : E3;
	4805 : E3;
	4806 : E3;
	4807 : E3;
	4808 : E3;
	4809 : E3;
	4810 : E3;
	4811 : E3;
	4812 : E3;
	4813 : E3;
	4814 : E3;
	4815 : E3;
	4816 : E3;
	4817 : E3;
	4818 : E3;
	4819 : E3;
	4820 : E3;
	4821 : E3;
	4822 : E3;
	4823 : E3;
	4824 : E3;
	4825 : E3;
	4826 : E3;
	4827 : E3;
	4828 : E3;
	4829 : E3;
	4830 : E3;
	4831 : E3;
	4832 : E3;
	4833 : E3;
	4834 : E3;
	4835 : E3;
	4836 : E3;
	4837 : E3;
	4838 : E3;
	4839 : E3;
	4840 : E3;
	4841 : E3;
	4842 : E3;
	4843 : E3;
	4844 : E3;
	4845 : E3;
	4846 : E3;
	4847 : E3;
	4848 : E3;
	4849 : E3;
	4850 : E3;
	4851 : E3;
	4852 : E3;
	4853 : E3;
	4854 : E3;
	4855 : E3;
	4856 : E3;
	4857 : E3;
	4858 : E3;
	4859 : E3;
	4860 : E3;
	4861 : E3;
	4862 : E3;
	4863 : E3;
	4864 : E3;
	4865 : E3;
	4866 : E3;
	4867 : E3;
	4868 : E3;
	4869 : E3;
	4870 : E3;
	4871 : E3;
	4872 : E3;
	4873 : E3;
	4874 : E3;
	4875 : E3;
	4876 : E3;
	4877 : E3;
	4878 : E3;
	4879 : E3;
	4880 : E3;
	4881 : E3;
	4882 : E3;
	4883 : E3;
	4884 : E3;
	4885 : E3;
	4886 : E3;
	4887 : E3;
	4888 : E3;
	4889 : E3;
	4890 : E3;
	4891 : E3;
	4892 : E3;
	4893 : E3;
	4894 : E3;
	4895 : E3;
	4896 : E3;
	4897 : E3;
	4898 : E3;
	4899 : E3;
	4900 : E3;
	4901 : E3;
	4902 : E3;
	4903 : E3;
	4904 : E3;
	4905 : E3;
	4906 : E3;
	4907 : E3;
	4908 : E3;
	4909 : E3;
	4910 : E3;
	4911 : E3;
	4912 : E3;
	4913 : E3;
	4914 : E3;
	4915 : E3;
	4916 : E3;
	4917 : E3;
	4918 : E3;
	4919 : E3;
	4920 : E3;
	4921 : E3;
	4922 : E3;
	4923 : E3;
	4924 : E3;
	4925 : E3;
	4926 : E3;
	4927 : E3;
	4928 : E3;
	4929 : E3;
	4930 : E3;
	4931 : E3;
	4932 : E3;
	4933 : E3;
	4934 : E3;
	4935 : E3;
	4936 : E3;
	4937 : E3;
	4938 : E3;
	4939 : E3;
	4940 : E3;
	4941 : E3;
	4942 : E3;
	4943 : E3;
	4944 : E3;
	4945 : E3;
	4946 : E3;
	4947 : E3;
	4948 : E3;
	4949 : E3;
	4950 : E3;
	4951 : E3;
	4952 : E3;
	4953 : E3;
	4954 : E3;
	4955 : E3;
	4956 : E3;
	4957 : E3;
	4958 : E3;
	4959 : E3;
	4960 : E3;
	4961 : E3;
	4962 : E3;
	4963 : E3;
	4964 : E3;
	4965 : E3;
	4966 : E3;
	4967 : E3;
	4968 : E3;
	4969 : E3;
	4970 : E3;
	4971 : E3;
	4972 : E3;
	4973 : E3;
	4974 : E3;
	4975 : E3;
	4976 : E3;
	4977 : E3;
	4978 : E3;
	4979 : E3;
	4980 : E3;
	4981 : E3;
	4982 : E3;
	4983 : E3;
	4984 : E3;
	4985 : E3;
	4986 : E3;
	4987 : E3;
	4988 : E3;
	4989 : E3;
	4990 : E3;
	4991 : E3;
	4992 : E3;
	4993 : E3;
	4994 : E3;
	4995 : E3;
	4996 : E3;
	4997 : E3;
	4998 : E3;
	4999 : E3;
	5000 : E3;
	5001 : E3;
	5002 : E3;
	5003 : E3;
	5004 : E3;
	5005 : E3;
	5006 : E3;
	5007 : E3;
	5008 : E3;
	5009 : E3;
	5010 : E3;
	5011 : E3;
	5012 : E3;
	5013 : E3;
	5014 : E3;
	5015 : E3;
	5016 : E3;
	5017 : E3;
	5018 : E3;
	5019 : E3;
	5020 : E3;
	5021 : E3;
	5022 : E3;
	5023 : E3;
	5024 : E3;
	5025 : E3;
	5026 : E3;
	5027 : E3;
	5028 : E3;
	5029 : E3;
	5030 : E3;
	5031 : E3;
	5032 : E3;
	5033 : E3;
	5034 : E3;
	5035 : E3;
	5036 : E3;
	5037 : E3;
	5038 : E3;
	5039 : E3;
	5040 : E3;
	5041 : E3;
	5042 : E3;
	5043 : E3;
	5044 : E3;
	5045 : E3;
	5046 : E3;
	5047 : E3;
	5048 : E3;
	5049 : E3;
	5050 : E3;
	5051 : E3;
	5052 : E3;
	5053 : E3;
	5054 : E3;
	5055 : E3;
	5056 : E3;
	5057 : E3;
	5058 : E3;
	5059 : E3;
	5060 : E3;
	5061 : E3;
	5062 : E3;
	5063 : E3;
	5064 : E3;
	5065 : E3;
	5066 : E3;
	5067 : E3;
	5068 : E3;
	5069 : E3;
	5070 : E3;
	5071 : E3;
	5072 : E3;
	5073 : E3;
	5074 : E3;
	5075 : E3;
	5076 : E3;
	5077 : E3;
	5078 : E3;
	5079 : E3;
	5080 : E3;
	5081 : E3;
	5082 : E3;
	5083 : E3;
	5084 : E3;
	5085 : E3;
	5086 : E3;
	5087 : E3;
	5088 : E3;
	5089 : E3;
	5090 : E3;
	5091 : E3;
	5092 : E3;
	5093 : E3;
	5094 : E3;
	5095 : E3;
	5096 : E3;
	5097 : E3;
	5098 : E3;
	5099 : E3;
	5100 : E3;
	5101 : E3;
	5102 : E3;
	5103 : E3;
	5104 : E3;
	5105 : E3;
	5106 : E3;
	5107 : E3;
	5108 : E3;
	5109 : E3;
	5110 : E3;
	5111 : E3;
	5112 : E3;
	5113 : E3;
	5114 : E3;
	5115 : E3;
	5116 : E3;
	5117 : E3;
	5118 : E3;
	5119 : E3;
	5120 : E3;
	5121 : E3;
	5122 : E3;
	5123 : E3;
	5124 : E3;
	5125 : E3;
	5126 : E3;
	5127 : E3;
	5128 : E3;
	5129 : E3;
	5130 : E3;
	5131 : E3;
	5132 : E3;
	5133 : E3;
	5134 : E3;
	5135 : E3;
	5136 : E3;
	5137 : E3;
	5138 : E3;
	5139 : E3;
	5140 : E3;
	5141 : E3;
	5142 : E3;
	5143 : E3;
	5144 : E3;
	5145 : E3;
	5146 : E3;
	5147 : E3;
	5148 : E3;
	5149 : E3;
	5150 : E3;
	5151 : E3;
	5152 : E3;
	5153 : E3;
	5154 : E3;
	5155 : E3;
	5156 : E3;
	5157 : E3;
	5158 : E3;
	5159 : E3;
	5160 : E3;
	5161 : E3;
	5162 : E3;
	5163 : E3;
	5164 : E3;
	5165 : E3;
	5166 : E3;
	5167 : E3;
	5168 : E3;
	5169 : E3;
	5170 : E3;
	5171 : E3;
	5172 : E3;
	5173 : E3;
	5174 : E3;
	5175 : E3;
	5176 : E3;
	5177 : E3;
	5178 : E3;
	5179 : E3;
	5180 : E3;
	5181 : E3;
	5182 : E3;
	5183 : E3;
	5184 : E3;
	5185 : E3;
	5186 : E3;
	5187 : E3;
	5188 : E3;
	5189 : E3;
	5190 : E3;
	5191 : E3;
	5192 : E3;
	5193 : E3;
	5194 : E3;
	5195 : E3;
	5196 : E3;
	5197 : E3;
	5198 : E3;
	5199 : E3;
	5200 : E3;
	5201 : E3;
	5202 : E3;
	5203 : E3;
	5204 : E3;
	5205 : E3;
	5206 : E3;
	5207 : E3;
	5208 : E3;
	5209 : E3;
	5210 : E3;
	5211 : E3;
	5212 : E3;
	5213 : E3;
	5214 : E3;
	5215 : E3;
	5216 : E3;
	5217 : E3;
	5218 : E3;
	5219 : E3;
	5220 : E3;
	5221 : E3;
	5222 : E3;
	5223 : E3;
	5224 : E3;
	5225 : E3;
	5226 : E3;
	5227 : E3;
	5228 : E3;
	5229 : E3;
	5230 : E3;
	5231 : E3;
	5232 : E3;
	5233 : E3;
	5234 : E3;
	5235 : E3;
	5236 : E3;
	5237 : E3;
	5238 : E3;
	5239 : E3;
	5240 : E3;
	5241 : E3;
	5242 : E3;
	5243 : E3;
	5244 : E3;
	5245 : E3;
	5246 : E3;
	5247 : E3;
	5248 : E3;
	5249 : E3;
	5250 : E3;
	5251 : E3;
	5252 : E3;
	5253 : E3;
	5254 : E3;
	5255 : E3;
	5256 : E3;
	5257 : E3;
	5258 : E3;
	5259 : E3;
	5260 : E3;
	5261 : E3;
	5262 : E3;
	5263 : E3;
	5264 : E3;
	5265 : E3;
	5266 : E3;
	5267 : E3;
	5268 : E3;
	5269 : E3;
	5270 : E3;
	5271 : E3;
	5272 : E3;
	5273 : E3;
	5274 : E3;
	5275 : E3;
	5276 : E3;
	5277 : E3;
	5278 : E3;
	5279 : E3;
	5280 : E3;
	5281 : E3;
	5282 : E3;
	5283 : E3;
	5284 : E3;
	5285 : E3;
	5286 : E3;
	5287 : E3;
	5288 : E3;
	5289 : E3;
	5290 : E3;
	5291 : E3;
	5292 : E3;
	5293 : E3;
	5294 : E3;
	5295 : E3;
	5296 : E3;
	5297 : E3;
	5298 : E3;
	5299 : E3;
	5300 : E3;
	5301 : E3;
	5302 : E3;
	5303 : E3;
	5304 : E3;
	5305 : E3;
	5306 : E3;
	5307 : E3;
	5308 : E3;
	5309 : E3;
	5310 : E3;
	5311 : E3;
	5312 : E3;
	5313 : E3;
	5314 : E3;
	5315 : E3;
	5316 : E3;
	5317 : E3;
	5318 : E3;
	5319 : E3;
	5320 : E3;
	5321 : E3;
	5322 : E3;
	5323 : E3;
	5324 : E3;
	5325 : E3;
	5326 : E3;
	5327 : E3;
	5328 : E3;
	5329 : E3;
	5330 : E3;
	5331 : E3;
	5332 : E3;
	5333 : E3;
	5334 : E3;
	5335 : E3;
	5336 : E3;
	5337 : E3;
	5338 : E3;
	5339 : E3;
	5340 : E3;
	5341 : E3;
	5342 : E3;
	5343 : E3;
	5344 : E3;
	5345 : E3;
	5346 : E3;
	5347 : E3;
	5348 : E3;
	5349 : E3;
	5350 : E3;
	5351 : E3;
	5352 : E3;
	5353 : E3;
	5354 : E3;
	5355 : E3;
	5356 : E3;
	5357 : E3;
	5358 : E3;
	5359 : E3;
	5360 : E3;
	5361 : E3;
	5362 : E3;
	5363 : E3;
	5364 : E3;
	5365 : E3;
	5366 : E3;
	5367 : E3;
	5368 : E3;
	5369 : E3;
	5370 : E3;
	5371 : E3;
	5372 : E3;
	5373 : E3;
	5374 : E3;
	5375 : E3;
	5376 : E3;
	5377 : E3;
	5378 : E3;
	5379 : E3;
	5380 : E3;
	5381 : E3;
	5382 : E3;
	5383 : E3;
	5384 : E3;
	5385 : E3;
	5386 : E3;
	5387 : E3;
	5388 : E3;
	5389 : E3;
	5390 : E3;
	5391 : E3;
	5392 : E3;
	5393 : E3;
	5394 : E3;
	5395 : E3;
	5396 : E3;
	5397 : E3;
	5398 : E3;
	5399 : E3;
	5400 : E3;
	5401 : E3;
	5402 : E3;
	5403 : E3;
	5404 : E3;
	5405 : E3;
	5406 : E3;
	5407 : E3;
	5408 : E3;
	5409 : E3;
	5410 : E3;
	5411 : E3;
	5412 : E3;
	5413 : E3;
	5414 : E3;
	5415 : E3;
	5416 : E3;
	5417 : E3;
	5418 : E3;
	5419 : E3;
	5420 : E3;
	5421 : E3;
	5422 : E3;
	5423 : E3;
	5424 : E3;
	5425 : E3;
	5426 : E3;
	5427 : E3;
	5428 : E3;
	5429 : E3;
	5430 : E3;
	5431 : E3;
	5432 : E3;
	5433 : E3;
	5434 : E3;
	5435 : E3;
	5436 : E3;
	5437 : E3;
	5438 : E3;
	5439 : E3;
	5440 : E3;
	5441 : E3;
	5442 : E3;
	5443 : E3;
	5444 : E3;
	5445 : E3;
	5446 : E3;
	5447 : E3;
	5448 : E3;
	5449 : E3;
	5450 : E3;
	5451 : E3;
	5452 : E3;
	5453 : E3;
	5454 : E3;
	5455 : E3;
	5456 : E3;
	5457 : E3;
	5458 : E3;
	5459 : E3;
	5460 : E3;
	5461 : E3;
	5462 : E3;
	5463 : E3;
	5464 : E3;
	5465 : E3;
	5466 : E3;
	5467 : E3;
	5468 : E3;
	5469 : E3;
	5470 : E3;
	5471 : E3;
	5472 : E3;
	5473 : E3;
	5474 : E3;
	5475 : E3;
	5476 : E3;
	5477 : E3;
	5478 : E3;
	5479 : E3;
	5480 : E3;
	5481 : E3;
	5482 : E3;
	5483 : E3;
	5484 : E3;
	5485 : E3;
	5486 : E3;
	5487 : E3;
	5488 : E3;
	5489 : E3;
	5490 : E3;
	5491 : E3;
	5492 : E3;
	5493 : E3;
	5494 : E3;
	5495 : E3;
	5496 : E3;
	5497 : E3;
	5498 : E3;
	5499 : E3;
	5500 : E3;
	5501 : E3;
	5502 : E3;
	5503 : E3;
	5504 : E3;
	5505 : E3;
	5506 : E3;
	5507 : E3;
	5508 : E3;
	5509 : E3;
	5510 : E3;
	5511 : E3;
	5512 : E3;
	5513 : E3;
	5514 : E3;
	5515 : E3;
	5516 : E3;
	5517 : E3;
	5518 : E3;
	5519 : E3;
	5520 : E3;
	5521 : E3;
	5522 : E3;
	5523 : E3;
	5524 : E3;
	5525 : E3;
	5526 : E3;
	5527 : E3;
	5528 : E3;
	5529 : E3;
	5530 : E3;
	5531 : E3;
	5532 : E3;
	5533 : E3;
	5534 : E3;
	5535 : E3;
	5536 : E3;
	5537 : E3;
	5538 : E3;
	5539 : E3;
	5540 : E3;
	5541 : E3;
	5542 : E3;
	5543 : E3;
	5544 : E3;
	5545 : E3;
	5546 : E3;
	5547 : E3;
	5548 : E3;
	5549 : E3;
	5550 : E3;
	5551 : E3;
	5552 : E3;
	5553 : E3;
	5554 : E3;
	5555 : E3;
	5556 : E3;
	5557 : E3;
	5558 : E3;
	5559 : E3;
	5560 : E3;
	5561 : E3;
	5562 : E3;
	5563 : E3;
	5564 : E3;
	5565 : E3;
	5566 : E3;
	5567 : E3;
	5568 : E3;
	5569 : E3;
	5570 : E3;
	5571 : E3;
	5572 : E3;
	5573 : E3;
	5574 : E3;
	5575 : E3;
	5576 : E3;
	5577 : E3;
	5578 : E3;
	5579 : E3;
	5580 : E3;
	5581 : E3;
	5582 : E3;
	5583 : E3;
	5584 : E3;
	5585 : E3;
	5586 : E3;
	5587 : E3;
	5588 : E3;
	5589 : E3;
	5590 : E3;
	5591 : E3;
	5592 : E3;
	5593 : E3;
	5594 : E3;
	5595 : E3;
	5596 : E3;
	5597 : E3;
	5598 : E3;
	5599 : E3;
	5600 : E3;
	5601 : E3;
	5602 : E3;
	5603 : E3;
	5604 : E3;
	5605 : E3;
	5606 : E3;
	5607 : E3;
	5608 : E3;
	5609 : E3;
	5610 : E3;
	5611 : E3;
	5612 : E3;
	5613 : E3;
	5614 : E3;
	5615 : E3;
	5616 : E3;
	5617 : E3;
	5618 : E3;
	5619 : E3;
	5620 : E3;
	5621 : E3;
	5622 : E3;
	5623 : E3;
	5624 : E3;
	5625 : E3;
	5626 : E3;
	5627 : E3;
	5628 : E3;
	5629 : E3;
	5630 : E3;
	5631 : E3;
	5632 : E3;
	5633 : E3;
	5634 : E3;
	5635 : E3;
	5636 : E3;
	5637 : E3;
	5638 : E3;
	5639 : E3;
	5640 : E3;
	5641 : E3;
	5642 : E3;
	5643 : E3;
	5644 : E3;
	5645 : E3;
	5646 : E3;
	5647 : E3;
	5648 : E3;
	5649 : E3;
	5650 : E3;
	5651 : E3;
	5652 : E3;
	5653 : E3;
	5654 : E3;
	5655 : E3;
	5656 : E3;
	5657 : E3;
	5658 : E3;
	5659 : E3;
	5660 : E3;
	5661 : E3;
	5662 : E3;
	5663 : E3;
	5664 : E3;
	5665 : E3;
	5666 : E3;
	5667 : E3;
	5668 : E3;
	5669 : E3;
	5670 : E3;
	5671 : E3;
	5672 : E3;
	5673 : E3;
	5674 : E3;
	5675 : E3;
	5676 : E3;
	5677 : E3;
	5678 : E3;
	5679 : E3;
	5680 : E3;
	5681 : E3;
	5682 : E3;
	5683 : E3;
	5684 : E3;
	5685 : E3;
	5686 : E3;
	5687 : E3;
	5688 : E3;
	5689 : E3;
	5690 : E3;
	5691 : E3;
	5692 : E3;
	5693 : E3;
	5694 : E3;
	5695 : E3;
	5696 : E3;
	5697 : E3;
	5698 : E3;
	5699 : E3;
	5700 : E3;
	5701 : E3;
	5702 : E3;
	5703 : E3;
	5704 : E3;
	5705 : E3;
	5706 : E3;
	5707 : E3;
	5708 : E3;
	5709 : E3;
	5710 : E3;
	5711 : E3;
	5712 : E3;
	5713 : E3;
	5714 : E3;
	5715 : E3;
	5716 : E3;
	5717 : E3;
	5718 : E3;
	5719 : E3;
	5720 : E3;
	5721 : E3;
	5722 : E3;
	5723 : E3;
	5724 : E3;
	5725 : E3;
	5726 : E3;
	5727 : E3;
	5728 : E3;
	5729 : E3;
	5730 : E3;
	5731 : E3;
	5732 : E3;
	5733 : E3;
	5734 : E3;
	5735 : E3;
	5736 : E3;
	5737 : E3;
	5738 : E3;
	5739 : E3;
	5740 : E3;
	5741 : E3;
	5742 : E3;
	5743 : E3;
	5744 : E3;
	5745 : E3;
	5746 : E3;
	5747 : E3;
	5748 : E3;
	5749 : E3;
	5750 : E3;
	5751 : E3;
	5752 : E3;
	5753 : E3;
	5754 : E3;
	5755 : E3;
	5756 : E3;
	5757 : E3;
	5758 : E3;
	5759 : E3;
	5760 : E3;
	5761 : E3;
	5762 : E3;
	5763 : E3;
	5764 : E3;
	5765 : E3;
	5766 : E3;
	5767 : E3;
	5768 : E3;
	5769 : E3;
	5770 : E3;
	5771 : E3;
	5772 : E3;
	5773 : E3;
	5774 : E3;
	5775 : E3;
	5776 : E3;
	5777 : E3;
	5778 : E3;
	5779 : E3;
	5780 : E3;
	5781 : E3;
	5782 : E3;
	5783 : E3;
	5784 : E3;
	5785 : E3;
	5786 : E3;
	5787 : E3;
	5788 : E3;
	5789 : E3;
	5790 : E3;
	5791 : E3;
	5792 : E3;
	5793 : E3;
	5794 : E3;
	5795 : E3;
	5796 : E3;
	5797 : E3;
	5798 : E3;
	5799 : E3;
	5800 : E3;
	5801 : E3;
	5802 : E3;
	5803 : E3;
	5804 : E3;
	5805 : E3;
	5806 : E3;
	5807 : E3;
	5808 : E3;
	5809 : E3;
	5810 : E3;
	5811 : E3;
	5812 : E3;
	5813 : E3;
	5814 : E3;
	5815 : E3;
	5816 : E3;
	5817 : E3;
	5818 : E3;
	5819 : E3;
	5820 : E3;
	5821 : E3;
	5822 : E3;
	5823 : E3;
	5824 : E3;
	5825 : E3;
	5826 : E3;
	5827 : E3;
	5828 : E3;
	5829 : E3;
	5830 : E3;
	5831 : E3;
	5832 : E3;
	5833 : E3;
	5834 : E3;
	5835 : E3;
	5836 : E3;
	5837 : E3;
	5838 : E3;
	5839 : E3;
	5840 : E3;
	5841 : E3;
	5842 : E3;
	5843 : E3;
	5844 : E3;
	5845 : E3;
	5846 : E3;
	5847 : E3;
	5848 : E3;
	5849 : E3;
	5850 : E3;
	5851 : E3;
	5852 : E3;
	5853 : E3;
	5854 : E3;
	5855 : E3;
	5856 : E3;
	5857 : E3;
	5858 : E3;
	5859 : E3;
	5860 : E3;
	5861 : E3;
	5862 : E3;
	5863 : E3;
	5864 : E3;
	5865 : E3;
	5866 : E3;
	5867 : E3;
	5868 : E3;
	5869 : E3;
	5870 : E3;
	5871 : E3;
	5872 : E3;
	5873 : E3;
	5874 : E3;
	5875 : E3;
	5876 : E3;
	5877 : E3;
	5878 : E3;
	5879 : E3;
	5880 : E3;
	5881 : E3;
	5882 : E3;
	5883 : E3;
	5884 : E3;
	5885 : E3;
	5886 : E3;
	5887 : E3;
	5888 : E3;
	5889 : E3;
	5890 : E3;
	5891 : E3;
	5892 : E3;
	5893 : E3;
	5894 : E3;
	5895 : E3;
	5896 : E3;
	5897 : E3;
	5898 : E3;
	5899 : E3;
	5900 : E3;
	5901 : E3;
	5902 : E3;
	5903 : E3;
	5904 : E3;
	5905 : E3;
	5906 : E3;
	5907 : E3;
	5908 : E3;
	5909 : E3;
	5910 : E3;
	5911 : E3;
	5912 : E3;
	5913 : E3;
	5914 : E3;
	5915 : E3;
	5916 : E3;
	5917 : E3;
	5918 : E3;
	5919 : E3;
	5920 : E3;
	5921 : E3;
	5922 : E3;
	5923 : E3;
	5924 : E3;
	5925 : E3;
	5926 : E3;
	5927 : E3;
	5928 : E3;
	5929 : E3;
	5930 : E3;
	5931 : E3;
	5932 : E3;
	5933 : E3;
	5934 : E3;
	5935 : E3;
	5936 : E3;
	5937 : E3;
	5938 : E3;
	5939 : E3;
	5940 : E3;
	5941 : E3;
	5942 : E3;
	5943 : E3;
	5944 : E3;
	5945 : E3;
	5946 : E3;
	5947 : E3;
	5948 : E3;
	5949 : E3;
	5950 : E3;
	5951 : E3;
	5952 : E3;
	5953 : E3;
	5954 : E3;
	5955 : E3;
	5956 : E3;
	5957 : E3;
	5958 : E3;
	5959 : E3;
	5960 : E3;
	5961 : E3;
	5962 : E3;
	5963 : E3;
	5964 : E3;
	5965 : E3;
	5966 : E3;
	5967 : E3;
	5968 : E3;
	5969 : E3;
	5970 : E3;
	5971 : E3;
	5972 : E3;
	5973 : E3;
	5974 : E3;
	5975 : E3;
	5976 : E3;
	5977 : E3;
	5978 : E3;
	5979 : E3;
	5980 : E3;
	5981 : E3;
	5982 : E3;
	5983 : E3;
	5984 : E3;
	5985 : E3;
	5986 : E3;
	5987 : E3;
	5988 : E3;
	5989 : E3;
	5990 : E3;
	5991 : E3;
	5992 : E3;
	5993 : E3;
	5994 : E3;
	5995 : E3;
	5996 : E3;
	5997 : E3;
	5998 : E3;
	5999 : E3;
	6000 : E3;
	6001 : E3;
	6002 : E3;
	6003 : E3;
	6004 : E3;
	6005 : E3;
	6006 : E3;
	6007 : E3;
	6008 : E3;
	6009 : E3;
	6010 : E3;
	6011 : E3;
	6012 : E3;
	6013 : E3;
	6014 : E3;
	6015 : E3;
	6016 : E3;
	6017 : E3;
	6018 : E3;
	6019 : E3;
	6020 : E3;
	6021 : E3;
	6022 : E3;
	6023 : E3;
	6024 : E3;
	6025 : E3;
	6026 : E3;
	6027 : E3;
	6028 : E3;
	6029 : E3;
	6030 : E3;
	6031 : E3;
	6032 : E3;
	6033 : E3;
	6034 : E3;
	6035 : E3;
	6036 : E3;
	6037 : E3;
	6038 : E3;
	6039 : E3;
	6040 : E3;
	6041 : E3;
	6042 : E3;
	6043 : E3;
	6044 : E3;
	6045 : E3;
	6046 : E3;
	6047 : E3;
	6048 : E3;
	6049 : E3;
	6050 : E3;
	6051 : E3;
	6052 : E3;
	6053 : E3;
	6054 : E3;
	6055 : E3;
	6056 : E3;
	6057 : E3;
	6058 : E3;
	6059 : E3;
	6060 : E3;
	6061 : E3;
	6062 : E3;
	6063 : E3;
	6064 : E3;
	6065 : E3;
	6066 : E3;
	6067 : E3;
	6068 : E3;
	6069 : E3;
	6070 : E3;
	6071 : E3;
	6072 : E3;
	6073 : E3;
	6074 : E3;
	6075 : E3;
	6076 : E3;
	6077 : E3;
	6078 : E3;
	6079 : E3;
	6080 : E3;
	6081 : E3;
	6082 : E3;
	6083 : E3;
	6084 : E3;
	6085 : E3;
	6086 : E3;
	6087 : E3;
	6088 : E3;
	6089 : E3;
	6090 : E3;
	6091 : E3;
	6092 : E3;
	6093 : E3;
	6094 : E3;
	6095 : E3;
	6096 : E3;
	6097 : E3;
	6098 : E3;
	6099 : E3;
	6100 : E3;
	6101 : E3;
	6102 : E3;
	6103 : E3;
	6104 : E3;
	6105 : E3;
	6106 : E3;
	6107 : E3;
	6108 : E3;
	6109 : E3;
	6110 : E3;
	6111 : E3;
	6112 : E3;
	6113 : E3;
	6114 : E3;
	6115 : E3;
	6116 : E3;
	6117 : E3;
	6118 : E3;
	6119 : E3;
	6120 : E3;
	6121 : E3;
	6122 : E3;
	6123 : E3;
	6124 : E3;
	6125 : E3;
	6126 : E3;
	6127 : E3;
	6128 : E3;
	6129 : E3;
	6130 : E3;
	6131 : E3;
	6132 : E3;
	6133 : E3;
	6134 : E3;
	6135 : E3;
	6136 : E3;
	6137 : E3;
	6138 : E3;
	6139 : E3;
	6140 : E3;
	6141 : E3;
	6142 : E3;
	6143 : E3;
	6144 : E3;
	6145 : E3;
	6146 : E3;
	6147 : E3;
	6148 : E3;
	6149 : E3;
	6150 : E3;
	6151 : E3;
	6152 : E3;
	6153 : E3;
	6154 : E3;
	6155 : E3;
	6156 : E3;
	6157 : E3;
	6158 : E3;
	6159 : E3;
	6160 : E3;
	6161 : E3;
	6162 : E3;
	6163 : E3;
	6164 : E3;
	6165 : E3;
	6166 : E3;
	6167 : E3;
	6168 : E3;
	6169 : E3;
	6170 : E3;
	6171 : E3;
	6172 : E3;
	6173 : E3;
	6174 : E3;
	6175 : E3;
	6176 : E3;
	6177 : E3;
	6178 : E3;
	6179 : E3;
	6180 : E3;
	6181 : E3;
	6182 : E3;
	6183 : E3;
	6184 : E3;
	6185 : E3;
	6186 : E3;
	6187 : E3;
	6188 : E3;
	6189 : E3;
	6190 : E3;
	6191 : E3;
	6192 : E3;
	6193 : E3;
	6194 : E3;
	6195 : E3;
	6196 : E3;
	6197 : E3;
	6198 : E3;
	6199 : E3;
	6200 : E3;
	6201 : E3;
	6202 : E3;
	6203 : E3;
	6204 : E3;
	6205 : E3;
	6206 : E3;
	6207 : E3;
	6208 : E3;
	6209 : E3;
	6210 : E3;
	6211 : E3;
	6212 : E3;
	6213 : E3;
	6214 : E3;
	6215 : E3;
	6216 : E3;
	6217 : E3;
	6218 : E3;
	6219 : E3;
	6220 : E3;
	6221 : E3;
	6222 : E3;
	6223 : E3;
	6224 : E3;
	6225 : E3;
	6226 : E3;
	6227 : E3;
	6228 : E3;
	6229 : E3;
	6230 : E3;
	6231 : E3;
	6232 : E3;
	6233 : E3;
	6234 : E3;
	6235 : E3;
	6236 : E3;
	6237 : E3;
	6238 : E3;
	6239 : E3;
	6240 : E3;
	6241 : E3;
	6242 : E3;
	6243 : E3;
	6244 : E3;
	6245 : E3;
	6246 : E3;
	6247 : E3;
	6248 : E3;
	6249 : E3;
	6250 : E3;
	6251 : E3;
	6252 : E3;
	6253 : E3;
	6254 : E3;
	6255 : E3;
	6256 : E3;
	6257 : E3;
	6258 : E3;
	6259 : E3;
	6260 : E3;
	6261 : E3;
	6262 : E3;
	6263 : E3;
	6264 : E3;
	6265 : E3;
	6266 : E3;
	6267 : E3;
	6268 : E3;
	6269 : E3;
	6270 : E3;
	6271 : E3;
	6272 : E3;
	6273 : E3;
	6274 : E3;
	6275 : E3;
	6276 : E3;
	6277 : E3;
	6278 : E3;
	6279 : E3;
	6280 : E3;
	6281 : E3;
	6282 : E3;
	6283 : E3;
	6284 : E3;
	6285 : E3;
	6286 : E3;
	6287 : E3;
	6288 : E3;
	6289 : E3;
	6290 : E3;
	6291 : E3;
	6292 : E3;
	6293 : E3;
	6294 : E3;
	6295 : E3;
	6296 : E3;
	6297 : E3;
	6298 : E3;
	6299 : E3;
	6300 : E3;
	6301 : E3;
	6302 : E3;
	6303 : E3;
	6304 : E3;
	6305 : E3;
	6306 : E3;
	6307 : E3;
	6308 : E3;
	6309 : E3;
	6310 : E3;
	6311 : E3;
	6312 : E3;
	6313 : E3;
	6314 : E3;
	6315 : E3;
	6316 : E3;
	6317 : E3;
	6318 : E3;
	6319 : E3;
	6320 : E3;
	6321 : E3;
	6322 : E3;
	6323 : E3;
	6324 : E3;
	6325 : E3;
	6326 : E3;
	6327 : E3;
	6328 : E3;
	6329 : E3;
	6330 : E3;
	6331 : E3;
	6332 : E3;
	6333 : E3;
	6334 : E3;
	6335 : E3;
	6336 : E3;
	6337 : E3;
	6338 : E3;
	6339 : E3;
	6340 : E3;
	6341 : E3;
	6342 : E3;
	6343 : E3;
	6344 : E3;
	6345 : E3;
	6346 : E3;
	6347 : E3;
	6348 : E3;
	6349 : E3;
	6350 : E3;
	6351 : E3;
	6352 : E3;
	6353 : E3;
	6354 : E3;
	6355 : E3;
	6356 : E3;
	6357 : E3;
	6358 : E3;
	6359 : E3;
	6360 : E3;
	6361 : E3;
	6362 : E3;
	6363 : E3;
	6364 : E3;
	6365 : E3;
	6366 : E3;
	6367 : E3;
	6368 : E3;
	6369 : E3;
	6370 : E3;
	6371 : E3;
	6372 : E3;
	6373 : E3;
	6374 : E3;
	6375 : E3;
	6376 : E3;
	6377 : E3;
	6378 : E3;
	6379 : E3;
	6380 : E3;
	6381 : E3;
	6382 : E3;
	6383 : E3;
	6384 : E3;
	6385 : E3;
	6386 : E3;
	6387 : E3;
	6388 : E3;
	6389 : E3;
	6390 : E3;
	6391 : E3;
	6392 : E3;
	6393 : E3;
	6394 : E3;
	6395 : E3;
	6396 : E3;
	6397 : E3;
	6398 : E3;
	6399 : E3;
	6400 : E3;
	6401 : E3;
	6402 : E3;
	6403 : E3;
	6404 : E3;
	6405 : E3;
	6406 : E3;
	6407 : E3;
	6408 : E3;
	6409 : E3;
	6410 : E3;
	6411 : E3;
	6412 : E3;
	6413 : E3;
	6414 : E3;
	6415 : E3;
	6416 : E3;
	6417 : E3;
	6418 : E3;
	6419 : E3;
	6420 : E3;
	6421 : E3;
	6422 : E3;
	6423 : E3;
	6424 : E3;
	6425 : E3;
	6426 : E3;
	6427 : E3;
	6428 : E3;
	6429 : E3;
	6430 : E3;
	6431 : E3;
	6432 : E3;
	6433 : E3;
	6434 : E3;
	6435 : E3;
	6436 : E3;
	6437 : E3;
	6438 : E3;
	6439 : E3;
	6440 : E3;
	6441 : E3;
	6442 : E3;
	6443 : E3;
	6444 : E3;
	6445 : E3;
	6446 : E3;
	6447 : E3;
	6448 : E3;
	6449 : E3;
	6450 : E3;
	6451 : E3;
	6452 : E3;
	6453 : E3;
	6454 : E3;
	6455 : E3;
	6456 : E3;
	6457 : E3;
	6458 : E3;
	6459 : E3;
	6460 : E3;
	6461 : E3;
	6462 : E3;
	6463 : E3;
	6464 : E3;
	6465 : E3;
	6466 : E3;
	6467 : E3;
	6468 : E3;
	6469 : E3;
	6470 : E3;
	6471 : E3;
	6472 : E3;
	6473 : E3;
	6474 : E3;
	6475 : E3;
	6476 : E3;
	6477 : E3;
	6478 : E3;
	6479 : E3;
	6480 : E3;
	6481 : E3;
	6482 : E3;
	6483 : E3;
	6484 : E3;
	6485 : E3;
	6486 : E3;
	6487 : E3;
	6488 : E3;
	6489 : E3;
	6490 : E3;
	6491 : E3;
	6492 : E3;
	6493 : E3;
	6494 : E3;
	6495 : E3;
	6496 : E3;
	6497 : E3;
	6498 : E3;
	6499 : E3;
	6500 : E3;
	6501 : E3;
	6502 : E3;
	6503 : E3;
	6504 : E3;
	6505 : E3;
	6506 : E3;
	6507 : E3;
	6508 : E3;
	6509 : E3;
	6510 : E3;
	6511 : E3;
	6512 : E3;
	6513 : E3;
	6514 : E3;
	6515 : E3;
	6516 : E3;
	6517 : E3;
	6518 : E3;
	6519 : E3;
	6520 : E3;
	6521 : E3;
	6522 : E3;
	6523 : E3;
	6524 : E3;
	6525 : E3;
	6526 : E3;
	6527 : E3;
	6528 : E3;
	6529 : E3;
	6530 : E3;
	6531 : E3;
	6532 : E3;
	6533 : E3;
	6534 : E3;
	6535 : E3;
	6536 : E3;
	6537 : E3;
	6538 : E3;
	6539 : E3;
	6540 : E3;
	6541 : E3;
	6542 : E3;
	6543 : E3;
	6544 : E3;
	6545 : E3;
	6546 : E3;
	6547 : E3;
	6548 : E3;
	6549 : E3;
	6550 : E3;
	6551 : E3;
	6552 : E3;
	6553 : E3;
	6554 : E3;
	6555 : E3;
	6556 : E3;
	6557 : E3;
	6558 : E3;
	6559 : E3;
	6560 : E3;
	6561 : E3;
	6562 : E3;
	6563 : E3;
	6564 : E3;
	6565 : E3;
	6566 : E3;
	6567 : E3;
	6568 : E3;
	6569 : E3;
	6570 : E3;
	6571 : E3;
	6572 : E3;
	6573 : E3;
	6574 : E3;
	6575 : E3;
	6576 : E3;
	6577 : E3;
	6578 : E3;
	6579 : E3;
	6580 : E3;
	6581 : E3;
	6582 : E3;
	6583 : E3;
	6584 : E3;
	6585 : E3;
	6586 : E3;
	6587 : E3;
	6588 : E3;
	6589 : E3;
	6590 : E3;
	6591 : E3;
	6592 : E3;
	6593 : E3;
	6594 : E3;
	6595 : E3;
	6596 : E3;
	6597 : E3;
	6598 : E3;
	6599 : E3;
	6600 : E3;
	6601 : E3;
	6602 : E3;
	6603 : E3;
	6604 : E3;
	6605 : E3;
	6606 : E3;
	6607 : E3;
	6608 : E3;
	6609 : E3;
	6610 : E3;
	6611 : E3;
	6612 : E3;
	6613 : E3;
	6614 : E3;
	6615 : E3;
	6616 : E3;
	6617 : E3;
	6618 : E3;
	6619 : E3;
	6620 : E3;
	6621 : E3;
	6622 : E3;
	6623 : E3;
	6624 : E3;
	6625 : E3;
	6626 : E3;
	6627 : E3;
	6628 : E3;
	6629 : E3;
	6630 : E3;
	6631 : E3;
	6632 : E3;
	6633 : E3;
	6634 : E3;
	6635 : E3;
	6636 : E3;
	6637 : E3;
	6638 : E3;
	6639 : E3;
	6640 : E3;
	6641 : E3;
	6642 : E3;
	6643 : E3;
	6644 : E3;
	6645 : E3;
	6646 : E3;
	6647 : E3;
	6648 : E3;
	6649 : E3;
	6650 : E3;
	6651 : E3;
	6652 : E3;
	6653 : E3;
	6654 : E3;
	6655 : E3;
	6656 : E3;
	6657 : E3;
	6658 : E3;
	6659 : E3;
	6660 : E3;
	6661 : E3;
	6662 : E3;
	6663 : E3;
	6664 : E3;
	6665 : E3;
	6666 : E3;
	6667 : E3;
	6668 : E3;
	6669 : E3;
	6670 : E3;
	6671 : E3;
	6672 : E3;
	6673 : E3;
	6674 : E3;
	6675 : E3;
	6676 : E3;
	6677 : E3;
	6678 : E3;
	6679 : E3;
	6680 : E3;
	6681 : E3;
	6682 : E3;
	6683 : E3;
	6684 : E3;
	6685 : E3;
	6686 : E3;
	6687 : E3;
	6688 : E3;
	6689 : E3;
	6690 : E3;
	6691 : E3;
	6692 : E3;
	6693 : E3;
	6694 : E3;
	6695 : E3;
	6696 : E3;
	6697 : E3;
	6698 : E3;
	6699 : E3;
	6700 : E3;
	6701 : E3;
	6702 : E3;
	6703 : E3;
	6704 : E3;
	6705 : E3;
	6706 : E3;
	6707 : E3;
	6708 : E3;
	6709 : E3;
	6710 : E3;
	6711 : E3;
	6712 : E3;
	6713 : E3;
	6714 : E3;
	6715 : E3;
	6716 : E3;
	6717 : E3;
	6718 : E3;
	6719 : E3;
	6720 : E3;
	6721 : E3;
	6722 : E3;
	6723 : E3;
	6724 : E3;
	6725 : E3;
	6726 : E3;
	6727 : E3;
	6728 : E3;
	6729 : E3;
	6730 : E3;
	6731 : E3;
	6732 : E3;
	6733 : E3;
	6734 : E3;
	6735 : E3;
	6736 : E3;
	6737 : E3;
	6738 : E3;
	6739 : E3;
	6740 : E3;
	6741 : E3;
	6742 : E3;
	6743 : E3;
	6744 : E3;
	6745 : E3;
	6746 : E3;
	6747 : E3;
	6748 : E3;
	6749 : E3;
	6750 : E3;
	6751 : E3;
	6752 : E3;
	6753 : E3;
	6754 : E3;
	6755 : E3;
	6756 : E3;
	6757 : E3;
	6758 : E3;
	6759 : E3;
	6760 : E3;
	6761 : E3;
	6762 : E3;
	6763 : E3;
	6764 : E3;
	6765 : E3;
	6766 : E3;
	6767 : E3;
	6768 : E3;
	6769 : E3;
	6770 : E3;
	6771 : E3;
	6772 : E3;
	6773 : E3;
	6774 : E3;
	6775 : E3;
	6776 : E3;
	6777 : E3;
	6778 : E3;
	6779 : E3;
	6780 : E3;
	6781 : E3;
	6782 : E3;
	6783 : E3;
	6784 : E3;
	6785 : E3;
	6786 : E3;
	6787 : E3;
	6788 : E3;
	6789 : E3;
	6790 : E3;
	6791 : E3;
	6792 : E3;
	6793 : E3;
	6794 : E3;
	6795 : E3;
	6796 : E3;
	6797 : E3;
	6798 : E3;
	6799 : E3;
	6800 : E3;
	6801 : E3;
	6802 : E3;
	6803 : E3;
	6804 : E3;
	6805 : E3;
	6806 : E3;
	6807 : E3;
	6808 : E3;
	6809 : E3;
	6810 : E3;
	6811 : E3;
	6812 : E3;
	6813 : E3;
	6814 : E3;
	6815 : E3;
	6816 : E3;
	6817 : E3;
	6818 : E3;
	6819 : E3;
	6820 : E3;
	6821 : E3;
	6822 : E3;
	6823 : E3;
	6824 : E3;
	6825 : E3;
	6826 : E3;
	6827 : E3;
	6828 : E3;
	6829 : E3;
	6830 : E3;
	6831 : E3;
	6832 : E3;
	6833 : E3;
	6834 : E3;
	6835 : E3;
	6836 : E3;
	6837 : E3;
	6838 : E3;
	6839 : E3;
	6840 : E3;
	6841 : E3;
	6842 : E3;
	6843 : E3;
	6844 : E3;
	6845 : E3;
	6846 : E3;
	6847 : E3;
	6848 : E3;
	6849 : E3;
	6850 : E3;
	6851 : E3;
	6852 : E3;
	6853 : E3;
	6854 : E3;
	6855 : E3;
	6856 : E3;
	6857 : E3;
	6858 : E3;
	6859 : E3;
	6860 : E3;
	6861 : E3;
	6862 : E3;
	6863 : E3;
	6864 : E3;
	6865 : E3;
	6866 : E3;
	6867 : E3;
	6868 : E3;
	6869 : E3;
	6870 : E3;
	6871 : E3;
	6872 : E3;
	6873 : E3;
	6874 : E3;
	6875 : E3;
	6876 : E3;
	6877 : E3;
	6878 : E3;
	6879 : E3;
	6880 : E3;
	6881 : E3;
	6882 : E3;
	6883 : E3;
	6884 : E3;
	6885 : E3;
	6886 : E3;
	6887 : E3;
	6888 : E3;
	6889 : E3;
	6890 : E3;
	6891 : E3;
	6892 : E3;
	6893 : E3;
	6894 : E3;
	6895 : E3;
	6896 : E3;
	6897 : E3;
	6898 : E3;
	6899 : E3;
	6900 : E3;
	6901 : E3;
	6902 : E3;
	6903 : E3;
	6904 : E3;
	6905 : E3;
	6906 : E3;
	6907 : E3;
	6908 : E3;
	6909 : E3;
	6910 : E3;
	6911 : E3;
	6912 : E3;
	6913 : E3;
	6914 : E3;
	6915 : E3;
	6916 : E3;
	6917 : E3;
	6918 : E3;
	6919 : E3;
	6920 : E3;
	6921 : E3;
	6922 : E3;
	6923 : E3;
	6924 : E3;
	6925 : E3;
	6926 : E3;
	6927 : E3;
	6928 : E3;
	6929 : E3;
	6930 : E3;
	6931 : E3;
	6932 : E3;
	6933 : E3;
	6934 : E3;
	6935 : E3;
	6936 : E3;
	6937 : E3;
	6938 : E3;
	6939 : E3;
	6940 : E3;
	6941 : E3;
	6942 : E3;
	6943 : E3;
	6944 : E3;
	6945 : E3;
	6946 : E3;
	6947 : E3;
	6948 : E3;
	6949 : E3;
	6950 : E3;
	6951 : E3;
	6952 : E3;
	6953 : E3;
	6954 : E3;
	6955 : E3;
	6956 : E3;
	6957 : E3;
	6958 : E3;
	6959 : E3;
	6960 : E3;
	6961 : E3;
	6962 : E3;
	6963 : E3;
	6964 : E3;
	6965 : E3;
	6966 : E3;
	6967 : E3;
	6968 : E3;
	6969 : E3;
	6970 : E3;
	6971 : E3;
	6972 : E3;
	6973 : E3;
	6974 : E3;
	6975 : E3;
	6976 : E3;
	6977 : E3;
	6978 : E3;
	6979 : E3;
	6980 : E3;
	6981 : E3;
	6982 : E3;
	6983 : E3;
	6984 : E3;
	6985 : E3;
	6986 : E3;
	6987 : E3;
	6988 : E3;
	6989 : E3;
	6990 : E3;
	6991 : E3;
	6992 : E3;
	6993 : E3;
	6994 : E3;
	6995 : E3;
	6996 : E3;
	6997 : E3;
	6998 : E3;
	6999 : E3;
	7000 : E3;
	7001 : E3;
	7002 : E3;
	7003 : E3;
	7004 : E3;
	7005 : E3;
	7006 : E3;
	7007 : E3;
	7008 : E3;
	7009 : E3;
	7010 : E3;
	7011 : E3;
	7012 : E3;
	7013 : E3;
	7014 : E3;
	7015 : E3;
	7016 : E3;
	7017 : E3;
	7018 : E3;
	7019 : E3;
	7020 : E3;
	7021 : E3;
	7022 : E3;
	7023 : E3;
	7024 : E3;
	7025 : E3;
	7026 : E3;
	7027 : E3;
	7028 : E3;
	7029 : E3;
	7030 : E3;
	7031 : E3;
	7032 : E3;
	7033 : E3;
	7034 : E3;
	7035 : E3;
	7036 : E3;
	7037 : E3;
	7038 : E3;
	7039 : E3;
	7040 : E3;
	7041 : E3;
	7042 : E3;
	7043 : E3;
	7044 : E3;
	7045 : E3;
	7046 : E3;
	7047 : E3;
	7048 : E3;
	7049 : E3;
	7050 : E3;
	7051 : E3;
	7052 : E3;
	7053 : E3;
	7054 : E3;
	7055 : E3;
	7056 : E3;
	7057 : E3;
	7058 : E3;
	7059 : E3;
	7060 : E3;
	7061 : E3;
	7062 : E3;
	7063 : E3;
	7064 : E3;
	7065 : E3;
	7066 : E3;
	7067 : E3;
	7068 : E3;
	7069 : E3;
	7070 : E3;
	7071 : E3;
	7072 : E3;
	7073 : E3;
	7074 : E3;
	7075 : E3;
	7076 : E3;
	7077 : E3;
	7078 : E3;
	7079 : E3;
	7080 : E3;
	7081 : E3;
	7082 : E3;
	7083 : E3;
	7084 : E3;
	7085 : E3;
	7086 : E3;
	7087 : E3;
	7088 : E3;
	7089 : E3;
	7090 : E3;
	7091 : E3;
	7092 : E3;
	7093 : E3;
	7094 : E3;
	7095 : E3;
	7096 : E3;
	7097 : E3;
	7098 : E3;
	7099 : E3;
	7100 : E3;
	7101 : E3;
	7102 : E3;
	7103 : E3;
	7104 : E3;
	7105 : E3;
	7106 : E3;
	7107 : E3;
	7108 : E3;
	7109 : E3;
	7110 : E3;
	7111 : E3;
	7112 : E3;
	7113 : E3;
	7114 : E3;
	7115 : E3;
	7116 : E3;
	7117 : E3;
	7118 : E3;
	7119 : E3;
	7120 : E3;
	7121 : E3;
	7122 : E3;
	7123 : E3;
	7124 : E3;
	7125 : E3;
	7126 : E3;
	7127 : E3;
	7128 : E3;
	7129 : E3;
	7130 : E3;
	7131 : E3;
	7132 : E3;
	7133 : E3;
	7134 : E3;
	7135 : E3;
	7136 : E3;
	7137 : E3;
	7138 : E3;
	7139 : E3;
	7140 : E3;
	7141 : E3;
	7142 : E3;
	7143 : E3;
	7144 : E3;
	7145 : E3;
	7146 : E3;
	7147 : E3;
	7148 : E3;
	7149 : E3;
	7150 : E3;
	7151 : E3;
	7152 : E3;
	7153 : E3;
	7154 : E3;
	7155 : E3;
	7156 : E3;
	7157 : E3;
	7158 : E3;
	7159 : E3;
	7160 : E3;
	7161 : E3;
	7162 : E3;
	7163 : E3;
	7164 : E3;
	7165 : E3;
	7166 : E3;
	7167 : E3;
	7168 : E3;
	7169 : E3;
	7170 : E3;
	7171 : E3;
	7172 : E3;
	7173 : E3;
	7174 : E3;
	7175 : E3;
	7176 : E3;
	7177 : E3;
	7178 : E3;
	7179 : E3;
	7180 : E3;
	7181 : E3;
	7182 : E3;
	7183 : E3;
	7184 : E3;
	7185 : E3;
	7186 : E3;
	7187 : E3;
	7188 : E3;
	7189 : E3;
	7190 : E3;
	7191 : E3;
	7192 : E3;
	7193 : E3;
	7194 : E3;
	7195 : E3;
	7196 : E3;
	7197 : E3;
	7198 : E3;
	7199 : E3;
	7200 : E3;
	7201 : E3;
	7202 : E3;
	7203 : E3;
	7204 : E3;
	7205 : E3;
	7206 : E3;
	7207 : E3;
	7208 : E3;
	7209 : E3;
	7210 : E3;
	7211 : E3;
	7212 : E3;
	7213 : E3;
	7214 : E3;
	7215 : E3;
	7216 : E3;
	7217 : E3;
	7218 : E3;
	7219 : E3;
	7220 : E3;
	7221 : E3;
	7222 : E3;
	7223 : E3;
	7224 : E3;
	7225 : E3;
	7226 : E3;
	7227 : E3;
	7228 : E3;
	7229 : E3;
	7230 : E3;
	7231 : E3;
	7232 : E3;
	7233 : E3;
	7234 : E3;
	7235 : E3;
	7236 : E3;
	7237 : E3;
	7238 : E3;
	7239 : E3;
	7240 : E3;
	7241 : E3;
	7242 : E3;
	7243 : E3;
	7244 : E3;
	7245 : E3;
	7246 : E3;
	7247 : E3;
	7248 : E3;
	7249 : E3;
	7250 : E3;
	7251 : E3;
	7252 : E3;
	7253 : E3;
	7254 : E3;
	7255 : E3;
	7256 : E3;
	7257 : E3;
	7258 : E3;
	7259 : E3;
	7260 : E3;
	7261 : E3;
	7262 : E3;
	7263 : E3;
	7264 : E3;
	7265 : E3;
	7266 : E3;
	7267 : E3;
	7268 : E3;
	7269 : E3;
	7270 : E3;
	7271 : E3;
	7272 : E3;
	7273 : E3;
	7274 : E3;
	7275 : E3;
	7276 : E3;
	7277 : E3;
	7278 : E3;
	7279 : E3;
	7280 : E3;
	7281 : E3;
	7282 : E3;
	7283 : E3;
	7284 : E3;
	7285 : E3;
	7286 : E3;
	7287 : E3;
	7288 : E3;
	7289 : E3;
	7290 : E3;
	7291 : E3;
	7292 : E3;
	7293 : E3;
	7294 : E3;
	7295 : E3;
	7296 : E3;
	7297 : E3;
	7298 : E3;
	7299 : E3;
	7300 : E3;
	7301 : E3;
	7302 : E3;
	7303 : E3;
	7304 : E3;
	7305 : E3;
	7306 : E3;
	7307 : E3;
	7308 : E3;
	7309 : E3;
	7310 : E3;
	7311 : E3;
	7312 : E3;
	7313 : E3;
	7314 : E3;
	7315 : E3;
	7316 : E3;
	7317 : E3;
	7318 : E3;
	7319 : E3;
	7320 : E3;
	7321 : E3;
	7322 : E3;
	7323 : E3;
	7324 : E3;
	7325 : E3;
	7326 : E3;
	7327 : E3;
	7328 : E3;
	7329 : E3;
	7330 : E3;
	7331 : E3;
	7332 : E3;
	7333 : E3;
	7334 : E3;
	7335 : E3;
	7336 : E3;
	7337 : E3;
	7338 : E3;
	7339 : E3;
	7340 : E3;
	7341 : E3;
	7342 : E3;
	7343 : E3;
	7344 : E3;
	7345 : E3;
	7346 : E3;
	7347 : E3;
	7348 : E3;
	7349 : E3;
	7350 : E3;
	7351 : E3;
	7352 : E3;
	7353 : E3;
	7354 : E3;
	7355 : E3;
	7356 : E3;
	7357 : E3;
	7358 : E3;
	7359 : E3;
	7360 : E3;
	7361 : E3;
	7362 : E3;
	7363 : E3;
	7364 : E3;
	7365 : E3;
	7366 : E3;
	7367 : E3;
	7368 : E3;
	7369 : E3;
	7370 : E3;
	7371 : E3;
	7372 : E3;
	7373 : E3;
	7374 : E3;
	7375 : E3;
	7376 : E3;
	7377 : E3;
	7378 : E3;
	7379 : E3;
	7380 : E3;
	7381 : E3;
	7382 : E3;
	7383 : E3;
	7384 : E3;
	7385 : E3;
	7386 : E3;
	7387 : E3;
	7388 : E3;
	7389 : E3;
	7390 : E3;
	7391 : E3;
	7392 : E3;
	7393 : E3;
	7394 : E3;
	7395 : E3;
	7396 : E3;
	7397 : E3;
	7398 : E3;
	7399 : E3;
	7400 : E3;
	7401 : E3;
	7402 : E3;
	7403 : E3;
	7404 : E3;
	7405 : E3;
	7406 : E3;
	7407 : E3;
	7408 : E3;
	7409 : E3;
	7410 : E3;
	7411 : E3;
	7412 : E3;
	7413 : E3;
	7414 : E3;
	7415 : E3;
	7416 : E3;
	7417 : E3;
	7418 : E3;
	7419 : E3;
	7420 : E3;
	7421 : E3;
	7422 : E3;
	7423 : E3;
	7424 : E3;
	7425 : E3;
	7426 : E3;
	7427 : E3;
	7428 : E3;
	7429 : E3;
	7430 : E3;
	7431 : E3;
	7432 : E3;
	7433 : E3;
	7434 : E3;
	7435 : E3;
	7436 : E3;
	7437 : E3;
	7438 : E3;
	7439 : E3;
	7440 : E3;
	7441 : E3;
	7442 : E3;
	7443 : E3;
	7444 : E3;
	7445 : E3;
	7446 : E3;
	7447 : E3;
	7448 : E3;
	7449 : E3;
	7450 : E3;
	7451 : E3;
	7452 : E3;
	7453 : E3;
	7454 : E3;
	7455 : E3;
	7456 : E3;
	7457 : E3;
	7458 : E3;
	7459 : E3;
	7460 : E3;
	7461 : E3;
	7462 : E3;
	7463 : E3;
	7464 : E3;
	7465 : E3;
	7466 : E3;
	7467 : E3;
	7468 : E3;
	7469 : E3;
	7470 : E3;
	7471 : E3;
	7472 : E3;
	7473 : E3;
	7474 : E3;
	7475 : E3;
	7476 : E3;
	7477 : E3;
	7478 : E3;
	7479 : E3;
	7480 : E3;
	7481 : E3;
	7482 : E3;
	7483 : E3;
	7484 : E3;
	7485 : E3;
	7486 : E3;
	7487 : E3;
	7488 : E3;
	7489 : E3;
	7490 : E3;
	7491 : E3;
	7492 : E3;
	7493 : E3;
	7494 : E3;
	7495 : E3;
	7496 : E3;
	7497 : E3;
	7498 : E3;
	7499 : E3;
	7500 : E3;
	7501 : E3;
	7502 : E3;
	7503 : E3;
	7504 : E3;
	7505 : E3;
	7506 : E3;
	7507 : E3;
	7508 : E3;
	7509 : E3;
	7510 : E3;
	7511 : E3;
	7512 : E3;
	7513 : E3;
	7514 : E3;
	7515 : E3;
	7516 : E3;
	7517 : E3;
	7518 : E3;
	7519 : E3;
	7520 : E3;
	7521 : E3;
	7522 : E3;
	7523 : E3;
	7524 : E3;
	7525 : E3;
	7526 : E3;
	7527 : E3;
	7528 : E3;
	7529 : E3;
	7530 : E3;
	7531 : E3;
	7532 : E3;
	7533 : E3;
	7534 : E3;
	7535 : E3;
	7536 : E3;
	7537 : E3;
	7538 : E3;
	7539 : E3;
	7540 : E3;
	7541 : E3;
	7542 : E3;
	7543 : E3;
	7544 : E3;
	7545 : E3;
	7546 : E3;
	7547 : E3;
	7548 : E3;
	7549 : E3;
	7550 : E3;
	7551 : E3;
	7552 : E3;
	7553 : E3;
	7554 : E3;
	7555 : E3;
	7556 : E3;
	7557 : E3;
	7558 : E3;
	7559 : E3;
	7560 : E3;
	7561 : E3;
	7562 : E3;
	7563 : E3;
	7564 : E3;
	7565 : E3;
	7566 : E3;
	7567 : E3;
	7568 : E3;
	7569 : E3;
	7570 : E3;
	7571 : E3;
	7572 : E3;
	7573 : E3;
	7574 : E3;
	7575 : E3;
	7576 : E3;
	7577 : E3;
	7578 : E3;
	7579 : E3;
	7580 : E3;
	7581 : E3;
	7582 : E3;
	7583 : E3;
	7584 : E3;
	7585 : E3;
	7586 : E3;
	7587 : E3;
	7588 : E3;
	7589 : E3;
	7590 : E3;
	7591 : E3;
	7592 : E3;
	7593 : E3;
	7594 : E3;
	7595 : E3;
	7596 : E3;
	7597 : E3;
	7598 : E3;
	7599 : E3;
	7600 : E3;
	7601 : E3;
	7602 : E3;
	7603 : E3;
	7604 : E3;
	7605 : E3;
	7606 : E3;
	7607 : E3;
	7608 : E3;
	7609 : E3;
	7610 : E3;
	7611 : E3;
	7612 : E3;
	7613 : E3;
	7614 : E3;
	7615 : E3;
	7616 : E3;
	7617 : E3;
	7618 : E3;
	7619 : E3;
	7620 : E3;
	7621 : E3;
	7622 : E3;
	7623 : E3;
	7624 : E3;
	7625 : E3;
	7626 : E3;
	7627 : E3;
	7628 : E3;
	7629 : E3;
	7630 : E3;
	7631 : E3;
	7632 : E3;
	7633 : E3;
	7634 : E3;
	7635 : E3;
	7636 : E3;
	7637 : E3;
	7638 : E3;
	7639 : E3;
	7640 : E3;
	7641 : E3;
	7642 : E3;
	7643 : E3;
	7644 : E3;
	7645 : E3;
	7646 : E3;
	7647 : E3;
	7648 : E3;
	7649 : E3;
	7650 : E3;
	7651 : E3;
	7652 : E3;
	7653 : E3;
	7654 : E3;
	7655 : E3;
	7656 : E3;
	7657 : E3;
	7658 : E3;
	7659 : E3;
	7660 : E3;
	7661 : E3;
	7662 : E3;
	7663 : E3;
	7664 : E3;
	7665 : E3;
	7666 : E3;
	7667 : E3;
	7668 : E3;
	7669 : E3;
	7670 : E3;
	7671 : E3;
	7672 : E3;
	7673 : E3;
	7674 : E3;
	7675 : E3;
	7676 : E3;
	7677 : E3;
	7678 : E3;
	7679 : E3;
	7680 : E3;
	7681 : E3;
	7682 : E3;
	7683 : E3;
	7684 : E3;
	7685 : E3;
	7686 : E3;
	7687 : FF;
	7688 : FF;
	7689 : FF;
	7690 : FF;
	7691 : FF;
	7692 : FF;
	7693 : FF;
	7694 : E3;
	7695 : FF;
	7696 : FF;
	7697 : FF;
	7698 : FF;
	7699 : FF;
	7700 : FF;
	7701 : FF;
	7702 : FF;
	7703 : FF;
	7704 : FF;
	7705 : FF;
	7706 : E3;
	7707 : FF;
	7708 : FF;
	7709 : FF;
	7710 : FF;
	7711 : FF;
	7712 : FF;
	7713 : FF;
	7714 : FF;
	7715 : FF;
	7716 : FF;
	7717 : FF;
	7718 : FF;
	7719 : FF;
	7720 : FF;
	7721 : FF;
	7722 : FF;
	7723 : FF;
	7724 : FF;
	7725 : FF;
	7726 : FF;
	7727 : FF;
	7728 : FF;
	7729 : FF;
	7730 : FF;
	7731 : FF;
	7732 : FF;
	7733 : FF;
	7734 : FF;
	7735 : FF;
	7736 : FF;
	7737 : FF;
	7738 : FF;
	7739 : FF;
	7740 : FF;
	7741 : FF;
	7742 : FF;
	7743 : FF;
	7744 : FF;
	7745 : FF;
	7746 : FF;
	7747 : FF;
	7748 : FF;
	7749 : E3;
	7750 : FF;
	7751 : FF;
	7752 : FF;
	7753 : FF;
	7754 : FF;
	7755 : FF;
	7756 : FF;
	7757 : FF;
	7758 : FF;
	7759 : FF;
	7760 : FF;
	7761 : FF;
	7762 : FF;
	7763 : FF;
	7764 : FF;
	7765 : FF;
	7766 : FF;
	7767 : FF;
	7768 : FF;
	7769 : FF;
	7770 : FF;
	7771 : FF;
	7772 : E3;
	7773 : E3;
	7774 : FF;
	7775 : FF;
	7776 : FF;
	7777 : FF;
	7778 : FF;
	7779 : FF;
	7780 : FF;
	7781 : FF;
	7782 : FF;
	7783 : FF;
	7784 : FF;
	7785 : FF;
	7786 : FF;
	7787 : E3;
	7788 : FF;
	7789 : FF;
	7790 : FF;
	7791 : FF;
	7792 : FF;
	7793 : FF;
	7794 : FF;
	7795 : FF;
	7796 : FF;
	7797 : FF;
	7798 : FF;
	7799 : FF;
	7800 : FF;
	7801 : FF;
	7802 : FF;
	7803 : E3;
	7804 : FF;
	7805 : FF;
	7806 : FF;
	7807 : FF;
	7808 : FF;
	7809 : FF;
	7810 : FF;
	7811 : FF;
	7812 : FF;
	7813 : FF;
	7814 : FF;
	7815 : FF;
	7816 : FF;
	7817 : FF;
	7818 : FF;
	7819 : FF;
	7820 : FF;
	7821 : FF;
	7822 : FF;
	7823 : FF;
	7824 : FF;
	7825 : FF;
	7826 : E3;
	7827 : E3;
	7828 : E3;
	7829 : E3;
	7830 : E3;
	7831 : E3;
	7832 : E3;
	7833 : E3;
	7834 : E3;
	7835 : E3;
	7836 : E3;
	7837 : E3;
	7838 : E3;
	7839 : E3;
	7840 : E3;
	7841 : E3;
	7842 : E3;
	7843 : E3;
	7844 : E3;
	7845 : E3;
	7846 : FF;
	7847 : FF;
	7848 : F4;
	7849 : F4;
	7850 : F4;
	7851 : F4;
	7852 : F4;
	7853 : FF;
	7854 : FF;
	7855 : FF;
	7856 : F4;
	7857 : F4;
	7858 : F4;
	7859 : F4;
	7860 : F4;
	7861 : F4;
	7862 : F4;
	7863 : F4;
	7864 : F4;
	7865 : FF;
	7866 : E3;
	7867 : FF;
	7868 : F4;
	7869 : F4;
	7870 : F4;
	7871 : F4;
	7872 : F4;
	7873 : F4;
	7874 : F4;
	7875 : F4;
	7876 : FF;
	7877 : FF;
	7878 : FF;
	7879 : F4;
	7880 : F4;
	7881 : F4;
	7882 : F4;
	7883 : F4;
	7884 : F4;
	7885 : F4;
	7886 : F4;
	7887 : F4;
	7888 : F4;
	7889 : FF;
	7890 : F4;
	7891 : F4;
	7892 : F4;
	7893 : F4;
	7894 : F4;
	7895 : F4;
	7896 : F4;
	7897 : F4;
	7898 : F4;
	7899 : FF;
	7900 : FF;
	7901 : F4;
	7902 : F4;
	7903 : F4;
	7904 : F4;
	7905 : F4;
	7906 : F4;
	7907 : F4;
	7908 : FF;
	7909 : E3;
	7910 : FF;
	7911 : F4;
	7912 : F4;
	7913 : F4;
	7914 : F4;
	7915 : F4;
	7916 : F4;
	7917 : F4;
	7918 : F4;
	7919 : F4;
	7920 : FF;
	7921 : FF;
	7922 : FF;
	7923 : F4;
	7924 : F4;
	7925 : F4;
	7926 : F4;
	7927 : F4;
	7928 : F4;
	7929 : F4;
	7930 : F4;
	7931 : FF;
	7932 : FF;
	7933 : FF;
	7934 : FF;
	7935 : F4;
	7936 : F4;
	7937 : F4;
	7938 : F4;
	7939 : F4;
	7940 : F4;
	7941 : F4;
	7942 : FF;
	7943 : F4;
	7944 : F4;
	7945 : F4;
	7946 : FF;
	7947 : E3;
	7948 : FF;
	7949 : FF;
	7950 : F4;
	7951 : F4;
	7952 : F4;
	7953 : FF;
	7954 : F4;
	7955 : F4;
	7956 : F4;
	7957 : F4;
	7958 : F4;
	7959 : F4;
	7960 : F4;
	7961 : F4;
	7962 : FF;
	7963 : E3;
	7964 : FF;
	7965 : F4;
	7966 : F4;
	7967 : F4;
	7968 : F4;
	7969 : F4;
	7970 : F4;
	7971 : F4;
	7972 : F4;
	7973 : F4;
	7974 : FF;
	7975 : FF;
	7976 : F4;
	7977 : F4;
	7978 : F4;
	7979 : F4;
	7980 : F4;
	7981 : F4;
	7982 : F4;
	7983 : F4;
	7984 : FF;
	7985 : FF;
	7986 : FF;
	7987 : E3;
	7988 : E3;
	7989 : E3;
	7990 : E3;
	7991 : E3;
	7992 : E3;
	7993 : E3;
	7994 : E3;
	7995 : E3;
	7996 : E3;
	7997 : E3;
	7998 : E3;
	7999 : E3;
	8000 : E3;
	8001 : E3;
	8002 : E3;
	8003 : E3;
	8004 : E3;
	8005 : FF;
	8006 : FF;
	8007 : FF;
	8008 : F4;
	8009 : F4;
	8010 : F4;
	8011 : F4;
	8012 : F4;
	8013 : F4;
	8014 : FF;
	8015 : FF;
	8016 : F4;
	8017 : F4;
	8018 : F4;
	8019 : F4;
	8020 : F4;
	8021 : F4;
	8022 : F4;
	8023 : F4;
	8024 : F4;
	8025 : FF;
	8026 : E3;
	8027 : FF;
	8028 : F4;
	8029 : F4;
	8030 : F4;
	8031 : F4;
	8032 : F4;
	8033 : F4;
	8034 : F4;
	8035 : F4;
	8036 : FF;
	8037 : FF;
	8038 : FF;
	8039 : F4;
	8040 : F4;
	8041 : F4;
	8042 : F4;
	8043 : F4;
	8044 : F4;
	8045 : F4;
	8046 : F4;
	8047 : F4;
	8048 : F4;
	8049 : FF;
	8050 : F4;
	8051 : F4;
	8052 : F4;
	8053 : F4;
	8054 : F4;
	8055 : F4;
	8056 : F4;
	8057 : F4;
	8058 : F4;
	8059 : FF;
	8060 : FF;
	8061 : F4;
	8062 : F4;
	8063 : F4;
	8064 : F4;
	8065 : F4;
	8066 : F4;
	8067 : F4;
	8068 : FF;
	8069 : E3;
	8070 : FF;
	8071 : F4;
	8072 : F4;
	8073 : F4;
	8074 : F4;
	8075 : F4;
	8076 : F4;
	8077 : F4;
	8078 : F4;
	8079 : F4;
	8080 : FF;
	8081 : FF;
	8082 : FF;
	8083 : F4;
	8084 : F4;
	8085 : F4;
	8086 : F4;
	8087 : F4;
	8088 : F4;
	8089 : F4;
	8090 : F4;
	8091 : FF;
	8092 : FF;
	8093 : FF;
	8094 : F4;
	8095 : F4;
	8096 : F4;
	8097 : F4;
	8098 : F4;
	8099 : F4;
	8100 : F4;
	8101 : F4;
	8102 : FF;
	8103 : F4;
	8104 : F4;
	8105 : F4;
	8106 : FF;
	8107 : E3;
	8108 : FF;
	8109 : FF;
	8110 : F4;
	8111 : F4;
	8112 : F4;
	8113 : FF;
	8114 : F4;
	8115 : F4;
	8116 : F4;
	8117 : F4;
	8118 : F4;
	8119 : F4;
	8120 : F4;
	8121 : F4;
	8122 : FF;
	8123 : E3;
	8124 : FF;
	8125 : F4;
	8126 : F4;
	8127 : F4;
	8128 : F4;
	8129 : F4;
	8130 : F4;
	8131 : F4;
	8132 : F4;
	8133 : F4;
	8134 : FF;
	8135 : F4;
	8136 : F4;
	8137 : F4;
	8138 : F4;
	8139 : F4;
	8140 : F4;
	8141 : F4;
	8142 : F4;
	8143 : F4;
	8144 : F4;
	8145 : FF;
	8146 : FF;
	8147 : E3;
	8148 : E3;
	8149 : E3;
	8150 : E3;
	8151 : E3;
	8152 : E3;
	8153 : E3;
	8154 : E3;
	8155 : E3;
	8156 : E3;
	8157 : E3;
	8158 : E3;
	8159 : E3;
	8160 : E3;
	8161 : E3;
	8162 : E3;
	8163 : E3;
	8164 : E3;
	8165 : FF;
	8166 : F4;
	8167 : F4;
	8168 : F4;
	8169 : FF;
	8170 : FF;
	8171 : FF;
	8172 : F4;
	8173 : F4;
	8174 : F4;
	8175 : FF;
	8176 : FF;
	8177 : FF;
	8178 : FF;
	8179 : F4;
	8180 : F4;
	8181 : F4;
	8182 : FF;
	8183 : FF;
	8184 : FF;
	8185 : FF;
	8186 : E3;
	8187 : FF;
	8188 : F4;
	8189 : F4;
	8190 : F4;
	8191 : FF;
	8192 : FF;
	8193 : FF;
	8194 : FF;
	8195 : F4;
	8196 : F4;
	8197 : F4;
	8198 : FF;
	8199 : F4;
	8200 : F4;
	8201 : F4;
	8202 : FF;
	8203 : FF;
	8204 : FF;
	8205 : FF;
	8206 : FF;
	8207 : FF;
	8208 : FF;
	8209 : FF;
	8210 : F4;
	8211 : F4;
	8212 : F4;
	8213 : FF;
	8214 : FF;
	8215 : FF;
	8216 : FF;
	8217 : FF;
	8218 : FF;
	8219 : FF;
	8220 : FF;
	8221 : FF;
	8222 : FF;
	8223 : F4;
	8224 : F4;
	8225 : FF;
	8226 : FF;
	8227 : FF;
	8228 : FF;
	8229 : E3;
	8230 : FF;
	8231 : F4;
	8232 : F4;
	8233 : F4;
	8234 : FF;
	8235 : FF;
	8236 : FF;
	8237 : FF;
	8238 : FF;
	8239 : FF;
	8240 : E3;
	8241 : E3;
	8242 : FF;
	8243 : FF;
	8244 : FF;
	8245 : F4;
	8246 : F4;
	8247 : F4;
	8248 : FF;
	8249 : FF;
	8250 : FF;
	8251 : FF;
	8252 : FF;
	8253 : F4;
	8254 : F4;
	8255 : F4;
	8256 : F4;
	8257 : FF;
	8258 : FF;
	8259 : FF;
	8260 : FF;
	8261 : FF;
	8262 : FF;
	8263 : F4;
	8264 : F4;
	8265 : F4;
	8266 : FF;
	8267 : FF;
	8268 : FF;
	8269 : FF;
	8270 : F4;
	8271 : F4;
	8272 : F4;
	8273 : FF;
	8274 : FF;
	8275 : FF;
	8276 : F4;
	8277 : F4;
	8278 : F4;
	8279 : FF;
	8280 : FF;
	8281 : FF;
	8282 : FF;
	8283 : E3;
	8284 : FF;
	8285 : F4;
	8286 : F4;
	8287 : F4;
	8288 : FF;
	8289 : FF;
	8290 : FF;
	8291 : FF;
	8292 : FF;
	8293 : FF;
	8294 : FF;
	8295 : F4;
	8296 : F4;
	8297 : F4;
	8298 : FF;
	8299 : FF;
	8300 : FF;
	8301 : FF;
	8302 : F4;
	8303 : F4;
	8304 : F4;
	8305 : F4;
	8306 : FF;
	8307 : E3;
	8308 : E3;
	8309 : E3;
	8310 : E3;
	8311 : E3;
	8312 : E3;
	8313 : E3;
	8314 : E3;
	8315 : E3;
	8316 : E3;
	8317 : E3;
	8318 : E3;
	8319 : E3;
	8320 : E3;
	8321 : E3;
	8322 : E3;
	8323 : E3;
	8324 : E3;
	8325 : FF;
	8326 : F4;
	8327 : F5;
	8328 : F4;
	8329 : FF;
	8330 : FF;
	8331 : FF;
	8332 : FF;
	8333 : FF;
	8334 : FF;
	8335 : FF;
	8336 : E3;
	8337 : E3;
	8338 : FF;
	8339 : F4;
	8340 : F4;
	8341 : F5;
	8342 : FF;
	8343 : FF;
	8344 : E3;
	8345 : E3;
	8346 : E3;
	8347 : FF;
	8348 : F4;
	8349 : F4;
	8350 : F4;
	8351 : FF;
	8352 : FF;
	8353 : FF;
	8354 : FF;
	8355 : F0;
	8356 : F5;
	8357 : F5;
	8358 : FF;
	8359 : F4;
	8360 : F4;
	8361 : F4;
	8362 : FF;
	8363 : FF;
	8364 : FF;
	8365 : FF;
	8366 : FF;
	8367 : E3;
	8368 : E3;
	8369 : FF;
	8370 : F4;
	8371 : F4;
	8372 : F4;
	8373 : FF;
	8374 : FF;
	8375 : FF;
	8376 : FF;
	8377 : FF;
	8378 : E3;
	8379 : E3;
	8380 : E3;
	8381 : E3;
	8382 : FF;
	8383 : F4;
	8384 : F4;
	8385 : FF;
	8386 : E3;
	8387 : E3;
	8388 : E3;
	8389 : E3;
	8390 : FF;
	8391 : F5;
	8392 : F4;
	8393 : F4;
	8394 : FF;
	8395 : FF;
	8396 : FF;
	8397 : FF;
	8398 : FF;
	8399 : FF;
	8400 : E3;
	8401 : E3;
	8402 : E3;
	8403 : E3;
	8404 : FF;
	8405 : F4;
	8406 : F4;
	8407 : F4;
	8408 : FF;
	8409 : FF;
	8410 : E3;
	8411 : FF;
	8412 : F4;
	8413 : F4;
	8414 : F4;
	8415 : F4;
	8416 : FF;
	8417 : FF;
	8418 : FF;
	8419 : FF;
	8420 : FF;
	8421 : FF;
	8422 : FF;
	8423 : F4;
	8424 : F4;
	8425 : F4;
	8426 : FF;
	8427 : FF;
	8428 : FF;
	8429 : FF;
	8430 : F4;
	8431 : F4;
	8432 : F4;
	8433 : FF;
	8434 : E3;
	8435 : FF;
	8436 : F4;
	8437 : F4;
	8438 : F4;
	8439 : FF;
	8440 : E3;
	8441 : E3;
	8442 : E3;
	8443 : E3;
	8444 : FF;
	8445 : F4;
	8446 : F4;
	8447 : F4;
	8448 : FF;
	8449 : FF;
	8450 : FF;
	8451 : FF;
	8452 : FF;
	8453 : FF;
	8454 : FF;
	8455 : F4;
	8456 : F4;
	8457 : F4;
	8458 : FF;
	8459 : FF;
	8460 : FF;
	8461 : FF;
	8462 : F4;
	8463 : F0;
	8464 : F4;
	8465 : F4;
	8466 : FF;
	8467 : E3;
	8468 : E3;
	8469 : E3;
	8470 : E3;
	8471 : E3;
	8472 : E3;
	8473 : E3;
	8474 : E3;
	8475 : E3;
	8476 : E3;
	8477 : E3;
	8478 : E3;
	8479 : E3;
	8480 : E3;
	8481 : E3;
	8482 : E3;
	8483 : E3;
	8484 : E3;
	8485 : FF;
	8486 : FF;
	8487 : CC;
	8488 : D1;
	8489 : C8;
	8490 : C8;
	8491 : C8;
	8492 : C8;
	8493 : C8;
	8494 : C8;
	8495 : FF;
	8496 : E3;
	8497 : E3;
	8498 : FF;
	8499 : D1;
	8500 : D0;
	8501 : D1;
	8502 : FF;
	8503 : FF;
	8504 : E3;
	8505 : E3;
	8506 : E3;
	8507 : FF;
	8508 : D0;
	8509 : D0;
	8510 : D0;
	8511 : FF;
	8512 : FF;
	8513 : FF;
	8514 : C8;
	8515 : D0;
	8516 : F5;
	8517 : D1;
	8518 : FF;
	8519 : D1;
	8520 : D1;
	8521 : D0;
	8522 : C8;
	8523 : C8;
	8524 : C8;
	8525 : C8;
	8526 : FF;
	8527 : E3;
	8528 : E3;
	8529 : FF;
	8530 : D1;
	8531 : D1;
	8532 : D0;
	8533 : C8;
	8534 : C8;
	8535 : C8;
	8536 : C8;
	8537 : FF;
	8538 : E3;
	8539 : E3;
	8540 : E3;
	8541 : E3;
	8542 : FF;
	8543 : D1;
	8544 : D1;
	8545 : FF;
	8546 : E3;
	8547 : E3;
	8548 : E3;
	8549 : E3;
	8550 : FF;
	8551 : D5;
	8552 : D1;
	8553 : D1;
	8554 : C8;
	8555 : C8;
	8556 : C8;
	8557 : C8;
	8558 : C8;
	8559 : FF;
	8560 : E3;
	8561 : E3;
	8562 : E3;
	8563 : E3;
	8564 : FF;
	8565 : D1;
	8566 : D1;
	8567 : D1;
	8568 : FF;
	8569 : FF;
	8570 : E3;
	8571 : FF;
	8572 : F4;
	8573 : F4;
	8574 : F0;
	8575 : F4;
	8576 : FF;
	8577 : FF;
	8578 : C8;
	8579 : C8;
	8580 : C8;
	8581 : C8;
	8582 : FF;
	8583 : F5;
	8584 : D1;
	8585 : D0;
	8586 : C8;
	8587 : C8;
	8588 : C8;
	8589 : C8;
	8590 : CC;
	8591 : F0;
	8592 : D0;
	8593 : FF;
	8594 : E3;
	8595 : FF;
	8596 : CC;
	8597 : D1;
	8598 : D0;
	8599 : FF;
	8600 : E3;
	8601 : E3;
	8602 : E3;
	8603 : E3;
	8604 : FF;
	8605 : D0;
	8606 : D0;
	8607 : D0;
	8608 : C8;
	8609 : C8;
	8610 : C8;
	8611 : C8;
	8612 : FF;
	8613 : FF;
	8614 : FF;
	8615 : CC;
	8616 : D1;
	8617 : D1;
	8618 : FF;
	8619 : FF;
	8620 : FF;
	8621 : C8;
	8622 : CC;
	8623 : D0;
	8624 : D0;
	8625 : D0;
	8626 : FF;
	8627 : E3;
	8628 : E3;
	8629 : E3;
	8630 : E3;
	8631 : E3;
	8632 : E3;
	8633 : E3;
	8634 : E3;
	8635 : E3;
	8636 : E3;
	8637 : E3;
	8638 : E3;
	8639 : E3;
	8640 : E3;
	8641 : E3;
	8642 : E3;
	8643 : E3;
	8644 : E3;
	8645 : E3;
	8646 : FF;
	8647 : FF;
	8648 : C8;
	8649 : C8;
	8650 : C8;
	8651 : C8;
	8652 : C8;
	8653 : C8;
	8654 : C8;
	8655 : FF;
	8656 : FF;
	8657 : E3;
	8658 : FF;
	8659 : C8;
	8660 : CC;
	8661 : C8;
	8662 : FF;
	8663 : FF;
	8664 : E3;
	8665 : E3;
	8666 : E3;
	8667 : FF;
	8668 : CC;
	8669 : CC;
	8670 : CC;
	8671 : CC;
	8672 : C8;
	8673 : C8;
	8674 : C8;
	8675 : CC;
	8676 : C8;
	8677 : CC;
	8678 : FF;
	8679 : D1;
	8680 : D1;
	8681 : D1;
	8682 : C8;
	8683 : C8;
	8684 : C8;
	8685 : C8;
	8686 : FB;
	8687 : E3;
	8688 : E3;
	8689 : FF;
	8690 : D1;
	8691 : CD;
	8692 : CC;
	8693 : C8;
	8694 : C8;
	8695 : C8;
	8696 : C8;
	8697 : FF;
	8698 : E3;
	8699 : E3;
	8700 : E3;
	8701 : E3;
	8702 : FF;
	8703 : D1;
	8704 : D1;
	8705 : FF;
	8706 : E3;
	8707 : E3;
	8708 : E3;
	8709 : E3;
	8710 : FF;
	8711 : CC;
	8712 : D1;
	8713 : C8;
	8714 : C8;
	8715 : C8;
	8716 : C8;
	8717 : C8;
	8718 : C8;
	8719 : FF;
	8720 : E3;
	8721 : E3;
	8722 : E3;
	8723 : E3;
	8724 : FF;
	8725 : D1;
	8726 : D1;
	8727 : CC;
	8728 : FF;
	8729 : FF;
	8730 : E3;
	8731 : FF;
	8732 : CC;
	8733 : D0;
	8734 : D0;
	8735 : CC;
	8736 : FF;
	8737 : FF;
	8738 : C8;
	8739 : CC;
	8740 : CD;
	8741 : CC;
	8742 : FF;
	8743 : D1;
	8744 : D1;
	8745 : D0;
	8746 : C8;
	8747 : C8;
	8748 : C8;
	8749 : C8;
	8750 : D0;
	8751 : D0;
	8752 : D1;
	8753 : FF;
	8754 : E3;
	8755 : FF;
	8756 : CC;
	8757 : D1;
	8758 : CD;
	8759 : FF;
	8760 : E3;
	8761 : E3;
	8762 : E3;
	8763 : E3;
	8764 : FF;
	8765 : CC;
	8766 : CC;
	8767 : CC;
	8768 : CC;
	8769 : C8;
	8770 : C8;
	8771 : C8;
	8772 : FF;
	8773 : FF;
	8774 : FF;
	8775 : CC;
	8776 : CC;
	8777 : CC;
	8778 : C8;
	8779 : C8;
	8780 : C8;
	8781 : C8;
	8782 : C8;
	8783 : C8;
	8784 : C8;
	8785 : C8;
	8786 : FF;
	8787 : E3;
	8788 : E3;
	8789 : E3;
	8790 : E3;
	8791 : E3;
	8792 : E3;
	8793 : E3;
	8794 : E3;
	8795 : E3;
	8796 : E3;
	8797 : E3;
	8798 : E3;
	8799 : E3;
	8800 : E3;
	8801 : E3;
	8802 : E3;
	8803 : E3;
	8804 : E3;
	8805 : E3;
	8806 : FF;
	8807 : FF;
	8808 : FF;
	8809 : FF;
	8810 : FF;
	8811 : FF;
	8812 : FF;
	8813 : CC;
	8814 : CD;
	8815 : CC;
	8816 : FF;
	8817 : E3;
	8818 : FF;
	8819 : CD;
	8820 : CD;
	8821 : CD;
	8822 : FF;
	8823 : FF;
	8824 : E3;
	8825 : E3;
	8826 : E3;
	8827 : FF;
	8828 : CD;
	8829 : C8;
	8830 : CC;
	8831 : CC;
	8832 : CC;
	8833 : C8;
	8834 : CC;
	8835 : FF;
	8836 : FF;
	8837 : FF;
	8838 : FF;
	8839 : CC;
	8840 : D1;
	8841 : CD;
	8842 : FF;
	8843 : FF;
	8844 : FF;
	8845 : FF;
	8846 : FF;
	8847 : E3;
	8848 : E3;
	8849 : FF;
	8850 : C8;
	8851 : CD;
	8852 : CC;
	8853 : FF;
	8854 : FF;
	8855 : FF;
	8856 : FF;
	8857 : FF;
	8858 : E3;
	8859 : E3;
	8860 : E3;
	8861 : E3;
	8862 : FF;
	8863 : CD;
	8864 : CD;
	8865 : FF;
	8866 : E3;
	8867 : E3;
	8868 : E3;
	8869 : E3;
	8870 : FF;
	8871 : CC;
	8872 : CD;
	8873 : FF;
	8874 : FF;
	8875 : FF;
	8876 : FF;
	8877 : FF;
	8878 : FF;
	8879 : FF;
	8880 : E3;
	8881 : E3;
	8882 : E3;
	8883 : E3;
	8884 : FF;
	8885 : CC;
	8886 : CC;
	8887 : C8;
	8888 : FF;
	8889 : FF;
	8890 : FF;
	8891 : FF;
	8892 : FF;
	8893 : CC;
	8894 : CC;
	8895 : C8;
	8896 : A4;
	8897 : FF;
	8898 : FF;
	8899 : C8;
	8900 : CD;
	8901 : C8;
	8902 : FF;
	8903 : D1;
	8904 : CD;
	8905 : CC;
	8906 : FF;
	8907 : FF;
	8908 : FF;
	8909 : FF;
	8910 : CC;
	8911 : CC;
	8912 : CC;
	8913 : FF;
	8914 : E3;
	8915 : FF;
	8916 : CC;
	8917 : CD;
	8918 : CD;
	8919 : FF;
	8920 : E3;
	8921 : E3;
	8922 : E3;
	8923 : E3;
	8924 : FF;
	8925 : C8;
	8926 : C8;
	8927 : A4;
	8928 : FF;
	8929 : FF;
	8930 : FF;
	8931 : FF;
	8932 : FF;
	8933 : FF;
	8934 : FF;
	8935 : CD;
	8936 : CC;
	8937 : C8;
	8938 : C8;
	8939 : C8;
	8940 : C8;
	8941 : C8;
	8942 : C8;
	8943 : FF;
	8944 : FF;
	8945 : FF;
	8946 : FF;
	8947 : E3;
	8948 : E3;
	8949 : E3;
	8950 : E3;
	8951 : E3;
	8952 : E3;
	8953 : E3;
	8954 : E3;
	8955 : E3;
	8956 : E3;
	8957 : E3;
	8958 : E3;
	8959 : E3;
	8960 : E3;
	8961 : E3;
	8962 : E3;
	8963 : E3;
	8964 : E3;
	8965 : FF;
	8966 : A4;
	8967 : A4;
	8968 : A4;
	8969 : FF;
	8970 : FF;
	8971 : FF;
	8972 : FF;
	8973 : C8;
	8974 : C8;
	8975 : C8;
	8976 : FB;
	8977 : E3;
	8978 : FF;
	8979 : CD;
	8980 : CD;
	8981 : C8;
	8982 : FF;
	8983 : FF;
	8984 : E3;
	8985 : E3;
	8986 : E3;
	8987 : FF;
	8988 : CD;
	8989 : C8;
	8990 : C8;
	8991 : C8;
	8992 : C8;
	8993 : C8;
	8994 : C8;
	8995 : A4;
	8996 : FF;
	8997 : FF;
	8998 : FF;
	8999 : A4;
	9000 : C8;
	9001 : CC;
	9002 : FF;
	9003 : FF;
	9004 : FF;
	9005 : FF;
	9006 : FF;
	9007 : FF;
	9008 : FF;
	9009 : FF;
	9010 : A4;
	9011 : C8;
	9012 : A8;
	9013 : FF;
	9014 : FF;
	9015 : FF;
	9016 : FF;
	9017 : FF;
	9018 : FF;
	9019 : FF;
	9020 : FF;
	9021 : E3;
	9022 : FF;
	9023 : C8;
	9024 : A4;
	9025 : FF;
	9026 : E3;
	9027 : E3;
	9028 : E3;
	9029 : E3;
	9030 : FF;
	9031 : C8;
	9032 : A4;
	9033 : FF;
	9034 : E3;
	9035 : E3;
	9036 : E3;
	9037 : E3;
	9038 : E3;
	9039 : E3;
	9040 : E3;
	9041 : FF;
	9042 : FF;
	9043 : FF;
	9044 : FF;
	9045 : A4;
	9046 : C8;
	9047 : A8;
	9048 : FF;
	9049 : FF;
	9050 : FF;
	9051 : FF;
	9052 : FF;
	9053 : A4;
	9054 : A4;
	9055 : A4;
	9056 : A4;
	9057 : FF;
	9058 : FF;
	9059 : A4;
	9060 : A8;
	9061 : A4;
	9062 : FF;
	9063 : C8;
	9064 : CD;
	9065 : C8;
	9066 : FF;
	9067 : E3;
	9068 : E3;
	9069 : FF;
	9070 : A4;
	9071 : A4;
	9072 : A4;
	9073 : FF;
	9074 : E3;
	9075 : FF;
	9076 : A4;
	9077 : C8;
	9078 : C8;
	9079 : FF;
	9080 : E3;
	9081 : E3;
	9082 : E3;
	9083 : E3;
	9084 : FF;
	9085 : A4;
	9086 : A4;
	9087 : A4;
	9088 : FF;
	9089 : FF;
	9090 : FF;
	9091 : FF;
	9092 : FF;
	9093 : FF;
	9094 : FF;
	9095 : CC;
	9096 : C8;
	9097 : A8;
	9098 : C8;
	9099 : A4;
	9100 : A8;
	9101 : C8;
	9102 : C8;
	9103 : A4;
	9104 : FF;
	9105 : FF;
	9106 : E3;
	9107 : E3;
	9108 : E3;
	9109 : E3;
	9110 : E3;
	9111 : E3;
	9112 : E3;
	9113 : E3;
	9114 : E3;
	9115 : E3;
	9116 : E3;
	9117 : E3;
	9118 : E3;
	9119 : E3;
	9120 : E3;
	9121 : E3;
	9122 : E3;
	9123 : E3;
	9124 : E3;
	9125 : FF;
	9126 : A4;
	9127 : A4;
	9128 : A4;
	9129 : A4;
	9130 : A4;
	9131 : A4;
	9132 : A4;
	9133 : A4;
	9134 : A4;
	9135 : A4;
	9136 : FF;
	9137 : E3;
	9138 : FF;
	9139 : C8;
	9140 : A4;
	9141 : C8;
	9142 : FF;
	9143 : FF;
	9144 : E3;
	9145 : E3;
	9146 : E3;
	9147 : FF;
	9148 : C8;
	9149 : A4;
	9150 : A4;
	9151 : FF;
	9152 : A4;
	9153 : A4;
	9154 : A4;
	9155 : A4;
	9156 : A4;
	9157 : FF;
	9158 : FF;
	9159 : A4;
	9160 : A4;
	9161 : A4;
	9162 : A4;
	9163 : A4;
	9164 : A4;
	9165 : A4;
	9166 : A4;
	9167 : A4;
	9168 : A4;
	9169 : FF;
	9170 : A4;
	9171 : A4;
	9172 : A4;
	9173 : A4;
	9174 : A4;
	9175 : A4;
	9176 : A4;
	9177 : A4;
	9178 : A4;
	9179 : FF;
	9180 : FF;
	9181 : E3;
	9182 : FF;
	9183 : A4;
	9184 : A4;
	9185 : FF;
	9186 : E3;
	9187 : E3;
	9188 : E3;
	9189 : E3;
	9190 : FF;
	9191 : A4;
	9192 : A4;
	9193 : FF;
	9194 : E3;
	9195 : E3;
	9196 : E3;
	9197 : E3;
	9198 : E3;
	9199 : E3;
	9200 : E3;
	9201 : FF;
	9202 : A4;
	9203 : A4;
	9204 : A4;
	9205 : A4;
	9206 : A8;
	9207 : A4;
	9208 : A4;
	9209 : A4;
	9210 : A4;
	9211 : FF;
	9212 : FF;
	9213 : FF;
	9214 : A4;
	9215 : A4;
	9216 : A4;
	9217 : A4;
	9218 : A4;
	9219 : A4;
	9220 : A4;
	9221 : A4;
	9222 : FF;
	9223 : A4;
	9224 : A4;
	9225 : A4;
	9226 : FF;
	9227 : E3;
	9228 : E3;
	9229 : FF;
	9230 : A4;
	9231 : A4;
	9232 : A4;
	9233 : FF;
	9234 : E3;
	9235 : FF;
	9236 : A4;
	9237 : A4;
	9238 : A4;
	9239 : FF;
	9240 : E3;
	9241 : E3;
	9242 : E3;
	9243 : E3;
	9244 : FF;
	9245 : A4;
	9246 : A4;
	9247 : A4;
	9248 : A4;
	9249 : A4;
	9250 : A4;
	9251 : A4;
	9252 : A4;
	9253 : A4;
	9254 : FF;
	9255 : A4;
	9256 : A4;
	9257 : A4;
	9258 : A4;
	9259 : FF;
	9260 : A4;
	9261 : A4;
	9262 : A4;
	9263 : A4;
	9264 : A4;
	9265 : FF;
	9266 : E3;
	9267 : E3;
	9268 : E3;
	9269 : E3;
	9270 : E3;
	9271 : E3;
	9272 : E3;
	9273 : E3;
	9274 : E3;
	9275 : E3;
	9276 : E3;
	9277 : E3;
	9278 : E3;
	9279 : E3;
	9280 : E3;
	9281 : E3;
	9282 : E3;
	9283 : E3;
	9284 : E3;
	9285 : FF;
	9286 : FF;
	9287 : FF;
	9288 : A4;
	9289 : A4;
	9290 : A4;
	9291 : A4;
	9292 : A4;
	9293 : A4;
	9294 : A4;
	9295 : FF;
	9296 : FF;
	9297 : E3;
	9298 : FF;
	9299 : A4;
	9300 : A4;
	9301 : A4;
	9302 : FF;
	9303 : FF;
	9304 : E3;
	9305 : E3;
	9306 : E3;
	9307 : FF;
	9308 : A4;
	9309 : A4;
	9310 : A4;
	9311 : FF;
	9312 : FF;
	9313 : FF;
	9314 : A4;
	9315 : A4;
	9316 : A4;
	9317 : A4;
	9318 : FF;
	9319 : A4;
	9320 : A4;
	9321 : A4;
	9322 : A4;
	9323 : A4;
	9324 : A4;
	9325 : A4;
	9326 : A4;
	9327 : A4;
	9328 : A4;
	9329 : FF;
	9330 : A4;
	9331 : A4;
	9332 : A4;
	9333 : A4;
	9334 : A4;
	9335 : A4;
	9336 : A4;
	9337 : A4;
	9338 : A4;
	9339 : FF;
	9340 : FF;
	9341 : E3;
	9342 : FF;
	9343 : A4;
	9344 : A4;
	9345 : FF;
	9346 : E3;
	9347 : E3;
	9348 : E3;
	9349 : E3;
	9350 : FF;
	9351 : A4;
	9352 : A4;
	9353 : FF;
	9354 : E3;
	9355 : E3;
	9356 : E3;
	9357 : E3;
	9358 : E3;
	9359 : E3;
	9360 : E3;
	9361 : FF;
	9362 : A4;
	9363 : A4;
	9364 : A4;
	9365 : A4;
	9366 : A4;
	9367 : A4;
	9368 : A4;
	9369 : A4;
	9370 : A4;
	9371 : FF;
	9372 : FF;
	9373 : FF;
	9374 : FF;
	9375 : A4;
	9376 : A4;
	9377 : A4;
	9378 : A4;
	9379 : A4;
	9380 : A4;
	9381 : A4;
	9382 : FF;
	9383 : A4;
	9384 : A4;
	9385 : A4;
	9386 : FF;
	9387 : E3;
	9388 : E3;
	9389 : FF;
	9390 : A4;
	9391 : A4;
	9392 : A4;
	9393 : FF;
	9394 : E3;
	9395 : FF;
	9396 : A4;
	9397 : A4;
	9398 : A4;
	9399 : FF;
	9400 : E3;
	9401 : E3;
	9402 : E3;
	9403 : E3;
	9404 : FF;
	9405 : A4;
	9406 : A4;
	9407 : A4;
	9408 : A4;
	9409 : A4;
	9410 : A4;
	9411 : A4;
	9412 : A4;
	9413 : A4;
	9414 : FF;
	9415 : A4;
	9416 : A4;
	9417 : A4;
	9418 : A4;
	9419 : FF;
	9420 : FF;
	9421 : A4;
	9422 : A4;
	9423 : A4;
	9424 : A4;
	9425 : FF;
	9426 : E3;
	9427 : E3;
	9428 : E3;
	9429 : E3;
	9430 : E3;
	9431 : E3;
	9432 : E3;
	9433 : E3;
	9434 : E3;
	9435 : E3;
	9436 : E3;
	9437 : E3;
	9438 : E3;
	9439 : E3;
	9440 : E3;
	9441 : E3;
	9442 : E3;
	9443 : E3;
	9444 : E3;
	9445 : E3;
	9446 : E3;
	9447 : FF;
	9448 : FF;
	9449 : FF;
	9450 : FF;
	9451 : FF;
	9452 : FF;
	9453 : FF;
	9454 : FF;
	9455 : FF;
	9456 : E3;
	9457 : E3;
	9458 : FF;
	9459 : FF;
	9460 : FF;
	9461 : FF;
	9462 : FF;
	9463 : FF;
	9464 : E3;
	9465 : E3;
	9466 : E3;
	9467 : FF;
	9468 : FF;
	9469 : FF;
	9470 : FF;
	9471 : FF;
	9472 : E3;
	9473 : FF;
	9474 : FF;
	9475 : FF;
	9476 : FF;
	9477 : FF;
	9478 : FF;
	9479 : FF;
	9480 : FF;
	9481 : FF;
	9482 : FF;
	9483 : FF;
	9484 : FF;
	9485 : FF;
	9486 : FF;
	9487 : FF;
	9488 : FF;
	9489 : FF;
	9490 : FF;
	9491 : FF;
	9492 : FF;
	9493 : FF;
	9494 : FF;
	9495 : FF;
	9496 : FF;
	9497 : FF;
	9498 : FF;
	9499 : FF;
	9500 : FF;
	9501 : E3;
	9502 : FF;
	9503 : FF;
	9504 : FF;
	9505 : FF;
	9506 : E3;
	9507 : E3;
	9508 : E3;
	9509 : E3;
	9510 : FF;
	9511 : FF;
	9512 : FF;
	9513 : FF;
	9514 : E3;
	9515 : E3;
	9516 : E3;
	9517 : E3;
	9518 : E3;
	9519 : E3;
	9520 : E3;
	9521 : FF;
	9522 : FF;
	9523 : FF;
	9524 : FF;
	9525 : FF;
	9526 : FF;
	9527 : FF;
	9528 : FF;
	9529 : FF;
	9530 : FF;
	9531 : FF;
	9532 : E3;
	9533 : E3;
	9534 : FF;
	9535 : FF;
	9536 : FF;
	9537 : FF;
	9538 : FF;
	9539 : FF;
	9540 : FF;
	9541 : FF;
	9542 : FF;
	9543 : FF;
	9544 : FF;
	9545 : FF;
	9546 : FF;
	9547 : E3;
	9548 : E3;
	9549 : FF;
	9550 : FF;
	9551 : FF;
	9552 : FF;
	9553 : FF;
	9554 : E3;
	9555 : FF;
	9556 : FF;
	9557 : FF;
	9558 : FF;
	9559 : FF;
	9560 : E3;
	9561 : E3;
	9562 : E3;
	9563 : E3;
	9564 : FF;
	9565 : FF;
	9566 : FF;
	9567 : FF;
	9568 : FF;
	9569 : FF;
	9570 : FF;
	9571 : FF;
	9572 : FF;
	9573 : FF;
	9574 : FF;
	9575 : FF;
	9576 : FF;
	9577 : FF;
	9578 : FF;
	9579 : FF;
	9580 : FF;
	9581 : FF;
	9582 : FF;
	9583 : FF;
	9584 : FF;
	9585 : FF;
	9586 : E3;
	9587 : E3;
	9588 : E3;
	9589 : E3;
	9590 : E3;
	9591 : E3;
	9592 : E3;
	9593 : E3;
	9594 : E3;
	9595 : E3;
	9596 : E3;
	9597 : E3;
	9598 : E3;
	9599 : E3;
	9600 : E3;
	9601 : E3;
	9602 : E3;
	9603 : E3;
	9604 : E3;
	9605 : E3;
	9606 : E3;
	9607 : E3;
	9608 : E3;
	9609 : E3;
	9610 : E3;
	9611 : E3;
	9612 : E3;
	9613 : E3;
	9614 : E3;
	9615 : E3;
	9616 : E3;
	9617 : E3;
	9618 : E3;
	9619 : E3;
	9620 : E3;
	9621 : E3;
	9622 : E3;
	9623 : E3;
	9624 : E3;
	9625 : E3;
	9626 : E3;
	9627 : E3;
	9628 : E3;
	9629 : E3;
	9630 : E3;
	9631 : E3;
	9632 : E3;
	9633 : E3;
	9634 : E3;
	9635 : E3;
	9636 : E3;
	9637 : E3;
	9638 : E3;
	9639 : E3;
	9640 : E3;
	9641 : E3;
	9642 : E3;
	9643 : E3;
	9644 : E3;
	9645 : E3;
	9646 : E3;
	9647 : E3;
	9648 : E3;
	9649 : E3;
	9650 : E3;
	9651 : E3;
	9652 : E3;
	9653 : E3;
	9654 : E3;
	9655 : E3;
	9656 : E3;
	9657 : E3;
	9658 : E3;
	9659 : E3;
	9660 : E3;
	9661 : E3;
	9662 : E3;
	9663 : E3;
	9664 : E3;
	9665 : E3;
	9666 : E3;
	9667 : E3;
	9668 : E3;
	9669 : E3;
	9670 : E3;
	9671 : E3;
	9672 : E3;
	9673 : E3;
	9674 : E3;
	9675 : E3;
	9676 : E3;
	9677 : E3;
	9678 : E3;
	9679 : E3;
	9680 : E3;
	9681 : E3;
	9682 : E3;
	9683 : E3;
	9684 : E3;
	9685 : E3;
	9686 : E3;
	9687 : E3;
	9688 : E3;
	9689 : E3;
	9690 : E3;
	9691 : E3;
	9692 : E3;
	9693 : E3;
	9694 : E3;
	9695 : E3;
	9696 : E3;
	9697 : E3;
	9698 : E3;
	9699 : E3;
	9700 : E3;
	9701 : E3;
	9702 : E3;
	9703 : E3;
	9704 : E3;
	9705 : E3;
	9706 : E3;
	9707 : E3;
	9708 : E3;
	9709 : E3;
	9710 : E3;
	9711 : E3;
	9712 : E3;
	9713 : E3;
	9714 : E3;
	9715 : E3;
	9716 : E3;
	9717 : E3;
	9718 : E3;
	9719 : E3;
	9720 : E3;
	9721 : E3;
	9722 : E3;
	9723 : E3;
	9724 : E3;
	9725 : E3;
	9726 : E3;
	9727 : E3;
	9728 : E3;
	9729 : E3;
	9730 : E3;
	9731 : E3;
	9732 : E3;
	9733 : E3;
	9734 : E3;
	9735 : E3;
	9736 : E3;
	9737 : E3;
	9738 : E3;
	9739 : E3;
	9740 : E3;
	9741 : E3;
	9742 : E3;
	9743 : E3;
	9744 : E3;
	9745 : E3;
	9746 : E3;
	9747 : E3;
	9748 : E3;
	9749 : E3;
	9750 : E3;
	9751 : E3;
	9752 : E3;
	9753 : E3;
	9754 : E3;
	9755 : E3;
	9756 : E3;
	9757 : E3;
	9758 : E3;
	9759 : E3;
	9760 : E3;
	9761 : E3;
	9762 : E3;
	9763 : E3;
	9764 : E3;
	9765 : E3;
	9766 : E3;
	9767 : E3;
	9768 : E3;
	9769 : E3;
	9770 : E3;
	9771 : E3;
	9772 : E3;
	9773 : E3;
	9774 : E3;
	9775 : E3;
	9776 : E3;
	9777 : E3;
	9778 : E3;
	9779 : E3;
	9780 : E3;
	9781 : E3;
	9782 : E3;
	9783 : E3;
	9784 : E3;
	9785 : E3;
	9786 : E3;
	9787 : E3;
	9788 : E3;
	9789 : E3;
	9790 : E3;
	9791 : E3;
	9792 : E3;
	9793 : E3;
	9794 : E3;
	9795 : E3;
	9796 : E3;
	9797 : E3;
	9798 : E3;
	9799 : E3;
	9800 : E3;
	9801 : E3;
	9802 : E3;
	9803 : E3;
	9804 : E3;
	9805 : E3;
	9806 : E3;
	9807 : E3;
	9808 : E3;
	9809 : E3;
	9810 : E3;
	9811 : E3;
	9812 : E3;
	9813 : E3;
	9814 : E3;
	9815 : E3;
	9816 : E3;
	9817 : E3;
	9818 : E3;
	9819 : E3;
	9820 : E3;
	9821 : E3;
	9822 : E3;
	9823 : E3;
	9824 : E3;
	9825 : E3;
	9826 : E3;
	9827 : E3;
	9828 : E3;
	9829 : E3;
	9830 : E3;
	9831 : E3;
	9832 : E3;
	9833 : E3;
	9834 : E3;
	9835 : E3;
	9836 : E3;
	9837 : E3;
	9838 : E3;
	9839 : E3;
	9840 : E3;
	9841 : E3;
	9842 : E3;
	9843 : E3;
	9844 : E3;
	9845 : E3;
	9846 : E3;
	9847 : E3;
	9848 : E3;
	9849 : E3;
	9850 : E3;
	9851 : E3;
	9852 : E3;
	9853 : E3;
	9854 : E3;
	9855 : E3;
	9856 : E3;
	9857 : E3;
	9858 : E3;
	9859 : E3;
	9860 : E3;
	9861 : E3;
	9862 : E3;
	9863 : E3;
	9864 : E3;
	9865 : E3;
	9866 : E3;
	9867 : E3;
	9868 : E3;
	9869 : E3;
	9870 : E3;
	9871 : E3;
	9872 : E3;
	9873 : E3;
	9874 : E3;
	9875 : E3;
	9876 : E3;
	9877 : E3;
	9878 : E3;
	9879 : E3;
	9880 : E3;
	9881 : E3;
	9882 : E3;
	9883 : E3;
	9884 : E3;
	9885 : E3;
	9886 : E3;
	9887 : E3;
	9888 : E3;
	9889 : E3;
	9890 : E3;
	9891 : E3;
	9892 : E3;
	9893 : E3;
	9894 : E3;
	9895 : E3;
	9896 : E3;
	9897 : E3;
	9898 : E3;
	9899 : E3;
	9900 : E3;
	9901 : E3;
	9902 : E3;
	9903 : E3;
	9904 : E3;
	9905 : E3;
	9906 : E3;
	9907 : E3;
	9908 : E3;
	9909 : E3;
	9910 : E3;
	9911 : E3;
	9912 : E3;
	9913 : E3;
	9914 : E3;
	9915 : E3;
	9916 : E3;
	9917 : E3;
	9918 : E3;
	9919 : E3;
	9920 : E3;
	9921 : E3;
	9922 : E3;
	9923 : E3;
	9924 : E3;
	9925 : E3;
	9926 : E3;
	9927 : E3;
	9928 : E3;
	9929 : E3;
	9930 : E3;
	9931 : E3;
	9932 : E3;
	9933 : E3;
	9934 : E3;
	9935 : E3;
	9936 : E3;
	9937 : E3;
	9938 : E3;
	9939 : E3;
	9940 : E3;
	9941 : E3;
	9942 : E3;
	9943 : E3;
	9944 : E3;
	9945 : E3;
	9946 : E3;
	9947 : E3;
	9948 : E3;
	9949 : E3;
	9950 : E3;
	9951 : E3;
	9952 : E3;
	9953 : E3;
	9954 : E3;
	9955 : E3;
	9956 : E3;
	9957 : E3;
	9958 : E3;
	9959 : E3;
	9960 : E3;
	9961 : E3;
	9962 : E3;
	9963 : E3;
	9964 : E3;
	9965 : E3;
	9966 : E3;
	9967 : E3;
	9968 : E3;
	9969 : E3;
	9970 : E3;
	9971 : E3;
	9972 : E3;
	9973 : E3;
	9974 : E3;
	9975 : E3;
	9976 : E3;
	9977 : E3;
	9978 : E3;
	9979 : E3;
	9980 : E3;
	9981 : E3;
	9982 : E3;
	9983 : E3;
	9984 : E3;
	9985 : E3;
	9986 : E3;
	9987 : E3;
	9988 : E3;
	9989 : E3;
	9990 : E3;
	9991 : E3;
	9992 : E3;
	9993 : E3;
	9994 : E3;
	9995 : E3;
	9996 : E3;
	9997 : E3;
	9998 : E3;
	9999 : E3;
	10000 : E3;
	10001 : E3;
	10002 : E3;
	10003 : E3;
	10004 : E3;
	10005 : E3;
	10006 : E3;
	10007 : E3;
	10008 : E3;
	10009 : E3;
	10010 : E3;
	10011 : E3;
	10012 : E3;
	10013 : E3;
	10014 : E3;
	10015 : E3;
	10016 : E3;
	10017 : E3;
	10018 : E3;
	10019 : E3;
	10020 : E3;
	10021 : E3;
	10022 : E3;
	10023 : E3;
	10024 : E3;
	10025 : E3;
	10026 : E3;
	10027 : E3;
	10028 : E3;
	10029 : E3;
	10030 : E3;
	10031 : E3;
	10032 : E3;
	10033 : E3;
	10034 : E3;
	10035 : E3;
	10036 : E3;
	10037 : E3;
	10038 : E3;
	10039 : E3;
	10040 : E3;
	10041 : E3;
	10042 : E3;
	10043 : E3;
	10044 : E3;
	10045 : E3;
	10046 : E3;
	10047 : E3;
	10048 : E3;
	10049 : E3;
	10050 : E3;
	10051 : E3;
	10052 : E3;
	10053 : E3;
	10054 : E3;
	10055 : E3;
	10056 : E3;
	10057 : E3;
	10058 : E3;
	10059 : E3;
	10060 : E3;
	10061 : E3;
	10062 : E3;
	10063 : E3;
	10064 : E3;
	10065 : E3;
	10066 : E3;
	10067 : E3;
	10068 : E3;
	10069 : E3;
	10070 : E3;
	10071 : E3;
	10072 : E3;
	10073 : E3;
	10074 : E3;
	10075 : E3;
	10076 : E3;
	10077 : E3;
	10078 : E3;
	10079 : E3;
	10080 : E3;
	10081 : E3;
	10082 : E3;
	10083 : E3;
	10084 : E3;
	10085 : E3;
	10086 : E3;
	10087 : E3;
	10088 : E3;
	10089 : E3;
	10090 : E3;
	10091 : E3;
	10092 : E3;
	10093 : E3;
	10094 : E3;
	10095 : E3;
	10096 : E3;
	10097 : E3;
	10098 : E3;
	10099 : E3;
	10100 : E3;
	10101 : E3;
	10102 : E3;
	10103 : E3;
	10104 : E3;
	10105 : E3;
	10106 : E3;
	10107 : E3;
	10108 : E3;
	10109 : E3;
	10110 : E3;
	10111 : E3;
	10112 : E3;
	10113 : E3;
	10114 : E3;
	10115 : E3;
	10116 : E3;
	10117 : E3;
	10118 : E3;
	10119 : E3;
	10120 : E3;
	10121 : E3;
	10122 : E3;
	10123 : E3;
	10124 : E3;
	10125 : E3;
	10126 : E3;
	10127 : E3;
	10128 : E3;
	10129 : E3;
	10130 : E3;
	10131 : E3;
	10132 : E3;
	10133 : E3;
	10134 : E3;
	10135 : E3;
	10136 : E3;
	10137 : E3;
	10138 : E3;
	10139 : E3;
	10140 : E3;
	10141 : E3;
	10142 : E3;
	10143 : E3;
	10144 : E3;
	10145 : E3;
	10146 : E3;
	10147 : E3;
	10148 : E3;
	10149 : E3;
	10150 : E3;
	10151 : E3;
	10152 : E3;
	10153 : E3;
	10154 : E3;
	10155 : E3;
	10156 : E3;
	10157 : E3;
	10158 : E3;
	10159 : E3;
	10160 : E3;
	10161 : E3;
	10162 : E3;
	10163 : E3;
	10164 : E3;
	10165 : E3;
	10166 : E3;
	10167 : E3;
	10168 : E3;
	10169 : E3;
	10170 : E3;
	10171 : E3;
	10172 : E3;
	10173 : E3;
	10174 : E3;
	10175 : E3;
	10176 : E3;
	10177 : E3;
	10178 : E3;
	10179 : E3;
	10180 : E3;
	10181 : E3;
	10182 : E3;
	10183 : E3;
	10184 : E3;
	10185 : E3;
	10186 : E3;
	10187 : E3;
	10188 : E3;
	10189 : E3;
	10190 : E3;
	10191 : E3;
	10192 : E3;
	10193 : E3;
	10194 : E3;
	10195 : E3;
	10196 : E3;
	10197 : E3;
	10198 : E3;
	10199 : E3;
	10200 : E3;
	10201 : E3;
	10202 : E3;
	10203 : E3;
	10204 : E3;
	10205 : E3;
	10206 : E3;
	10207 : E3;
	10208 : E3;
	10209 : E3;
	10210 : E3;
	10211 : E3;
	10212 : E3;
	10213 : E3;
	10214 : E3;
	10215 : E3;
	10216 : E3;
	10217 : E3;
	10218 : E3;
	10219 : E3;
	10220 : E3;
	10221 : E3;
	10222 : E3;
	10223 : E3;
	10224 : E3;
	10225 : E3;
	10226 : E3;
	10227 : E3;
	10228 : E3;
	10229 : E3;
	10230 : E3;
	10231 : E3;
	10232 : E3;
	10233 : E3;
	10234 : E3;
	10235 : E3;
	10236 : E3;
	10237 : E3;
	10238 : E3;
	10239 : E3;
	10240 : E3;
	10241 : E3;
	10242 : E3;
	10243 : E3;
	10244 : E3;
	10245 : E3;
	10246 : E3;
	10247 : E3;
	10248 : E3;
	10249 : E3;
	10250 : E3;
	10251 : E3;
	10252 : E3;
	10253 : E3;
	10254 : E3;
	10255 : E3;
	10256 : E3;
	10257 : E3;
	10258 : E3;
	10259 : E3;
	10260 : E3;
	10261 : E3;
	10262 : E3;
	10263 : E3;
	10264 : E3;
	10265 : E3;
	10266 : E3;
	10267 : E3;
	10268 : E3;
	10269 : E3;
	10270 : E3;
	10271 : E3;
	10272 : E3;
	10273 : E3;
	10274 : E3;
	10275 : E3;
	10276 : E3;
	10277 : E3;
	10278 : E3;
	10279 : E3;
	10280 : E3;
	10281 : E3;
	10282 : E3;
	10283 : E3;
	10284 : E3;
	10285 : E3;
	10286 : E3;
	10287 : E3;
	10288 : E3;
	10289 : E3;
	10290 : E3;
	10291 : E3;
	10292 : E3;
	10293 : E3;
	10294 : E3;
	10295 : E3;
	10296 : E3;
	10297 : E3;
	10298 : E3;
	10299 : E3;
	10300 : FF;
	10301 : FF;
	10302 : FF;
	10303 : FF;
	10304 : FF;
	10305 : FF;
	10306 : FF;
	10307 : FF;
	10308 : FF;
	10309 : FF;
	10310 : FF;
	10311 : FF;
	10312 : FF;
	10313 : FF;
	10314 : FF;
	10315 : FF;
	10316 : FF;
	10317 : FF;
	10318 : FF;
	10319 : FF;
	10320 : FF;
	10321 : FF;
	10322 : FF;
	10323 : FF;
	10324 : FF;
	10325 : FF;
	10326 : FF;
	10327 : FF;
	10328 : FF;
	10329 : FF;
	10330 : FF;
	10331 : FF;
	10332 : E3;
	10333 : E3;
	10334 : E3;
	10335 : E3;
	10336 : E3;
	10337 : E3;
	10338 : E3;
	10339 : E3;
	10340 : E3;
	10341 : E3;
	10342 : E3;
	10343 : E3;
	10344 : E3;
	10345 : E3;
	10346 : E3;
	10347 : E3;
	10348 : E3;
	10349 : E3;
	10350 : E3;
	10351 : E3;
	10352 : E3;
	10353 : E3;
	10354 : E3;
	10355 : E3;
	10356 : E3;
	10357 : E3;
	10358 : E3;
	10359 : E3;
	10360 : E3;
	10361 : E3;
	10362 : E3;
	10363 : E3;
	10364 : E3;
	10365 : E3;
	10366 : E3;
	10367 : E3;
	10368 : E3;
	10369 : E3;
	10370 : E3;
	10371 : E3;
	10372 : E3;
	10373 : E3;
	10374 : E3;
	10375 : E3;
	10376 : E3;
	10377 : E3;
	10378 : E3;
	10379 : E3;
	10380 : E3;
	10381 : E3;
	10382 : E3;
	10383 : E3;
	10384 : E3;
	10385 : E3;
	10386 : E3;
	10387 : E3;
	10388 : E3;
	10389 : E3;
	10390 : E3;
	10391 : E3;
	10392 : E3;
	10393 : E3;
	10394 : E3;
	10395 : E3;
	10396 : E3;
	10397 : E3;
	10398 : E3;
	10399 : E3;
	10400 : E3;
	10401 : E3;
	10402 : E3;
	10403 : E3;
	10404 : E3;
	10405 : E3;
	10406 : E3;
	10407 : E3;
	10408 : E3;
	10409 : E3;
	10410 : E3;
	10411 : E3;
	10412 : E3;
	10413 : E3;
	10414 : E3;
	10415 : E3;
	10416 : E3;
	10417 : E3;
	10418 : E3;
	10419 : E3;
	10420 : E3;
	10421 : E3;
	10422 : E3;
	10423 : E3;
	10424 : E3;
	10425 : E3;
	10426 : E3;
	10427 : E3;
	10428 : E3;
	10429 : E3;
	10430 : E3;
	10431 : E3;
	10432 : E3;
	10433 : E3;
	10434 : E3;
	10435 : E3;
	10436 : E3;
	10437 : E3;
	10438 : E3;
	10439 : E3;
	10440 : E3;
	10441 : E3;
	10442 : E3;
	10443 : E3;
	10444 : E3;
	10445 : E3;
	10446 : E3;
	10447 : E3;
	10448 : E3;
	10449 : E3;
	10450 : E3;
	10451 : E3;
	10452 : E3;
	10453 : E3;
	10454 : E3;
	10455 : E3;
	10456 : E3;
	10457 : E3;
	10458 : E3;
	10459 : E3;
	10460 : FF;
	10461 : F4;
	10462 : F4;
	10463 : F4;
	10464 : F4;
	10465 : F4;
	10466 : F4;
	10467 : F4;
	10468 : F4;
	10469 : F4;
	10470 : FF;
	10471 : F4;
	10472 : F4;
	10473 : F4;
	10474 : F4;
	10475 : F4;
	10476 : F4;
	10477 : F4;
	10478 : F4;
	10479 : F4;
	10480 : F4;
	10481 : FF;
	10482 : F4;
	10483 : F4;
	10484 : F4;
	10485 : F4;
	10486 : F4;
	10487 : F4;
	10488 : F4;
	10489 : F4;
	10490 : F4;
	10491 : FF;
	10492 : E3;
	10493 : E3;
	10494 : E3;
	10495 : E3;
	10496 : E3;
	10497 : E3;
	10498 : E3;
	10499 : E3;
	10500 : E3;
	10501 : E3;
	10502 : E3;
	10503 : E3;
	10504 : E3;
	10505 : E3;
	10506 : E3;
	10507 : E3;
	10508 : E3;
	10509 : E3;
	10510 : E3;
	10511 : E3;
	10512 : E3;
	10513 : E3;
	10514 : E3;
	10515 : E3;
	10516 : E3;
	10517 : E3;
	10518 : E3;
	10519 : E3;
	10520 : E3;
	10521 : E3;
	10522 : E3;
	10523 : E3;
	10524 : E3;
	10525 : E3;
	10526 : E3;
	10527 : E3;
	10528 : E3;
	10529 : E3;
	10530 : E3;
	10531 : E3;
	10532 : E3;
	10533 : E3;
	10534 : E3;
	10535 : E3;
	10536 : E3;
	10537 : E3;
	10538 : E3;
	10539 : E3;
	10540 : E3;
	10541 : E3;
	10542 : E3;
	10543 : E3;
	10544 : E3;
	10545 : E3;
	10546 : E3;
	10547 : E3;
	10548 : E3;
	10549 : E3;
	10550 : E3;
	10551 : E3;
	10552 : E3;
	10553 : E3;
	10554 : E3;
	10555 : E3;
	10556 : E3;
	10557 : E3;
	10558 : E3;
	10559 : E3;
	10560 : E3;
	10561 : E3;
	10562 : E3;
	10563 : E3;
	10564 : E3;
	10565 : E3;
	10566 : E3;
	10567 : E3;
	10568 : E3;
	10569 : E3;
	10570 : E3;
	10571 : E3;
	10572 : E3;
	10573 : E3;
	10574 : E3;
	10575 : E3;
	10576 : E3;
	10577 : E3;
	10578 : E3;
	10579 : E3;
	10580 : E3;
	10581 : E3;
	10582 : E3;
	10583 : E3;
	10584 : E3;
	10585 : E3;
	10586 : E3;
	10587 : E3;
	10588 : E3;
	10589 : E3;
	10590 : E3;
	10591 : E3;
	10592 : E3;
	10593 : E3;
	10594 : E3;
	10595 : E3;
	10596 : E3;
	10597 : E3;
	10598 : E3;
	10599 : E3;
	10600 : E3;
	10601 : E3;
	10602 : E3;
	10603 : E3;
	10604 : E3;
	10605 : E3;
	10606 : E3;
	10607 : E3;
	10608 : E3;
	10609 : E3;
	10610 : E3;
	10611 : E3;
	10612 : E3;
	10613 : E3;
	10614 : E3;
	10615 : E3;
	10616 : E3;
	10617 : E3;
	10618 : E3;
	10619 : E3;
	10620 : FF;
	10621 : F4;
	10622 : F4;
	10623 : F4;
	10624 : F4;
	10625 : F4;
	10626 : F4;
	10627 : F4;
	10628 : F4;
	10629 : FF;
	10630 : FF;
	10631 : F4;
	10632 : F4;
	10633 : F4;
	10634 : F4;
	10635 : F4;
	10636 : F4;
	10637 : F4;
	10638 : F4;
	10639 : F4;
	10640 : F4;
	10641 : FF;
	10642 : F4;
	10643 : F4;
	10644 : F4;
	10645 : F4;
	10646 : F4;
	10647 : F4;
	10648 : F4;
	10649 : F4;
	10650 : F4;
	10651 : FF;
	10652 : E3;
	10653 : E3;
	10654 : E3;
	10655 : E3;
	10656 : E3;
	10657 : E3;
	10658 : E3;
	10659 : E3;
	10660 : E3;
	10661 : E3;
	10662 : E3;
	10663 : E3;
	10664 : E3;
	10665 : E3;
	10666 : E3;
	10667 : E3;
	10668 : E3;
	10669 : E3;
	10670 : E3;
	10671 : E3;
	10672 : E3;
	10673 : E3;
	10674 : E3;
	10675 : E3;
	10676 : E3;
	10677 : E3;
	10678 : E3;
	10679 : E3;
	10680 : E3;
	10681 : E3;
	10682 : E3;
	10683 : E3;
	10684 : E3;
	10685 : E3;
	10686 : E3;
	10687 : E3;
	10688 : E3;
	10689 : E3;
	10690 : E3;
	10691 : E3;
	10692 : E3;
	10693 : E3;
	10694 : E3;
	10695 : E3;
	10696 : E3;
	10697 : E3;
	10698 : E3;
	10699 : E3;
	10700 : E3;
	10701 : E3;
	10702 : E3;
	10703 : E3;
	10704 : E3;
	10705 : E3;
	10706 : E3;
	10707 : E3;
	10708 : E3;
	10709 : E3;
	10710 : E3;
	10711 : E3;
	10712 : E3;
	10713 : E3;
	10714 : E3;
	10715 : E3;
	10716 : E3;
	10717 : E3;
	10718 : E3;
	10719 : E3;
	10720 : E3;
	10721 : E3;
	10722 : E3;
	10723 : E3;
	10724 : E3;
	10725 : E3;
	10726 : E3;
	10727 : E3;
	10728 : E3;
	10729 : E3;
	10730 : E3;
	10731 : E3;
	10732 : E3;
	10733 : E3;
	10734 : E3;
	10735 : E3;
	10736 : E3;
	10737 : E3;
	10738 : E3;
	10739 : E3;
	10740 : E3;
	10741 : E3;
	10742 : E3;
	10743 : E3;
	10744 : E3;
	10745 : E3;
	10746 : E3;
	10747 : E3;
	10748 : E3;
	10749 : E3;
	10750 : E3;
	10751 : E3;
	10752 : E3;
	10753 : E3;
	10754 : E3;
	10755 : E3;
	10756 : E3;
	10757 : E3;
	10758 : E3;
	10759 : E3;
	10760 : E3;
	10761 : E3;
	10762 : E3;
	10763 : E3;
	10764 : E3;
	10765 : E3;
	10766 : E3;
	10767 : E3;
	10768 : E3;
	10769 : E3;
	10770 : E3;
	10771 : E3;
	10772 : E3;
	10773 : E3;
	10774 : E3;
	10775 : E3;
	10776 : E3;
	10777 : E3;
	10778 : E3;
	10779 : E3;
	10780 : FF;
	10781 : FF;
	10782 : FF;
	10783 : FF;
	10784 : FF;
	10785 : F0;
	10786 : F0;
	10787 : F4;
	10788 : FF;
	10789 : E3;
	10790 : FF;
	10791 : F4;
	10792 : F4;
	10793 : F4;
	10794 : FF;
	10795 : FF;
	10796 : FF;
	10797 : F4;
	10798 : F0;
	10799 : F4;
	10800 : FF;
	10801 : FF;
	10802 : FF;
	10803 : FF;
	10804 : FF;
	10805 : FF;
	10806 : FF;
	10807 : F0;
	10808 : F4;
	10809 : F4;
	10810 : FF;
	10811 : FF;
	10812 : E3;
	10813 : E3;
	10814 : E3;
	10815 : E3;
	10816 : E3;
	10817 : E3;
	10818 : E3;
	10819 : E3;
	10820 : E3;
	10821 : E3;
	10822 : E3;
	10823 : E3;
	10824 : E3;
	10825 : E3;
	10826 : E3;
	10827 : E3;
	10828 : E3;
	10829 : E3;
	10830 : E3;
	10831 : E3;
	10832 : E3;
	10833 : E3;
	10834 : E3;
	10835 : E3;
	10836 : E3;
	10837 : E3;
	10838 : E3;
	10839 : E3;
	10840 : E3;
	10841 : E3;
	10842 : E3;
	10843 : E3;
	10844 : E3;
	10845 : E3;
	10846 : E3;
	10847 : E3;
	10848 : E3;
	10849 : E3;
	10850 : E3;
	10851 : E3;
	10852 : E3;
	10853 : E3;
	10854 : E3;
	10855 : E3;
	10856 : E3;
	10857 : E3;
	10858 : E3;
	10859 : E3;
	10860 : E3;
	10861 : E3;
	10862 : E3;
	10863 : E3;
	10864 : E3;
	10865 : E3;
	10866 : E3;
	10867 : E3;
	10868 : E3;
	10869 : E3;
	10870 : E3;
	10871 : E3;
	10872 : E3;
	10873 : E3;
	10874 : E3;
	10875 : E3;
	10876 : E3;
	10877 : E3;
	10878 : E3;
	10879 : E3;
	10880 : E3;
	10881 : E3;
	10882 : E3;
	10883 : E3;
	10884 : E3;
	10885 : E3;
	10886 : E3;
	10887 : E3;
	10888 : E3;
	10889 : E3;
	10890 : E3;
	10891 : E3;
	10892 : E3;
	10893 : E3;
	10894 : E3;
	10895 : E3;
	10896 : E3;
	10897 : E3;
	10898 : E3;
	10899 : E3;
	10900 : E3;
	10901 : E3;
	10902 : E3;
	10903 : E3;
	10904 : E3;
	10905 : E3;
	10906 : E3;
	10907 : E3;
	10908 : E3;
	10909 : E3;
	10910 : E3;
	10911 : E3;
	10912 : E3;
	10913 : E3;
	10914 : E3;
	10915 : E3;
	10916 : E3;
	10917 : E3;
	10918 : E3;
	10919 : E3;
	10920 : E3;
	10921 : E3;
	10922 : E3;
	10923 : E3;
	10924 : E3;
	10925 : E3;
	10926 : E3;
	10927 : E3;
	10928 : E3;
	10929 : E3;
	10930 : E3;
	10931 : E3;
	10932 : E3;
	10933 : E3;
	10934 : E3;
	10935 : E3;
	10936 : E3;
	10937 : E3;
	10938 : E3;
	10939 : E3;
	10940 : E3;
	10941 : FF;
	10942 : FF;
	10943 : FF;
	10944 : C8;
	10945 : D0;
	10946 : CC;
	10947 : FF;
	10948 : FF;
	10949 : E3;
	10950 : FF;
	10951 : FF;
	10952 : FF;
	10953 : FF;
	10954 : FF;
	10955 : FF;
	10956 : FF;
	10957 : CC;
	10958 : CC;
	10959 : FF;
	10960 : FF;
	10961 : E3;
	10962 : E3;
	10963 : E3;
	10964 : FF;
	10965 : C8;
	10966 : C8;
	10967 : CC;
	10968 : CC;
	10969 : FF;
	10970 : FF;
	10971 : FF;
	10972 : E3;
	10973 : E3;
	10974 : E3;
	10975 : E3;
	10976 : E3;
	10977 : E3;
	10978 : E3;
	10979 : E3;
	10980 : E3;
	10981 : E3;
	10982 : E3;
	10983 : E3;
	10984 : E3;
	10985 : E3;
	10986 : E3;
	10987 : E3;
	10988 : E3;
	10989 : E3;
	10990 : E3;
	10991 : E3;
	10992 : E3;
	10993 : E3;
	10994 : E3;
	10995 : E3;
	10996 : E3;
	10997 : E3;
	10998 : E3;
	10999 : E3;
	11000 : E3;
	11001 : E3;
	11002 : E3;
	11003 : E3;
	11004 : E3;
	11005 : E3;
	11006 : E3;
	11007 : E3;
	11008 : E3;
	11009 : E3;
	11010 : E3;
	11011 : E3;
	11012 : E3;
	11013 : E3;
	11014 : E3;
	11015 : E3;
	11016 : E3;
	11017 : E3;
	11018 : E3;
	11019 : E3;
	11020 : E3;
	11021 : E3;
	11022 : E3;
	11023 : E3;
	11024 : E3;
	11025 : E3;
	11026 : E3;
	11027 : E3;
	11028 : E3;
	11029 : E3;
	11030 : E3;
	11031 : E3;
	11032 : E3;
	11033 : E3;
	11034 : E3;
	11035 : E3;
	11036 : E3;
	11037 : E3;
	11038 : E3;
	11039 : E3;
	11040 : E3;
	11041 : E3;
	11042 : E3;
	11043 : E3;
	11044 : E3;
	11045 : E3;
	11046 : E3;
	11047 : E3;
	11048 : E3;
	11049 : E3;
	11050 : E3;
	11051 : E3;
	11052 : E3;
	11053 : E3;
	11054 : E3;
	11055 : E3;
	11056 : E3;
	11057 : E3;
	11058 : E3;
	11059 : E3;
	11060 : E3;
	11061 : E3;
	11062 : E3;
	11063 : E3;
	11064 : E3;
	11065 : E3;
	11066 : E3;
	11067 : E3;
	11068 : E3;
	11069 : E3;
	11070 : E3;
	11071 : E3;
	11072 : E3;
	11073 : E3;
	11074 : E3;
	11075 : E3;
	11076 : E3;
	11077 : E3;
	11078 : E3;
	11079 : E3;
	11080 : E3;
	11081 : E3;
	11082 : E3;
	11083 : E3;
	11084 : E3;
	11085 : E3;
	11086 : E3;
	11087 : E3;
	11088 : E3;
	11089 : E3;
	11090 : E3;
	11091 : E3;
	11092 : E3;
	11093 : E3;
	11094 : E3;
	11095 : E3;
	11096 : E3;
	11097 : E3;
	11098 : E3;
	11099 : E3;
	11100 : E3;
	11101 : FF;
	11102 : C8;
	11103 : C8;
	11104 : C8;
	11105 : C8;
	11106 : C8;
	11107 : C8;
	11108 : FF;
	11109 : FF;
	11110 : E3;
	11111 : E3;
	11112 : E3;
	11113 : FF;
	11114 : C8;
	11115 : C8;
	11116 : C8;
	11117 : C8;
	11118 : FF;
	11119 : FF;
	11120 : E3;
	11121 : E3;
	11122 : E3;
	11123 : FF;
	11124 : C8;
	11125 : C8;
	11126 : C8;
	11127 : C8;
	11128 : C8;
	11129 : C8;
	11130 : C8;
	11131 : FF;
	11132 : E3;
	11133 : E3;
	11134 : E3;
	11135 : E3;
	11136 : E3;
	11137 : E3;
	11138 : E3;
	11139 : E3;
	11140 : E3;
	11141 : E3;
	11142 : E3;
	11143 : E3;
	11144 : E3;
	11145 : E3;
	11146 : E3;
	11147 : E3;
	11148 : E3;
	11149 : E3;
	11150 : E3;
	11151 : E3;
	11152 : E3;
	11153 : E3;
	11154 : E3;
	11155 : E3;
	11156 : E3;
	11157 : E3;
	11158 : E3;
	11159 : E3;
	11160 : E3;
	11161 : E3;
	11162 : E3;
	11163 : E3;
	11164 : E3;
	11165 : E3;
	11166 : E3;
	11167 : E3;
	11168 : E3;
	11169 : E3;
	11170 : E3;
	11171 : E3;
	11172 : E3;
	11173 : E3;
	11174 : E3;
	11175 : E3;
	11176 : E3;
	11177 : E3;
	11178 : E3;
	11179 : E3;
	11180 : E3;
	11181 : E3;
	11182 : E3;
	11183 : E3;
	11184 : E3;
	11185 : E3;
	11186 : E3;
	11187 : E3;
	11188 : E3;
	11189 : E3;
	11190 : E3;
	11191 : E3;
	11192 : E3;
	11193 : E3;
	11194 : E3;
	11195 : E3;
	11196 : E3;
	11197 : E3;
	11198 : E3;
	11199 : E3;
	11200 : E3;
	11201 : E3;
	11202 : E3;
	11203 : E3;
	11204 : E3;
	11205 : E3;
	11206 : E3;
	11207 : E3;
	11208 : E3;
	11209 : E3;
	11210 : E3;
	11211 : E3;
	11212 : E3;
	11213 : E3;
	11214 : E3;
	11215 : E3;
	11216 : E3;
	11217 : E3;
	11218 : E3;
	11219 : E3;
	11220 : E3;
	11221 : E3;
	11222 : E3;
	11223 : E3;
	11224 : E3;
	11225 : E3;
	11226 : E3;
	11227 : E3;
	11228 : E3;
	11229 : E3;
	11230 : E3;
	11231 : E3;
	11232 : E3;
	11233 : E3;
	11234 : E3;
	11235 : E3;
	11236 : E3;
	11237 : E3;
	11238 : E3;
	11239 : E3;
	11240 : E3;
	11241 : E3;
	11242 : E3;
	11243 : E3;
	11244 : E3;
	11245 : E3;
	11246 : E3;
	11247 : E3;
	11248 : E3;
	11249 : E3;
	11250 : E3;
	11251 : E3;
	11252 : E3;
	11253 : E3;
	11254 : E3;
	11255 : E3;
	11256 : E3;
	11257 : E3;
	11258 : E3;
	11259 : E3;
	11260 : E3;
	11261 : FF;
	11262 : C8;
	11263 : C8;
	11264 : C8;
	11265 : C8;
	11266 : C8;
	11267 : C8;
	11268 : C8;
	11269 : FF;
	11270 : E3;
	11271 : E3;
	11272 : FF;
	11273 : FF;
	11274 : C8;
	11275 : A4;
	11276 : C8;
	11277 : C8;
	11278 : FF;
	11279 : E3;
	11280 : E3;
	11281 : E3;
	11282 : E3;
	11283 : FF;
	11284 : C8;
	11285 : C8;
	11286 : C8;
	11287 : C8;
	11288 : C8;
	11289 : C8;
	11290 : C8;
	11291 : FF;
	11292 : E3;
	11293 : E3;
	11294 : E3;
	11295 : E3;
	11296 : E3;
	11297 : E3;
	11298 : E3;
	11299 : E3;
	11300 : E3;
	11301 : E3;
	11302 : E3;
	11303 : E3;
	11304 : E3;
	11305 : E3;
	11306 : E3;
	11307 : E3;
	11308 : E3;
	11309 : E3;
	11310 : E3;
	11311 : E3;
	11312 : E3;
	11313 : E3;
	11314 : E3;
	11315 : E3;
	11316 : E3;
	11317 : E3;
	11318 : E3;
	11319 : E3;
	11320 : E3;
	11321 : E3;
	11322 : E3;
	11323 : E3;
	11324 : E3;
	11325 : E3;
	11326 : E3;
	11327 : E3;
	11328 : E3;
	11329 : E3;
	11330 : E3;
	11331 : E3;
	11332 : E3;
	11333 : E3;
	11334 : E3;
	11335 : E3;
	11336 : E3;
	11337 : E3;
	11338 : E3;
	11339 : E3;
	11340 : E3;
	11341 : E3;
	11342 : E3;
	11343 : E3;
	11344 : E3;
	11345 : E3;
	11346 : E3;
	11347 : E3;
	11348 : E3;
	11349 : E3;
	11350 : E3;
	11351 : E3;
	11352 : E3;
	11353 : E3;
	11354 : E3;
	11355 : E3;
	11356 : E3;
	11357 : E3;
	11358 : E3;
	11359 : E3;
	11360 : E3;
	11361 : E3;
	11362 : E3;
	11363 : E3;
	11364 : E3;
	11365 : E3;
	11366 : E3;
	11367 : E3;
	11368 : E3;
	11369 : E3;
	11370 : E3;
	11371 : E3;
	11372 : E3;
	11373 : E3;
	11374 : E3;
	11375 : E3;
	11376 : E3;
	11377 : E3;
	11378 : E3;
	11379 : E3;
	11380 : E3;
	11381 : E3;
	11382 : E3;
	11383 : E3;
	11384 : E3;
	11385 : E3;
	11386 : E3;
	11387 : E3;
	11388 : E3;
	11389 : E3;
	11390 : E3;
	11391 : E3;
	11392 : E3;
	11393 : E3;
	11394 : E3;
	11395 : E3;
	11396 : E3;
	11397 : E3;
	11398 : E3;
	11399 : E3;
	11400 : E3;
	11401 : E3;
	11402 : E3;
	11403 : E3;
	11404 : E3;
	11405 : E3;
	11406 : E3;
	11407 : E3;
	11408 : E3;
	11409 : E3;
	11410 : E3;
	11411 : E3;
	11412 : E3;
	11413 : E3;
	11414 : E3;
	11415 : E3;
	11416 : E3;
	11417 : E3;
	11418 : E3;
	11419 : FF;
	11420 : FF;
	11421 : FF;
	11422 : FF;
	11423 : FF;
	11424 : FF;
	11425 : FF;
	11426 : C8;
	11427 : A8;
	11428 : A4;
	11429 : A4;
	11430 : FF;
	11431 : E3;
	11432 : FF;
	11433 : A4;
	11434 : A4;
	11435 : A4;
	11436 : C8;
	11437 : FF;
	11438 : E3;
	11439 : E3;
	11440 : E3;
	11441 : FF;
	11442 : FF;
	11443 : FF;
	11444 : FF;
	11445 : FF;
	11446 : FF;
	11447 : FF;
	11448 : A8;
	11449 : A8;
	11450 : A8;
	11451 : A4;
	11452 : FF;
	11453 : E3;
	11454 : E3;
	11455 : E3;
	11456 : E3;
	11457 : E3;
	11458 : E3;
	11459 : E3;
	11460 : E3;
	11461 : E3;
	11462 : E3;
	11463 : E3;
	11464 : E3;
	11465 : E3;
	11466 : E3;
	11467 : E3;
	11468 : E3;
	11469 : E3;
	11470 : E3;
	11471 : E3;
	11472 : E3;
	11473 : E3;
	11474 : E3;
	11475 : E3;
	11476 : E3;
	11477 : E3;
	11478 : E3;
	11479 : E3;
	11480 : E3;
	11481 : E3;
	11482 : E3;
	11483 : E3;
	11484 : E3;
	11485 : E3;
	11486 : E3;
	11487 : E3;
	11488 : E3;
	11489 : E3;
	11490 : E3;
	11491 : E3;
	11492 : E3;
	11493 : E3;
	11494 : E3;
	11495 : E3;
	11496 : E3;
	11497 : E3;
	11498 : E3;
	11499 : E3;
	11500 : E3;
	11501 : E3;
	11502 : E3;
	11503 : E3;
	11504 : E3;
	11505 : E3;
	11506 : E3;
	11507 : E3;
	11508 : E3;
	11509 : E3;
	11510 : E3;
	11511 : E3;
	11512 : E3;
	11513 : E3;
	11514 : E3;
	11515 : E3;
	11516 : E3;
	11517 : E3;
	11518 : E3;
	11519 : E3;
	11520 : E3;
	11521 : E3;
	11522 : E3;
	11523 : E3;
	11524 : E3;
	11525 : E3;
	11526 : E3;
	11527 : E3;
	11528 : E3;
	11529 : E3;
	11530 : E3;
	11531 : E3;
	11532 : E3;
	11533 : E3;
	11534 : E3;
	11535 : E3;
	11536 : E3;
	11537 : E3;
	11538 : E3;
	11539 : E3;
	11540 : E3;
	11541 : E3;
	11542 : E3;
	11543 : E3;
	11544 : E3;
	11545 : E3;
	11546 : E3;
	11547 : E3;
	11548 : E3;
	11549 : E3;
	11550 : E3;
	11551 : E3;
	11552 : E3;
	11553 : E3;
	11554 : E3;
	11555 : E3;
	11556 : E3;
	11557 : E3;
	11558 : E3;
	11559 : E3;
	11560 : E3;
	11561 : E3;
	11562 : E3;
	11563 : E3;
	11564 : E3;
	11565 : E3;
	11566 : E3;
	11567 : E3;
	11568 : E3;
	11569 : E3;
	11570 : E3;
	11571 : E3;
	11572 : E3;
	11573 : E3;
	11574 : E3;
	11575 : E3;
	11576 : E3;
	11577 : E3;
	11578 : FF;
	11579 : A4;
	11580 : A4;
	11581 : A4;
	11582 : A4;
	11583 : FF;
	11584 : FF;
	11585 : FF;
	11586 : A4;
	11587 : A4;
	11588 : A4;
	11589 : A4;
	11590 : FF;
	11591 : E3;
	11592 : FF;
	11593 : A4;
	11594 : A4;
	11595 : A4;
	11596 : A8;
	11597 : FF;
	11598 : E3;
	11599 : E3;
	11600 : FF;
	11601 : A4;
	11602 : A4;
	11603 : A4;
	11604 : FF;
	11605 : FF;
	11606 : FF;
	11607 : FF;
	11608 : A4;
	11609 : A4;
	11610 : A4;
	11611 : A4;
	11612 : FF;
	11613 : E3;
	11614 : E3;
	11615 : E3;
	11616 : E3;
	11617 : E3;
	11618 : E3;
	11619 : E3;
	11620 : E3;
	11621 : E3;
	11622 : E3;
	11623 : E3;
	11624 : E3;
	11625 : E3;
	11626 : E3;
	11627 : E3;
	11628 : E3;
	11629 : E3;
	11630 : E3;
	11631 : E3;
	11632 : E3;
	11633 : E3;
	11634 : E3;
	11635 : E3;
	11636 : E3;
	11637 : E3;
	11638 : E3;
	11639 : E3;
	11640 : E3;
	11641 : E3;
	11642 : E3;
	11643 : E3;
	11644 : E3;
	11645 : E3;
	11646 : E3;
	11647 : E3;
	11648 : E3;
	11649 : E3;
	11650 : E3;
	11651 : E3;
	11652 : E3;
	11653 : E3;
	11654 : E3;
	11655 : E3;
	11656 : E3;
	11657 : E3;
	11658 : E3;
	11659 : E3;
	11660 : E3;
	11661 : E3;
	11662 : E3;
	11663 : E3;
	11664 : E3;
	11665 : E3;
	11666 : E3;
	11667 : E3;
	11668 : E3;
	11669 : E3;
	11670 : E3;
	11671 : E3;
	11672 : E3;
	11673 : E3;
	11674 : E3;
	11675 : E3;
	11676 : E3;
	11677 : E3;
	11678 : E3;
	11679 : E3;
	11680 : E3;
	11681 : E3;
	11682 : E3;
	11683 : E3;
	11684 : E3;
	11685 : E3;
	11686 : E3;
	11687 : E3;
	11688 : E3;
	11689 : E3;
	11690 : E3;
	11691 : E3;
	11692 : E3;
	11693 : E3;
	11694 : E3;
	11695 : E3;
	11696 : E3;
	11697 : E3;
	11698 : E3;
	11699 : E3;
	11700 : E3;
	11701 : E3;
	11702 : E3;
	11703 : E3;
	11704 : E3;
	11705 : E3;
	11706 : E3;
	11707 : E3;
	11708 : E3;
	11709 : E3;
	11710 : E3;
	11711 : E3;
	11712 : E3;
	11713 : E3;
	11714 : E3;
	11715 : E3;
	11716 : E3;
	11717 : E3;
	11718 : E3;
	11719 : E3;
	11720 : E3;
	11721 : E3;
	11722 : E3;
	11723 : E3;
	11724 : E3;
	11725 : E3;
	11726 : E3;
	11727 : E3;
	11728 : E3;
	11729 : E3;
	11730 : E3;
	11731 : E3;
	11732 : E3;
	11733 : E3;
	11734 : E3;
	11735 : E3;
	11736 : E3;
	11737 : E3;
	11738 : FF;
	11739 : A4;
	11740 : A4;
	11741 : A4;
	11742 : A4;
	11743 : A4;
	11744 : A4;
	11745 : A4;
	11746 : A4;
	11747 : A4;
	11748 : A4;
	11749 : A4;
	11750 : FF;
	11751 : E3;
	11752 : FF;
	11753 : A4;
	11754 : A4;
	11755 : A4;
	11756 : A4;
	11757 : FF;
	11758 : E3;
	11759 : E3;
	11760 : FF;
	11761 : A4;
	11762 : A4;
	11763 : A4;
	11764 : A4;
	11765 : A4;
	11766 : A4;
	11767 : A4;
	11768 : A4;
	11769 : A4;
	11770 : A4;
	11771 : A4;
	11772 : FF;
	11773 : E3;
	11774 : E3;
	11775 : E3;
	11776 : E3;
	11777 : E3;
	11778 : E3;
	11779 : E3;
	11780 : E3;
	11781 : E3;
	11782 : E3;
	11783 : E3;
	11784 : E3;
	11785 : E3;
	11786 : E3;
	11787 : E3;
	11788 : E3;
	11789 : E3;
	11790 : E3;
	11791 : E3;
	11792 : E3;
	11793 : E3;
	11794 : E3;
	11795 : E3;
	11796 : E3;
	11797 : E3;
	11798 : E3;
	11799 : E3;
	11800 : E3;
	11801 : E3;
	11802 : E3;
	11803 : E3;
	11804 : E3;
	11805 : E3;
	11806 : E3;
	11807 : E3;
	11808 : E3;
	11809 : E3;
	11810 : E3;
	11811 : E3;
	11812 : E3;
	11813 : E3;
	11814 : E3;
	11815 : E3;
	11816 : E3;
	11817 : E3;
	11818 : E3;
	11819 : E3;
	11820 : E3;
	11821 : E3;
	11822 : E3;
	11823 : E3;
	11824 : E3;
	11825 : E3;
	11826 : E3;
	11827 : E3;
	11828 : E3;
	11829 : E3;
	11830 : E3;
	11831 : E3;
	11832 : E3;
	11833 : E3;
	11834 : E3;
	11835 : E3;
	11836 : E3;
	11837 : E3;
	11838 : E3;
	11839 : E3;
	11840 : E3;
	11841 : E3;
	11842 : E3;
	11843 : E3;
	11844 : E3;
	11845 : E3;
	11846 : E3;
	11847 : E3;
	11848 : E3;
	11849 : E3;
	11850 : E3;
	11851 : E3;
	11852 : E3;
	11853 : E3;
	11854 : E3;
	11855 : E3;
	11856 : E3;
	11857 : E3;
	11858 : E3;
	11859 : E3;
	11860 : E3;
	11861 : E3;
	11862 : E3;
	11863 : E3;
	11864 : E3;
	11865 : E3;
	11866 : E3;
	11867 : E3;
	11868 : E3;
	11869 : E3;
	11870 : E3;
	11871 : E3;
	11872 : E3;
	11873 : E3;
	11874 : E3;
	11875 : E3;
	11876 : E3;
	11877 : E3;
	11878 : E3;
	11879 : E3;
	11880 : E3;
	11881 : E3;
	11882 : E3;
	11883 : E3;
	11884 : E3;
	11885 : E3;
	11886 : E3;
	11887 : E3;
	11888 : E3;
	11889 : E3;
	11890 : E3;
	11891 : E3;
	11892 : E3;
	11893 : E3;
	11894 : E3;
	11895 : E3;
	11896 : E3;
	11897 : E3;
	11898 : FF;
	11899 : FF;
	11900 : A4;
	11901 : A4;
	11902 : A4;
	11903 : A4;
	11904 : A4;
	11905 : A4;
	11906 : A4;
	11907 : A4;
	11908 : FF;
	11909 : FF;
	11910 : E3;
	11911 : E3;
	11912 : FF;
	11913 : A4;
	11914 : A4;
	11915 : A4;
	11916 : A4;
	11917 : FF;
	11918 : E3;
	11919 : E3;
	11920 : FF;
	11921 : FF;
	11922 : A4;
	11923 : A4;
	11924 : A4;
	11925 : A4;
	11926 : A4;
	11927 : A4;
	11928 : A4;
	11929 : A4;
	11930 : FF;
	11931 : FF;
	11932 : E3;
	11933 : E3;
	11934 : E3;
	11935 : E3;
	11936 : E3;
	11937 : E3;
	11938 : E3;
	11939 : E3;
	11940 : E3;
	11941 : E3;
	11942 : E3;
	11943 : E3;
	11944 : E3;
	11945 : E3;
	11946 : E3;
	11947 : E3;
	11948 : E3;
	11949 : E3;
	11950 : E3;
	11951 : E3;
	11952 : E3;
	11953 : E3;
	11954 : E3;
	11955 : E3;
	11956 : E3;
	11957 : E3;
	11958 : E3;
	11959 : E3;
	11960 : E3;
	11961 : E3;
	11962 : E3;
	11963 : E3;
	11964 : E3;
	11965 : E3;
	11966 : E3;
	11967 : E3;
	11968 : E3;
	11969 : E3;
	11970 : E3;
	11971 : E3;
	11972 : E3;
	11973 : E3;
	11974 : E3;
	11975 : E3;
	11976 : E3;
	11977 : E3;
	11978 : E3;
	11979 : E3;
	11980 : E3;
	11981 : E3;
	11982 : E3;
	11983 : E3;
	11984 : E3;
	11985 : E3;
	11986 : E3;
	11987 : E3;
	11988 : E3;
	11989 : E3;
	11990 : E3;
	11991 : E3;
	11992 : E3;
	11993 : E3;
	11994 : E3;
	11995 : E3;
	11996 : E3;
	11997 : E3;
	11998 : E3;
	11999 : E3;
	12000 : E3;
	12001 : E3;
	12002 : E3;
	12003 : E3;
	12004 : E3;
	12005 : E3;
	12006 : E3;
	12007 : E3;
	12008 : E3;
	12009 : E3;
	12010 : E3;
	12011 : E3;
	12012 : E3;
	12013 : E3;
	12014 : E3;
	12015 : E3;
	12016 : E3;
	12017 : E3;
	12018 : E3;
	12019 : E3;
	12020 : E3;
	12021 : E3;
	12022 : E3;
	12023 : E3;
	12024 : E3;
	12025 : E3;
	12026 : E3;
	12027 : E3;
	12028 : E3;
	12029 : E3;
	12030 : E3;
	12031 : E3;
	12032 : E3;
	12033 : E3;
	12034 : E3;
	12035 : E3;
	12036 : E3;
	12037 : E3;
	12038 : E3;
	12039 : E3;
	12040 : E3;
	12041 : E3;
	12042 : E3;
	12043 : E3;
	12044 : E3;
	12045 : E3;
	12046 : E3;
	12047 : E3;
	12048 : E3;
	12049 : E3;
	12050 : E3;
	12051 : E3;
	12052 : E3;
	12053 : E3;
	12054 : E3;
	12055 : E3;
	12056 : E3;
	12057 : E3;
	12058 : E3;
	12059 : FF;
	12060 : FF;
	12061 : FF;
	12062 : FF;
	12063 : FF;
	12064 : FF;
	12065 : FF;
	12066 : FF;
	12067 : FF;
	12068 : FF;
	12069 : E3;
	12070 : E3;
	12071 : E3;
	12072 : FF;
	12073 : FF;
	12074 : FF;
	12075 : FF;
	12076 : FF;
	12077 : FF;
	12078 : E3;
	12079 : E3;
	12080 : E3;
	12081 : FF;
	12082 : FF;
	12083 : FF;
	12084 : FF;
	12085 : FF;
	12086 : FF;
	12087 : FF;
	12088 : FF;
	12089 : FF;
	12090 : FF;
	12091 : E3;
	12092 : E3;
	12093 : E3;
	12094 : E3;
	12095 : E3;
	12096 : E3;
	12097 : E3;
	12098 : E3;
	12099 : E3;
	12100 : E3;
	12101 : E3;
	12102 : E3;
	12103 : E3;
	12104 : E3;
	12105 : E3;
	12106 : E3;
	12107 : E3;
	12108 : E3;
	12109 : E3;
	12110 : E3;
	12111 : E3;
	12112 : E3;
	12113 : E3;
	12114 : E3;
	12115 : E3;
	12116 : E3;
	12117 : E3;
	12118 : E3;
	12119 : E3;
	12120 : E3;
	12121 : E3;
	12122 : E3;
	12123 : E3;
	12124 : E3;
	12125 : E3;
	12126 : E3;
	12127 : E3;
	12128 : E3;
	12129 : E3;
	12130 : E3;
	12131 : E3;
	12132 : E3;
	12133 : E3;
	12134 : E3;
	12135 : E3;
	12136 : E3;
	12137 : E3;
	12138 : E3;
	12139 : E3;
	12140 : E3;
	12141 : E3;
	12142 : E3;
	12143 : E3;
	12144 : E3;
	12145 : E3;
	12146 : E3;
	12147 : E3;
	12148 : E3;
	12149 : E3;
	12150 : E3;
	12151 : E3;
	12152 : E3;
	12153 : E3;
	12154 : E3;
	12155 : E3;
	12156 : E3;
	12157 : E3;
	12158 : E3;
	12159 : E3;
	12160 : E3;
	12161 : E3;
	12162 : E3;
	12163 : E3;
	12164 : E3;
	12165 : E3;
	12166 : E3;
	12167 : E3;
	12168 : E3;
	12169 : E3;
	12170 : E3;
	12171 : E3;
	12172 : E3;
	12173 : E3;
	12174 : E3;
	12175 : E3;
	12176 : E3;
	12177 : E3;
	12178 : E3;
	12179 : E3;
	12180 : E3;
	12181 : E3;
	12182 : E3;
	12183 : E3;
	12184 : E3;
	12185 : E3;
	12186 : E3;
	12187 : E3;
	12188 : E3;
	12189 : E3;
	12190 : E3;
	12191 : E3;
	12192 : E3;
	12193 : E3;
	12194 : E3;
	12195 : E3;
	12196 : E3;
	12197 : E3;
	12198 : E3;
	12199 : E3;
	12200 : E3;
	12201 : E3;
	12202 : E3;
	12203 : E3;
	12204 : E3;
	12205 : E3;
	12206 : E3;
	12207 : E3;
	12208 : E3;
	12209 : E3;
	12210 : E3;
	12211 : E3;
	12212 : E3;
	12213 : E3;
	12214 : E3;
	12215 : E3;
	12216 : E3;
	12217 : E3;
	12218 : E3;
	12219 : E3;
	12220 : E3;
	12221 : E3;
	12222 : E3;
	12223 : E3;
	12224 : E3;
	12225 : E3;
	12226 : E3;
	12227 : E3;
	12228 : E3;
	12229 : E3;
	12230 : E3;
	12231 : E3;
	12232 : E3;
	12233 : E3;
	12234 : E3;
	12235 : E3;
	12236 : E3;
	12237 : E3;
	12238 : E3;
	12239 : E3;
	12240 : E3;
	12241 : E3;
	12242 : E3;
	12243 : E3;
	12244 : E3;
	12245 : E3;
	12246 : E3;
	12247 : E3;
	12248 : E3;
	12249 : E3;
	12250 : E3;
	12251 : E3;
	12252 : E3;
	12253 : E3;
	12254 : E3;
	12255 : E3;
	12256 : E3;
	12257 : E3;
	12258 : E3;
	12259 : E3;
	12260 : E3;
	12261 : E3;
	12262 : E3;
	12263 : E3;
	12264 : E3;
	12265 : E3;
	12266 : E3;
	12267 : E3;
	12268 : E3;
	12269 : E3;
	12270 : E3;
	12271 : E3;
	12272 : E3;
	12273 : E3;
	12274 : E3;
	12275 : E3;
	12276 : E3;
	12277 : E3;
	12278 : E3;
	12279 : E3;
	12280 : E3;
	12281 : E3;
	12282 : E3;
	12283 : E3;
	12284 : E3;
	12285 : E3;
	12286 : E3;
	12287 : E3;
	12288 : E3;
	12289 : E3;
	12290 : E3;
	12291 : E3;
	12292 : E3;
	12293 : E3;
	12294 : E3;
	12295 : E3;
	12296 : E3;
	12297 : E3;
	12298 : E3;
	12299 : E3;
	12300 : E3;
	12301 : E3;
	12302 : E3;
	12303 : E3;
	12304 : E3;
	12305 : E3;
	12306 : E3;
	12307 : E3;
	12308 : E3;
	12309 : E3;
	12310 : E3;
	12311 : E3;
	12312 : E3;
	12313 : E3;
	12314 : E3;
	12315 : E3;
	12316 : E3;
	12317 : E3;
	12318 : E3;
	12319 : E3;
	12320 : E3;
	12321 : E3;
	12322 : E3;
	12323 : E3;
	12324 : E3;
	12325 : E3;
	12326 : E3;
	12327 : E3;
	12328 : E3;
	12329 : E3;
	12330 : E3;
	12331 : E3;
	12332 : E3;
	12333 : E3;
	12334 : E3;
	12335 : E3;
	12336 : E3;
	12337 : E3;
	12338 : E3;
	12339 : E3;
	12340 : E3;
	12341 : E3;
	12342 : E3;
	12343 : E3;
	12344 : E3;
	12345 : E3;
	12346 : E3;
	12347 : E3;
	12348 : E3;
	12349 : E3;
	12350 : E3;
	12351 : E3;
	12352 : E3;
	12353 : E3;
	12354 : E3;
	12355 : E3;
	12356 : E3;
	12357 : E3;
	12358 : E3;
	12359 : E3;
	12360 : E3;
	12361 : E3;
	12362 : E3;
	12363 : E3;
	12364 : E3;
	12365 : E3;
	12366 : E3;
	12367 : E3;
	12368 : E3;
	12369 : E3;
	12370 : E3;
	12371 : E3;
	12372 : E3;
	12373 : E3;
	12374 : E3;
	12375 : E3;
	12376 : E3;
	12377 : E3;
	12378 : E3;
	12379 : E3;
	12380 : E3;
	12381 : E3;
	12382 : E3;
	12383 : E3;
	12384 : E3;
	12385 : E3;
	12386 : E3;
	12387 : E3;
	12388 : E3;
	12389 : E3;
	12390 : E3;
	12391 : E3;
	12392 : E3;
	12393 : E3;
	12394 : E3;
	12395 : E3;
	12396 : E3;
	12397 : E3;
	12398 : E3;
	12399 : E3;
	12400 : E3;
	12401 : E3;
	12402 : E3;
	12403 : E3;
	12404 : E3;
	12405 : E3;
	12406 : E3;
	12407 : E3;
	12408 : E3;
	12409 : E3;
	12410 : E3;
	12411 : E3;
	12412 : E3;
	12413 : E3;
	12414 : E3;
	12415 : E3;
	12416 : E3;
	12417 : E3;
	12418 : E3;
	12419 : E3;
	12420 : E3;
	12421 : E3;
	12422 : E3;
	12423 : E3;
	12424 : E3;
	12425 : E3;
	12426 : E3;
	12427 : E3;
	12428 : E3;
	12429 : E3;
	12430 : E3;
	12431 : E3;
	12432 : E3;
	12433 : E3;
	12434 : E3;
	12435 : E3;
	12436 : E3;
	12437 : E3;
	12438 : E3;
	12439 : E3;
	12440 : E3;
	12441 : E3;
	12442 : E3;
	12443 : E3;
	12444 : E3;
	12445 : E3;
	12446 : E3;
	12447 : E3;
	12448 : E3;
	12449 : E3;
	12450 : E3;
	12451 : E3;
	12452 : E3;
	12453 : E3;
	12454 : E3;
	12455 : E3;
	12456 : E3;
	12457 : E3;
	12458 : E3;
	12459 : E3;
	12460 : E3;
	12461 : E3;
	12462 : E3;
	12463 : E3;
	12464 : E3;
	12465 : E3;
	12466 : E3;
	12467 : E3;
	12468 : E3;
	12469 : E3;
	12470 : E3;
	12471 : E3;
	12472 : E3;
	12473 : E3;
	12474 : E3;
	12475 : E3;
	12476 : E3;
	12477 : E3;
	12478 : E3;
	12479 : E3;
	12480 : E3;
	12481 : E3;
	12482 : E3;
	12483 : E3;
	12484 : E3;
	12485 : E3;
	12486 : E3;
	12487 : E3;
	12488 : E3;
	12489 : E3;
	12490 : E3;
	12491 : E3;
	12492 : E3;
	12493 : E3;
	12494 : E3;
	12495 : E3;
	12496 : E3;
	12497 : E3;
	12498 : E3;
	12499 : E3;
	12500 : E3;
	12501 : E3;
	12502 : E3;
	12503 : E3;
	12504 : E3;
	12505 : E3;
	12506 : E3;
	12507 : E3;
	12508 : E3;
	12509 : E3;
	12510 : E3;
	12511 : E3;
	12512 : E3;
	12513 : E3;
	12514 : E3;
	12515 : E3;
	12516 : E3;
	12517 : E3;
	12518 : E3;
	12519 : E3;
	12520 : E3;
	12521 : E3;
	12522 : E3;
	12523 : E3;
	12524 : E3;
	12525 : E3;
	12526 : E3;
	12527 : E3;
	12528 : E3;
	12529 : E3;
	12530 : E3;
	12531 : E3;
	12532 : E3;
	12533 : E3;
	12534 : E3;
	12535 : E3;
	12536 : E3;
	12537 : E3;
	12538 : E3;
	12539 : E3;
	12540 : E3;
	12541 : E3;
	12542 : E3;
	12543 : E3;
	12544 : E3;
	12545 : E3;
	12546 : E3;
	12547 : E3;
	12548 : E3;
	12549 : E3;
	12550 : E3;
	12551 : E3;
	12552 : E3;
	12553 : E3;
	12554 : E3;
	12555 : E3;
	12556 : E3;
	12557 : E3;
	12558 : E3;
	12559 : E3;
	12560 : E3;
	12561 : E3;
	12562 : E3;
	12563 : E3;
	12564 : E3;
	12565 : E3;
	12566 : E3;
	12567 : E3;
	12568 : E3;
	12569 : E3;
	12570 : E3;
	12571 : E3;
	12572 : E3;
	12573 : E3;
	12574 : E3;
	12575 : E3;
	12576 : E3;
	12577 : E3;
	12578 : E3;
	12579 : E3;
	12580 : E3;
	12581 : E3;
	12582 : E3;
	12583 : E3;
	12584 : E3;
	12585 : E3;
	12586 : E3;
	12587 : E3;
	12588 : E3;
	12589 : E3;
	12590 : E3;
	12591 : E3;
	12592 : E3;
	12593 : E3;
	12594 : E3;
	12595 : E3;
	12596 : E3;
	12597 : E3;
	12598 : E3;
	12599 : E3;
	12600 : E3;
	12601 : E3;
	12602 : E3;
	12603 : E3;
	12604 : E3;
	12605 : E3;
	12606 : E3;
	12607 : E3;
	12608 : E3;
	12609 : E3;
	12610 : E3;
	12611 : E3;
	12612 : E3;
	12613 : E3;
	12614 : E3;
	12615 : E3;
	12616 : E3;
	12617 : E3;
	12618 : E3;
	12619 : E3;
	12620 : E3;
	12621 : E3;
	12622 : E3;
	12623 : E3;
	12624 : E3;
	12625 : E3;
	12626 : E3;
	12627 : E3;
	12628 : E3;
	12629 : E3;
	12630 : E3;
	12631 : E3;
	12632 : E3;
	12633 : E3;
	12634 : E3;
	12635 : E3;
	12636 : E3;
	12637 : E3;
	12638 : E3;
	12639 : E3;
	12640 : E3;
	12641 : E3;
	12642 : E3;
	12643 : E3;
	12644 : E3;
	12645 : E3;
	12646 : E3;
	12647 : E3;
	12648 : E3;
	12649 : E3;
	12650 : E3;
	12651 : E3;
	12652 : E3;
	12653 : E3;
	12654 : E3;
	12655 : E3;
	12656 : E3;
	12657 : E3;
	12658 : E3;
	12659 : E3;
	12660 : E3;
	12661 : E3;
	12662 : E3;
	12663 : E3;
	12664 : E3;
	12665 : E3;
	12666 : E3;
	12667 : E3;
	12668 : E3;
	12669 : E3;
	12670 : E3;
	12671 : E3;
	12672 : E3;
	12673 : E3;
	12674 : E3;
	12675 : E3;
	12676 : E3;
	12677 : E3;
	12678 : E3;
	12679 : E3;
	12680 : E3;
	12681 : E3;
	12682 : E3;
	12683 : E3;
	12684 : E3;
	12685 : E3;
	12686 : E3;
	12687 : E3;
	12688 : E3;
	12689 : E3;
	12690 : E3;
	12691 : E3;
	12692 : E3;
	12693 : E3;
	12694 : E3;
	12695 : E3;
	12696 : E3;
	12697 : E3;
	12698 : E3;
	12699 : E3;
	12700 : E3;
	12701 : E3;
	12702 : E3;
	12703 : E3;
	12704 : E3;
	12705 : E3;
	12706 : E3;
	12707 : E3;
	12708 : E3;
	12709 : E3;
	12710 : E3;
	12711 : E3;
	12712 : E3;
	12713 : E3;
	12714 : E3;
	12715 : E3;
	12716 : E3;
	12717 : E3;
	12718 : E3;
	12719 : E3;
	12720 : E3;
	12721 : E3;
	12722 : E3;
	12723 : E3;
	12724 : E3;
	12725 : E3;
	12726 : E3;
	12727 : E3;
	12728 : E3;
	12729 : E3;
	12730 : E3;
	12731 : E3;
	12732 : E3;
	12733 : E3;
	12734 : E3;
	12735 : E3;
	12736 : E3;
	12737 : E3;
	12738 : E3;
	12739 : E3;
	12740 : E3;
	12741 : E3;
	12742 : E3;
	12743 : E3;
	12744 : E3;
	12745 : E3;
	12746 : E3;
	12747 : E3;
	12748 : E3;
	12749 : E3;
	12750 : E3;
	12751 : E3;
	12752 : E3;
	12753 : E3;
	12754 : E3;
	12755 : E3;
	12756 : E3;
	12757 : E3;
	12758 : E3;
	12759 : E3;
	12760 : E3;
	12761 : E3;
	12762 : E3;
	12763 : E3;
	12764 : E3;
	12765 : E3;
	12766 : E3;
	12767 : E3;
	12768 : E3;
	12769 : E3;
	12770 : E3;
	12771 : E3;
	12772 : E3;
	12773 : E3;
	12774 : E3;
	12775 : E3;
	12776 : E3;
	12777 : E3;
	12778 : E3;
	12779 : E3;
	12780 : E3;
	12781 : E3;
	12782 : E3;
	12783 : E3;
	12784 : E3;
	12785 : E3;
	12786 : E3;
	12787 : E3;
	12788 : E3;
	12789 : E3;
	12790 : E3;
	12791 : E3;
	12792 : E3;
	12793 : E3;
	12794 : E3;
	12795 : E3;
	12796 : E3;
	12797 : E3;
	12798 : E3;
	12799 : E3;
	12800 : E3;
	12801 : E3;
	12802 : E3;
	12803 : E3;
	12804 : E3;
	12805 : E3;
	12806 : E3;
	12807 : E3;
	12808 : E3;
	12809 : E3;
	12810 : E3;
	12811 : E3;
	12812 : E3;
	12813 : E3;
	12814 : E3;
	12815 : E3;
	12816 : E3;
	12817 : E3;
	12818 : E3;
	12819 : E3;
	12820 : E3;
	12821 : E3;
	12822 : E3;
	12823 : E3;
	12824 : E3;
	12825 : E3;
	12826 : E3;
	12827 : E3;
	12828 : E3;
	12829 : E3;
	12830 : E3;
	12831 : E3;
	12832 : E3;
	12833 : E3;
	12834 : E3;
	12835 : E3;
	12836 : E3;
	12837 : E3;
	12838 : E3;
	12839 : E3;
	12840 : E3;
	12841 : E3;
	12842 : E3;
	12843 : E3;
	12844 : E3;
	12845 : E3;
	12846 : E3;
	12847 : E3;
	12848 : E3;
	12849 : E3;
	12850 : E3;
	12851 : E3;
	12852 : E3;
	12853 : E3;
	12854 : E3;
	12855 : E3;
	12856 : E3;
	12857 : E3;
	12858 : E3;
	12859 : E3;
	12860 : E3;
	12861 : E3;
	12862 : E3;
	12863 : E3;
	12864 : E3;
	12865 : E3;
	12866 : E3;
	12867 : E3;
	12868 : E3;
	12869 : E3;
	12870 : E3;
	12871 : E3;
	12872 : E3;
	12873 : E3;
	12874 : E3;
	12875 : E3;
	12876 : E3;
	12877 : E3;
	12878 : E3;
	12879 : E3;
	12880 : E3;
	12881 : E3;
	12882 : E3;
	12883 : E3;
	12884 : E3;
	12885 : E3;
	12886 : E3;
	12887 : E3;
	12888 : E3;
	12889 : E3;
	12890 : E3;
	12891 : E3;
	12892 : E3;
	12893 : E3;
	12894 : E3;
	12895 : E3;
	12896 : E3;
	12897 : E3;
	12898 : E3;
	12899 : E3;
	12900 : E3;
	12901 : E3;
	12902 : E3;
	12903 : E3;
	12904 : E3;
	12905 : E3;
	12906 : E3;
	12907 : E3;
	12908 : E3;
	12909 : E3;
	12910 : E3;
	12911 : E3;
	12912 : E3;
	12913 : E3;
	12914 : E3;
	12915 : E3;
	12916 : E3;
	12917 : E3;
	12918 : E3;
	12919 : E3;
	12920 : E3;
	12921 : E3;
	12922 : E3;
	12923 : E3;
	12924 : E3;
	12925 : E3;
	12926 : E3;
	12927 : E3;
	12928 : E3;
	12929 : E3;
	12930 : E3;
	12931 : E3;
	12932 : E3;
	12933 : E3;
	12934 : E3;
	12935 : E3;
	12936 : E3;
	12937 : E3;
	12938 : E3;
	12939 : E3;
	12940 : E3;
	12941 : E3;
	12942 : E3;
	12943 : E3;
	12944 : E3;
	12945 : E3;
	12946 : E3;
	12947 : E3;
	12948 : E3;
	12949 : E3;
	12950 : E3;
	12951 : E3;
	12952 : E3;
	12953 : E3;
	12954 : E3;
	12955 : E3;
	12956 : E3;
	12957 : E3;
	12958 : E3;
	12959 : E3;
	12960 : E3;
	12961 : E3;
	12962 : E3;
	12963 : E3;
	12964 : E3;
	12965 : E3;
	12966 : E3;
	12967 : E3;
	12968 : E3;
	12969 : E3;
	12970 : E3;
	12971 : E3;
	12972 : E3;
	12973 : E3;
	12974 : E3;
	12975 : E3;
	12976 : E3;
	12977 : E3;
	12978 : E3;
	12979 : E3;
	12980 : E3;
	12981 : E3;
	12982 : E3;
	12983 : E3;
	12984 : E3;
	12985 : E3;
	12986 : E3;
	12987 : E3;
	12988 : E3;
	12989 : E3;
	12990 : E3;
	12991 : E3;
	12992 : E3;
	12993 : E3;
	12994 : E3;
	12995 : E3;
	12996 : E3;
	12997 : E3;
	12998 : E3;
	12999 : E3;
	13000 : E3;
	13001 : E3;
	13002 : E3;
	13003 : E3;
	13004 : E3;
	13005 : E3;
	13006 : E3;
	13007 : E3;
	13008 : E3;
	13009 : E3;
	13010 : E3;
	13011 : E3;
	13012 : E3;
	13013 : E3;
	13014 : E3;
	13015 : E3;
	13016 : E3;
	13017 : E3;
	13018 : E3;
	13019 : E3;
	13020 : E3;
	13021 : E3;
	13022 : E3;
	13023 : E3;
	13024 : E3;
	13025 : E3;
	13026 : E3;
	13027 : E3;
	13028 : E3;
	13029 : E3;
	13030 : E3;
	13031 : E3;
	13032 : E3;
	13033 : E3;
	13034 : E3;
	13035 : E3;
	13036 : E3;
	13037 : E3;
	13038 : E3;
	13039 : E3;
	13040 : E3;
	13041 : E3;
	13042 : E3;
	13043 : E3;
	13044 : E3;
	13045 : E3;
	13046 : E3;
	13047 : E3;
	13048 : E3;
	13049 : E3;
	13050 : E3;
	13051 : E3;
	13052 : E3;
	13053 : E3;
	13054 : E3;
	13055 : E3;
	13056 : E3;
	13057 : E3;
	13058 : E3;
	13059 : E3;
	13060 : E3;
	13061 : E3;
	13062 : E3;
	13063 : E3;
	13064 : E3;
	13065 : E3;
	13066 : E3;
	13067 : E3;
	13068 : E3;
	13069 : E3;
	13070 : E3;
	13071 : E3;
	13072 : E3;
	13073 : E3;
	13074 : E3;
	13075 : E3;
	13076 : E3;
	13077 : E3;
	13078 : E3;
	13079 : E3;
	13080 : E3;
	13081 : E3;
	13082 : E3;
	13083 : E3;
	13084 : E3;
	13085 : E3;
	13086 : E3;
	13087 : E3;
	13088 : E3;
	13089 : E3;
	13090 : E3;
	13091 : E3;
	13092 : E3;
	13093 : E3;
	13094 : E3;
	13095 : E3;
	13096 : E3;
	13097 : E3;
	13098 : E3;
	13099 : E3;
	13100 : E3;
	13101 : E3;
	13102 : E3;
	13103 : E3;
	13104 : E3;
	13105 : E3;
	13106 : E3;
	13107 : E3;
	13108 : E3;
	13109 : E3;
	13110 : E3;
	13111 : E3;
	13112 : E3;
	13113 : E3;
	13114 : E3;
	13115 : E3;
	13116 : E3;
	13117 : E3;
	13118 : E3;
	13119 : E3;
	13120 : E3;
	13121 : E3;
	13122 : E3;
	13123 : E3;
	13124 : E3;
	13125 : E3;
	13126 : E3;
	13127 : E3;
	13128 : E3;
	13129 : E3;
	13130 : E3;
	13131 : E3;
	13132 : E3;
	13133 : E3;
	13134 : E3;
	13135 : E3;
	13136 : E3;
	13137 : E3;
	13138 : E3;
	13139 : E3;
	13140 : E3;
	13141 : E3;
	13142 : E3;
	13143 : E3;
	13144 : E3;
	13145 : E3;
	13146 : E3;
	13147 : E3;
	13148 : E3;
	13149 : E3;
	13150 : E3;
	13151 : E3;
	13152 : E3;
	13153 : E3;
	13154 : E3;
	13155 : E3;
	13156 : E3;
	13157 : E3;
	13158 : E3;
	13159 : E3;
	13160 : E3;
	13161 : E3;
	13162 : E3;
	13163 : E3;
	13164 : E3;
	13165 : E3;
	13166 : E3;
	13167 : E3;
	13168 : E3;
	13169 : E3;
	13170 : E3;
	13171 : E3;
	13172 : E3;
	13173 : E3;
	13174 : E3;
	13175 : E3;
	13176 : E3;
	13177 : E3;
	13178 : E3;
	13179 : E3;
	13180 : E3;
	13181 : E3;
	13182 : E3;
	13183 : E3;
	13184 : E3;
	13185 : E3;
	13186 : E3;
	13187 : E3;
	13188 : E3;
	13189 : E3;
	13190 : E3;
	13191 : E3;
	13192 : E3;
	13193 : E3;
	13194 : E3;
	13195 : E3;
	13196 : E3;
	13197 : E3;
	13198 : E3;
	13199 : E3;
	13200 : E3;
	13201 : E3;
	13202 : E3;
	13203 : E3;
	13204 : E3;
	13205 : E3;
	13206 : E3;
	13207 : E3;
	13208 : E3;
	13209 : E3;
	13210 : E3;
	13211 : E3;
	13212 : E3;
	13213 : E3;
	13214 : E3;
	13215 : E3;
	13216 : E3;
	13217 : E3;
	13218 : E3;
	13219 : E3;
	13220 : E3;
	13221 : E3;
	13222 : E3;
	13223 : E3;
	13224 : E3;
	13225 : E3;
	13226 : E3;
	13227 : E3;
	13228 : E3;
	13229 : E3;
	13230 : E3;
	13231 : E3;
	13232 : E3;
	13233 : E3;
	13234 : E3;
	13235 : E3;
	13236 : E3;
	13237 : E3;
	13238 : E3;
	13239 : E3;
	13240 : E3;
	13241 : E3;
	13242 : E3;
	13243 : E3;
	13244 : E3;
	13245 : E3;
	13246 : E3;
	13247 : E3;
	13248 : E3;
	13249 : E3;
	13250 : E3;
	13251 : E3;
	13252 : E3;
	13253 : E3;
	13254 : E3;
	13255 : E3;
	13256 : E3;
	13257 : E3;
	13258 : E3;
	13259 : E3;
	13260 : E3;
	13261 : E3;
	13262 : E3;
	13263 : E3;
	13264 : E3;
	13265 : E3;
	13266 : E3;
	13267 : E3;
	13268 : E3;
	13269 : E3;
	13270 : E3;
	13271 : E3;
	13272 : E3;
	13273 : E3;
	13274 : E3;
	13275 : E3;
	13276 : E3;
	13277 : E3;
	13278 : E3;
	13279 : E3;
	13280 : E3;
	13281 : E3;
	13282 : E3;
	13283 : E3;
	13284 : E3;
	13285 : E3;
	13286 : E3;
	13287 : E3;
	13288 : E3;
	13289 : E3;
	13290 : E3;
	13291 : E3;
	13292 : E3;
	13293 : E3;
	13294 : E3;
	13295 : E3;
	13296 : E3;
	13297 : E3;
	13298 : E3;
	13299 : E3;
	13300 : E3;
	13301 : E3;
	13302 : E3;
	13303 : E3;
	13304 : E3;
	13305 : E3;
	13306 : E3;
	13307 : E3;
	13308 : E3;
	13309 : E3;
	13310 : E3;
	13311 : E3;
	13312 : E3;
	13313 : E3;
	13314 : E3;
	13315 : E3;
	13316 : E3;
	13317 : E3;
	13318 : E3;
	13319 : E3;
	13320 : E3;
	13321 : E3;
	13322 : E3;
	13323 : E3;
	13324 : E3;
	13325 : E3;
	13326 : E3;
	13327 : E3;
	13328 : E3;
	13329 : E3;
	13330 : E3;
	13331 : E3;
	13332 : E3;
	13333 : E3;
	13334 : E3;
	13335 : E3;
	13336 : E3;
	13337 : E3;
	13338 : E3;
	13339 : E3;
	13340 : E3;
	13341 : E3;
	13342 : E3;
	13343 : E3;
	13344 : E3;
	13345 : E3;
	13346 : E3;
	13347 : E3;
	13348 : E3;
	13349 : E3;
	13350 : E3;
	13351 : E3;
	13352 : E3;
	13353 : E3;
	13354 : E3;
	13355 : E3;
	13356 : E3;
	13357 : E3;
	13358 : E3;
	13359 : E3;
	13360 : E3;
	13361 : E3;
	13362 : E3;
	13363 : E3;
	13364 : E3;
	13365 : E3;
	13366 : E3;
	13367 : E3;
	13368 : E3;
	13369 : E3;
	13370 : E3;
	13371 : E3;
	13372 : E3;
	13373 : E3;
	13374 : E3;
	13375 : E3;
	13376 : E3;
	13377 : E3;
	13378 : E3;
	13379 : E3;
	13380 : E3;
	13381 : E3;
	13382 : E3;
	13383 : E3;
	13384 : E3;
	13385 : E3;
	13386 : E3;
	13387 : E3;
	13388 : E3;
	13389 : E3;
	13390 : E3;
	13391 : E3;
	13392 : E3;
	13393 : E3;
	13394 : E3;
	13395 : E3;
	13396 : E3;
	13397 : E3;
	13398 : E3;
	13399 : E3;
	13400 : E3;
	13401 : E3;
	13402 : E3;
	13403 : E3;
	13404 : E3;
	13405 : E3;
	13406 : E3;
	13407 : E3;
	13408 : E3;
	13409 : E3;
	13410 : E3;
	13411 : E3;
	13412 : E3;
	13413 : E3;
	13414 : E3;
	13415 : E3;
	13416 : E3;
	13417 : E3;
	13418 : E3;
	13419 : E3;
	13420 : E3;
	13421 : E3;
	13422 : E3;
	13423 : E3;
	13424 : E3;
	13425 : E3;
	13426 : E3;
	13427 : E3;
	13428 : E3;
	13429 : E3;
	13430 : E3;
	13431 : E3;
	13432 : E3;
	13433 : E3;
	13434 : E3;
	13435 : E3;
	13436 : E3;
	13437 : E3;
	13438 : E3;
	13439 : E3;
	13440 : E3;
	13441 : E3;
	13442 : E3;
	13443 : E3;
	13444 : E3;
	13445 : E3;
	13446 : E3;
	13447 : E3;
	13448 : E3;
	13449 : E3;
	13450 : E3;
	13451 : E3;
	13452 : E3;
	13453 : E3;
	13454 : E3;
	13455 : E3;
	13456 : E3;
	13457 : E3;
	13458 : E3;
	13459 : E3;
	13460 : E3;
	13461 : E3;
	13462 : E3;
	13463 : E3;
	13464 : E3;
	13465 : E3;
	13466 : E3;
	13467 : E3;
	13468 : E3;
	13469 : E3;
	13470 : E3;
	13471 : E3;
	13472 : E3;
	13473 : E3;
	13474 : E3;
	13475 : E3;
	13476 : E3;
	13477 : E3;
	13478 : E3;
	13479 : E3;
	13480 : E3;
	13481 : E3;
	13482 : E3;
	13483 : E3;
	13484 : E3;
	13485 : E3;
	13486 : E3;
	13487 : E3;
	13488 : E3;
	13489 : E3;
	13490 : E3;
	13491 : E3;
	13492 : E3;
	13493 : E3;
	13494 : E3;
	13495 : E3;
	13496 : E3;
	13497 : E3;
	13498 : E3;
	13499 : E3;
	13500 : E3;
	13501 : E3;
	13502 : E3;
	13503 : E3;
	13504 : E3;
	13505 : E3;
	13506 : E3;
	13507 : E3;
	13508 : E3;
	13509 : E3;
	13510 : E3;
	13511 : E3;
	13512 : E3;
	13513 : E3;
	13514 : E3;
	13515 : E3;
	13516 : E3;
	13517 : E3;
	13518 : E3;
	13519 : E3;
	13520 : E3;
	13521 : E3;
	13522 : E3;
	13523 : E3;
	13524 : E3;
	13525 : E3;
	13526 : E3;
	13527 : E3;
	13528 : E3;
	13529 : E3;
	13530 : E3;
	13531 : E3;
	13532 : E3;
	13533 : E3;
	13534 : E3;
	13535 : E3;
	13536 : E3;
	13537 : E3;
	13538 : E3;
	13539 : E3;
	13540 : E3;
	13541 : E3;
	13542 : E3;
	13543 : E3;
	13544 : E3;
	13545 : E3;
	13546 : E3;
	13547 : E3;
	13548 : E3;
	13549 : E3;
	13550 : E3;
	13551 : E3;
	13552 : E3;
	13553 : E3;
	13554 : E3;
	13555 : E3;
	13556 : E3;
	13557 : E3;
	13558 : E3;
	13559 : E3;
	13560 : E3;
	13561 : E3;
	13562 : E3;
	13563 : E3;
	13564 : E3;
	13565 : E3;
	13566 : E3;
	13567 : E3;
	13568 : E3;
	13569 : E3;
	13570 : E3;
	13571 : E3;
	13572 : E3;
	13573 : E3;
	13574 : E3;
	13575 : E3;
	13576 : E3;
	13577 : E3;
	13578 : E3;
	13579 : E3;
	13580 : E3;
	13581 : E3;
	13582 : E3;
	13583 : E3;
	13584 : E3;
	13585 : E3;
	13586 : E3;
	13587 : E3;
	13588 : E3;
	13589 : E3;
	13590 : E3;
	13591 : E3;
	13592 : E3;
	13593 : E3;
	13594 : E3;
	13595 : E3;
	13596 : E3;
	13597 : E3;
	13598 : E3;
	13599 : E3;
	13600 : E3;
	13601 : E3;
	13602 : E3;
	13603 : E3;
	13604 : E3;
	13605 : E3;
	13606 : E3;
	13607 : E3;
	13608 : E3;
	13609 : E3;
	13610 : E3;
	13611 : E3;
	13612 : E3;
	13613 : E3;
	13614 : E3;
	13615 : E3;
	13616 : E3;
	13617 : E3;
	13618 : E3;
	13619 : E3;
	13620 : E3;
	13621 : E3;
	13622 : E3;
	13623 : E3;
	13624 : E3;
	13625 : E3;
	13626 : E3;
	13627 : E3;
	13628 : E3;
	13629 : E3;
	13630 : E3;
	13631 : E3;
	13632 : E3;
	13633 : E3;
	13634 : E3;
	13635 : E3;
	13636 : E3;
	13637 : E3;
	13638 : E3;
	13639 : E3;
	13640 : E3;
	13641 : E3;
	13642 : E3;
	13643 : E3;
	13644 : E3;
	13645 : E3;
	13646 : E3;
	13647 : E3;
	13648 : E3;
	13649 : E3;
	13650 : E3;
	13651 : E3;
	13652 : E3;
	13653 : E3;
	13654 : E3;
	13655 : E3;
	13656 : E3;
	13657 : E3;
	13658 : E3;
	13659 : E3;
	13660 : E3;
	13661 : E3;
	13662 : E3;
	13663 : E3;
	13664 : E3;
	13665 : E3;
	13666 : E3;
	13667 : E3;
	13668 : E3;
	13669 : E3;
	13670 : E3;
	13671 : E3;
	13672 : E3;
	13673 : E3;
	13674 : E3;
	13675 : E3;
	13676 : E3;
	13677 : E3;
	13678 : E3;
	13679 : E3;
	13680 : E3;
	13681 : E3;
	13682 : E3;
	13683 : E3;
	13684 : E3;
	13685 : E3;
	13686 : E3;
	13687 : E3;
	13688 : E3;
	13689 : E3;
	13690 : E3;
	13691 : E3;
	13692 : E3;
	13693 : E3;
	13694 : E3;
	13695 : E3;
	13696 : E3;
	13697 : E3;
	13698 : E3;
	13699 : E3;
	13700 : E3;
	13701 : E3;
	13702 : E3;
	13703 : E3;
	13704 : E3;
	13705 : E3;
	13706 : E3;
	13707 : E3;
	13708 : E3;
	13709 : E3;
	13710 : E3;
	13711 : E3;
	13712 : E3;
	13713 : E3;
	13714 : E3;
	13715 : E3;
	13716 : E3;
	13717 : E3;
	13718 : E3;
	13719 : E3;
	13720 : E3;
	13721 : E3;
	13722 : E3;
	13723 : E3;
	13724 : E3;
	13725 : E3;
	13726 : E3;
	13727 : E3;
	13728 : E3;
	13729 : E3;
	13730 : E3;
	13731 : E3;
	13732 : E3;
	13733 : E3;
	13734 : E3;
	13735 : E3;
	13736 : E3;
	13737 : E3;
	13738 : E3;
	13739 : E3;
	13740 : E3;
	13741 : E3;
	13742 : E3;
	13743 : E3;
	13744 : E3;
	13745 : E3;
	13746 : E3;
	13747 : E3;
	13748 : E3;
	13749 : E3;
	13750 : E3;
	13751 : E3;
	13752 : E3;
	13753 : E3;
	13754 : E3;
	13755 : E3;
	13756 : E3;
	13757 : E3;
	13758 : E3;
	13759 : E3;
	13760 : E3;
	13761 : E3;
	13762 : E3;
	13763 : E3;
	13764 : E3;
	13765 : E3;
	13766 : E3;
	13767 : E3;
	13768 : E3;
	13769 : E3;
	13770 : E3;
	13771 : E3;
	13772 : E3;
	13773 : E3;
	13774 : E3;
	13775 : E3;
	13776 : E3;
	13777 : E3;
	13778 : E3;
	13779 : E3;
	13780 : E3;
	13781 : E3;
	13782 : E3;
	13783 : E3;
	13784 : E3;
	13785 : E3;
	13786 : E3;
	13787 : E3;
	13788 : E3;
	13789 : E3;
	13790 : E3;
	13791 : E3;
	13792 : E3;
	13793 : E3;
	13794 : E3;
	13795 : E3;
	13796 : E3;
	13797 : E3;
	13798 : E3;
	13799 : E3;
	13800 : E3;
	13801 : E3;
	13802 : E3;
	13803 : E3;
	13804 : E3;
	13805 : E3;
	13806 : E3;
	13807 : E3;
	13808 : E3;
	13809 : E3;
	13810 : E3;
	13811 : E3;
	13812 : E3;
	13813 : E3;
	13814 : E3;
	13815 : E3;
	13816 : E3;
	13817 : E3;
	13818 : E3;
	13819 : E3;
	13820 : E3;
	13821 : E3;
	13822 : E3;
	13823 : E3;
	13824 : E3;
	13825 : E3;
	13826 : E3;
	13827 : E3;
	13828 : E3;
	13829 : E3;
	13830 : E3;
	13831 : E3;
	13832 : E3;
	13833 : E3;
	13834 : E3;
	13835 : E3;
	13836 : E3;
	13837 : E3;
	13838 : E3;
	13839 : E3;
	13840 : E3;
	13841 : E3;
	13842 : E3;
	13843 : E3;
	13844 : E3;
	13845 : E3;
	13846 : E3;
	13847 : E3;
	13848 : E3;
	13849 : E3;
	13850 : E3;
	13851 : E3;
	13852 : E3;
	13853 : E3;
	13854 : E3;
	13855 : E3;
	13856 : E3;
	13857 : E3;
	13858 : E3;
	13859 : E3;
	13860 : E3;
	13861 : E3;
	13862 : E3;
	13863 : E3;
	13864 : E3;
	13865 : E3;
	13866 : E3;
	13867 : E3;
	13868 : E3;
	13869 : E3;
	13870 : E3;
	13871 : E3;
	13872 : E3;
	13873 : E3;
	13874 : E3;
	13875 : E3;
	13876 : E3;
	13877 : E3;
	13878 : E3;
	13879 : E3;
	13880 : E3;
	13881 : E3;
	13882 : E3;
	13883 : E3;
	13884 : E3;
	13885 : E3;
	13886 : E3;
	13887 : E3;
	13888 : E3;
	13889 : E3;
	13890 : E3;
	13891 : E3;
	13892 : E3;
	13893 : E3;
	13894 : E3;
	13895 : E3;
	13896 : E3;
	13897 : E3;
	13898 : E3;
	13899 : E3;
	13900 : E3;
	13901 : E3;
	13902 : E3;
	13903 : E3;
	13904 : E3;
	13905 : E3;
	13906 : E3;
	13907 : E3;
	13908 : E3;
	13909 : E3;
	13910 : E3;
	13911 : E3;
	13912 : E3;
	13913 : E3;
	13914 : E3;
	13915 : E3;
	13916 : E3;
	13917 : E3;
	13918 : E3;
	13919 : E3;
	13920 : E3;
	13921 : E3;
	13922 : E3;
	13923 : E3;
	13924 : E3;
	13925 : E3;
	13926 : E3;
	13927 : E3;
	13928 : E3;
	13929 : E3;
	13930 : E3;
	13931 : E3;
	13932 : E3;
	13933 : E3;
	13934 : E3;
	13935 : E3;
	13936 : E3;
	13937 : E3;
	13938 : E3;
	13939 : E3;
	13940 : E3;
	13941 : E3;
	13942 : E3;
	13943 : E3;
	13944 : E3;
	13945 : E3;
	13946 : E3;
	13947 : E3;
	13948 : E3;
	13949 : E3;
	13950 : E3;
	13951 : E3;
	13952 : E3;
	13953 : E3;
	13954 : E3;
	13955 : E3;
	13956 : E3;
	13957 : E3;
	13958 : E3;
	13959 : E3;
	13960 : E3;
	13961 : E3;
	13962 : E3;
	13963 : E3;
	13964 : E3;
	13965 : E3;
	13966 : E3;
	13967 : E3;
	13968 : E3;
	13969 : E3;
	13970 : E3;
	13971 : E3;
	13972 : E3;
	13973 : E3;
	13974 : E3;
	13975 : E3;
	13976 : E3;
	13977 : E3;
	13978 : E3;
	13979 : E3;
	13980 : E3;
	13981 : E3;
	13982 : E3;
	13983 : E3;
	13984 : E3;
	13985 : E3;
	13986 : E3;
	13987 : E3;
	13988 : E3;
	13989 : E3;
	13990 : E3;
	13991 : E3;
	13992 : E3;
	13993 : E3;
	13994 : E3;
	13995 : E3;
	13996 : E3;
	13997 : E3;
	13998 : E3;
	13999 : E3;
	14000 : E3;
	14001 : E3;
	14002 : E3;
	14003 : E3;
	14004 : E3;
	14005 : E3;
	14006 : E3;
	14007 : E3;
	14008 : E3;
	14009 : E3;
	14010 : E3;
	14011 : E3;
	14012 : E3;
	14013 : E3;
	14014 : E3;
	14015 : E3;
	14016 : E3;
	14017 : E3;
	14018 : E3;
	14019 : E3;
	14020 : E3;
	14021 : E3;
	14022 : E3;
	14023 : E3;
	14024 : E3;
	14025 : E3;
	14026 : E3;
	14027 : E3;
	14028 : E3;
	14029 : E3;
	14030 : E3;
	14031 : E3;
	14032 : E3;
	14033 : E3;
	14034 : E3;
	14035 : E3;
	14036 : E3;
	14037 : E3;
	14038 : E3;
	14039 : E3;
	14040 : E3;
	14041 : E3;
	14042 : E3;
	14043 : E3;
	14044 : E3;
	14045 : E3;
	14046 : E3;
	14047 : E3;
	14048 : E3;
	14049 : E3;
	14050 : E3;
	14051 : E3;
	14052 : E3;
	14053 : E3;
	14054 : E3;
	14055 : E3;
	14056 : E3;
	14057 : E3;
	14058 : E3;
	14059 : E3;
	14060 : E3;
	14061 : E3;
	14062 : E3;
	14063 : E3;
	14064 : E3;
	14065 : E3;
	14066 : E3;
	14067 : E3;
	14068 : E3;
	14069 : E3;
	14070 : E3;
	14071 : E3;
	14072 : E3;
	14073 : E3;
	14074 : E3;
	14075 : E3;
	14076 : E3;
	14077 : E3;
	14078 : E3;
	14079 : E3;
	14080 : E3;
	14081 : E3;
	14082 : E3;
	14083 : E3;
	14084 : E3;
	14085 : E3;
	14086 : E3;
	14087 : E3;
	14088 : E3;
	14089 : E3;
	14090 : E3;
	14091 : E3;
	14092 : E3;
	14093 : E3;
	14094 : E3;
	14095 : E3;
	14096 : E3;
	14097 : E3;
	14098 : E3;
	14099 : E3;
	14100 : E3;
	14101 : E3;
	14102 : E3;
	14103 : E3;
	14104 : E3;
	14105 : E3;
	14106 : E3;
	14107 : E3;
	14108 : E3;
	14109 : E3;
	14110 : E3;
	14111 : E3;
	14112 : E3;
	14113 : E3;
	14114 : E3;
	14115 : E3;
	14116 : E3;
	14117 : E3;
	14118 : E3;
	14119 : E3;
	14120 : E3;
	14121 : E3;
	14122 : E3;
	14123 : E3;
	14124 : E3;
	14125 : E3;
	14126 : E3;
	14127 : E3;
	14128 : E3;
	14129 : E3;
	14130 : E3;
	14131 : E3;
	14132 : E3;
	14133 : E3;
	14134 : E3;
	14135 : E3;
	14136 : E3;
	14137 : E3;
	14138 : E3;
	14139 : E3;
	14140 : E3;
	14141 : E3;
	14142 : E3;
	14143 : E3;
	14144 : E3;
	14145 : E3;
	14146 : E3;
	14147 : E3;
	14148 : E3;
	14149 : E3;
	14150 : E3;
	14151 : E3;
	14152 : E3;
	14153 : E3;
	14154 : E3;
	14155 : E3;
	14156 : E3;
	14157 : E3;
	14158 : E3;
	14159 : E3;
	14160 : E3;
	14161 : E3;
	14162 : E3;
	14163 : E3;
	14164 : E3;
	14165 : E3;
	14166 : E3;
	14167 : E3;
	14168 : E3;
	14169 : E3;
	14170 : E3;
	14171 : E3;
	14172 : E3;
	14173 : E3;
	14174 : E3;
	14175 : E3;
	14176 : E3;
	14177 : E3;
	14178 : E3;
	14179 : E3;
	14180 : E3;
	14181 : E3;
	14182 : E3;
	14183 : E3;
	14184 : E3;
	14185 : E3;
	14186 : E3;
	14187 : E3;
	14188 : E3;
	14189 : E3;
	14190 : E3;
	14191 : E3;
	14192 : E3;
	14193 : E3;
	14194 : E3;
	14195 : E3;
	14196 : E3;
	14197 : E3;
	14198 : E3;
	14199 : E3;
	14200 : E3;
	14201 : E3;
	14202 : E3;
	14203 : E3;
	14204 : E3;
	14205 : E3;
	14206 : E3;
	14207 : E3;
	14208 : E3;
	14209 : E3;
	14210 : E3;
	14211 : E3;
	14212 : E3;
	14213 : E3;
	14214 : E3;
	14215 : E3;
	14216 : E3;
	14217 : E3;
	14218 : E3;
	14219 : E3;
	14220 : E3;
	14221 : E3;
	14222 : E3;
	14223 : E3;
	14224 : E3;
	14225 : E3;
	14226 : E3;
	14227 : E3;
	14228 : E3;
	14229 : E3;
	14230 : E3;
	14231 : E3;
	14232 : E3;
	14233 : E3;
	14234 : E3;
	14235 : E3;
	14236 : E3;
	14237 : E3;
	14238 : E3;
	14239 : E3;
	14240 : E3;
	14241 : E3;
	14242 : E3;
	14243 : E3;
	14244 : E3;
	14245 : E3;
	14246 : E3;
	14247 : E3;
	14248 : E3;
	14249 : E3;
	14250 : E3;
	14251 : E3;
	14252 : E3;
	14253 : E3;
	14254 : E3;
	14255 : E3;
	14256 : E3;
	14257 : E3;
	14258 : E3;
	14259 : E3;
	14260 : E3;
	14261 : E3;
	14262 : E3;
	14263 : E3;
	14264 : E3;
	14265 : E3;
	14266 : E3;
	14267 : E3;
	14268 : E3;
	14269 : E3;
	14270 : E3;
	14271 : E3;
	14272 : E3;
	14273 : E3;
	14274 : E3;
	14275 : E3;
	14276 : E3;
	14277 : E3;
	14278 : E3;
	14279 : E3;
	14280 : E3;
	14281 : E3;
	14282 : E3;
	14283 : E3;
	14284 : E3;
	14285 : E3;
	14286 : E3;
	14287 : E3;
	14288 : E3;
	14289 : E3;
	14290 : E3;
	14291 : E3;
	14292 : E3;
	14293 : E3;
	14294 : E3;
	14295 : E3;
	14296 : E3;
	14297 : E3;
	14298 : E3;
	14299 : E3;
	14300 : E3;
	14301 : E3;
	14302 : E3;
	14303 : E3;
	14304 : E3;
	14305 : E3;
	14306 : E3;
	14307 : E3;
	14308 : E3;
	14309 : E3;
	14310 : E3;
	14311 : E3;
	14312 : E3;
	14313 : E3;
	14314 : E3;
	14315 : E3;
	14316 : E3;
	14317 : E3;
	14318 : E3;
	14319 : E3;
	14320 : E3;
	14321 : E3;
	14322 : E3;
	14323 : E3;
	14324 : E3;
	14325 : E3;
	14326 : E3;
	14327 : E3;
	14328 : E3;
	14329 : E3;
	14330 : E3;
	14331 : E3;
	14332 : E3;
	14333 : E3;
	14334 : E3;
	14335 : E3;
	14336 : E3;
	14337 : E3;
	14338 : E3;
	14339 : E3;
	14340 : E3;
	14341 : E3;
	14342 : E3;
	14343 : E3;
	14344 : E3;
	14345 : E3;
	14346 : E3;
	14347 : E3;
	14348 : E3;
	14349 : E3;
	14350 : E3;
	14351 : E3;
	14352 : E3;
	14353 : E3;
	14354 : E3;
	14355 : E3;
	14356 : E3;
	14357 : E3;
	14358 : E3;
	14359 : E3;
	14360 : E3;
	14361 : E3;
	14362 : E3;
	14363 : E3;
	14364 : E3;
	14365 : E3;
	14366 : E3;
	14367 : E3;
	14368 : E3;
	14369 : E3;
	14370 : E3;
	14371 : E3;
	14372 : E3;
	14373 : E3;
	14374 : E3;
	14375 : E3;
	14376 : E3;
	14377 : E3;
	14378 : E3;
	14379 : E3;
	14380 : E3;
	14381 : E3;
	14382 : E3;
	14383 : E3;
	14384 : E3;
	14385 : E3;
	14386 : E3;
	14387 : E3;
	14388 : E3;
	14389 : E3;
	14390 : E3;
	14391 : E3;
	14392 : E3;
	14393 : E3;
	14394 : E3;
	14395 : E3;
	14396 : E3;
	14397 : E3;
	14398 : E3;
	14399 : E3;
	14400 : E3;
	14401 : E3;
	14402 : E3;
	14403 : E3;
	14404 : E3;
	14405 : E3;
	14406 : E3;
	14407 : E3;
	14408 : E3;
	14409 : E3;
	14410 : E3;
	14411 : E3;
	14412 : E3;
	14413 : E3;
	14414 : E3;
	14415 : E3;
	14416 : E3;
	14417 : E3;
	14418 : E3;
	14419 : E3;
	14420 : E3;
	14421 : E3;
	14422 : E3;
	14423 : E3;
	14424 : E3;
	14425 : E3;
	14426 : E3;
	14427 : E3;
	14428 : E3;
	14429 : E3;
	14430 : E3;
	14431 : E3;
	14432 : E3;
	14433 : E3;
	14434 : E3;
	14435 : E3;
	14436 : E3;
	14437 : E3;
	14438 : E3;
	14439 : E3;
	14440 : E3;
	14441 : E3;
	14442 : E3;
	14443 : E3;
	14444 : E3;
	14445 : E3;
	14446 : E3;
	14447 : E3;
	14448 : E3;
	14449 : E3;
	14450 : E3;
	14451 : E3;
	14452 : E3;
	14453 : E3;
	14454 : E3;
	14455 : E3;
	14456 : E3;
	14457 : E3;
	14458 : E3;
	14459 : E3;
	14460 : E3;
	14461 : E3;
	14462 : E3;
	14463 : E3;
	14464 : E3;
	14465 : E3;
	14466 : E3;
	14467 : E3;
	14468 : E3;
	14469 : E3;
	14470 : E3;
	14471 : E3;
	14472 : E3;
	14473 : E3;
	14474 : E3;
	14475 : E3;
	14476 : E3;
	14477 : E3;
	14478 : E3;
	14479 : E3;
	14480 : E3;
	14481 : E3;
	14482 : E3;
	14483 : E3;
	14484 : E3;
	14485 : E3;
	14486 : E3;
	14487 : E3;
	14488 : E3;
	14489 : E3;
	14490 : E3;
	14491 : E3;
	14492 : E3;
	14493 : E3;
	14494 : E3;
	14495 : E3;
	14496 : E3;
	14497 : E3;
	14498 : E3;
	14499 : E3;
	14500 : E3;
	14501 : E3;
	14502 : E3;
	14503 : E3;
	14504 : E3;
	14505 : E3;
	14506 : E3;
	14507 : E3;
	14508 : E3;
	14509 : E3;
	14510 : E3;
	14511 : E3;
	14512 : E3;
	14513 : E3;
	14514 : E3;
	14515 : E3;
	14516 : E3;
	14517 : E3;
	14518 : E3;
	14519 : E3;
	14520 : E3;
	14521 : E3;
	14522 : E3;
	14523 : E3;
	14524 : E3;
	14525 : E3;
	14526 : E3;
	14527 : E3;
	14528 : E3;
	14529 : E3;
	14530 : E3;
	14531 : E3;
	14532 : E3;
	14533 : E3;
	14534 : E3;
	14535 : E3;
	14536 : E3;
	14537 : E3;
	14538 : E3;
	14539 : E3;
	14540 : E3;
	14541 : E3;
	14542 : E3;
	14543 : E3;
	14544 : E3;
	14545 : E3;
	14546 : E3;
	14547 : E3;
	14548 : E3;
	14549 : E3;
	14550 : E3;
	14551 : E3;
	14552 : E3;
	14553 : E3;
	14554 : E3;
	14555 : E3;
	14556 : E3;
	14557 : E3;
	14558 : E3;
	14559 : E3;
	14560 : E3;
	14561 : E3;
	14562 : E3;
	14563 : E3;
	14564 : E3;
	14565 : E3;
	14566 : E3;
	14567 : E3;
	14568 : E3;
	14569 : E3;
	14570 : E3;
	14571 : E3;
	14572 : E3;
	14573 : E3;
	14574 : E3;
	14575 : E3;
	14576 : E3;
	14577 : E3;
	14578 : E3;
	14579 : E3;
	14580 : E3;
	14581 : E3;
	14582 : E3;
	14583 : E3;
	14584 : E3;
	14585 : E3;
	14586 : E3;
	14587 : E3;
	14588 : E3;
	14589 : E3;
	14590 : E3;
	14591 : E3;
	14592 : E3;
	14593 : E3;
	14594 : E3;
	14595 : E3;
	14596 : E3;
	14597 : E3;
	14598 : E3;
	14599 : E3;
	14600 : E3;
	14601 : E3;
	14602 : E3;
	14603 : E3;
	14604 : E3;
	14605 : E3;
	14606 : E3;
	14607 : E3;
	14608 : E3;
	14609 : E3;
	14610 : E3;
	14611 : E3;
	14612 : E3;
	14613 : E3;
	14614 : E3;
	14615 : E3;
	14616 : E3;
	14617 : E3;
	14618 : E3;
	14619 : E3;
	14620 : E3;
	14621 : E3;
	14622 : E3;
	14623 : E3;
	14624 : E3;
	14625 : E3;
	14626 : E3;
	14627 : E3;
	14628 : E3;
	14629 : E3;
	14630 : E3;
	14631 : E3;
	14632 : E3;
	14633 : E3;
	14634 : E3;
	14635 : E3;
	14636 : E3;
	14637 : E3;
	14638 : E3;
	14639 : E3;
	14640 : E3;
	14641 : E3;
	14642 : E3;
	14643 : E3;
	14644 : E3;
	14645 : E3;
	14646 : E3;
	14647 : E3;
	14648 : E3;
	14649 : E3;
	14650 : E3;
	14651 : E3;
	14652 : E3;
	14653 : E3;
	14654 : E3;
	14655 : E3;
	14656 : E3;
	14657 : E3;
	14658 : E3;
	14659 : E3;
	14660 : E3;
	14661 : E3;
	14662 : E3;
	14663 : E3;
	14664 : E3;
	14665 : E3;
	14666 : E3;
	14667 : E3;
	14668 : E3;
	14669 : E3;
	14670 : E3;
	14671 : E3;
	14672 : E3;
	14673 : E3;
	14674 : E3;
	14675 : E3;
	14676 : E3;
	14677 : E3;
	14678 : E3;
	14679 : E3;
	14680 : E3;
	14681 : E3;
	14682 : E3;
	14683 : E3;
	14684 : E3;
	14685 : E3;
	14686 : E3;
	14687 : E3;
	14688 : E3;
	14689 : E3;
	14690 : E3;
	14691 : E3;
	14692 : E3;
	14693 : E3;
	14694 : E3;
	14695 : E3;
	14696 : E3;
	14697 : E3;
	14698 : E3;
	14699 : E3;
	14700 : E3;
	14701 : E3;
	14702 : E3;
	14703 : E3;
	14704 : E3;
	14705 : E3;
	14706 : E3;
	14707 : E3;
	14708 : E3;
	14709 : E3;
	14710 : E3;
	14711 : E3;
	14712 : E3;
	14713 : E3;
	14714 : E3;
	14715 : E3;
	14716 : E3;
	14717 : E3;
	14718 : E3;
	14719 : E3;
	14720 : E3;
	14721 : E3;
	14722 : E3;
	14723 : E3;
	14724 : E3;
	14725 : E3;
	14726 : E3;
	14727 : E3;
	14728 : E3;
	14729 : E3;
	14730 : E3;
	14731 : E3;
	14732 : E3;
	14733 : E3;
	14734 : E3;
	14735 : E3;
	14736 : E3;
	14737 : E3;
	14738 : E3;
	14739 : E3;
	14740 : E3;
	14741 : E3;
	14742 : E3;
	14743 : E3;
	14744 : E3;
	14745 : E3;
	14746 : E3;
	14747 : E3;
	14748 : E3;
	14749 : E3;
	14750 : E3;
	14751 : E3;
	14752 : E3;
	14753 : E3;
	14754 : E3;
	14755 : E3;
	14756 : E3;
	14757 : E3;
	14758 : E3;
	14759 : E3;
	14760 : E3;
	14761 : E3;
	14762 : E3;
	14763 : E3;
	14764 : E3;
	14765 : E3;
	14766 : E3;
	14767 : E3;
	14768 : E3;
	14769 : E3;
	14770 : E3;
	14771 : E3;
	14772 : E3;
	14773 : E3;
	14774 : E3;
	14775 : E3;
	14776 : E3;
	14777 : E3;
	14778 : E3;
	14779 : E3;
	14780 : E3;
	14781 : E3;
	14782 : E3;
	14783 : E3;
	14784 : E3;
	14785 : E3;
	14786 : E3;
	14787 : E3;
	14788 : E3;
	14789 : E3;
	14790 : E3;
	14791 : E3;
	14792 : E3;
	14793 : E3;
	14794 : E3;
	14795 : E3;
	14796 : E3;
	14797 : E3;
	14798 : E3;
	14799 : E3;
	14800 : E3;
	14801 : E3;
	14802 : E3;
	14803 : E3;
	14804 : E3;
	14805 : E3;
	14806 : E3;
	14807 : E3;
	14808 : E3;
	14809 : E3;
	14810 : E3;
	14811 : E3;
	14812 : E3;
	14813 : E3;
	14814 : E3;
	14815 : E3;
	14816 : E3;
	14817 : E3;
	14818 : E3;
	14819 : E3;
	14820 : E3;
	14821 : E3;
	14822 : E3;
	14823 : E3;
	14824 : E3;
	14825 : E3;
	14826 : E3;
	14827 : E3;
	14828 : E3;
	14829 : E3;
	14830 : E3;
	14831 : E3;
	14832 : E3;
	14833 : E3;
	14834 : E3;
	14835 : E3;
	14836 : E3;
	14837 : E3;
	14838 : E3;
	14839 : E3;
	14840 : E3;
	14841 : E3;
	14842 : E3;
	14843 : E3;
	14844 : E3;
	14845 : E3;
	14846 : E3;
	14847 : E3;
	14848 : E3;
	14849 : E3;
	14850 : E3;
	14851 : E3;
	14852 : E3;
	14853 : E3;
	14854 : E3;
	14855 : E3;
	14856 : E3;
	14857 : E3;
	14858 : E3;
	14859 : E3;
	14860 : E3;
	14861 : E3;
	14862 : E3;
	14863 : E3;
	14864 : E3;
	14865 : E3;
	14866 : E3;
	14867 : E3;
	14868 : E3;
	14869 : E3;
	14870 : E3;
	14871 : E3;
	14872 : E3;
	14873 : E3;
	14874 : E3;
	14875 : E3;
	14876 : E3;
	14877 : E3;
	14878 : E3;
	14879 : E3;
	14880 : E3;
	14881 : E3;
	14882 : E3;
	14883 : E3;
	14884 : E3;
	14885 : E3;
	14886 : E3;
	14887 : E3;
	14888 : E3;
	14889 : E3;
	14890 : E3;
	14891 : E3;
	14892 : E3;
	14893 : E3;
	14894 : E3;
	14895 : E3;
	14896 : E3;
	14897 : E3;
	14898 : E3;
	14899 : E3;
	14900 : E3;
	14901 : E3;
	14902 : E3;
	14903 : E3;
	14904 : E3;
	14905 : E3;
	14906 : E3;
	14907 : E3;
	14908 : E3;
	14909 : E3;
	14910 : E3;
	14911 : E3;
	14912 : E3;
	14913 : E3;
	14914 : E3;
	14915 : E3;
	14916 : E3;
	14917 : E3;
	14918 : E3;
	14919 : E3;
	14920 : E3;
	14921 : E3;
	14922 : E3;
	14923 : E3;
	14924 : E3;
	14925 : E3;
	14926 : E3;
	14927 : E3;
	14928 : E3;
	14929 : E3;
	14930 : E3;
	14931 : E3;
	14932 : E3;
	14933 : E3;
	14934 : E3;
	14935 : E3;
	14936 : E3;
	14937 : E3;
	14938 : E3;
	14939 : E3;
	14940 : E3;
	14941 : E3;
	14942 : E3;
	14943 : E3;
	14944 : E3;
	14945 : E3;
	14946 : E3;
	14947 : E3;
	14948 : E3;
	14949 : E3;
	14950 : E3;
	14951 : E3;
	14952 : E3;
	14953 : E3;
	14954 : E3;
	14955 : E3;
	14956 : E3;
	14957 : E3;
	14958 : E3;
	14959 : E3;
	14960 : E3;
	14961 : E3;
	14962 : E3;
	14963 : E3;
	14964 : E3;
	14965 : E3;
	14966 : E3;
	14967 : E3;
	14968 : E3;
	14969 : E3;
	14970 : E3;
	14971 : E3;
	14972 : E3;
	14973 : E3;
	14974 : E3;
	14975 : E3;
	14976 : E3;
	14977 : E3;
	14978 : E3;
	14979 : E3;
	14980 : E3;
	14981 : E3;
	14982 : E3;
	14983 : E3;
	14984 : E3;
	14985 : E3;
	14986 : E3;
	14987 : E3;
	14988 : E3;
	14989 : E3;
	14990 : E3;
	14991 : E3;
	14992 : E3;
	14993 : E3;
	14994 : E3;
	14995 : E3;
	14996 : E3;
	14997 : E3;
	14998 : E3;
	14999 : E3;
	15000 : E3;
	15001 : E3;
	15002 : E3;
	15003 : E3;
	15004 : E3;
	15005 : E3;
	15006 : E3;
	15007 : E3;
	15008 : E3;
	15009 : E3;
	15010 : E3;
	15011 : E3;
	15012 : E3;
	15013 : E3;
	15014 : E3;
	15015 : E3;
	15016 : E3;
	15017 : E3;
	15018 : E3;
	15019 : E3;
	15020 : E3;
	15021 : E3;
	15022 : E3;
	15023 : E3;
	15024 : E3;
	15025 : E3;
	15026 : E3;
	15027 : E3;
	15028 : E3;
	15029 : E3;
	15030 : E3;
	15031 : E3;
	15032 : E3;
	15033 : E3;
	15034 : E3;
	15035 : E3;
	15036 : E3;
	15037 : E3;
	15038 : E3;
	15039 : E3;
	15040 : E3;
	15041 : E3;
	15042 : E3;
	15043 : E3;
	15044 : E3;
	15045 : E3;
	15046 : E3;
	15047 : E3;
	15048 : E3;
	15049 : E3;
	15050 : E3;
	15051 : E3;
	15052 : E3;
	15053 : E3;
	15054 : E3;
	15055 : E3;
	15056 : E3;
	15057 : E3;
	15058 : E3;
	15059 : E3;
	15060 : E3;
	15061 : E3;
	15062 : E3;
	15063 : E3;
	15064 : E3;
	15065 : E3;
	15066 : E3;
	15067 : E3;
	15068 : E3;
	15069 : E3;
	15070 : E3;
	15071 : E3;
	15072 : E3;
	15073 : E3;
	15074 : E3;
	15075 : E3;
	15076 : E3;
	15077 : E3;
	15078 : E3;
	15079 : E3;
	15080 : E3;
	15081 : E3;
	15082 : E3;
	15083 : E3;
	15084 : E3;
	15085 : E3;
	15086 : E3;
	15087 : E3;
	15088 : E3;
	15089 : E3;
	15090 : E3;
	15091 : E3;
	15092 : E3;
	15093 : E3;
	15094 : E3;
	15095 : E3;
	15096 : E3;
	15097 : E3;
	15098 : E3;
	15099 : E3;
	15100 : E3;
	15101 : E3;
	15102 : E3;
	15103 : E3;
	15104 : E3;
	15105 : E3;
	15106 : E3;
	15107 : E3;
	15108 : E3;
	15109 : E3;
	15110 : E3;
	15111 : E3;
	15112 : E3;
	15113 : E3;
	15114 : E3;
	15115 : E3;
	15116 : E3;
	15117 : E3;
	15118 : E3;
	15119 : E3;
	15120 : E3;
	15121 : E3;
	15122 : E3;
	15123 : E3;
	15124 : E3;
	15125 : E3;
	15126 : E3;
	15127 : E3;
	15128 : E3;
	15129 : E3;
	15130 : E3;
	15131 : E3;
	15132 : E3;
	15133 : E3;
	15134 : E3;
	15135 : E3;
	15136 : E3;
	15137 : E3;
	15138 : E3;
	15139 : E3;
	15140 : E3;
	15141 : E3;
	15142 : E3;
	15143 : E3;
	15144 : E3;
	15145 : E3;
	15146 : E3;
	15147 : E3;
	15148 : E3;
	15149 : E3;
	15150 : E3;
	15151 : E3;
	15152 : E3;
	15153 : E3;
	15154 : E3;
	15155 : E3;
	15156 : E3;
	15157 : E3;
	15158 : E3;
	15159 : E3;
	15160 : E3;
	15161 : E3;
	15162 : E3;
	15163 : E3;
	15164 : E3;
	15165 : E3;
	15166 : E3;
	15167 : E3;
	15168 : E3;
	15169 : E3;
	15170 : E3;
	15171 : E3;
	15172 : E3;
	15173 : E3;
	15174 : E3;
	15175 : E3;
	15176 : E3;
	15177 : E3;
	15178 : E3;
	15179 : E3;
	15180 : E3;
	15181 : E3;
	15182 : E3;
	15183 : E3;
	15184 : E3;
	15185 : E3;
	15186 : E3;
	15187 : E3;
	15188 : E3;
	15189 : E3;
	15190 : E3;
	15191 : E3;
	15192 : E3;
	15193 : E3;
	15194 : E3;
	15195 : E3;
	15196 : E3;
	15197 : E3;
	15198 : E3;
	15199 : E3;
	15200 : E3;
	15201 : E3;
	15202 : E3;
	15203 : E3;
	15204 : E3;
	15205 : E3;
	15206 : E3;
	15207 : E3;
	15208 : E3;
	15209 : E3;
	15210 : E3;
	15211 : E3;
	15212 : E3;
	15213 : E3;
	15214 : E3;
	15215 : E3;
	15216 : E3;
	15217 : E3;
	15218 : E3;
	15219 : E3;
	15220 : E3;
	15221 : E3;
	15222 : E3;
	15223 : E3;
	15224 : E3;
	15225 : E3;
	15226 : E3;
	15227 : E3;
	15228 : E3;
	15229 : E3;
	15230 : E3;
	15231 : E3;
	15232 : E3;
	15233 : E3;
	15234 : E3;
	15235 : E3;
	15236 : E3;
	15237 : E3;
	15238 : E3;
	15239 : E3;
	15240 : E3;
	15241 : E3;
	15242 : E3;
	15243 : E3;
	15244 : E3;
	15245 : E3;
	15246 : E3;
	15247 : E3;
	15248 : E3;
	15249 : E3;
	15250 : E3;
	15251 : E3;
	15252 : E3;
	15253 : E3;
	15254 : E3;
	15255 : E3;
	15256 : E3;
	15257 : E3;
	15258 : E3;
	15259 : E3;
	15260 : E3;
	15261 : E3;
	15262 : E3;
	15263 : E3;
	15264 : E3;
	15265 : E3;
	15266 : E3;
	15267 : E3;
	15268 : E3;
	15269 : E3;
	15270 : E3;
	15271 : E3;
	15272 : E3;
	15273 : E3;
	15274 : E3;
	15275 : E3;
	15276 : E3;
	15277 : E3;
	15278 : E3;
	15279 : E3;
	15280 : E3;
	15281 : E3;
	15282 : E3;
	15283 : E3;
	15284 : E3;
	15285 : E3;
	15286 : E3;
	15287 : E3;
	15288 : E3;
	15289 : E3;
	15290 : E3;
	15291 : E3;
	15292 : E3;
	15293 : E3;
	15294 : E3;
	15295 : E3;
	15296 : E3;
	15297 : E3;
	15298 : E3;
	15299 : E3;
	15300 : E3;
	15301 : E3;
	15302 : E3;
	15303 : E3;
	15304 : E3;
	15305 : E3;
	15306 : E3;
	15307 : E3;
	15308 : E3;
	15309 : E3;
	15310 : E3;
	15311 : E3;
	15312 : E3;
	15313 : E3;
	15314 : E3;
	15315 : E3;
	15316 : E3;
	15317 : E3;
	15318 : E3;
	15319 : E3;
	15320 : E3;
	15321 : E3;
	15322 : E3;
	15323 : E3;
	15324 : E3;
	15325 : E3;
	15326 : E3;
	15327 : E3;
	15328 : E3;
	15329 : E3;
	15330 : E3;
	15331 : E3;
	15332 : E3;
	15333 : E3;
	15334 : E3;
	15335 : E3;
	15336 : E3;
	15337 : E3;
	15338 : E3;
	15339 : E3;
	15340 : E3;
	15341 : E3;
	15342 : E3;
	15343 : E3;
	15344 : E3;
	15345 : E3;
	15346 : E3;
	15347 : E3;
	15348 : E3;
	15349 : E3;
	15350 : E3;
	15351 : E3;
	15352 : E3;
	15353 : E3;
	15354 : E3;
	15355 : E3;
	15356 : E3;
	15357 : E3;
	15358 : E3;
	15359 : E3;
	15360 : E3;
	15361 : E3;
	15362 : E3;
	15363 : E3;
	15364 : E3;
	15365 : E3;
	15366 : E3;
	15367 : E3;
	15368 : E3;
	15369 : E3;
	15370 : E3;
	15371 : E3;
	15372 : E3;
	15373 : E3;
	15374 : E3;
	15375 : E3;
	15376 : E3;
	15377 : E3;
	15378 : E3;
	15379 : E3;
	15380 : E3;
	15381 : E3;
	15382 : E3;
	15383 : E3;
	15384 : E3;
	15385 : E3;
	15386 : E3;
	15387 : E3;
	15388 : E3;
	15389 : E3;
	15390 : E3;
	15391 : E3;
	15392 : E3;
	15393 : E3;
	15394 : E3;
	15395 : E3;
	15396 : E3;
	15397 : E3;
	15398 : E3;
	15399 : E3;
	15400 : E3;
	15401 : E3;
	15402 : E3;
	15403 : E3;
	15404 : E3;
	15405 : E3;
	15406 : E3;
	15407 : E3;
	15408 : E3;
	15409 : E3;
	15410 : E3;
	15411 : E3;
	15412 : E3;
	15413 : E3;
	15414 : E3;
	15415 : E3;
	15416 : E3;
	15417 : E3;
	15418 : E3;
	15419 : E3;
	15420 : E3;
	15421 : E3;
	15422 : E3;
	15423 : E3;
	15424 : E3;
	15425 : E3;
	15426 : E3;
	15427 : E3;
	15428 : E3;
	15429 : E3;
	15430 : E3;
	15431 : E3;
	15432 : E3;
	15433 : E3;
	15434 : E3;
	15435 : E3;
	15436 : E3;
	15437 : E3;
	15438 : E3;
	15439 : E3;
	15440 : E3;
	15441 : E3;
	15442 : E3;
	15443 : E3;
	15444 : E3;
	15445 : E3;
	15446 : E3;
	15447 : E3;
	15448 : E3;
	15449 : E3;
	15450 : E3;
	15451 : E3;
	15452 : E3;
	15453 : E3;
	15454 : E3;
	15455 : E3;
	15456 : E3;
	15457 : E3;
	15458 : E3;
	15459 : E3;
	15460 : E3;
	15461 : E3;
	15462 : E3;
	15463 : E3;
	15464 : E3;
	15465 : E3;
	15466 : E3;
	15467 : E3;
	15468 : E3;
	15469 : E3;
	15470 : E3;
	15471 : E3;
	15472 : E3;
	15473 : E3;
	15474 : E3;
	15475 : E3;
	15476 : E3;
	15477 : E3;
	15478 : E3;
	15479 : E3;
	15480 : E3;
	15481 : E3;
	15482 : E3;
	15483 : E3;
	15484 : E3;
	15485 : E3;
	15486 : E3;
	15487 : E3;
	15488 : E3;
	15489 : E3;
	15490 : E3;
	15491 : E3;
	15492 : E3;
	15493 : E3;
	15494 : E3;
	15495 : E3;
	15496 : E3;
	15497 : E3;
	15498 : E3;
	15499 : E3;
	15500 : E3;
	15501 : E3;
	15502 : E3;
	15503 : E3;
	15504 : E3;
	15505 : E3;
	15506 : E3;
	15507 : E3;
	15508 : E3;
	15509 : E3;
	15510 : E3;
	15511 : E3;
	15512 : E3;
	15513 : E3;
	15514 : E3;
	15515 : E3;
	15516 : E3;
	15517 : E3;
	15518 : E3;
	15519 : E3;
	15520 : E3;
	15521 : E3;
	15522 : E3;
	15523 : E3;
	15524 : E3;
	15525 : E3;
	15526 : E3;
	15527 : E3;
	15528 : E3;
	15529 : E3;
	15530 : E3;
	15531 : E3;
	15532 : E3;
	15533 : E3;
	15534 : E3;
	15535 : E3;
	15536 : E3;
	15537 : E3;
	15538 : E3;
	15539 : E3;
	15540 : E3;
	15541 : E3;
	15542 : E3;
	15543 : E3;
	15544 : E3;
	15545 : E3;
	15546 : E3;
	15547 : E3;
	15548 : E3;
	15549 : E3;
	15550 : E3;
	15551 : E3;
	15552 : E3;
	15553 : E3;
	15554 : E3;
	15555 : E3;
	15556 : E3;
	15557 : E3;
	15558 : E3;
	15559 : E3;
	15560 : E3;
	15561 : E3;
	15562 : E3;
	15563 : E3;
	15564 : E3;
	15565 : E3;
	15566 : E3;
	15567 : E3;
	15568 : E3;
	15569 : E3;
	15570 : E3;
	15571 : E3;
	15572 : E3;
	15573 : E3;
	15574 : E3;
	15575 : E3;
	15576 : E3;
	15577 : E3;
	15578 : E3;
	15579 : E3;
	15580 : E3;
	15581 : E3;
	15582 : E3;
	15583 : E3;
	15584 : E3;
	15585 : E3;
	15586 : E3;
	15587 : E3;
	15588 : E3;
	15589 : E3;
	15590 : E3;
	15591 : E3;
	15592 : E3;
	15593 : E3;
	15594 : E3;
	15595 : E3;
	15596 : E3;
	15597 : E3;
	15598 : E3;
	15599 : E3;
	15600 : E3;
	15601 : E3;
	15602 : E3;
	15603 : E3;
	15604 : E3;
	15605 : E3;
	15606 : E3;
	15607 : E3;
	15608 : E3;
	15609 : E3;
	15610 : E3;
	15611 : E3;
	15612 : E3;
	15613 : E3;
	15614 : E3;
	15615 : E3;
	15616 : E3;
	15617 : E3;
	15618 : E3;
	15619 : E3;
	15620 : E3;
	15621 : E3;
	15622 : E3;
	15623 : E3;
	15624 : E3;
	15625 : E3;
	15626 : E3;
	15627 : E3;
	15628 : E3;
	15629 : E3;
	15630 : E3;
	15631 : E3;
	15632 : E3;
	15633 : E3;
	15634 : E3;
	15635 : E3;
	15636 : E3;
	15637 : E3;
	15638 : E3;
	15639 : E3;
	15640 : E3;
	15641 : E3;
	15642 : E3;
	15643 : E3;
	15644 : E3;
	15645 : E3;
	15646 : E3;
	15647 : E3;
	15648 : E3;
	15649 : E3;
	15650 : E3;
	15651 : E3;
	15652 : E3;
	15653 : E3;
	15654 : E3;
	15655 : E3;
	15656 : E3;
	15657 : E3;
	15658 : E3;
	15659 : E3;
	15660 : E3;
	15661 : E3;
	15662 : E3;
	15663 : E3;
	15664 : E3;
	15665 : E3;
	15666 : E3;
	15667 : E3;
	15668 : E3;
	15669 : E3;
	15670 : E3;
	15671 : E3;
	15672 : E3;
	15673 : E3;
	15674 : E3;
	15675 : E3;
	15676 : E3;
	15677 : E3;
	15678 : E3;
	15679 : E3;
	15680 : E3;
	15681 : E3;
	15682 : E3;
	15683 : E3;
	15684 : E3;
	15685 : E3;
	15686 : E3;
	15687 : E3;
	15688 : E3;
	15689 : E3;
	15690 : E3;
	15691 : E3;
	15692 : E3;
	15693 : E3;
	15694 : E3;
	15695 : E3;
	15696 : E3;
	15697 : E3;
	15698 : E3;
	15699 : E3;
	15700 : E3;
	15701 : E3;
	15702 : E3;
	15703 : E3;
	15704 : E3;
	15705 : E3;
	15706 : E3;
	15707 : E3;
	15708 : E3;
	15709 : E3;
	15710 : E3;
	15711 : E3;
	15712 : E3;
	15713 : E3;
	15714 : E3;
	15715 : E3;
	15716 : E3;
	15717 : E3;
	15718 : E3;
	15719 : E3;
	15720 : E3;
	15721 : E3;
	15722 : E3;
	15723 : E3;
	15724 : E3;
	15725 : E3;
	15726 : E3;
	15727 : E3;
	15728 : E3;
	15729 : E3;
	15730 : E3;
	15731 : E3;
	15732 : E3;
	15733 : E3;
	15734 : E3;
	15735 : E3;
	15736 : E3;
	15737 : E3;
	15738 : E3;
	15739 : E3;
	15740 : E3;
	15741 : E3;
	15742 : E3;
	15743 : E3;
	15744 : E3;
	15745 : E3;
	15746 : E3;
	15747 : E3;
	15748 : E3;
	15749 : E3;
	15750 : E3;
	15751 : E3;
	15752 : E3;
	15753 : E3;
	15754 : E3;
	15755 : E3;
	15756 : E3;
	15757 : E3;
	15758 : E3;
	15759 : E3;
	15760 : E3;
	15761 : E3;
	15762 : E3;
	15763 : E3;
	15764 : E3;
	15765 : E3;
	15766 : E3;
	15767 : E3;
	15768 : E3;
	15769 : E3;
	15770 : E3;
	15771 : E3;
	15772 : E3;
	15773 : E3;
	15774 : E3;
	15775 : E3;
	15776 : E3;
	15777 : E3;
	15778 : E3;
	15779 : E3;
	15780 : E3;
	15781 : E3;
	15782 : E3;
	15783 : E3;
	15784 : E3;
	15785 : E3;
	15786 : E3;
	15787 : E3;
	15788 : E3;
	15789 : E3;
	15790 : E3;
	15791 : E3;
	15792 : E3;
	15793 : E3;
	15794 : E3;
	15795 : E3;
	15796 : E3;
	15797 : E3;
	15798 : E3;
	15799 : E3;
	15800 : E3;
	15801 : E3;
	15802 : E3;
	15803 : E3;
	15804 : E3;
	15805 : E3;
	15806 : E3;
	15807 : E3;
	15808 : E3;
	15809 : E3;
	15810 : E3;
	15811 : E3;
	15812 : E3;
	15813 : E3;
	15814 : E3;
	15815 : E3;
	15816 : E3;
	15817 : E3;
	15818 : E3;
	15819 : E3;
	15820 : E3;
	15821 : E3;
	15822 : E3;
	15823 : E3;
	15824 : E3;
	15825 : E3;
	15826 : E3;
	15827 : E3;
	15828 : E3;
	15829 : E3;
	15830 : E3;
	15831 : E3;
	15832 : E3;
	15833 : E3;
	15834 : E3;
	15835 : E3;
	15836 : E3;
	15837 : E3;
	15838 : E3;
	15839 : E3;
	15840 : E3;
	15841 : E3;
	15842 : E3;
	15843 : E3;
	15844 : E3;
	15845 : E3;
	15846 : E3;
	15847 : E3;
	15848 : E3;
	15849 : E3;
	15850 : E3;
	15851 : E3;
	15852 : E3;
	15853 : E3;
	15854 : E3;
	15855 : E3;
	15856 : E3;
	15857 : E3;
	15858 : E3;
	15859 : E3;
	15860 : E3;
	15861 : E3;
	15862 : E3;
	15863 : E3;
	15864 : E3;
	15865 : E3;
	15866 : E3;
	15867 : E3;
	15868 : E3;
	15869 : E3;
	15870 : E3;
	15871 : E3;
	15872 : E3;
	15873 : E3;
	15874 : E3;
	15875 : E3;
	15876 : E3;
	15877 : E3;
	15878 : E3;
	15879 : E3;
	15880 : E3;
	15881 : E3;
	15882 : E3;
	15883 : E3;
	15884 : E3;
	15885 : E3;
	15886 : E3;
	15887 : E3;
	15888 : E3;
	15889 : E3;
	15890 : E3;
	15891 : E3;
	15892 : E3;
	15893 : E3;
	15894 : E3;
	15895 : E3;
	15896 : E3;
	15897 : E3;
	15898 : E3;
	15899 : E3;
	15900 : E3;
	15901 : E3;
	15902 : E3;
	15903 : E3;
	15904 : E3;
	15905 : E3;
	15906 : E3;
	15907 : E3;
	15908 : E3;
	15909 : E3;
	15910 : E3;
	15911 : E3;
	15912 : E3;
	15913 : E3;
	15914 : E3;
	15915 : E3;
	15916 : E3;
	15917 : E3;
	15918 : E3;
	15919 : E3;
	15920 : E3;
	15921 : E3;
	15922 : E3;
	15923 : E3;
	15924 : E3;
	15925 : E3;
	15926 : E3;
	15927 : E3;
	15928 : E3;
	15929 : E3;
	15930 : E3;
	15931 : E3;
	15932 : E3;
	15933 : E3;
	15934 : E3;
	15935 : E3;
	15936 : E3;
	15937 : E3;
	15938 : E3;
	15939 : E3;
	15940 : E3;
	15941 : E3;
	15942 : E3;
	15943 : E3;
	15944 : E3;
	15945 : E3;
	15946 : E3;
	15947 : E3;
	15948 : E3;
	15949 : E3;
	15950 : E3;
	15951 : E3;
	15952 : E3;
	15953 : E3;
	15954 : E3;
	15955 : E3;
	15956 : E3;
	15957 : E3;
	15958 : E3;
	15959 : E3;
	15960 : E3;
	15961 : E3;
	15962 : E3;
	15963 : E3;
	15964 : E3;
	15965 : E3;
	15966 : E3;
	15967 : E3;
	15968 : E3;
	15969 : E3;
	15970 : E3;
	15971 : E3;
	15972 : E3;
	15973 : E3;
	15974 : E3;
	15975 : E3;
	15976 : E3;
	15977 : E3;
	15978 : E3;
	15979 : E3;
	15980 : E3;
	15981 : E3;
	15982 : E3;
	15983 : E3;
	15984 : E3;
	15985 : E3;
	15986 : E3;
	15987 : E3;
	15988 : E3;
	15989 : E3;
	15990 : E3;
	15991 : E3;
	15992 : E3;
	15993 : E3;
	15994 : E3;
	15995 : E3;
	15996 : E3;
	15997 : E3;
	15998 : E3;
	15999 : E3;
	16000 : E3;
	16001 : E3;
	16002 : E3;
	16003 : E3;
	16004 : E3;
	16005 : E3;
	16006 : E3;
	16007 : E3;
	16008 : E3;
	16009 : E3;
	16010 : E3;
	16011 : E3;
	16012 : E3;
	16013 : E3;
	16014 : E3;
	16015 : E3;
	16016 : E3;
	16017 : E3;
	16018 : E3;
	16019 : E3;
	16020 : E3;
	16021 : E3;
	16022 : E3;
	16023 : E3;
	16024 : E3;
	16025 : E3;
	16026 : E3;
	16027 : E3;
	16028 : E3;
	16029 : E3;
	16030 : E3;
	16031 : E3;
	16032 : E3;
	16033 : E3;
	16034 : E3;
	16035 : E3;
	16036 : E3;
	16037 : E3;
	16038 : E3;
	16039 : E3;
	16040 : E3;
	16041 : E3;
	16042 : E3;
	16043 : E3;
	16044 : E3;
	16045 : E3;
	16046 : E3;
	16047 : E3;
	16048 : E3;
	16049 : E3;
	16050 : E3;
	16051 : E3;
	16052 : E3;
	16053 : E3;
	16054 : E3;
	16055 : E3;
	16056 : E3;
	16057 : E3;
	16058 : E3;
	16059 : E3;
	16060 : E3;
	16061 : E3;
	16062 : E3;
	16063 : E3;
	16064 : E3;
	16065 : E3;
	16066 : E3;
	16067 : E3;
	16068 : E3;
	16069 : E3;
	16070 : E3;
	16071 : E3;
	16072 : E3;
	16073 : E3;
	16074 : E3;
	16075 : E3;
	16076 : E3;
	16077 : E3;
	16078 : E3;
	16079 : E3;
	16080 : E3;
	16081 : E3;
	16082 : E3;
	16083 : E3;
	16084 : E3;
	16085 : E3;
	16086 : E3;
	16087 : E3;
	16088 : E3;
	16089 : E3;
	16090 : E3;
	16091 : E3;
	16092 : E3;
	16093 : E3;
	16094 : E3;
	16095 : E3;
	16096 : E3;
	16097 : E3;
	16098 : E3;
	16099 : E3;
	16100 : E3;
	16101 : E3;
	16102 : E3;
	16103 : E3;
	16104 : E3;
	16105 : E3;
	16106 : E3;
	16107 : E3;
	16108 : E3;
	16109 : E3;
	16110 : E3;
	16111 : E3;
	16112 : E3;
	16113 : E3;
	16114 : E3;
	16115 : E3;
	16116 : E3;
	16117 : E3;
	16118 : E3;
	16119 : E3;
	16120 : E3;
	16121 : E3;
	16122 : E3;
	16123 : E3;
	16124 : E3;
	16125 : E3;
	16126 : E3;
	16127 : E3;
	16128 : E3;
	16129 : E3;
	16130 : E3;
	16131 : E3;
	16132 : E3;
	16133 : E3;
	16134 : E3;
	16135 : E3;
	16136 : E3;
	16137 : E3;
	16138 : E3;
	16139 : E3;
	16140 : E3;
	16141 : E3;
	16142 : E3;
	16143 : E3;
	16144 : E3;
	16145 : E3;
	16146 : E3;
	16147 : E3;
	16148 : E3;
	16149 : E3;
	16150 : E3;
	16151 : E3;
	16152 : E3;
	16153 : E3;
	16154 : E3;
	16155 : E3;
	16156 : E3;
	16157 : E3;
	16158 : E3;
	16159 : E3;
	16160 : E3;
	16161 : E3;
	16162 : E3;
	16163 : E3;
	16164 : E3;
	16165 : E3;
	16166 : E3;
	16167 : E3;
	16168 : E3;
	16169 : E3;
	16170 : E3;
	16171 : E3;
	16172 : E3;
	16173 : E3;
	16174 : E3;
	16175 : E3;
	16176 : E3;
	16177 : E3;
	16178 : E3;
	16179 : E3;
	16180 : E3;
	16181 : E3;
	16182 : E3;
	16183 : E3;
	16184 : E3;
	16185 : E3;
	16186 : E3;
	16187 : E3;
	16188 : E3;
	16189 : E3;
	16190 : E3;
	16191 : E3;
	16192 : E3;
	16193 : E3;
	16194 : E3;
	16195 : E3;
	16196 : E3;
	16197 : E3;
	16198 : E3;
	16199 : E3;
	16200 : E3;
	16201 : E3;
	16202 : E3;
	16203 : E3;
	16204 : E3;
	16205 : E3;
	16206 : E3;
	16207 : E3;
	16208 : E3;
	16209 : E3;
	16210 : E3;
	16211 : E3;
	16212 : E3;
	16213 : E3;
	16214 : E3;
	16215 : E3;
	16216 : E3;
	16217 : E3;
	16218 : E3;
	16219 : E3;
	16220 : E3;
	16221 : E3;
	16222 : E3;
	16223 : E3;
	16224 : E3;
	16225 : E3;
	16226 : E3;
	16227 : E3;
	16228 : E3;
	16229 : E3;
	16230 : E3;
	16231 : E3;
	16232 : E3;
	16233 : E3;
	16234 : E3;
	16235 : E3;
	16236 : E3;
	16237 : E3;
	16238 : E3;
	16239 : E3;
	16240 : E3;
	16241 : E3;
	16242 : E3;
	16243 : E3;
	16244 : E3;
	16245 : E3;
	16246 : E3;
	16247 : E3;
	16248 : E3;
	16249 : E3;
	16250 : E3;
	16251 : E3;
	16252 : E3;
	16253 : E3;
	16254 : E3;
	16255 : E3;
	16256 : E3;
	16257 : E3;
	16258 : E3;
	16259 : E3;
	16260 : E3;
	16261 : E3;
	16262 : E3;
	16263 : E3;
	16264 : E3;
	16265 : E3;
	16266 : E3;
	16267 : E3;
	16268 : E3;
	16269 : E3;
	16270 : E3;
	16271 : E3;
	16272 : E3;
	16273 : E3;
	16274 : E3;
	16275 : E3;
	16276 : E3;
	16277 : E3;
	16278 : E3;
	16279 : E3;
	16280 : E3;
	16281 : E3;
	16282 : E3;
	16283 : E3;
	16284 : E3;
	16285 : E3;
	16286 : E3;
	16287 : E3;
	16288 : E3;
	16289 : E3;
	16290 : E3;
	16291 : E3;
	16292 : E3;
	16293 : E3;
	16294 : E3;
	16295 : E3;
	16296 : E3;
	16297 : E3;
	16298 : E3;
	16299 : E3;
	16300 : E3;
	16301 : E3;
	16302 : E3;
	16303 : E3;
	16304 : E3;
	16305 : E3;
	16306 : E3;
	16307 : E3;
	16308 : E3;
	16309 : E3;
	16310 : E3;
	16311 : E3;
	16312 : E3;
	16313 : E3;
	16314 : E3;
	16315 : E3;
	16316 : E3;
	16317 : E3;
	16318 : E3;
	16319 : E3;
	16320 : E3;
	16321 : E3;
	16322 : E3;
	16323 : E3;
	16324 : E3;
	16325 : E3;
	16326 : E3;
	16327 : E3;
	16328 : E3;
	16329 : E3;
	16330 : E3;
	16331 : E3;
	16332 : E3;
	16333 : E3;
	16334 : E3;
	16335 : E3;
	16336 : E3;
	16337 : E3;
	16338 : E3;
	16339 : E3;
	16340 : E3;
	16341 : E3;
	16342 : E3;
	16343 : E3;
	16344 : E3;
	16345 : E3;
	16346 : E3;
	16347 : E3;
	16348 : E3;
	16349 : E3;
	16350 : E3;
	16351 : E3;
	16352 : E3;
	16353 : E3;
	16354 : E3;
	16355 : E3;
	16356 : E3;
	16357 : E3;
	16358 : E3;
	16359 : E3;
	16360 : E3;
	16361 : E3;
	16362 : E3;
	16363 : E3;
	16364 : E3;
	16365 : E3;
	16366 : E3;
	16367 : E3;
	16368 : E3;
	16369 : E3;
	16370 : E3;
	16371 : E3;
	16372 : E3;
	16373 : E3;
	16374 : E3;
	16375 : E3;
	16376 : E3;
	16377 : E3;
	16378 : E3;
	16379 : E3;
	16380 : E3;
	16381 : E3;
	16382 : E3;
	16383 : E3;
	16384 : E3;
	16385 : E3;
	16386 : E3;
	16387 : E3;
	16388 : E3;
	16389 : E3;
	16390 : E3;
	16391 : E3;
	16392 : E3;
	16393 : E3;
	16394 : E3;
	16395 : E3;
	16396 : E3;
	16397 : E3;
	16398 : E3;
	16399 : E3;
	16400 : E3;
	16401 : E3;
	16402 : E3;
	16403 : E3;
	16404 : E3;
	16405 : E3;
	16406 : E3;
	16407 : E3;
	16408 : E3;
	16409 : E3;
	16410 : E3;
	16411 : E3;
	16412 : E3;
	16413 : E3;
	16414 : E3;
	16415 : E3;
	16416 : E3;
	16417 : E3;
	16418 : E3;
	16419 : E3;
	16420 : E3;
	16421 : E3;
	16422 : E3;
	16423 : E3;
	16424 : E3;
	16425 : E3;
	16426 : E3;
	16427 : E3;
	16428 : E3;
	16429 : E3;
	16430 : E3;
	16431 : E3;
	16432 : E3;
	16433 : E3;
	16434 : E3;
	16435 : E3;
	16436 : E3;
	16437 : E3;
	16438 : E3;
	16439 : E3;
	16440 : E3;
	16441 : E3;
	16442 : E3;
	16443 : E3;
	16444 : E3;
	16445 : E3;
	16446 : E3;
	16447 : E3;
	16448 : E3;
	16449 : E3;
	16450 : E3;
	16451 : E3;
	16452 : E3;
	16453 : E3;
	16454 : E3;
	16455 : E3;
	16456 : E3;
	16457 : E3;
	16458 : E3;
	16459 : E3;
	16460 : E3;
	16461 : E3;
	16462 : E3;
	16463 : E3;
	16464 : E3;
	16465 : E3;
	16466 : E3;
	16467 : E3;
	16468 : E3;
	16469 : E3;
	16470 : E3;
	16471 : E3;
	16472 : E3;
	16473 : E3;
	16474 : E3;
	16475 : E3;
	16476 : E3;
	16477 : E3;
	16478 : E3;
	16479 : E3;
	16480 : E3;
	16481 : E3;
	16482 : E3;
	16483 : E3;
	16484 : E3;
	16485 : E3;
	16486 : E3;
	16487 : E3;
	16488 : E3;
	16489 : E3;
	16490 : E3;
	16491 : E3;
	16492 : E3;
	16493 : E3;
	16494 : E3;
	16495 : E3;
	16496 : E3;
	16497 : E3;
	16498 : E3;
	16499 : E3;
	16500 : E3;
	16501 : E3;
	16502 : E3;
	16503 : E3;
	16504 : E3;
	16505 : E3;
	16506 : E3;
	16507 : E3;
	16508 : E3;
	16509 : E3;
	16510 : E3;
	16511 : E3;
	16512 : E3;
	16513 : E3;
	16514 : E3;
	16515 : E3;
	16516 : E3;
	16517 : E3;
	16518 : E3;
	16519 : E3;
	16520 : E3;
	16521 : E3;
	16522 : E3;
	16523 : E3;
	16524 : E3;
	16525 : E3;
	16526 : E3;
	16527 : E3;
	16528 : E3;
	16529 : E3;
	16530 : E3;
	16531 : E3;
	16532 : E3;
	16533 : E3;
	16534 : E3;
	16535 : E3;
	16536 : E3;
	16537 : E3;
	16538 : E3;
	16539 : E3;
	16540 : E3;
	16541 : E3;
	16542 : E3;
	16543 : E3;
	16544 : E3;
	16545 : E3;
	16546 : E3;
	16547 : E3;
	16548 : E3;
	16549 : E3;
	16550 : E3;
	16551 : E3;
	16552 : E3;
	16553 : E3;
	16554 : E3;
	16555 : E3;
	16556 : E3;
	16557 : E3;
	16558 : E3;
	16559 : E3;
	16560 : E3;
	16561 : E3;
	16562 : E3;
	16563 : E3;
	16564 : E3;
	16565 : E3;
	16566 : E3;
	16567 : E3;
	16568 : E3;
	16569 : E3;
	16570 : E3;
	16571 : E3;
	16572 : E3;
	16573 : E3;
	16574 : E3;
	16575 : E3;
	16576 : E3;
	16577 : E3;
	16578 : E3;
	16579 : E3;
	16580 : E3;
	16581 : E3;
	16582 : E3;
	16583 : E3;
	16584 : E3;
	16585 : E3;
	16586 : E3;
	16587 : E3;
	16588 : E3;
	16589 : E3;
	16590 : E3;
	16591 : E3;
	16592 : E3;
	16593 : E3;
	16594 : E3;
	16595 : E3;
	16596 : E3;
	16597 : E3;
	16598 : E3;
	16599 : E3;
	16600 : E3;
	16601 : E3;
	16602 : E3;
	16603 : E3;
	16604 : E3;
	16605 : E3;
	16606 : E3;
	16607 : E3;
	16608 : E3;
	16609 : E3;
	16610 : E3;
	16611 : E3;
	16612 : E3;
	16613 : E3;
	16614 : E3;
	16615 : E3;
	16616 : E3;
	16617 : E3;
	16618 : E3;
	16619 : E3;
	16620 : E3;
	16621 : E3;
	16622 : E3;
	16623 : E3;
	16624 : E3;
	16625 : E3;
	16626 : E3;
	16627 : E3;
	16628 : E3;
	16629 : E3;
	16630 : E3;
	16631 : E3;
	16632 : E3;
	16633 : E3;
	16634 : E3;
	16635 : E3;
	16636 : E3;
	16637 : E3;
	16638 : E3;
	16639 : E3;
	16640 : E3;
	16641 : E3;
	16642 : E3;
	16643 : E3;
	16644 : E3;
	16645 : E3;
	16646 : E3;
	16647 : E3;
	16648 : E3;
	16649 : E3;
	16650 : E3;
	16651 : E3;
	16652 : E3;
	16653 : E3;
	16654 : E3;
	16655 : E3;
	16656 : E3;
	16657 : E3;
	16658 : E3;
	16659 : E3;
	16660 : E3;
	16661 : E3;
	16662 : E3;
	16663 : E3;
	16664 : E3;
	16665 : E3;
	16666 : E3;
	16667 : E3;
	16668 : E3;
	16669 : E3;
	16670 : E3;
	16671 : E3;
	16672 : E3;
	16673 : E3;
	16674 : E3;
	16675 : E3;
	16676 : E3;
	16677 : E3;
	16678 : E3;
	16679 : E3;
	16680 : E3;
	16681 : E3;
	16682 : E3;
	16683 : E3;
	16684 : E3;
	16685 : E3;
	16686 : E3;
	16687 : E3;
	16688 : E3;
	16689 : E3;
	16690 : E3;
	16691 : E3;
	16692 : E3;
	16693 : E3;
	16694 : E3;
	16695 : E3;
	16696 : E3;
	16697 : E3;
	16698 : E3;
	16699 : E3;
	16700 : E3;
	16701 : E3;
	16702 : E3;
	16703 : E3;
	16704 : E3;
	16705 : E3;
	16706 : E3;
	16707 : E3;
	16708 : E3;
	16709 : E3;
	16710 : E3;
	16711 : E3;
	16712 : E3;
	16713 : E3;
	16714 : E3;
	16715 : E3;
	16716 : E3;
	16717 : E3;
	16718 : E3;
	16719 : E3;
	16720 : E3;
	16721 : E3;
	16722 : E3;
	16723 : E3;
	16724 : E3;
	16725 : E3;
	16726 : E3;
	16727 : E3;
	16728 : E3;
	16729 : E3;
	16730 : E3;
	16731 : E3;
	16732 : E3;
	16733 : E3;
	16734 : E3;
	16735 : E3;
	16736 : E3;
	16737 : E3;
	16738 : E3;
	16739 : E3;
	16740 : E3;
	16741 : E3;
	16742 : E3;
	16743 : E3;
	16744 : E3;
	16745 : E3;
	16746 : E3;
	16747 : E3;
	16748 : E3;
	16749 : E3;
	16750 : E3;
	16751 : E3;
	16752 : E3;
	16753 : E3;
	16754 : E3;
	16755 : E3;
	16756 : E3;
	16757 : E3;
	16758 : E3;
	16759 : E3;
	16760 : E3;
	16761 : E3;
	16762 : E3;
	16763 : E3;
	16764 : E3;
	16765 : E3;
	16766 : E3;
	16767 : E3;
	16768 : E3;
	16769 : E3;
	16770 : E3;
	16771 : E3;
	16772 : E3;
	16773 : E3;
	16774 : E3;
	16775 : E3;
	16776 : E3;
	16777 : E3;
	16778 : E3;
	16779 : E3;
	16780 : E3;
	16781 : E3;
	16782 : E3;
	16783 : E3;
	16784 : E3;
	16785 : E3;
	16786 : E3;
	16787 : E3;
	16788 : E3;
	16789 : E3;
	16790 : E3;
	16791 : E3;
	16792 : E3;
	16793 : E3;
	16794 : E3;
	16795 : E3;
	16796 : E3;
	16797 : E3;
	16798 : E3;
	16799 : E3;
	16800 : E3;
	16801 : E3;
	16802 : E3;
	16803 : E3;
	16804 : E3;
	16805 : E3;
	16806 : E3;
	16807 : E3;
	16808 : E3;
	16809 : E3;
	16810 : E3;
	16811 : E3;
	16812 : E3;
	16813 : E3;
	16814 : E3;
	16815 : E3;
	16816 : E3;
	16817 : E3;
	16818 : E3;
	16819 : E3;
	16820 : E3;
	16821 : E3;
	16822 : E3;
	16823 : E3;
	16824 : E3;
	16825 : E3;
	16826 : E3;
	16827 : E3;
	16828 : E3;
	16829 : E3;
	16830 : E3;
	16831 : E3;
	16832 : E3;
	16833 : E3;
	16834 : E3;
	16835 : E3;
	16836 : E3;
	16837 : E3;
	16838 : E3;
	16839 : E3;
	16840 : E3;
	16841 : E3;
	16842 : E3;
	16843 : E3;
	16844 : E3;
	16845 : E3;
	16846 : E3;
	16847 : E3;
	16848 : E3;
	16849 : E3;
	16850 : E3;
	16851 : E3;
	16852 : E3;
	16853 : E3;
	16854 : E3;
	16855 : E3;
	16856 : E3;
	16857 : E3;
	16858 : E3;
	16859 : E3;
	16860 : E3;
	16861 : E3;
	16862 : E3;
	16863 : E3;
	16864 : E3;
	16865 : E3;
	16866 : E3;
	16867 : E3;
	16868 : E3;
	16869 : E3;
	16870 : E3;
	16871 : E3;
	16872 : E3;
	16873 : E3;
	16874 : E3;
	16875 : E3;
	16876 : E3;
	16877 : E3;
	16878 : E3;
	16879 : E3;
	16880 : E3;
	16881 : E3;
	16882 : E3;
	16883 : E3;
	16884 : E3;
	16885 : E3;
	16886 : E3;
	16887 : E3;
	16888 : E3;
	16889 : E3;
	16890 : E3;
	16891 : E3;
	16892 : E3;
	16893 : E3;
	16894 : E3;
	16895 : E3;
	16896 : E3;
	16897 : E3;
	16898 : E3;
	16899 : E3;
	16900 : E3;
	16901 : E3;
	16902 : E3;
	16903 : E3;
	16904 : E3;
	16905 : E3;
	16906 : E3;
	16907 : E3;
	16908 : E3;
	16909 : E3;
	16910 : E3;
	16911 : E3;
	16912 : E3;
	16913 : E3;
	16914 : E3;
	16915 : E3;
	16916 : E3;
	16917 : E3;
	16918 : E3;
	16919 : E3;
	16920 : E3;
	16921 : E3;
	16922 : E3;
	16923 : E3;
	16924 : E3;
	16925 : E3;
	16926 : E3;
	16927 : E3;
	16928 : E3;
	16929 : E3;
	16930 : E3;
	16931 : E3;
	16932 : E3;
	16933 : E3;
	16934 : E3;
	16935 : E3;
	16936 : E3;
	16937 : E3;
	16938 : E3;
	16939 : E3;
	16940 : E3;
	16941 : E3;
	16942 : E3;
	16943 : E3;
	16944 : E3;
	16945 : E3;
	16946 : E3;
	16947 : E3;
	16948 : E3;
	16949 : E3;
	16950 : E3;
	16951 : E3;
	16952 : E3;
	16953 : E3;
	16954 : E3;
	16955 : E3;
	16956 : E3;
	16957 : E3;
	16958 : E3;
	16959 : E3;
	16960 : E3;
	16961 : E3;
	16962 : E3;
	16963 : E3;
	16964 : E3;
	16965 : E3;
	16966 : E3;
	16967 : E3;
	16968 : E3;
	16969 : E3;
	16970 : E3;
	16971 : E3;
	16972 : E3;
	16973 : E3;
	16974 : E3;
	16975 : E3;
	16976 : E3;
	16977 : E3;
	16978 : E3;
	16979 : E3;
	16980 : E3;
	16981 : E3;
	16982 : E3;
	16983 : E3;
	16984 : E3;
	16985 : E3;
	16986 : E3;
	16987 : E3;
	16988 : E3;
	16989 : E3;
	16990 : E3;
	16991 : E3;
	16992 : E3;
	16993 : E3;
	16994 : E3;
	16995 : E3;
	16996 : E3;
	16997 : E3;
	16998 : E3;
	16999 : E3;
	17000 : E3;
	17001 : E3;
	17002 : E3;
	17003 : E3;
	17004 : E3;
	17005 : E3;
	17006 : E3;
	17007 : E3;
	17008 : E3;
	17009 : E3;
	17010 : E3;
	17011 : E3;
	17012 : E3;
	17013 : E3;
	17014 : E3;
	17015 : E3;
	17016 : E3;
	17017 : E3;
	17018 : E3;
	17019 : E3;
	17020 : E3;
	17021 : E3;
	17022 : E3;
	17023 : E3;
	17024 : E3;
	17025 : E3;
	17026 : E3;
	17027 : E3;
	17028 : E3;
	17029 : E3;
	17030 : E3;
	17031 : E3;
	17032 : E3;
	17033 : E3;
	17034 : E3;
	17035 : E3;
	17036 : E3;
	17037 : E3;
	17038 : E3;
	17039 : E3;
	17040 : E3;
	17041 : E3;
	17042 : E3;
	17043 : E3;
	17044 : E3;
	17045 : E3;
	17046 : E3;
	17047 : E3;
	17048 : E3;
	17049 : E3;
	17050 : E3;
	17051 : E3;
	17052 : E3;
	17053 : E3;
	17054 : E3;
	17055 : E3;
	17056 : E3;
	17057 : E3;
	17058 : E3;
	17059 : E3;
	17060 : E3;
	17061 : E3;
	17062 : E3;
	17063 : E3;
	17064 : E3;
	17065 : E3;
	17066 : E3;
	17067 : E3;
	17068 : E3;
	17069 : E3;
	17070 : E3;
	17071 : E3;
	17072 : E3;
	17073 : E3;
	17074 : E3;
	17075 : E3;
	17076 : E3;
	17077 : E3;
	17078 : E3;
	17079 : E3;
	17080 : E3;
	17081 : E3;
	17082 : E3;
	17083 : E3;
	17084 : E3;
	17085 : E3;
	17086 : E3;
	17087 : E3;
	17088 : E3;
	17089 : E3;
	17090 : E3;
	17091 : E3;
	17092 : E3;
	17093 : E3;
	17094 : E3;
	17095 : E3;
	17096 : E3;
	17097 : E3;
	17098 : E3;
	17099 : E3;
	17100 : E3;
	17101 : E3;
	17102 : E3;
	17103 : E3;
	17104 : E3;
	17105 : E3;
	17106 : E3;
	17107 : E3;
	17108 : E3;
	17109 : E3;
	17110 : E3;
	17111 : E3;
	17112 : E3;
	17113 : E3;
	17114 : E3;
	17115 : E3;
	17116 : E3;
	17117 : E3;
	17118 : E3;
	17119 : E3;
	17120 : E3;
	17121 : E3;
	17122 : E3;
	17123 : E3;
	17124 : E3;
	17125 : E3;
	17126 : E3;
	17127 : E3;
	17128 : E3;
	17129 : E3;
	17130 : E3;
	17131 : E3;
	17132 : E3;
	17133 : E3;
	17134 : E3;
	17135 : E3;
	17136 : E3;
	17137 : E3;
	17138 : E3;
	17139 : E3;
	17140 : E3;
	17141 : E3;
	17142 : E3;
	17143 : E3;
	17144 : E3;
	17145 : E3;
	17146 : E3;
	17147 : E3;
	17148 : E3;
	17149 : E3;
	17150 : E3;
	17151 : E3;
	17152 : E3;
	17153 : E3;
	17154 : E3;
	17155 : E3;
	17156 : E3;
	17157 : E3;
	17158 : E3;
	17159 : E3;
	17160 : E3;
	17161 : E3;
	17162 : E3;
	17163 : E3;
	17164 : E3;
	17165 : E3;
	17166 : E3;
	17167 : E3;
	17168 : E3;
	17169 : E3;
	17170 : E3;
	17171 : E3;
	17172 : E3;
	17173 : E3;
	17174 : E3;
	17175 : E3;
	17176 : E3;
	17177 : E3;
	17178 : E3;
	17179 : E3;
	17180 : E3;
	17181 : E3;
	17182 : E3;
	17183 : E3;
	17184 : E3;
	17185 : E3;
	17186 : E3;
	17187 : E3;
	17188 : E3;
	17189 : E3;
	17190 : E3;
	17191 : E3;
	17192 : E3;
	17193 : E3;
	17194 : E3;
	17195 : E3;
	17196 : E3;
	17197 : E3;
	17198 : E3;
	17199 : E3;
	17200 : E3;
	17201 : E3;
	17202 : E3;
	17203 : E3;
	17204 : E3;
	17205 : E3;
	17206 : E3;
	17207 : E3;
	17208 : E3;
	17209 : E3;
	17210 : E3;
	17211 : E3;
	17212 : E3;
	17213 : E3;
	17214 : E3;
	17215 : E3;
	17216 : E3;
	17217 : E3;
	17218 : E3;
	17219 : E3;
	17220 : E3;
	17221 : E3;
	17222 : E3;
	17223 : E3;
	17224 : E3;
	17225 : E3;
	17226 : E3;
	17227 : E3;
	17228 : E3;
	17229 : E3;
	17230 : E3;
	17231 : E3;
	17232 : E3;
	17233 : E3;
	17234 : E3;
	17235 : E3;
	17236 : E3;
	17237 : E3;
	17238 : E3;
	17239 : E3;
	17240 : E3;
	17241 : E3;
	17242 : E3;
	17243 : E3;
	17244 : E3;
	17245 : E3;
	17246 : E3;
	17247 : E3;
	17248 : E3;
	17249 : E3;
	17250 : E3;
	17251 : E3;
	17252 : E3;
	17253 : E3;
	17254 : E3;
	17255 : E3;
	17256 : E3;
	17257 : E3;
	17258 : E3;
	17259 : E3;
	17260 : E3;
	17261 : E3;
	17262 : E3;
	17263 : E3;
	17264 : E3;
	17265 : E3;
	17266 : E3;
	17267 : E3;
	17268 : E3;
	17269 : E3;
	17270 : E3;
	17271 : E3;
	17272 : E3;
	17273 : E3;
	17274 : E3;
	17275 : E3;
	17276 : E3;
	17277 : E3;
	17278 : E3;
	17279 : E3;
	17280 : E3;
	17281 : E3;
	17282 : E3;
	17283 : E3;
	17284 : E3;
	17285 : E3;
	17286 : E3;
	17287 : E3;
	17288 : E3;
	17289 : E3;
	17290 : E3;
	17291 : E3;
	17292 : E3;
	17293 : E3;
	17294 : E3;
	17295 : E3;
	17296 : E3;
	17297 : E3;
	17298 : E3;
	17299 : E3;
	17300 : E3;
	17301 : E3;
	17302 : E3;
	17303 : E3;
	17304 : E3;
	17305 : E3;
	17306 : E3;
	17307 : E3;
	17308 : E3;
	17309 : E3;
	17310 : E3;
	17311 : E3;
	17312 : E3;
	17313 : E3;
	17314 : E3;
	17315 : E3;
	17316 : E3;
	17317 : E3;
	17318 : E3;
	17319 : E3;
	17320 : E3;
	17321 : E3;
	17322 : E3;
	17323 : E3;
	17324 : E3;
	17325 : E3;
	17326 : E3;
	17327 : E3;
	17328 : E3;
	17329 : E3;
	17330 : E3;
	17331 : E3;
	17332 : E3;
	17333 : E3;
	17334 : E3;
	17335 : E3;
	17336 : E3;
	17337 : E3;
	17338 : E3;
	17339 : E3;
	17340 : E3;
	17341 : E3;
	17342 : E3;
	17343 : E3;
	17344 : E3;
	17345 : E3;
	17346 : E3;
	17347 : E3;
	17348 : E3;
	17349 : E3;
	17350 : E3;
	17351 : E3;
	17352 : E3;
	17353 : E3;
	17354 : E3;
	17355 : E3;
	17356 : E3;
	17357 : E3;
	17358 : E3;
	17359 : E3;
	17360 : E3;
	17361 : E3;
	17362 : E3;
	17363 : E3;
	17364 : E3;
	17365 : E3;
	17366 : E3;
	17367 : E3;
	17368 : E3;
	17369 : E3;
	17370 : E3;
	17371 : E3;
	17372 : E3;
	17373 : E3;
	17374 : E3;
	17375 : E3;
	17376 : E3;
	17377 : E3;
	17378 : E3;
	17379 : E3;
	17380 : E3;
	17381 : E3;
	17382 : E3;
	17383 : E3;
	17384 : E3;
	17385 : E3;
	17386 : E3;
	17387 : E3;
	17388 : E3;
	17389 : E3;
	17390 : E3;
	17391 : E3;
	17392 : E3;
	17393 : E3;
	17394 : E3;
	17395 : E3;
	17396 : E3;
	17397 : E3;
	17398 : E3;
	17399 : E3;
	17400 : E3;
	17401 : E3;
	17402 : E3;
	17403 : E3;
	17404 : E3;
	17405 : E3;
	17406 : E3;
	17407 : E3;
	17408 : E3;
	17409 : E3;
	17410 : E3;
	17411 : E3;
	17412 : E3;
	17413 : E3;
	17414 : E3;
	17415 : E3;
	17416 : E3;
	17417 : E3;
	17418 : E3;
	17419 : E3;
	17420 : E3;
	17421 : E3;
	17422 : E3;
	17423 : E3;
	17424 : E3;
	17425 : E3;
	17426 : E3;
	17427 : E3;
	17428 : E3;
	17429 : E3;
	17430 : E3;
	17431 : E3;
	17432 : E3;
	17433 : E3;
	17434 : E3;
	17435 : E3;
	17436 : E3;
	17437 : E3;
	17438 : E3;
	17439 : E3;
	17440 : E3;
	17441 : E3;
	17442 : E3;
	17443 : E3;
	17444 : E3;
	17445 : E3;
	17446 : E3;
	17447 : E3;
	17448 : E3;
	17449 : E3;
	17450 : E3;
	17451 : E3;
	17452 : E3;
	17453 : E3;
	17454 : E3;
	17455 : E3;
	17456 : E3;
	17457 : E3;
	17458 : E3;
	17459 : E3;
	17460 : E3;
	17461 : E3;
	17462 : E3;
	17463 : E3;
	17464 : E3;
	17465 : E3;
	17466 : E3;
	17467 : E3;
	17468 : E3;
	17469 : E3;
	17470 : E3;
	17471 : E3;
	17472 : E3;
	17473 : E3;
	17474 : E3;
	17475 : E3;
	17476 : E3;
	17477 : E3;
	17478 : E3;
	17479 : E3;
	17480 : E3;
	17481 : E3;
	17482 : E3;
	17483 : E3;
	17484 : E3;
	17485 : E3;
	17486 : E3;
	17487 : E3;
	17488 : E3;
	17489 : E3;
	17490 : E3;
	17491 : E3;
	17492 : E3;
	17493 : E3;
	17494 : E3;
	17495 : E3;
	17496 : E3;
	17497 : E3;
	17498 : E3;
	17499 : E3;
	17500 : E3;
	17501 : E3;
	17502 : E3;
	17503 : E3;
	17504 : E3;
	17505 : E3;
	17506 : E3;
	17507 : E3;
	17508 : E3;
	17509 : E3;
	17510 : E3;
	17511 : E3;
	17512 : E3;
	17513 : E3;
	17514 : E3;
	17515 : E3;
	17516 : E3;
	17517 : E3;
	17518 : E3;
	17519 : E3;
	17520 : E3;
	17521 : E3;
	17522 : E3;
	17523 : E3;
	17524 : E3;
	17525 : E3;
	17526 : E3;
	17527 : E3;
	17528 : E3;
	17529 : E3;
	17530 : E3;
	17531 : E3;
	17532 : E3;
	17533 : E3;
	17534 : E3;
	17535 : E3;
	17536 : E3;
	17537 : E3;
	17538 : E3;
	17539 : E3;
	17540 : E3;
	17541 : E3;
	17542 : E3;
	17543 : E3;
	17544 : E3;
	17545 : E3;
	17546 : E3;
	17547 : E3;
	17548 : E3;
	17549 : E3;
	17550 : E3;
	17551 : E3;
	17552 : E3;
	17553 : E3;
	17554 : E3;
	17555 : E3;
	17556 : E3;
	17557 : E3;
	17558 : E3;
	17559 : E3;
	17560 : E3;
	17561 : E3;
	17562 : E3;
	17563 : E3;
	17564 : E3;
	17565 : E3;
	17566 : E3;
	17567 : E3;
	17568 : E3;
	17569 : E3;
	17570 : E3;
	17571 : E3;
	17572 : E3;
	17573 : E3;
	17574 : E3;
	17575 : E3;
	17576 : E3;
	17577 : E3;
	17578 : E3;
	17579 : E3;
	17580 : E3;
	17581 : E3;
	17582 : E3;
	17583 : E3;
	17584 : E3;
	17585 : E3;
	17586 : E3;
	17587 : E3;
	17588 : E3;
	17589 : E3;
	17590 : E3;
	17591 : E3;
	17592 : E3;
	17593 : E3;
	17594 : E3;
	17595 : E3;
	17596 : E3;
	17597 : E3;
	17598 : E3;
	17599 : E3;
	17600 : E3;
	17601 : E3;
	17602 : E3;
	17603 : E3;
	17604 : E3;
	17605 : E3;
	17606 : E3;
	17607 : E3;
	17608 : E3;
	17609 : E3;
	17610 : E3;
	17611 : E3;
	17612 : E3;
	17613 : E3;
	17614 : E3;
	17615 : E3;
	17616 : E3;
	17617 : E3;
	17618 : E3;
	17619 : E3;
	17620 : E3;
	17621 : E3;
	17622 : E3;
	17623 : E3;
	17624 : E3;
	17625 : E3;
	17626 : E3;
	17627 : E3;
	17628 : E3;
	17629 : E3;
	17630 : E3;
	17631 : E3;
	17632 : E3;
	17633 : E3;
	17634 : E3;
	17635 : E3;
	17636 : E3;
	17637 : E3;
	17638 : E3;
	17639 : E3;
	17640 : E3;
	17641 : E3;
	17642 : E3;
	17643 : E3;
	17644 : E3;
	17645 : E3;
	17646 : E3;
	17647 : E3;
	17648 : E3;
	17649 : E3;
	17650 : E3;
	17651 : E3;
	17652 : E3;
	17653 : E3;
	17654 : E3;
	17655 : E3;
	17656 : E3;
	17657 : E3;
	17658 : E3;
	17659 : E3;
	17660 : E3;
	17661 : E3;
	17662 : E3;
	17663 : E3;
	17664 : E3;
	17665 : E3;
	17666 : E3;
	17667 : E3;
	17668 : E3;
	17669 : E3;
	17670 : E3;
	17671 : E3;
	17672 : E3;
	17673 : E3;
	17674 : E3;
	17675 : E3;
	17676 : E3;
	17677 : E3;
	17678 : E3;
	17679 : E3;
	17680 : E3;
	17681 : E3;
	17682 : E3;
	17683 : E3;
	17684 : E3;
	17685 : E3;
	17686 : E3;
	17687 : E3;
	17688 : E3;
	17689 : E3;
	17690 : E3;
	17691 : E3;
	17692 : E3;
	17693 : E3;
	17694 : E3;
	17695 : E3;
	17696 : E3;
	17697 : E3;
	17698 : E3;
	17699 : E3;
	17700 : E3;
	17701 : E3;
	17702 : E3;
	17703 : E3;
	17704 : E3;
	17705 : E3;
	17706 : E3;
	17707 : E3;
	17708 : E3;
	17709 : E3;
	17710 : E3;
	17711 : E3;
	17712 : E3;
	17713 : E3;
	17714 : E3;
	17715 : E3;
	17716 : E3;
	17717 : E3;
	17718 : E3;
	17719 : E3;
	17720 : E3;
	17721 : E3;
	17722 : E3;
	17723 : E3;
	17724 : E3;
	17725 : E3;
	17726 : E3;
	17727 : E3;
	17728 : E3;
	17729 : E3;
	17730 : E3;
	17731 : E3;
	17732 : E3;
	17733 : E3;
	17734 : E3;
	17735 : E3;
	17736 : E3;
	17737 : E3;
	17738 : E3;
	17739 : E3;
	17740 : E3;
	17741 : E3;
	17742 : E3;
	17743 : E3;
	17744 : E3;
	17745 : E3;
	17746 : E3;
	17747 : E3;
	17748 : E3;
	17749 : E3;
	17750 : E3;
	17751 : E3;
	17752 : E3;
	17753 : E3;
	17754 : E3;
	17755 : E3;
	17756 : E3;
	17757 : E3;
	17758 : E3;
	17759 : E3;
	17760 : E3;
	17761 : E3;
	17762 : E3;
	17763 : E3;
	17764 : E3;
	17765 : E3;
	17766 : E3;
	17767 : E3;
	17768 : E3;
	17769 : E3;
	17770 : E3;
	17771 : E3;
	17772 : E3;
	17773 : E3;
	17774 : E3;
	17775 : E3;
	17776 : E3;
	17777 : E3;
	17778 : E3;
	17779 : E3;
	17780 : E3;
	17781 : E3;
	17782 : E3;
	17783 : E3;
	17784 : E3;
	17785 : E3;
	17786 : E3;
	17787 : E3;
	17788 : E3;
	17789 : E3;
	17790 : E3;
	17791 : E3;
	17792 : E3;
	17793 : E3;
	17794 : E3;
	17795 : E3;
	17796 : E3;
	17797 : E3;
	17798 : E3;
	17799 : E3;
	17800 : E3;
	17801 : E3;
	17802 : E3;
	17803 : E3;
	17804 : E3;
	17805 : E3;
	17806 : E3;
	17807 : E3;
	17808 : E3;
	17809 : E3;
	17810 : E3;
	17811 : E3;
	17812 : E3;
	17813 : E3;
	17814 : E3;
	17815 : E3;
	17816 : E3;
	17817 : E3;
	17818 : E3;
	17819 : E3;
	17820 : E3;
	17821 : E3;
	17822 : E3;
	17823 : E3;
	17824 : E3;
	17825 : E3;
	17826 : E3;
	17827 : E3;
	17828 : E3;
	17829 : E3;
	17830 : E3;
	17831 : E3;
	17832 : E3;
	17833 : E3;
	17834 : E3;
	17835 : E3;
	17836 : E3;
	17837 : E3;
	17838 : E3;
	17839 : E3;
	17840 : E3;
	17841 : E3;
	17842 : E3;
	17843 : E3;
	17844 : E3;
	17845 : E3;
	17846 : E3;
	17847 : E3;
	17848 : E3;
	17849 : E3;
	17850 : E3;
	17851 : E3;
	17852 : E3;
	17853 : E3;
	17854 : E3;
	17855 : E3;
	17856 : E3;
	17857 : E3;
	17858 : E3;
	17859 : E3;
	17860 : E3;
	17861 : E3;
	17862 : E3;
	17863 : E3;
	17864 : E3;
	17865 : E3;
	17866 : E3;
	17867 : E3;
	17868 : E3;
	17869 : E3;
	17870 : E3;
	17871 : E3;
	17872 : E3;
	17873 : E3;
	17874 : E3;
	17875 : E3;
	17876 : E3;
	17877 : E3;
	17878 : E3;
	17879 : E3;
	17880 : E3;
	17881 : E3;
	17882 : E3;
	17883 : E3;
	17884 : E3;
	17885 : E3;
	17886 : E3;
	17887 : E3;
	17888 : E3;
	17889 : E3;
	17890 : E3;
	17891 : E3;
	17892 : E3;
	17893 : E3;
	17894 : E3;
	17895 : E3;
	17896 : E3;
	17897 : E3;
	17898 : E3;
	17899 : E3;
	17900 : E3;
	17901 : E3;
	17902 : E3;
	17903 : E3;
	17904 : E3;
	17905 : E3;
	17906 : E3;
	17907 : E3;
	17908 : E3;
	17909 : E3;
	17910 : E3;
	17911 : E3;
	17912 : E3;
	17913 : E3;
	17914 : E3;
	17915 : E3;
	17916 : E3;
	17917 : E3;
	17918 : E3;
	17919 : E3;
	17920 : E3;
	17921 : E3;
	17922 : E3;
	17923 : E3;
	17924 : E3;
	17925 : E3;
	17926 : E3;
	17927 : E3;
	17928 : E3;
	17929 : E3;
	17930 : E3;
	17931 : E3;
	17932 : E3;
	17933 : E3;
	17934 : E3;
	17935 : E3;
	17936 : E3;
	17937 : E3;
	17938 : E3;
	17939 : E3;
	17940 : E3;
	17941 : E3;
	17942 : E3;
	17943 : E3;
	17944 : E3;
	17945 : E3;
	17946 : E3;
	17947 : E3;
	17948 : E3;
	17949 : E3;
	17950 : E3;
	17951 : E3;
	17952 : E3;
	17953 : E3;
	17954 : E3;
	17955 : E3;
	17956 : E3;
	17957 : E3;
	17958 : E3;
	17959 : E3;
	17960 : E3;
	17961 : E3;
	17962 : E3;
	17963 : E3;
	17964 : E3;
	17965 : E3;
	17966 : E3;
	17967 : E3;
	17968 : E3;
	17969 : E3;
	17970 : E3;
	17971 : E3;
	17972 : E3;
	17973 : E3;
	17974 : E3;
	17975 : E3;
	17976 : E3;
	17977 : E3;
	17978 : E3;
	17979 : E3;
	17980 : E3;
	17981 : E3;
	17982 : E3;
	17983 : E3;
	17984 : E3;
	17985 : E3;
	17986 : E3;
	17987 : E3;
	17988 : E3;
	17989 : E3;
	17990 : E3;
	17991 : E3;
	17992 : E3;
	17993 : E3;
	17994 : E3;
	17995 : E3;
	17996 : E3;
	17997 : E3;
	17998 : E3;
	17999 : E3;
	18000 : E3;
	18001 : E3;
	18002 : E3;
	18003 : E3;
	18004 : E3;
	18005 : E3;
	18006 : E3;
	18007 : E3;
	18008 : E3;
	18009 : E3;
	18010 : E3;
	18011 : E3;
	18012 : E3;
	18013 : E3;
	18014 : E3;
	18015 : E3;
	18016 : E3;
	18017 : E3;
	18018 : E3;
	18019 : E3;
	18020 : E3;
	18021 : E3;
	18022 : E3;
	18023 : E3;
	18024 : E3;
	18025 : E3;
	18026 : E3;
	18027 : E3;
	18028 : E3;
	18029 : E3;
	18030 : E3;
	18031 : E3;
	18032 : E3;
	18033 : E3;
	18034 : E3;
	18035 : E3;
	18036 : E3;
	18037 : E3;
	18038 : E3;
	18039 : E3;
	18040 : E3;
	18041 : E3;
	18042 : E3;
	18043 : E3;
	18044 : E3;
	18045 : E3;
	18046 : E3;
	18047 : E3;
	18048 : E3;
	18049 : E3;
	18050 : E3;
	18051 : E3;
	18052 : E3;
	18053 : E3;
	18054 : E3;
	18055 : E3;
	18056 : E3;
	18057 : E3;
	18058 : E3;
	18059 : E3;
	18060 : E3;
	18061 : E3;
	18062 : E3;
	18063 : E3;
	18064 : E3;
	18065 : E3;
	18066 : E3;
	18067 : E3;
	18068 : E3;
	18069 : E3;
	18070 : E3;
	18071 : E3;
	18072 : E3;
	18073 : E3;
	18074 : E3;
	18075 : E3;
	18076 : E3;
	18077 : E3;
	18078 : E3;
	18079 : E3;
	18080 : E3;
	18081 : E3;
	18082 : E3;
	18083 : E3;
	18084 : E3;
	18085 : E3;
	18086 : E3;
	18087 : E3;
	18088 : E3;
	18089 : E3;
	18090 : E3;
	18091 : E3;
	18092 : E3;
	18093 : E3;
	18094 : E3;
	18095 : E3;
	18096 : E3;
	18097 : E3;
	18098 : E3;
	18099 : E3;
	18100 : E3;
	18101 : E3;
	18102 : E3;
	18103 : E3;
	18104 : E3;
	18105 : E3;
	18106 : E3;
	18107 : E3;
	18108 : E3;
	18109 : E3;
	18110 : E3;
	18111 : E3;
	18112 : E3;
	18113 : E3;
	18114 : E3;
	18115 : E3;
	18116 : E3;
	18117 : E3;
	18118 : E3;
	18119 : E3;
	18120 : E3;
	18121 : E3;
	18122 : E3;
	18123 : E3;
	18124 : E3;
	18125 : E3;
	18126 : E3;
	18127 : E3;
	18128 : E3;
	18129 : E3;
	18130 : E3;
	18131 : E3;
	18132 : E3;
	18133 : E3;
	18134 : E3;
	18135 : E3;
	18136 : E3;
	18137 : E3;
	18138 : E3;
	18139 : E3;
	18140 : E3;
	18141 : E3;
	18142 : E3;
	18143 : E3;
	18144 : E3;
	18145 : E3;
	18146 : E3;
	18147 : E3;
	18148 : E3;
	18149 : E3;
	18150 : E3;
	18151 : E3;
	18152 : E3;
	18153 : E3;
	18154 : E3;
	18155 : E3;
	18156 : E3;
	18157 : E3;
	18158 : E3;
	18159 : E3;
	18160 : E3;
	18161 : E3;
	18162 : E3;
	18163 : E3;
	18164 : E3;
	18165 : E3;
	18166 : E3;
	18167 : E3;
	18168 : E3;
	18169 : E3;
	18170 : E3;
	18171 : E3;
	18172 : E3;
	18173 : E3;
	18174 : E3;
	18175 : E3;
	18176 : E3;
	18177 : E3;
	18178 : E3;
	18179 : E3;
	18180 : E3;
	18181 : E3;
	18182 : E3;
	18183 : E3;
	18184 : E3;
	18185 : E3;
	18186 : E3;
	18187 : E3;
	18188 : E3;
	18189 : E3;
	18190 : E3;
	18191 : E3;
	18192 : E3;
	18193 : E3;
	18194 : E3;
	18195 : E3;
	18196 : E3;
	18197 : E3;
	18198 : E3;
	18199 : E3;
	18200 : E3;
	18201 : E3;
	18202 : E3;
	18203 : E3;
	18204 : E3;
	18205 : E3;
	18206 : E3;
	18207 : E3;
	18208 : E3;
	18209 : E3;
	18210 : E3;
	18211 : E3;
	18212 : E3;
	18213 : E3;
	18214 : E3;
	18215 : E3;
	18216 : E3;
	18217 : E3;
	18218 : E3;
	18219 : E3;
	18220 : E3;
	18221 : E3;
	18222 : E3;
	18223 : E3;
	18224 : E3;
	18225 : E3;
	18226 : E3;
	18227 : E3;
	18228 : E3;
	18229 : E3;
	18230 : E3;
	18231 : E3;
	18232 : E3;
	18233 : E3;
	18234 : E3;
	18235 : E3;
	18236 : E3;
	18237 : E3;
	18238 : E3;
	18239 : E3;
	18240 : E3;
	18241 : E3;
	18242 : E3;
	18243 : E3;
	18244 : E3;
	18245 : E3;
	18246 : E3;
	18247 : E3;
	18248 : E3;
	18249 : E3;
	18250 : E3;
	18251 : E3;
	18252 : E3;
	18253 : E3;
	18254 : E3;
	18255 : E3;
	18256 : E3;
	18257 : E3;
	18258 : E3;
	18259 : E3;
	18260 : E3;
	18261 : E3;
	18262 : E3;
	18263 : E3;
	18264 : E3;
	18265 : E3;
	18266 : E3;
	18267 : E3;
	18268 : E3;
	18269 : E3;
	18270 : E3;
	18271 : E3;
	18272 : E3;
	18273 : E3;
	18274 : E3;
	18275 : E3;
	18276 : E3;
	18277 : E3;
	18278 : E3;
	18279 : E3;
	18280 : E3;
	18281 : E3;
	18282 : E3;
	18283 : E3;
	18284 : E3;
	18285 : E3;
	18286 : E3;
	18287 : E3;
	18288 : E3;
	18289 : E3;
	18290 : E3;
	18291 : E3;
	18292 : E3;
	18293 : E3;
	18294 : E3;
	18295 : E3;
	18296 : E3;
	18297 : E3;
	18298 : E3;
	18299 : E3;
	18300 : E3;
	18301 : E3;
	18302 : E3;
	18303 : E3;
	18304 : E3;
	18305 : E3;
	18306 : E3;
	18307 : E3;
	18308 : E3;
	18309 : E3;
	18310 : E3;
	18311 : E3;
	18312 : E3;
	18313 : E3;
	18314 : E3;
	18315 : E3;
	18316 : E3;
	18317 : E3;
	18318 : E3;
	18319 : E3;
	18320 : E3;
	18321 : E3;
	18322 : E3;
	18323 : E3;
	18324 : E3;
	18325 : E3;
	18326 : E3;
	18327 : E3;
	18328 : E3;
	18329 : E3;
	18330 : E3;
	18331 : E3;
	18332 : E3;
	18333 : E3;
	18334 : E3;
	18335 : E3;
	18336 : E3;
	18337 : E3;
	18338 : E3;
	18339 : E3;
	18340 : E3;
	18341 : E3;
	18342 : E3;
	18343 : E3;
	18344 : E3;
	18345 : E3;
	18346 : E3;
	18347 : E3;
	18348 : E3;
	18349 : E3;
	18350 : E3;
	18351 : E3;
	18352 : E3;
	18353 : E3;
	18354 : E3;
	18355 : E3;
	18356 : E3;
	18357 : E3;
	18358 : E3;
	18359 : E3;
	18360 : E3;
	18361 : E3;
	18362 : E3;
	18363 : E3;
	18364 : E3;
	18365 : E3;
	18366 : E3;
	18367 : E3;
	18368 : E3;
	18369 : E3;
	18370 : E3;
	18371 : E3;
	18372 : E3;
	18373 : E3;
	18374 : E3;
	18375 : E3;
	18376 : E3;
	18377 : E3;
	18378 : E3;
	18379 : E3;
	18380 : E3;
	18381 : E3;
	18382 : E3;
	18383 : E3;
	18384 : E3;
	18385 : E3;
	18386 : E3;
	18387 : E3;
	18388 : E3;
	18389 : E3;
	18390 : E3;
	18391 : E3;
	18392 : E3;
	18393 : E3;
	18394 : E3;
	18395 : E3;
	18396 : E3;
	18397 : E3;
	18398 : E3;
	18399 : E3;
	18400 : E3;
	18401 : E3;
	18402 : E3;
	18403 : E3;
	18404 : E3;
	18405 : E3;
	18406 : E3;
	18407 : E3;
	18408 : E3;
	18409 : E3;
	18410 : E3;
	18411 : E3;
	18412 : E3;
	18413 : E3;
	18414 : E3;
	18415 : E3;
	18416 : E3;
	18417 : E3;
	18418 : E3;
	18419 : E3;
	18420 : E3;
	18421 : E3;
	18422 : E3;
	18423 : E3;
	18424 : E3;
	18425 : E3;
	18426 : E3;
	18427 : E3;
	18428 : E3;
	18429 : E3;
	18430 : E3;
	18431 : E3;
	18432 : E3;
	18433 : E3;
	18434 : E3;
	18435 : E3;
	18436 : E3;
	18437 : E3;
	18438 : E3;
	18439 : E3;
	18440 : E3;
	18441 : E3;
	18442 : E3;
	18443 : E3;
	18444 : E3;
	18445 : E3;
	18446 : E3;
	18447 : E3;
	18448 : E3;
	18449 : E3;
	18450 : E3;
	18451 : E3;
	18452 : E3;
	18453 : E3;
	18454 : E3;
	18455 : E3;
	18456 : E3;
	18457 : E3;
	18458 : E3;
	18459 : E3;
	18460 : E3;
	18461 : E3;
	18462 : E3;
	18463 : E3;
	18464 : E3;
	18465 : E3;
	18466 : E3;
	18467 : E3;
	18468 : E3;
	18469 : E3;
	18470 : E3;
	18471 : E3;
	18472 : E3;
	18473 : E3;
	18474 : E3;
	18475 : E3;
	18476 : E3;
	18477 : E3;
	18478 : E3;
	18479 : E3;
	18480 : E3;
	18481 : E3;
	18482 : E3;
	18483 : E3;
	18484 : E3;
	18485 : E3;
	18486 : E3;
	18487 : E3;
	18488 : E3;
	18489 : E3;
	18490 : E3;
	18491 : E3;
	18492 : E3;
	18493 : E3;
	18494 : E3;
	18495 : E3;
	18496 : E3;
	18497 : E3;
	18498 : E3;
	18499 : E3;
	18500 : E3;
	18501 : E3;
	18502 : E3;
	18503 : E3;
	18504 : E3;
	18505 : E3;
	18506 : E3;
	18507 : E3;
	18508 : E3;
	18509 : E3;
	18510 : E3;
	18511 : E3;
	18512 : E3;
	18513 : E3;
	18514 : E3;
	18515 : E3;
	18516 : E3;
	18517 : E3;
	18518 : E3;
	18519 : E3;
	18520 : E3;
	18521 : E3;
	18522 : E3;
	18523 : E3;
	18524 : E3;
	18525 : E3;
	18526 : E3;
	18527 : E3;
	18528 : E3;
	18529 : E3;
	18530 : E3;
	18531 : E3;
	18532 : E3;
	18533 : E3;
	18534 : E3;
	18535 : E3;
	18536 : E3;
	18537 : E3;
	18538 : E3;
	18539 : E3;
	18540 : E3;
	18541 : E3;
	18542 : E3;
	18543 : E3;
	18544 : E3;
	18545 : E3;
	18546 : E3;
	18547 : E3;
	18548 : E3;
	18549 : E3;
	18550 : E3;
	18551 : E3;
	18552 : E3;
	18553 : E3;
	18554 : E3;
	18555 : E3;
	18556 : E3;
	18557 : E3;
	18558 : E3;
	18559 : E3;
	18560 : E3;
	18561 : E3;
	18562 : E3;
	18563 : E3;
	18564 : E3;
	18565 : E3;
	18566 : E3;
	18567 : E3;
	18568 : E3;
	18569 : E3;
	18570 : E3;
	18571 : E3;
	18572 : E3;
	18573 : E3;
	18574 : E3;
	18575 : E3;
	18576 : E3;
	18577 : E3;
	18578 : E3;
	18579 : E3;
	18580 : E3;
	18581 : E3;
	18582 : E3;
	18583 : E3;
	18584 : E3;
	18585 : E3;
	18586 : E3;
	18587 : E3;
	18588 : E3;
	18589 : E3;
	18590 : E3;
	18591 : E3;
	18592 : E3;
	18593 : E3;
	18594 : E3;
	18595 : E3;
	18596 : E3;
	18597 : E3;
	18598 : E3;
	18599 : E3;
	18600 : E3;
	18601 : E3;
	18602 : E3;
	18603 : E3;
	18604 : E3;
	18605 : E3;
	18606 : E3;
	18607 : E3;
	18608 : E3;
	18609 : E3;
	18610 : E3;
	18611 : E3;
	18612 : E3;
	18613 : E3;
	18614 : E3;
	18615 : E3;
	18616 : E3;
	18617 : E3;
	18618 : E3;
	18619 : E3;
	18620 : E3;
	18621 : E3;
	18622 : E3;
	18623 : E3;
	18624 : E3;
	18625 : E3;
	18626 : E3;
	18627 : E3;
	18628 : E3;
	18629 : E3;
	18630 : E3;
	18631 : E3;
	18632 : E3;
	18633 : E3;
	18634 : E3;
	18635 : E3;
	18636 : E3;
	18637 : E3;
	18638 : E3;
	18639 : E3;
	18640 : E3;
	18641 : E3;
	18642 : E3;
	18643 : E3;
	18644 : E3;
	18645 : E3;
	18646 : E3;
	18647 : E3;
	18648 : E3;
	18649 : E3;
	18650 : E3;
	18651 : E3;
	18652 : E3;
	18653 : E3;
	18654 : E3;
	18655 : E3;
	18656 : E3;
	18657 : E3;
	18658 : E3;
	18659 : E3;
	18660 : E3;
	18661 : E3;
	18662 : E3;
	18663 : E3;
	18664 : E3;
	18665 : E3;
	18666 : E3;
	18667 : E3;
	18668 : E3;
	18669 : E3;
	18670 : E3;
	18671 : E3;
	18672 : E3;
	18673 : E3;
	18674 : E3;
	18675 : E3;
	18676 : E3;
	18677 : E3;
	18678 : E3;
	18679 : E3;
	18680 : E3;
	18681 : E3;
	18682 : E3;
	18683 : E3;
	18684 : E3;
	18685 : E3;
	18686 : E3;
	18687 : E3;
	18688 : E3;
	18689 : E3;
	18690 : E3;
	18691 : E3;
	18692 : E3;
	18693 : E3;
	18694 : E3;
	18695 : E3;
	18696 : E3;
	18697 : E3;
	18698 : E3;
	18699 : E3;
	18700 : E3;
	18701 : E3;
	18702 : E3;
	18703 : E3;
	18704 : E3;
	18705 : E3;
	18706 : E3;
	18707 : E3;
	18708 : E3;
	18709 : E3;
	18710 : E3;
	18711 : E3;
	18712 : E3;
	18713 : E3;
	18714 : E3;
	18715 : E3;
	18716 : E3;
	18717 : E3;
	18718 : E3;
	18719 : E3;
	18720 : E3;
	18721 : E3;
	18722 : E3;
	18723 : E3;
	18724 : E3;
	18725 : E3;
	18726 : E3;
	18727 : E3;
	18728 : E3;
	18729 : E3;
	18730 : E3;
	18731 : E3;
	18732 : E3;
	18733 : E3;
	18734 : E3;
	18735 : E3;
	18736 : E3;
	18737 : E3;
	18738 : E3;
	18739 : E3;
	18740 : E3;
	18741 : E3;
	18742 : E3;
	18743 : E3;
	18744 : E3;
	18745 : E3;
	18746 : E3;
	18747 : E3;
	18748 : E3;
	18749 : E3;
	18750 : E3;
	18751 : E3;
	18752 : E3;
	18753 : E3;
	18754 : E3;
	18755 : E3;
	18756 : E3;
	18757 : E3;
	18758 : E3;
	18759 : E3;
	18760 : E3;
	18761 : E3;
	18762 : E3;
	18763 : E3;
	18764 : E3;
	18765 : E3;
	18766 : E3;
	18767 : E3;
	18768 : E3;
	18769 : E3;
	18770 : E3;
	18771 : E3;
	18772 : E3;
	18773 : E3;
	18774 : E3;
	18775 : E3;
	18776 : E3;
	18777 : E3;
	18778 : E3;
	18779 : E3;
	18780 : E3;
	18781 : E3;
	18782 : E3;
	18783 : E3;
	18784 : E3;
	18785 : E3;
	18786 : E3;
	18787 : E3;
	18788 : E3;
	18789 : E3;
	18790 : E3;
	18791 : E3;
	18792 : E3;
	18793 : E3;
	18794 : E3;
	18795 : E3;
	18796 : E3;
	18797 : E3;
	18798 : E3;
	18799 : E3;
	18800 : E3;
	18801 : E3;
	18802 : E3;
	18803 : E3;
	18804 : E3;
	18805 : E3;
	18806 : E3;
	18807 : E3;
	18808 : E3;
	18809 : E3;
	18810 : E3;
	18811 : E3;
	18812 : E3;
	18813 : E3;
	18814 : E3;
	18815 : E3;
	18816 : E3;
	18817 : E3;
	18818 : E3;
	18819 : E3;
	18820 : E3;
	18821 : E3;
	18822 : E3;
	18823 : E3;
	18824 : E3;
	18825 : E3;
	18826 : E3;
	18827 : E3;
	18828 : E3;
	18829 : E3;
	18830 : E3;
	18831 : E3;
	18832 : E3;
	18833 : E3;
	18834 : E3;
	18835 : E3;
	18836 : E3;
	18837 : E3;
	18838 : E3;
	18839 : E3;
	18840 : E3;
	18841 : E3;
	18842 : E3;
	18843 : E3;
	18844 : E3;
	18845 : E3;
	18846 : E3;
	18847 : E3;
	18848 : E3;
	18849 : E3;
	18850 : E3;
	18851 : E3;
	18852 : E3;
	18853 : E3;
	18854 : E3;
	18855 : E3;
	18856 : E3;
	18857 : E3;
	18858 : E3;
	18859 : E3;
	18860 : E3;
	18861 : E3;
	18862 : E3;
	18863 : E3;
	18864 : E3;
	18865 : E3;
	18866 : E3;
	18867 : E3;
	18868 : E3;
	18869 : E3;
	18870 : E3;
	18871 : E3;
	18872 : E3;
	18873 : E3;
	18874 : E3;
	18875 : E3;
	18876 : E3;
	18877 : E3;
	18878 : E3;
	18879 : E3;
	18880 : E3;
	18881 : E3;
	18882 : E3;
	18883 : E3;
	18884 : E3;
	18885 : E3;
	18886 : E3;
	18887 : E3;
	18888 : E3;
	18889 : E3;
	18890 : E3;
	18891 : E3;
	18892 : E3;
	18893 : E3;
	18894 : E3;
	18895 : E3;
	18896 : E3;
	18897 : E3;
	18898 : E3;
	18899 : E3;
	18900 : E3;
	18901 : E3;
	18902 : E3;
	18903 : E3;
	18904 : E3;
	18905 : E3;
	18906 : E3;
	18907 : E3;
	18908 : E3;
	18909 : E3;
	18910 : E3;
	18911 : E3;
	18912 : E3;
	18913 : E3;
	18914 : E3;
	18915 : E3;
	18916 : E3;
	18917 : E3;
	18918 : E3;
	18919 : E3;
	18920 : E3;
	18921 : E3;
	18922 : E3;
	18923 : E3;
	18924 : E3;
	18925 : E3;
	18926 : E3;
	18927 : E3;
	18928 : E3;
	18929 : E3;
	18930 : E3;
	18931 : E3;
	18932 : E3;
	18933 : E3;
	18934 : E3;
	18935 : E3;
	18936 : E3;
	18937 : E3;
	18938 : E3;
	18939 : E3;
	18940 : E3;
	18941 : E3;
	18942 : E3;
	18943 : E3;
	18944 : E3;
	18945 : E3;
	18946 : E3;
	18947 : E3;
	18948 : E3;
	18949 : E3;
	18950 : E3;
	18951 : E3;
	18952 : E3;
	18953 : E3;
	18954 : E3;
	18955 : E3;
	18956 : E3;
	18957 : E3;
	18958 : E3;
	18959 : E3;
	18960 : E3;
	18961 : E3;
	18962 : E3;
	18963 : E3;
	18964 : E3;
	18965 : E3;
	18966 : E3;
	18967 : E3;
	18968 : E3;
	18969 : E3;
	18970 : E3;
	18971 : E3;
	18972 : E3;
	18973 : E3;
	18974 : E3;
	18975 : E3;
	18976 : E3;
	18977 : E3;
	18978 : E3;
	18979 : E3;
	18980 : E3;
	18981 : E3;
	18982 : E3;
	18983 : E3;
	18984 : E3;
	18985 : E3;
	18986 : E3;
	18987 : E3;
	18988 : E3;
	18989 : E3;
	18990 : E3;
	18991 : E3;
	18992 : E3;
	18993 : E3;
	18994 : E3;
	18995 : E3;
	18996 : E3;
	18997 : E3;
	18998 : E3;
	18999 : E3;
	19000 : E3;
	19001 : E3;
	19002 : E3;
	19003 : E3;
	19004 : E3;
	19005 : E3;
	19006 : E3;
	19007 : E3;
	19008 : E3;
	19009 : E3;
	19010 : E3;
	19011 : E3;
	19012 : E3;
	19013 : E3;
	19014 : E3;
	19015 : E3;
	19016 : E3;
	19017 : E3;
	19018 : E3;
	19019 : E3;
	19020 : E3;
	19021 : E3;
	19022 : E3;
	19023 : E3;
	19024 : E3;
	19025 : E3;
	19026 : E3;
	19027 : E3;
	19028 : E3;
	19029 : E3;
	19030 : E3;
	19031 : E3;
	19032 : E3;
	19033 : E3;
	19034 : E3;
	19035 : E3;
	19036 : E3;
	19037 : E3;
	19038 : E3;
	19039 : E3;
	19040 : E3;
	19041 : E3;
	19042 : E3;
	19043 : E3;
	19044 : E3;
	19045 : E3;
	19046 : E3;
	19047 : E3;
	19048 : E3;
	19049 : E3;
	19050 : E3;
	19051 : E3;
	19052 : E3;
	19053 : E3;
	19054 : E3;
	19055 : E3;
	19056 : E3;
	19057 : E3;
	19058 : E3;
	19059 : E3;
	19060 : E3;
	19061 : E3;
	19062 : E3;
	19063 : E3;
	19064 : E3;
	19065 : E3;
	19066 : E3;
	19067 : E3;
	19068 : E3;
	19069 : E3;
	19070 : E3;
	19071 : E3;
	19072 : E3;
	19073 : E3;
	19074 : E3;
	19075 : E3;
	19076 : E3;
	19077 : E3;
	19078 : E3;
	19079 : E3;
	19080 : E3;
	19081 : E3;
	19082 : E3;
	19083 : E3;
	19084 : E3;
	19085 : E3;
	19086 : E3;
	19087 : E3;
	19088 : E3;
	19089 : E3;
	19090 : E3;
	19091 : E3;
	19092 : E3;
	19093 : E3;
	19094 : E3;
	19095 : E3;
	19096 : E3;
	19097 : E3;
	19098 : E3;
	19099 : E3;
	19100 : E3;
	19101 : E3;
	19102 : E3;
	19103 : E3;
	19104 : E3;
	19105 : E3;
	19106 : E3;
	19107 : E3;
	19108 : E3;
	19109 : E3;
	19110 : E3;
	19111 : E3;
	19112 : E3;
	19113 : E3;
	19114 : E3;
	19115 : E3;
	19116 : E3;
	19117 : E3;
	19118 : E3;
	19119 : E3;
	19120 : E3;
	19121 : E3;
	19122 : E3;
	19123 : E3;
	19124 : E3;
	19125 : E3;
	19126 : E3;
	19127 : E3;
	19128 : E3;
	19129 : E3;
	19130 : E3;
	19131 : E3;
	19132 : E3;
	19133 : E3;
	19134 : E3;
	19135 : E3;
	19136 : E3;
	19137 : E3;
	19138 : E3;
	19139 : E3;
	19140 : E3;
	19141 : E3;
	19142 : E3;
	19143 : E3;
	19144 : E3;
	19145 : E3;
	19146 : E3;
	19147 : E3;
	19148 : E3;
	19149 : E3;
	19150 : E3;
	19151 : E3;
	19152 : E3;
	19153 : E3;
	19154 : E3;
	19155 : E3;
	19156 : E3;
	19157 : E3;
	19158 : E3;
	19159 : E3;
	19160 : E3;
	19161 : E3;
	19162 : E3;
	19163 : E3;
	19164 : E3;
	19165 : E3;
	19166 : E3;
	19167 : E3;
	19168 : E3;
	19169 : E3;
	19170 : E3;
	19171 : E3;
	19172 : E3;
	19173 : E3;
	19174 : E3;
	19175 : E3;
	19176 : E3;
	19177 : E3;
	19178 : E3;
	19179 : E3;
	19180 : E3;
	19181 : E3;
	19182 : E3;
	19183 : E3;
	19184 : E3;
	19185 : E3;
	19186 : E3;
	19187 : E3;
	19188 : E3;
	19189 : E3;
	19190 : E3;
	19191 : E3;
	19192 : E3;
	19193 : E3;
	19194 : E3;
	19195 : E3;
	19196 : E3;
	19197 : E3;
	19198 : E3;
	19199 : E3;
	19200 : E3;
	19201 : E3;
	19202 : E3;
	19203 : E3;
	19204 : E3;
	19205 : E3;
	19206 : E3;
	19207 : E3;
	19208 : E3;
	19209 : E3;
	19210 : E3;
	19211 : E3;
	19212 : E3;
	19213 : E3;
	19214 : E3;
	19215 : E3;
	19216 : E3;
	19217 : E3;
	19218 : E3;
	19219 : E3;
	19220 : E3;
	19221 : E3;
	19222 : E3;
	19223 : E3;
	19224 : E3;
	19225 : E3;
	19226 : E3;
	19227 : E3;
	19228 : E3;
	19229 : E3;
	19230 : E3;
	19231 : E3;
	19232 : E3;
	19233 : E3;
	19234 : E3;
	19235 : E3;
	19236 : E3;
	19237 : E3;
	19238 : E3;
	19239 : E3;
	19240 : E3;
	19241 : E3;
	19242 : E3;
	19243 : E3;
	19244 : E3;
	19245 : E3;
	19246 : E3;
	19247 : E3;
	19248 : E3;
	19249 : E3;
	19250 : E3;
	19251 : E3;
	19252 : E3;
	19253 : E3;
	19254 : E3;
	19255 : E3;
	19256 : E3;
	19257 : E3;
	19258 : E3;
	19259 : E3;
	19260 : E3;
	19261 : E3;
	19262 : E3;
	19263 : E3;
	19264 : E3;
	19265 : E3;
	19266 : E3;
	19267 : E3;
	19268 : E3;
	19269 : E3;
	19270 : E3;
	19271 : E3;
	19272 : E3;
	19273 : E3;
	19274 : E3;
	19275 : E3;
	19276 : E3;
	19277 : E3;
	19278 : E3;
	19279 : E3;
	19280 : E3;
	19281 : E3;
	19282 : E3;
	19283 : E3;
	19284 : E3;
	19285 : E3;
	19286 : E3;
	19287 : E3;
	19288 : E3;
	19289 : E3;
	19290 : E3;
	19291 : E3;
	19292 : E3;
	19293 : E3;
	19294 : E3;
	19295 : E3;
	19296 : E3;
	19297 : E3;
	19298 : E3;
	19299 : E3;
	19300 : E3;
	19301 : E3;
	19302 : E3;
	19303 : E3;
	19304 : E3;
	19305 : E3;
	19306 : E3;
	19307 : E3;
	19308 : E3;
	19309 : E3;
	19310 : E3;
	19311 : E3;
	19312 : E3;
	19313 : E3;
	19314 : E3;
	19315 : E3;
	19316 : E3;
	19317 : E3;
	19318 : E3;
	19319 : E3;
	19320 : E3;
	19321 : E3;
	19322 : E3;
	19323 : E3;
	19324 : E3;
	19325 : E3;
	19326 : E3;
	19327 : E3;
	19328 : E3;
	19329 : E3;
	19330 : E3;
	19331 : E3;
	19332 : E3;
	19333 : E3;
	19334 : E3;
	19335 : E3;
	19336 : E3;
	19337 : E3;
	19338 : E3;
	19339 : E3;
	19340 : E3;
	19341 : E3;
	19342 : E3;
	19343 : E3;
	19344 : E3;
	19345 : E3;
	19346 : E3;
	19347 : E3;
	19348 : E3;
	19349 : E3;
	19350 : E3;
	19351 : E3;
	19352 : E3;
	19353 : E3;
	19354 : E3;
	19355 : E3;
	19356 : E3;
	19357 : E3;
	19358 : E3;
	19359 : E3;
	19360 : E3;
	19361 : E3;
	19362 : E3;
	19363 : E3;
	19364 : E3;
	19365 : E3;
	19366 : E3;
	19367 : E3;
	19368 : E3;
	19369 : E3;
	19370 : E3;
	19371 : E3;
	19372 : E3;
	19373 : E3;
	19374 : E3;
	19375 : E3;
	19376 : E3;
	19377 : E3;
	19378 : E3;
	19379 : E3;
	19380 : E3;
	19381 : E3;
	19382 : E3;
	19383 : E3;
	19384 : E3;
	19385 : E3;
	19386 : E3;
	19387 : E3;
	19388 : E3;
	19389 : E3;
	19390 : E3;
	19391 : E3;
	19392 : E3;
	19393 : E3;
	19394 : E3;
	19395 : E3;
	19396 : E3;
	19397 : E3;
	19398 : E3;
	19399 : E3;
	19400 : E3;
	19401 : E3;
	19402 : E3;
	19403 : E3;
	19404 : E3;
	19405 : E3;
	19406 : E3;
	19407 : E3;
	19408 : E3;
	19409 : E3;
	19410 : E3;
	19411 : E3;
	19412 : E3;
	19413 : E3;
	19414 : E3;
	19415 : E3;
	19416 : E3;
	19417 : E3;
	19418 : E3;
	19419 : E3;
	19420 : E3;
	19421 : E3;
	19422 : E3;
	19423 : E3;
	19424 : E3;
	19425 : E3;
	19426 : E3;
	19427 : E3;
	19428 : E3;
	19429 : E3;
	19430 : E3;
	19431 : E3;
	19432 : E3;
	19433 : E3;
	19434 : E3;
	19435 : E3;
	19436 : E3;
	19437 : E3;
	19438 : E3;
	19439 : E3;
	19440 : E3;
	19441 : E3;
	19442 : E3;
	19443 : E3;
	19444 : E3;
	19445 : E3;
	19446 : E3;
	19447 : E3;
	19448 : E3;
	19449 : E3;
	19450 : E3;
	19451 : E3;
	19452 : E3;
	19453 : E3;
	19454 : E3;
	19455 : E3;
	19456 : E3;
	19457 : E3;
	19458 : E3;
	19459 : E3;
	19460 : E3;
	19461 : E3;
	19462 : E3;
	19463 : E3;
	19464 : E3;
	19465 : E3;
	19466 : E3;
	19467 : E3;
	19468 : E3;
	19469 : E3;
	19470 : E3;
	19471 : E3;
	19472 : E3;
	19473 : E3;
	19474 : E3;
	19475 : E3;
	19476 : E3;
	19477 : E3;
	19478 : E3;
	19479 : E3;
	19480 : E3;
	19481 : E3;
	19482 : E3;
	19483 : E3;
	19484 : E3;
	19485 : E3;
	19486 : E3;
	19487 : E3;
	19488 : E3;
	19489 : E3;
	19490 : E3;
	19491 : E3;
	19492 : E3;
	19493 : E3;
	19494 : E3;
	19495 : E3;
	19496 : E3;
	19497 : E3;
	19498 : E3;
	19499 : E3;
	19500 : E3;
	19501 : E3;
	19502 : E3;
	19503 : E3;
	19504 : E3;
	19505 : E3;
	19506 : E3;
	19507 : E3;
	19508 : E3;
	19509 : E3;
	19510 : E3;
	19511 : E3;
	19512 : E3;
	19513 : E3;
	19514 : E3;
	19515 : E3;
	19516 : E3;
	19517 : E3;
	19518 : E3;
	19519 : E3;
	19520 : E3;
	19521 : E3;
	19522 : E3;
	19523 : E3;
	19524 : E3;
	19525 : E3;
	19526 : E3;
	19527 : E3;
	19528 : E3;
	19529 : E3;
	19530 : E3;
	19531 : E3;
	19532 : E3;
	19533 : E3;
	19534 : E3;
	19535 : E3;
	19536 : E3;
	19537 : E3;
	19538 : E3;
	19539 : E3;
	19540 : E3;
	19541 : E3;
	19542 : E3;
	19543 : E3;
	19544 : E3;
	19545 : E3;
	19546 : E3;
	19547 : E3;
	19548 : E3;
	19549 : E3;
	19550 : E3;
	19551 : E3;
	19552 : E3;
	19553 : E3;
	19554 : E3;
	19555 : E3;
	19556 : E3;
	19557 : E3;
	19558 : E3;
	19559 : E3;
	19560 : E3;
	19561 : E3;
	19562 : E3;
	19563 : E3;
	19564 : E3;
	19565 : E3;
	19566 : E3;
	19567 : E3;
	19568 : E3;
	19569 : E3;
	19570 : E3;
	19571 : E3;
	19572 : E3;
	19573 : E3;
	19574 : E3;
	19575 : E3;
	19576 : E3;
	19577 : E3;
	19578 : E3;
	19579 : E3;
	19580 : E3;
	19581 : E3;
	19582 : E3;
	19583 : E3;
	19584 : E3;
	19585 : E3;
	19586 : E3;
	19587 : E3;
	19588 : E3;
	19589 : E3;
	19590 : E3;
	19591 : E3;
	19592 : E3;
	19593 : E3;
	19594 : E3;
	19595 : E3;
	19596 : E3;
	19597 : E3;
	19598 : E3;
	19599 : E3;
	19600 : E3;
	19601 : E3;
	19602 : E3;
	19603 : E3;
	19604 : E3;
	19605 : E3;
	19606 : E3;
	19607 : E3;
	19608 : E3;
	19609 : E3;
	19610 : E3;
	19611 : E3;
	19612 : E3;
	19613 : E3;
	19614 : E3;
	19615 : E3;
	19616 : E3;
	19617 : E3;
	19618 : E3;
	19619 : E3;
	19620 : E3;
	19621 : E3;
	19622 : E3;
	19623 : E3;
	19624 : E3;
	19625 : E3;
	19626 : E3;
	19627 : E3;
	19628 : E3;
	19629 : E3;
	19630 : E3;
	19631 : E3;
	19632 : E3;
	19633 : E3;
	19634 : E3;
	19635 : E3;
	19636 : E3;
	19637 : E3;
	19638 : E3;
	19639 : E3;
	19640 : E3;
	19641 : E3;
	19642 : E3;
	19643 : E3;
	19644 : E3;
	19645 : E3;
	19646 : E3;
	19647 : E3;
	19648 : E3;
	19649 : E3;
	19650 : E3;
	19651 : E3;
	19652 : E3;
	19653 : E3;
	19654 : E3;
	19655 : E3;
	19656 : E3;
	19657 : E3;
	19658 : E3;
	19659 : E3;
	19660 : E3;
	19661 : E3;
	19662 : E3;
	19663 : E3;
	19664 : E3;
	19665 : E3;
	19666 : E3;
	19667 : E3;
	19668 : E3;
	19669 : E3;
	19670 : E3;
	19671 : E3;
	19672 : E3;
	19673 : E3;
	19674 : E3;
	19675 : E3;
	19676 : E3;
	19677 : E3;
	19678 : E3;
	19679 : E3;
	19680 : E3;
	19681 : E3;
	19682 : E3;
	19683 : E3;
	19684 : E3;
	19685 : E3;
	19686 : E3;
	19687 : E3;
	19688 : E3;
	19689 : E3;
	19690 : E3;
	19691 : E3;
	19692 : E3;
	19693 : E3;
	19694 : E3;
	19695 : E3;
	19696 : E3;
	19697 : E3;
	19698 : E3;
	19699 : E3;
	19700 : E3;
	19701 : E3;
	19702 : E3;
	19703 : E3;
	19704 : E3;
	19705 : E3;
	19706 : E3;
	19707 : E3;
	19708 : E3;
	19709 : E3;
	19710 : E3;
	19711 : E3;
	19712 : E3;
	19713 : E3;
	19714 : E3;
	19715 : E3;
	19716 : E3;
	19717 : E3;
	19718 : E3;
	19719 : E3;
	19720 : E3;
	19721 : E3;
	19722 : E3;
	19723 : E3;
	19724 : E3;
	19725 : E3;
	19726 : E3;
	19727 : E3;
	19728 : E3;
	19729 : E3;
	19730 : E3;
	19731 : E3;
	19732 : E3;
	19733 : E3;
	19734 : E3;
	19735 : E3;
	19736 : E3;
	19737 : E3;
	19738 : E3;
	19739 : E3;
	19740 : E3;
	19741 : E3;
	19742 : E3;
	19743 : E3;
	19744 : E3;
	19745 : E3;
	19746 : E3;
	19747 : E3;
	19748 : E3;
	19749 : E3;
	19750 : E3;
	19751 : E3;
	19752 : E3;
	19753 : E3;
	19754 : E3;
	19755 : E3;
	19756 : E3;
	19757 : E3;
	19758 : E3;
	19759 : E3;
	19760 : E3;
	19761 : E3;
	19762 : E3;
	19763 : E3;
	19764 : E3;
	19765 : E3;
	19766 : E3;
	19767 : E3;
	19768 : E3;
	19769 : E3;
	19770 : E3;
	19771 : E3;
	19772 : E3;
	19773 : E3;
	19774 : E3;
	19775 : E3;
	19776 : E3;
	19777 : E3;
	19778 : E3;
	19779 : E3;
	19780 : E3;
	19781 : E3;
	19782 : E3;
	19783 : E3;
	19784 : E3;
	19785 : E3;
	19786 : E3;
	19787 : E3;
	19788 : E3;
	19789 : E3;
	19790 : E3;
	19791 : E3;
	19792 : E3;
	19793 : E3;
	19794 : E3;
	19795 : E3;
	19796 : E3;
	19797 : E3;
	19798 : E3;
	19799 : E3;
	19800 : E3;
	19801 : E3;
	19802 : E3;
	19803 : E3;
	19804 : E3;
	19805 : E3;
	19806 : E3;
	19807 : E3;
	19808 : E3;
	19809 : E3;
	19810 : E3;
	19811 : E3;
	19812 : E3;
	19813 : E3;
	19814 : E3;
	19815 : E3;
	19816 : E3;
	19817 : E3;
	19818 : E3;
	19819 : E3;
	19820 : E3;
	19821 : E3;
	19822 : E3;
	19823 : E3;
	19824 : E3;
	19825 : E3;
	19826 : E3;
	19827 : E3;
	19828 : E3;
	19829 : E3;
	19830 : E3;
	19831 : E3;
	19832 : E3;
	19833 : E3;
	19834 : E3;
	19835 : E3;
	19836 : E3;
	19837 : E3;
	19838 : E3;
	19839 : E3;
	19840 : E3;
	19841 : E3;
	19842 : E3;
	19843 : E3;
	19844 : E3;
	19845 : E3;
	19846 : E3;
	19847 : E3;
	19848 : E3;
	19849 : E3;
	19850 : E3;
	19851 : E3;
	19852 : E3;
	19853 : E3;
	19854 : E3;
	19855 : E3;
	19856 : E3;
	19857 : E3;
	19858 : E3;
	19859 : E3;
	19860 : E3;
	19861 : E3;
	19862 : E3;
	19863 : E3;
	19864 : E3;
	19865 : E3;
	19866 : E3;
	19867 : E3;
	19868 : E3;
	19869 : E3;
	19870 : E3;
	19871 : E3;
	19872 : E3;
	19873 : E3;
	19874 : E3;
	19875 : E3;
	19876 : 20;
	19877 : E3;
	19878 : E3;
	19879 : E3;
	19880 : E3;
	19881 : E3;
	19882 : E3;
	19883 : E3;
	19884 : E3;
	19885 : E3;
	19886 : E3;
	19887 : E3;
	19888 : E3;
	19889 : E3;
	19890 : E3;
	19891 : E3;
	19892 : E3;
	19893 : E3;
	19894 : E3;
	19895 : E3;
	19896 : E3;
	19897 : E3;
	19898 : E3;
	19899 : E3;
	19900 : E3;
	19901 : E3;
	19902 : E3;
	19903 : E3;
	19904 : E3;
	19905 : E3;
	19906 : E3;
	19907 : E3;
	19908 : E3;
	19909 : E3;
	19910 : E3;
	19911 : E3;
	19912 : E3;
	19913 : E3;
	19914 : E3;
	19915 : E3;
	19916 : E3;
	19917 : E3;
	19918 : E3;
	19919 : E3;
	19920 : E3;
	19921 : E3;
	19922 : E3;
	19923 : E3;
	19924 : E3;
	19925 : E3;
	19926 : E3;
	19927 : E3;
	19928 : E3;
	19929 : E3;
	19930 : E3;
	19931 : E3;
	19932 : E3;
	19933 : E3;
	19934 : E3;
	19935 : E3;
	19936 : E3;
	19937 : E3;
	19938 : E3;
	19939 : E3;
	19940 : E3;
	19941 : E3;
	19942 : E3;
	19943 : E3;
	19944 : E3;
	19945 : E3;
	19946 : E3;
	19947 : E3;
	19948 : E3;
	19949 : E3;
	19950 : E3;
	19951 : E3;
	19952 : E3;
	19953 : 20;
	19954 : 20;
	19955 : 20;
	19956 : E3;
	19957 : E3;
	19958 : E3;
	19959 : E3;
	19960 : E3;
	19961 : E3;
	19962 : E3;
	19963 : E3;
	19964 : E3;
	19965 : E3;
	19966 : E3;
	19967 : E3;
	19968 : E3;
	19969 : E3;
	19970 : E3;
	19971 : E3;
	19972 : E3;
	19973 : E3;
	19974 : E3;
	19975 : E3;
	19976 : E3;
	19977 : E3;
	19978 : E3;
	19979 : E3;
	19980 : E3;
	19981 : E3;
	19982 : E3;
	19983 : E3;
	19984 : E3;
	19985 : E3;
	19986 : E3;
	19987 : E3;
	19988 : E3;
	19989 : E3;
	19990 : E3;
	19991 : E3;
	19992 : E3;
	19993 : E3;
	19994 : E3;
	19995 : E3;
	19996 : E3;
	19997 : E3;
	19998 : E3;
	19999 : E3;
	20000 : E3;
	20001 : E3;
	20002 : E3;
	20003 : E3;
	20004 : E3;
	20005 : E3;
	20006 : E3;
	20007 : E3;
	20008 : E3;
	20009 : E3;
	20010 : E3;
	20011 : E3;
	20012 : E3;
	20013 : E3;
	20014 : E3;
	20015 : E3;
	20016 : E3;
	20017 : E3;
	20018 : E3;
	20019 : E3;
	20020 : E3;
	20021 : E3;
	20022 : E3;
	20023 : E3;
	20024 : E3;
	20025 : E3;
	20026 : E3;
	20027 : E3;
	20028 : E3;
	20029 : E3;
	20030 : E3;
	20031 : E3;
	20032 : 20;
	20033 : E3;
	20034 : E3;
	20035 : E3;
	20036 : E3;
	20037 : E3;
	20038 : E3;
	20039 : E3;
	20040 : E3;
	20041 : E3;
	20042 : E3;
	20043 : E3;
	20044 : E3;
	20045 : E3;
	20046 : E3;
	20047 : E3;
	20048 : E3;
	20049 : E3;
	20050 : E3;
	20051 : E3;
	20052 : E3;
	20053 : E3;
	20054 : E3;
	20055 : E3;
	20056 : E3;
	20057 : E3;
	20058 : E3;
	20059 : E3;
	20060 : E3;
	20061 : E3;
	20062 : E3;
	20063 : E3;
	20064 : E3;
	20065 : E3;
	20066 : E3;
	20067 : E3;
	20068 : E3;
	20069 : E3;
	20070 : E3;
	20071 : E3;
	20072 : E3;
	20073 : E3;
	20074 : E3;
	20075 : E3;
	20076 : E3;
	20077 : E3;
	20078 : E3;
	20079 : E3;
	20080 : E3;
	20081 : E3;
	20082 : E3;
	20083 : E3;
	20084 : E3;
	20085 : E3;
	20086 : E3;
	20087 : E3;
	20088 : E3;
	20089 : E3;
	20090 : E3;
	20091 : E3;
	20092 : E3;
	20093 : E3;
	20094 : E3;
	20095 : E3;
	20096 : E3;
	20097 : E3;
	20098 : E3;
	20099 : E3;
	20100 : E3;
	20101 : E3;
	20102 : E3;
	20103 : E3;
	20104 : E3;
	20105 : E3;
	20106 : E3;
	20107 : E3;
	20108 : E3;
	20109 : E3;
	20110 : 20;
	20111 : 00;
	20112 : E3;
	20113 : E3;
	20114 : 20;
	20115 : E3;
	20116 : E3;
	20117 : E3;
	20118 : E3;
	20119 : E3;
	20120 : E3;
	20121 : E3;
	20122 : E3;
	20123 : E3;
	20124 : E3;
	20125 : E3;
	20126 : E3;
	20127 : E3;
	20128 : E3;
	20129 : E3;
	20130 : E3;
	20131 : E3;
	20132 : E3;
	20133 : E3;
	20134 : E3;
	20135 : E3;
	20136 : E3;
	20137 : E3;
	20138 : E3;
	20139 : E3;
	20140 : E3;
	20141 : E3;
	20142 : E3;
	20143 : E3;
	20144 : E3;
	20145 : E3;
	20146 : E3;
	20147 : E3;
	20148 : E3;
	20149 : E3;
	20150 : E3;
	20151 : E3;
	20152 : E3;
	20153 : E3;
	20154 : E3;
	20155 : E3;
	20156 : E3;
	20157 : E3;
	20158 : E3;
	20159 : E3;
	20160 : E3;
	20161 : E3;
	20162 : E3;
	20163 : E3;
	20164 : E3;
	20165 : E3;
	20166 : E3;
	20167 : E3;
	20168 : E3;
	20169 : E3;
	20170 : E3;
	20171 : E3;
	20172 : E3;
	20173 : E3;
	20174 : E3;
	20175 : E3;
	20176 : E3;
	20177 : E3;
	20178 : E3;
	20179 : E3;
	20180 : E3;
	20181 : E3;
	20182 : E3;
	20183 : E3;
	20184 : E3;
	20185 : E3;
	20186 : E3;
	20187 : E3;
	20188 : E3;
	20189 : 20;
	20190 : E3;
	20191 : E3;
	20192 : E3;
	20193 : 00;
	20194 : E3;
	20195 : E3;
	20196 : E3;
	20197 : E3;
	20198 : E3;
	20199 : E3;
	20200 : E3;
	20201 : E3;
	20202 : E3;
	20203 : E3;
	20204 : E3;
	20205 : E3;
	20206 : E3;
	20207 : E3;
	20208 : E3;
	20209 : E3;
	20210 : E3;
	20211 : E3;
	20212 : E3;
	20213 : E3;
	20214 : E3;
	20215 : E3;
	20216 : E3;
	20217 : E3;
	20218 : E3;
	20219 : E3;
	20220 : E3;
	20221 : E3;
	20222 : E3;
	20223 : E3;
	20224 : E3;
	20225 : E3;
	20226 : E3;
	20227 : E3;
	20228 : E3;
	20229 : E3;
	20230 : E3;
	20231 : E3;
	20232 : E3;
	20233 : E3;
	20234 : E3;
	20235 : E3;
	20236 : E3;
	20237 : E3;
	20238 : E3;
	20239 : E3;
	20240 : E3;
	20241 : E3;
	20242 : E3;
	20243 : E3;
	20244 : E3;
	20245 : E3;
	20246 : E3;
	20247 : E3;
	20248 : E3;
	20249 : E3;
	20250 : E3;
	20251 : E3;
	20252 : E3;
	20253 : E3;
	20254 : E3;
	20255 : E3;
	20256 : E3;
	20257 : 20;
	20258 : E3;
	20259 : E3;
	20260 : E3;
	20261 : E3;
	20262 : E3;
	20263 : E3;
	20264 : E3;
	20265 : E3;
	20266 : E3;
	20267 : E3;
	20268 : E3;
	20269 : E3;
	20270 : 20;
	20271 : 00;
	20272 : E3;
	20273 : E3;
	20274 : E3;
	20275 : E3;
	20276 : E3;
	20277 : E3;
	20278 : E3;
	20279 : E3;
	20280 : E3;
	20281 : E3;
	20282 : E3;
	20283 : E3;
	20284 : E3;
	20285 : E3;
	20286 : E3;
	20287 : E3;
	20288 : E3;
	20289 : E3;
	20290 : E3;
	20291 : E3;
	20292 : E3;
	20293 : E3;
	20294 : E3;
	20295 : E3;
	20296 : E3;
	20297 : E3;
	20298 : E3;
	20299 : E3;
	20300 : E3;
	20301 : E3;
	20302 : E3;
	20303 : E3;
	20304 : E3;
	20305 : E3;
	20306 : E3;
	20307 : E3;
	20308 : E3;
	20309 : E3;
	20310 : E3;
	20311 : E3;
	20312 : E3;
	20313 : E3;
	20314 : E3;
	20315 : E3;
	20316 : E3;
	20317 : E3;
	20318 : E3;
	20319 : E3;
	20320 : E3;
	20321 : E3;
	20322 : E3;
	20323 : E3;
	20324 : E3;
	20325 : E3;
	20326 : E3;
	20327 : E3;
	20328 : E3;
	20329 : E3;
	20330 : E3;
	20331 : E3;
	20332 : E3;
	20333 : E3;
	20334 : 00;
	20335 : 20;
	20336 : E3;
	20337 : E3;
	20338 : E3;
	20339 : E3;
	20340 : E3;
	20341 : E3;
	20342 : E3;
	20343 : 00;
	20344 : E3;
	20345 : E3;
	20346 : E3;
	20347 : 20;
	20348 : 20;
	20349 : 00;
	20350 : 00;
	20351 : E3;
	20352 : E3;
	20353 : E3;
	20354 : E3;
	20355 : E3;
	20356 : E3;
	20357 : E3;
	20358 : E3;
	20359 : E3;
	20360 : E3;
	20361 : E3;
	20362 : E3;
	20363 : E3;
	20364 : E3;
	20365 : E3;
	20366 : E3;
	20367 : E3;
	20368 : E3;
	20369 : E3;
	20370 : E3;
	20371 : E3;
	20372 : E3;
	20373 : E3;
	20374 : E3;
	20375 : E3;
	20376 : E3;
	20377 : E3;
	20378 : E3;
	20379 : E3;
	20380 : E3;
	20381 : E3;
	20382 : E3;
	20383 : E3;
	20384 : E3;
	20385 : E3;
	20386 : E3;
	20387 : E3;
	20388 : E3;
	20389 : E3;
	20390 : E3;
	20391 : E3;
	20392 : E3;
	20393 : E3;
	20394 : E3;
	20395 : E3;
	20396 : E3;
	20397 : E3;
	20398 : E3;
	20399 : E3;
	20400 : E3;
	20401 : E3;
	20402 : E3;
	20403 : E3;
	20404 : E3;
	20405 : E3;
	20406 : E3;
	20407 : E3;
	20408 : E3;
	20409 : E3;
	20410 : E3;
	20411 : E3;
	20412 : E3;
	20413 : 20;
	20414 : 20;
	20415 : E3;
	20416 : E3;
	20417 : E3;
	20418 : E3;
	20419 : E3;
	20420 : E3;
	20421 : 20;
	20422 : E3;
	20423 : E3;
	20424 : E3;
	20425 : 20;
	20426 : 20;
	20427 : 20;
	20428 : E3;
	20429 : E3;
	20430 : E3;
	20431 : E3;
	20432 : E3;
	20433 : E3;
	20434 : E3;
	20435 : E3;
	20436 : E3;
	20437 : E3;
	20438 : E3;
	20439 : E3;
	20440 : E3;
	20441 : E3;
	20442 : E3;
	20443 : E3;
	20444 : E3;
	20445 : E3;
	20446 : E3;
	20447 : E3;
	20448 : E3;
	20449 : E3;
	20450 : E3;
	20451 : E3;
	20452 : E3;
	20453 : E3;
	20454 : E3;
	20455 : E3;
	20456 : E3;
	20457 : E3;
	20458 : E3;
	20459 : E3;
	20460 : E3;
	20461 : E3;
	20462 : E3;
	20463 : E3;
	20464 : E3;
	20465 : E3;
	20466 : E3;
	20467 : E3;
	20468 : E3;
	20469 : E3;
	20470 : E3;
	20471 : E3;
	20472 : E3;
	20473 : E3;
	20474 : E3;
	20475 : E3;
	20476 : E3;
	20477 : E3;
	20478 : E3;
	20479 : E3;
	20480 : E3;
	20481 : E3;
	20482 : E3;
	20483 : E3;
	20484 : E3;
	20485 : E3;
	20486 : E3;
	20487 : E3;
	20488 : E3;
	20489 : 00;
	20490 : 00;
	20491 : 20;
	20492 : 20;
	20493 : E3;
	20494 : E3;
	20495 : E3;
	20496 : E3;
	20497 : E3;
	20498 : E3;
	20499 : E3;
	20500 : E3;
	20501 : E3;
	20502 : E3;
	20503 : 20;
	20504 : 20;
	20505 : 20;
	20506 : 20;
	20507 : E3;
	20508 : E3;
	20509 : E3;
	20510 : E3;
	20511 : E3;
	20512 : E3;
	20513 : E3;
	20514 : E3;
	20515 : E3;
	20516 : E3;
	20517 : E3;
	20518 : E3;
	20519 : E3;
	20520 : E3;
	20521 : E3;
	20522 : E3;
	20523 : E3;
	20524 : E3;
	20525 : E3;
	20526 : E3;
	20527 : E3;
	20528 : E3;
	20529 : E3;
	20530 : E3;
	20531 : E3;
	20532 : E3;
	20533 : E3;
	20534 : E3;
	20535 : E3;
	20536 : E3;
	20537 : E3;
	20538 : E3;
	20539 : E3;
	20540 : E3;
	20541 : E3;
	20542 : E3;
	20543 : E3;
	20544 : E3;
	20545 : E3;
	20546 : E3;
	20547 : E3;
	20548 : E3;
	20549 : E3;
	20550 : E3;
	20551 : E3;
	20552 : E3;
	20553 : E3;
	20554 : E3;
	20555 : E3;
	20556 : E3;
	20557 : E3;
	20558 : E3;
	20559 : E3;
	20560 : E3;
	20561 : E3;
	20562 : E3;
	20563 : E3;
	20564 : E3;
	20565 : E3;
	20566 : E3;
	20567 : 20;
	20568 : 00;
	20569 : 20;
	20570 : E3;
	20571 : E3;
	20572 : E3;
	20573 : E3;
	20574 : E3;
	20575 : E3;
	20576 : E3;
	20577 : E3;
	20578 : E3;
	20579 : E3;
	20580 : E3;
	20581 : 20;
	20582 : 20;
	20583 : 20;
	20584 : E3;
	20585 : E3;
	20586 : E3;
	20587 : E3;
	20588 : E3;
	20589 : E3;
	20590 : E3;
	20591 : E3;
	20592 : E3;
	20593 : E3;
	20594 : E3;
	20595 : E3;
	20596 : E3;
	20597 : E3;
	20598 : E3;
	20599 : E3;
	20600 : E3;
	20601 : E3;
	20602 : E3;
	20603 : E3;
	20604 : E3;
	20605 : E3;
	20606 : E3;
	20607 : E3;
	20608 : E3;
	20609 : E3;
	20610 : E3;
	20611 : E3;
	20612 : E3;
	20613 : E3;
	20614 : E3;
	20615 : E3;
	20616 : E3;
	20617 : E3;
	20618 : E3;
	20619 : E3;
	20620 : E3;
	20621 : E3;
	20622 : E3;
	20623 : E3;
	20624 : E3;
	20625 : E3;
	20626 : E3;
	20627 : E3;
	20628 : E3;
	20629 : E3;
	20630 : E3;
	20631 : E3;
	20632 : E3;
	20633 : E3;
	20634 : E3;
	20635 : E3;
	20636 : E3;
	20637 : E3;
	20638 : E3;
	20639 : E3;
	20640 : E3;
	20641 : E3;
	20642 : E3;
	20643 : E3;
	20644 : 20;
	20645 : 00;
	20646 : 20;
	20647 : E3;
	20648 : 20;
	20649 : E3;
	20650 : 20;
	20651 : 20;
	20652 : E3;
	20653 : E3;
	20654 : E3;
	20655 : E3;
	20656 : 20;
	20657 : E3;
	20658 : 20;
	20659 : 20;
	20660 : 00;
	20661 : 00;
	20662 : E3;
	20663 : E3;
	20664 : E3;
	20665 : E3;
	20666 : E3;
	20667 : E3;
	20668 : E3;
	20669 : E3;
	20670 : E3;
	20671 : E3;
	20672 : E3;
	20673 : E3;
	20674 : E3;
	20675 : E3;
	20676 : E3;
	20677 : E3;
	20678 : E3;
	20679 : E3;
	20680 : E3;
	20681 : E3;
	20682 : E3;
	20683 : E3;
	20684 : E3;
	20685 : E3;
	20686 : E3;
	20687 : E3;
	20688 : E3;
	20689 : E3;
	20690 : E3;
	20691 : E3;
	20692 : E3;
	20693 : E3;
	20694 : E3;
	20695 : E3;
	20696 : E3;
	20697 : E3;
	20698 : E3;
	20699 : E3;
	20700 : E3;
	20701 : E3;
	20702 : E3;
	20703 : E3;
	20704 : E3;
	20705 : E3;
	20706 : E3;
	20707 : E3;
	20708 : E3;
	20709 : E3;
	20710 : E3;
	20711 : E3;
	20712 : E3;
	20713 : E3;
	20714 : E3;
	20715 : E3;
	20716 : E3;
	20717 : E3;
	20718 : E3;
	20719 : E3;
	20720 : E3;
	20721 : E3;
	20722 : E3;
	20723 : 00;
	20724 : 00;
	20725 : E3;
	20726 : E3;
	20727 : E3;
	20728 : 20;
	20729 : 20;
	20730 : E3;
	20731 : E3;
	20732 : E3;
	20733 : E3;
	20734 : 20;
	20735 : 20;
	20736 : E3;
	20737 : E3;
	20738 : 20;
	20739 : 20;
	20740 : E3;
	20741 : E3;
	20742 : E3;
	20743 : E3;
	20744 : E3;
	20745 : E3;
	20746 : E3;
	20747 : E3;
	20748 : E3;
	20749 : E3;
	20750 : E3;
	20751 : E3;
	20752 : E3;
	20753 : E3;
	20754 : E3;
	20755 : E3;
	20756 : E3;
	20757 : E3;
	20758 : E3;
	20759 : E3;
	20760 : E3;
	20761 : E3;
	20762 : E3;
	20763 : E3;
	20764 : E3;
	20765 : E3;
	20766 : E3;
	20767 : E3;
	20768 : E3;
	20769 : E3;
	20770 : E3;
	20771 : E3;
	20772 : E3;
	20773 : E3;
	20774 : E3;
	20775 : E3;
	20776 : E3;
	20777 : E3;
	20778 : E3;
	20779 : E3;
	20780 : E3;
	20781 : E3;
	20782 : E3;
	20783 : E3;
	20784 : E3;
	20785 : E3;
	20786 : E3;
	20787 : E3;
	20788 : E3;
	20789 : E3;
	20790 : E3;
	20791 : E3;
	20792 : E3;
	20793 : E3;
	20794 : E3;
	20795 : E3;
	20796 : E3;
	20797 : E3;
	20798 : E3;
	20799 : E3;
	20800 : E3;
	20801 : 20;
	20802 : E3;
	20803 : E3;
	20804 : E3;
	20805 : 20;
	20806 : 20;
	20807 : 20;
	20808 : E3;
	20809 : E3;
	20810 : E3;
	20811 : E3;
	20812 : 20;
	20813 : E3;
	20814 : 20;
	20815 : 20;
	20816 : 20;
	20817 : 20;
	20818 : E3;
	20819 : E3;
	20820 : E3;
	20821 : E3;
	20822 : E3;
	20823 : E3;
	20824 : E3;
	20825 : E3;
	20826 : E3;
	20827 : E3;
	20828 : E3;
	20829 : E3;
	20830 : E3;
	20831 : E3;
	20832 : E3;
	20833 : E3;
	20834 : E3;
	20835 : E3;
	20836 : E3;
	20837 : E3;
	20838 : E3;
	20839 : E3;
	20840 : E3;
	20841 : E3;
	20842 : E3;
	20843 : E3;
	20844 : E3;
	20845 : E3;
	20846 : E3;
	20847 : E3;
	20848 : E3;
	20849 : E3;
	20850 : E3;
	20851 : E3;
	20852 : E3;
	20853 : E3;
	20854 : E3;
	20855 : E3;
	20856 : E3;
	20857 : E3;
	20858 : E3;
	20859 : E3;
	20860 : E3;
	20861 : E3;
	20862 : E3;
	20863 : E3;
	20864 : E3;
	20865 : E3;
	20866 : E3;
	20867 : E3;
	20868 : E3;
	20869 : E3;
	20870 : E3;
	20871 : E3;
	20872 : E3;
	20873 : E3;
	20874 : E3;
	20875 : E3;
	20876 : E3;
	20877 : E3;
	20878 : E3;
	20879 : 20;
	20880 : E3;
	20881 : E3;
	20882 : E3;
	20883 : 00;
	20884 : 20;
	20885 : E3;
	20886 : 20;
	20887 : 20;
	20888 : E3;
	20889 : E3;
	20890 : 20;
	20891 : 20;
	20892 : 20;
	20893 : 20;
	20894 : 20;
	20895 : E3;
	20896 : 20;
	20897 : 00;
	20898 : E3;
	20899 : E3;
	20900 : E3;
	20901 : E3;
	20902 : E3;
	20903 : E3;
	20904 : E3;
	20905 : E3;
	20906 : E3;
	20907 : E3;
	20908 : E3;
	20909 : E3;
	20910 : E3;
	20911 : E3;
	20912 : E3;
	20913 : E3;
	20914 : E3;
	20915 : E3;
	20916 : E3;
	20917 : E3;
	20918 : E3;
	20919 : E3;
	20920 : E3;
	20921 : E3;
	20922 : E3;
	20923 : E3;
	20924 : E3;
	20925 : E3;
	20926 : E3;
	20927 : E3;
	20928 : E3;
	20929 : E3;
	20930 : E3;
	20931 : E3;
	20932 : E3;
	20933 : E3;
	20934 : E3;
	20935 : E3;
	20936 : E3;
	20937 : E3;
	20938 : E3;
	20939 : E3;
	20940 : E3;
	20941 : E3;
	20942 : E3;
	20943 : E3;
	20944 : E3;
	20945 : E3;
	20946 : E3;
	20947 : E3;
	20948 : E3;
	20949 : E3;
	20950 : E3;
	20951 : E3;
	20952 : E3;
	20953 : E3;
	20954 : E3;
	20955 : E3;
	20956 : E3;
	20957 : E3;
	20958 : E3;
	20959 : E3;
	20960 : E3;
	20961 : 20;
	20962 : 20;
	20963 : 20;
	20964 : E3;
	20965 : E3;
	20966 : E3;
	20967 : E3;
	20968 : E3;
	20969 : E3;
	20970 : E3;
	20971 : E3;
	20972 : E3;
	20973 : E3;
	20974 : E3;
	20975 : 20;
	20976 : E3;
	20977 : E3;
	20978 : E3;
	20979 : E3;
	20980 : E3;
	20981 : E3;
	20982 : E3;
	20983 : E3;
	20984 : E3;
	20985 : E3;
	20986 : E3;
	20987 : E3;
	20988 : E3;
	20989 : E3;
	20990 : E3;
	20991 : E3;
	20992 : E3;
	20993 : E3;
	20994 : E3;
	20995 : E3;
	20996 : E3;
	20997 : E3;
	20998 : E3;
	20999 : E3;
	21000 : E3;
	21001 : E3;
	21002 : E3;
	21003 : E3;
	21004 : E3;
	21005 : E3;
	21006 : E3;
	21007 : E3;
	21008 : E3;
	21009 : E3;
	21010 : E3;
	21011 : E3;
	21012 : E3;
	21013 : E3;
	21014 : E3;
	21015 : E3;
	21016 : E3;
	21017 : E3;
	21018 : E3;
	21019 : E3;
	21020 : E3;
	21021 : E3;
	21022 : E3;
	21023 : E3;
	21024 : E3;
	21025 : E3;
	21026 : E3;
	21027 : E3;
	21028 : E3;
	21029 : E3;
	21030 : E3;
	21031 : E3;
	21032 : FF;
	21033 : FF;
	21034 : FF;
	21035 : FF;
	21036 : FF;
	21037 : FF;
	21038 : DB;
	21039 : 20;
	21040 : E3;
	21041 : E3;
	21042 : E3;
	21043 : E3;
	21044 : E3;
	21045 : E3;
	21046 : B6;
	21047 : FF;
	21048 : FF;
	21049 : FF;
	21050 : FF;
	21051 : FF;
	21052 : FF;
	21053 : FF;
	21054 : E3;
	21055 : E3;
	21056 : E3;
	21057 : E3;
	21058 : E3;
	21059 : E3;
	21060 : E3;
	21061 : E3;
	21062 : E3;
	21063 : E3;
	21064 : E3;
	21065 : E3;
	21066 : E3;
	21067 : E3;
	21068 : E3;
	21069 : E3;
	21070 : E3;
	21071 : FF;
	21072 : FF;
	21073 : FF;
	21074 : FF;
	21075 : FF;
	21076 : FF;
	21077 : FF;
	21078 : FF;
	21079 : FF;
	21080 : FF;
	21081 : FF;
	21082 : FF;
	21083 : FF;
	21084 : FF;
	21085 : FF;
	21086 : E3;
	21087 : E3;
	21088 : E3;
	21089 : E3;
	21090 : E3;
	21091 : E3;
	21092 : E3;
	21093 : E3;
	21094 : E3;
	21095 : E3;
	21096 : E3;
	21097 : E3;
	21098 : E3;
	21099 : E3;
	21100 : E3;
	21101 : E3;
	21102 : E3;
	21103 : E3;
	21104 : E3;
	21105 : E3;
	21106 : E3;
	21107 : E3;
	21108 : E3;
	21109 : E3;
	21110 : E3;
	21111 : 6D;
	21112 : 44;
	21113 : 44;
	21114 : 44;
	21115 : 44;
	21116 : 68;
	21117 : DA;
	21118 : E3;
	21119 : E3;
	21120 : E3;
	21121 : E3;
	21122 : E3;
	21123 : 20;
	21124 : 20;
	21125 : B6;
	21126 : D6;
	21127 : 44;
	21128 : 68;
	21129 : 44;
	21130 : 44;
	21131 : 44;
	21132 : DB;
	21133 : E3;
	21134 : E3;
	21135 : E3;
	21136 : E3;
	21137 : E3;
	21138 : E3;
	21139 : E3;
	21140 : E3;
	21141 : E3;
	21142 : E3;
	21143 : E3;
	21144 : E3;
	21145 : E3;
	21146 : E3;
	21147 : E3;
	21148 : E3;
	21149 : FF;
	21150 : 68;
	21151 : 44;
	21152 : 44;
	21153 : 44;
	21154 : 44;
	21155 : 68;
	21156 : 68;
	21157 : 68;
	21158 : 68;
	21159 : 68;
	21160 : 68;
	21161 : 68;
	21162 : 68;
	21163 : 44;
	21164 : 68;
	21165 : FB;
	21166 : E3;
	21167 : E3;
	21168 : E3;
	21169 : E3;
	21170 : E3;
	21171 : E3;
	21172 : E3;
	21173 : E3;
	21174 : E3;
	21175 : E3;
	21176 : E3;
	21177 : E3;
	21178 : E3;
	21179 : E3;
	21180 : E3;
	21181 : E3;
	21182 : E3;
	21183 : E3;
	21184 : E3;
	21185 : E3;
	21186 : E3;
	21187 : E3;
	21188 : E3;
	21189 : B6;
	21190 : 68;
	21191 : 20;
	21192 : 20;
	21193 : 20;
	21194 : 20;
	21195 : 40;
	21196 : D6;
	21197 : E3;
	21198 : E3;
	21199 : E3;
	21200 : E3;
	21201 : E3;
	21202 : E3;
	21203 : E3;
	21204 : FF;
	21205 : B6;
	21206 : 20;
	21207 : 20;
	21208 : 40;
	21209 : 40;
	21210 : 40;
	21211 : DA;
	21212 : E3;
	21213 : E3;
	21214 : E3;
	21215 : E3;
	21216 : E3;
	21217 : E3;
	21218 : E3;
	21219 : E3;
	21220 : E3;
	21221 : E3;
	21222 : E3;
	21223 : E3;
	21224 : E3;
	21225 : E3;
	21226 : E3;
	21227 : E3;
	21228 : FB;
	21229 : 40;
	21230 : 20;
	21231 : 40;
	21232 : 40;
	21233 : 40;
	21234 : 40;
	21235 : 40;
	21236 : 40;
	21237 : 40;
	21238 : 40;
	21239 : 40;
	21240 : 20;
	21241 : 20;
	21242 : 20;
	21243 : 44;
	21244 : FF;
	21245 : 6D;
	21246 : E3;
	21247 : E3;
	21248 : E3;
	21249 : E3;
	21250 : E3;
	21251 : E3;
	21252 : E3;
	21253 : E3;
	21254 : E3;
	21255 : E3;
	21256 : E3;
	21257 : E3;
	21258 : E3;
	21259 : E3;
	21260 : E3;
	21261 : E3;
	21262 : E3;
	21263 : E3;
	21264 : E3;
	21265 : E3;
	21266 : E3;
	21267 : 20;
	21268 : B6;
	21269 : 68;
	21270 : 40;
	21271 : 40;
	21272 : 40;
	21273 : 40;
	21274 : 44;
	21275 : DA;
	21276 : E3;
	21277 : E3;
	21278 : E3;
	21279 : E3;
	21280 : E3;
	21281 : FF;
	21282 : FF;
	21283 : FF;
	21284 : B6;
	21285 : 20;
	21286 : 40;
	21287 : 68;
	21288 : 8D;
	21289 : AD;
	21290 : FF;
	21291 : E3;
	21292 : E3;
	21293 : E3;
	21294 : E3;
	21295 : E3;
	21296 : E3;
	21297 : E3;
	21298 : E3;
	21299 : E3;
	21300 : E3;
	21301 : E3;
	21302 : E3;
	21303 : E3;
	21304 : E3;
	21305 : E3;
	21306 : FB;
	21307 : FB;
	21308 : 44;
	21309 : 40;
	21310 : 44;
	21311 : 8C;
	21312 : AD;
	21313 : AD;
	21314 : AD;
	21315 : AD;
	21316 : AD;
	21317 : AD;
	21318 : 8D;
	21319 : 68;
	21320 : 44;
	21321 : 40;
	21322 : 44;
	21323 : FF;
	21324 : FF;
	21325 : FF;
	21326 : FB;
	21327 : E3;
	21328 : 00;
	21329 : E3;
	21330 : E3;
	21331 : E3;
	21332 : E3;
	21333 : E3;
	21334 : E3;
	21335 : E3;
	21336 : E3;
	21337 : E3;
	21338 : E3;
	21339 : E3;
	21340 : E3;
	21341 : E3;
	21342 : E3;
	21343 : E3;
	21344 : E3;
	21345 : 20;
	21346 : E3;
	21347 : E3;
	21348 : 88;
	21349 : 40;
	21350 : 40;
	21351 : 44;
	21352 : 44;
	21353 : 64;
	21354 : DA;
	21355 : E3;
	21356 : E3;
	21357 : E3;
	21358 : E3;
	21359 : B6;
	21360 : FA;
	21361 : A8;
	21362 : 68;
	21363 : 64;
	21364 : 40;
	21365 : 40;
	21366 : DA;
	21367 : E3;
	21368 : E3;
	21369 : E3;
	21370 : E3;
	21371 : E3;
	21372 : E3;
	21373 : E3;
	21374 : E3;
	21375 : E3;
	21376 : E3;
	21377 : E3;
	21378 : E3;
	21379 : E3;
	21380 : E3;
	21381 : E3;
	21382 : E3;
	21383 : D6;
	21384 : 68;
	21385 : 68;
	21386 : 64;
	21387 : 44;
	21388 : 40;
	21389 : 88;
	21390 : FB;
	21391 : 92;
	21392 : 92;
	21393 : B2;
	21394 : B2;
	21395 : B2;
	21396 : B2;
	21397 : B6;
	21398 : FF;
	21399 : 44;
	21400 : 40;
	21401 : 44;
	21402 : 64;
	21403 : 68;
	21404 : 88;
	21405 : FF;
	21406 : E3;
	21407 : E3;
	21408 : 00;
	21409 : E3;
	21410 : E3;
	21411 : E3;
	21412 : E3;
	21413 : E3;
	21414 : E3;
	21415 : E3;
	21416 : E3;
	21417 : E3;
	21418 : E3;
	21419 : E3;
	21420 : E3;
	21421 : E3;
	21422 : E3;
	21423 : E3;
	21424 : E3;
	21425 : E3;
	21426 : B6;
	21427 : A8;
	21428 : 64;
	21429 : 64;
	21430 : 84;
	21431 : 84;
	21432 : 84;
	21433 : DA;
	21434 : E3;
	21435 : E3;
	21436 : 20;
	21437 : E3;
	21438 : E3;
	21439 : F6;
	21440 : A0;
	21441 : 64;
	21442 : 60;
	21443 : 40;
	21444 : 60;
	21445 : D6;
	21446 : E3;
	21447 : E3;
	21448 : E3;
	21449 : E3;
	21450 : E3;
	21451 : E3;
	21452 : E3;
	21453 : E3;
	21454 : E3;
	21455 : E3;
	21456 : E3;
	21457 : E3;
	21458 : E3;
	21459 : 00;
	21460 : 00;
	21461 : 6D;
	21462 : B2;
	21463 : 60;
	21464 : 60;
	21465 : 64;
	21466 : 64;
	21467 : 84;
	21468 : A8;
	21469 : B6;
	21470 : 20;
	21471 : E3;
	21472 : E3;
	21473 : 20;
	21474 : E3;
	21475 : 20;
	21476 : E3;
	21477 : FF;
	21478 : 64;
	21479 : 44;
	21480 : 44;
	21481 : 40;
	21482 : 40;
	21483 : 84;
	21484 : FF;
	21485 : E3;
	21486 : 20;
	21487 : 00;
	21488 : 20;
	21489 : E3;
	21490 : E3;
	21491 : E3;
	21492 : E3;
	21493 : E3;
	21494 : E3;
	21495 : E3;
	21496 : E3;
	21497 : E3;
	21498 : E3;
	21499 : E3;
	21500 : E3;
	21501 : E3;
	21502 : E3;
	21503 : E3;
	21504 : 20;
	21505 : B6;
	21506 : CC;
	21507 : A4;
	21508 : A4;
	21509 : A4;
	21510 : A4;
	21511 : A4;
	21512 : DA;
	21513 : 20;
	21514 : 49;
	21515 : B6;
	21516 : B6;
	21517 : DB;
	21518 : F6;
	21519 : C4;
	21520 : A4;
	21521 : A8;
	21522 : AD;
	21523 : AD;
	21524 : FB;
	21525 : E3;
	21526 : E3;
	21527 : E3;
	21528 : E3;
	21529 : E3;
	21530 : E3;
	21531 : E3;
	21532 : E3;
	21533 : E3;
	21534 : E3;
	21535 : E3;
	21536 : E3;
	21537 : 00;
	21538 : 00;
	21539 : 20;
	21540 : E3;
	21541 : D2;
	21542 : A4;
	21543 : A4;
	21544 : A4;
	21545 : A4;
	21546 : A4;
	21547 : C8;
	21548 : D6;
	21549 : 00;
	21550 : 20;
	21551 : 20;
	21552 : 20;
	21553 : 20;
	21554 : 20;
	21555 : 69;
	21556 : FF;
	21557 : A4;
	21558 : 84;
	21559 : 84;
	21560 : 84;
	21561 : 84;
	21562 : A4;
	21563 : FF;
	21564 : E3;
	21565 : E3;
	21566 : E3;
	21567 : E3;
	21568 : E3;
	21569 : E3;
	21570 : E3;
	21571 : E3;
	21572 : E3;
	21573 : E3;
	21574 : E3;
	21575 : E3;
	21576 : E3;
	21577 : E3;
	21578 : E3;
	21579 : E3;
	21580 : E3;
	21581 : E3;
	21582 : E3;
	21583 : E3;
	21584 : D7;
	21585 : EC;
	21586 : C4;
	21587 : E4;
	21588 : E4;
	21589 : E4;
	21590 : E4;
	21591 : FA;
	21592 : E3;
	21593 : E3;
	21594 : F1;
	21595 : EC;
	21596 : EC;
	21597 : E8;
	21598 : E4;
	21599 : C4;
	21600 : FA;
	21601 : E3;
	21602 : E3;
	21603 : E3;
	21604 : E3;
	21605 : E3;
	21606 : E3;
	21607 : E3;
	21608 : E3;
	21609 : E3;
	21610 : E3;
	21611 : E3;
	21612 : 20;
	21613 : 00;
	21614 : 00;
	21615 : 00;
	21616 : 20;
	21617 : E3;
	21618 : E3;
	21619 : E3;
	21620 : F6;
	21621 : C4;
	21622 : C4;
	21623 : C4;
	21624 : C4;
	21625 : E4;
	21626 : E8;
	21627 : B6;
	21628 : 00;
	21629 : 00;
	21630 : 20;
	21631 : 00;
	21632 : 20;
	21633 : 20;
	21634 : E3;
	21635 : FF;
	21636 : C8;
	21637 : C4;
	21638 : C4;
	21639 : C4;
	21640 : C4;
	21641 : C8;
	21642 : FF;
	21643 : E3;
	21644 : E3;
	21645 : E3;
	21646 : E3;
	21647 : E3;
	21648 : E3;
	21649 : E3;
	21650 : E3;
	21651 : E3;
	21652 : E3;
	21653 : E3;
	21654 : E3;
	21655 : E3;
	21656 : E3;
	21657 : E3;
	21658 : E3;
	21659 : E3;
	21660 : E3;
	21661 : E3;
	21662 : E3;
	21663 : D6;
	21664 : EC;
	21665 : E4;
	21666 : E8;
	21667 : E8;
	21668 : E8;
	21669 : E8;
	21670 : FA;
	21671 : E3;
	21672 : E3;
	21673 : EC;
	21674 : E4;
	21675 : E4;
	21676 : E4;
	21677 : E4;
	21678 : E4;
	21679 : FA;
	21680 : E3;
	21681 : E3;
	21682 : E3;
	21683 : E3;
	21684 : E3;
	21685 : E3;
	21686 : E3;
	21687 : E3;
	21688 : E3;
	21689 : 20;
	21690 : 00;
	21691 : 00;
	21692 : 00;
	21693 : 00;
	21694 : 20;
	21695 : 20;
	21696 : 20;
	21697 : 00;
	21698 : 6D;
	21699 : F6;
	21700 : E4;
	21701 : E8;
	21702 : E8;
	21703 : E8;
	21704 : E4;
	21705 : E8;
	21706 : D6;
	21707 : 00;
	21708 : 00;
	21709 : 00;
	21710 : 00;
	21711 : 20;
	21712 : 00;
	21713 : E3;
	21714 : FF;
	21715 : E8;
	21716 : E4;
	21717 : E4;
	21718 : E4;
	21719 : E4;
	21720 : E8;
	21721 : FF;
	21722 : E3;
	21723 : 00;
	21724 : 00;
	21725 : 00;
	21726 : 00;
	21727 : E3;
	21728 : E3;
	21729 : E3;
	21730 : E3;
	21731 : E3;
	21732 : E3;
	21733 : E3;
	21734 : E3;
	21735 : 20;
	21736 : E3;
	21737 : E3;
	21738 : E3;
	21739 : E3;
	21740 : E3;
	21741 : E3;
	21742 : E3;
	21743 : EC;
	21744 : E4;
	21745 : E8;
	21746 : E8;
	21747 : E8;
	21748 : E8;
	21749 : F6;
	21750 : FA;
	21751 : FA;
	21752 : E8;
	21753 : E4;
	21754 : E8;
	21755 : ED;
	21756 : ED;
	21757 : ED;
	21758 : FB;
	21759 : E3;
	21760 : E3;
	21761 : E3;
	21762 : E3;
	21763 : E3;
	21764 : E3;
	21765 : E3;
	21766 : 00;
	21767 : 00;
	21768 : 00;
	21769 : 20;
	21770 : 20;
	21771 : 20;
	21772 : 20;
	21773 : 00;
	21774 : 20;
	21775 : 20;
	21776 : 00;
	21777 : 6D;
	21778 : F6;
	21779 : E4;
	21780 : E8;
	21781 : E8;
	21782 : E8;
	21783 : E4;
	21784 : EC;
	21785 : D6;
	21786 : 00;
	21787 : 20;
	21788 : E3;
	21789 : E3;
	21790 : E3;
	21791 : E3;
	21792 : E3;
	21793 : FF;
	21794 : E8;
	21795 : E4;
	21796 : E8;
	21797 : E8;
	21798 : E4;
	21799 : E8;
	21800 : FF;
	21801 : E3;
	21802 : 20;
	21803 : 00;
	21804 : 00;
	21805 : 20;
	21806 : 00;
	21807 : E3;
	21808 : E3;
	21809 : E3;
	21810 : E3;
	21811 : E3;
	21812 : E3;
	21813 : E3;
	21814 : 00;
	21815 : E3;
	21816 : E3;
	21817 : E3;
	21818 : E3;
	21819 : E3;
	21820 : E3;
	21821 : D7;
	21822 : EC;
	21823 : E4;
	21824 : E8;
	21825 : E8;
	21826 : E8;
	21827 : E8;
	21828 : E4;
	21829 : E4;
	21830 : E4;
	21831 : E8;
	21832 : E4;
	21833 : EC;
	21834 : FF;
	21835 : FF;
	21836 : FF;
	21837 : E3;
	21838 : E3;
	21839 : E3;
	21840 : E3;
	21841 : 00;
	21842 : 00;
	21843 : 20;
	21844 : 00;
	21845 : 00;
	21846 : 00;
	21847 : 20;
	21848 : E3;
	21849 : 20;
	21850 : 20;
	21851 : 20;
	21852 : 00;
	21853 : 00;
	21854 : 20;
	21855 : E3;
	21856 : E3;
	21857 : F6;
	21858 : E4;
	21859 : E8;
	21860 : E8;
	21861 : E8;
	21862 : E4;
	21863 : EC;
	21864 : D6;
	21865 : E3;
	21866 : E3;
	21867 : E3;
	21868 : E3;
	21869 : E3;
	21870 : E3;
	21871 : E3;
	21872 : FF;
	21873 : E8;
	21874 : E8;
	21875 : E8;
	21876 : E8;
	21877 : E4;
	21878 : E8;
	21879 : FF;
	21880 : 49;
	21881 : 20;
	21882 : 00;
	21883 : 20;
	21884 : 20;
	21885 : 00;
	21886 : 00;
	21887 : E3;
	21888 : E3;
	21889 : E3;
	21890 : E3;
	21891 : E3;
	21892 : 20;
	21893 : E3;
	21894 : E3;
	21895 : E3;
	21896 : E3;
	21897 : E3;
	21898 : E3;
	21899 : E3;
	21900 : D6;
	21901 : EC;
	21902 : E4;
	21903 : E8;
	21904 : E8;
	21905 : E8;
	21906 : E8;
	21907 : E8;
	21908 : E8;
	21909 : E8;
	21910 : E8;
	21911 : E4;
	21912 : EC;
	21913 : FF;
	21914 : E3;
	21915 : E3;
	21916 : E3;
	21917 : 20;
	21918 : 00;
	21919 : 00;
	21920 : 20;
	21921 : 20;
	21922 : 20;
	21923 : 00;
	21924 : 20;
	21925 : 00;
	21926 : 20;
	21927 : E3;
	21928 : 20;
	21929 : 20;
	21930 : E3;
	21931 : E3;
	21932 : E3;
	21933 : 20;
	21934 : E3;
	21935 : E3;
	21936 : F6;
	21937 : E4;
	21938 : E8;
	21939 : E8;
	21940 : E8;
	21941 : E4;
	21942 : EC;
	21943 : D7;
	21944 : E3;
	21945 : E3;
	21946 : 20;
	21947 : 20;
	21948 : 20;
	21949 : 20;
	21950 : 69;
	21951 : FF;
	21952 : E8;
	21953 : E8;
	21954 : E8;
	21955 : E8;
	21956 : E4;
	21957 : E8;
	21958 : FF;
	21959 : 49;
	21960 : 00;
	21961 : 00;
	21962 : 20;
	21963 : 20;
	21964 : 00;
	21965 : 00;
	21966 : E3;
	21967 : E3;
	21968 : E3;
	21969 : E3;
	21970 : 20;
	21971 : 00;
	21972 : E3;
	21973 : E3;
	21974 : E3;
	21975 : 00;
	21976 : E3;
	21977 : E3;
	21978 : E3;
	21979 : B6;
	21980 : EC;
	21981 : E4;
	21982 : E8;
	21983 : E8;
	21984 : E8;
	21985 : E8;
	21986 : E8;
	21987 : E8;
	21988 : E8;
	21989 : E8;
	21990 : E4;
	21991 : EC;
	21992 : FF;
	21993 : FF;
	21994 : FF;
	21995 : 92;
	21996 : 20;
	21997 : 20;
	21998 : 00;
	21999 : 20;
	22000 : 20;
	22001 : 20;
	22002 : 20;
	22003 : E3;
	22004 : E3;
	22005 : 20;
	22006 : E3;
	22007 : E3;
	22008 : E3;
	22009 : E3;
	22010 : E3;
	22011 : 20;
	22012 : 20;
	22013 : 00;
	22014 : 6D;
	22015 : F6;
	22016 : E4;
	22017 : E8;
	22018 : E8;
	22019 : E8;
	22020 : E4;
	22021 : EC;
	22022 : D6;
	22023 : 20;
	22024 : 20;
	22025 : 20;
	22026 : 20;
	22027 : 20;
	22028 : E3;
	22029 : E3;
	22030 : FF;
	22031 : E8;
	22032 : E8;
	22033 : E8;
	22034 : E8;
	22035 : E4;
	22036 : E8;
	22037 : FF;
	22038 : 49;
	22039 : 20;
	22040 : 20;
	22041 : 20;
	22042 : 00;
	22043 : 00;
	22044 : 20;
	22045 : E3;
	22046 : E3;
	22047 : E3;
	22048 : E3;
	22049 : 00;
	22050 : E3;
	22051 : E3;
	22052 : E3;
	22053 : 20;
	22054 : E3;
	22055 : E3;
	22056 : 20;
	22057 : 20;
	22058 : B6;
	22059 : EC;
	22060 : E4;
	22061 : E8;
	22062 : E8;
	22063 : E8;
	22064 : E8;
	22065 : E8;
	22066 : E8;
	22067 : E8;
	22068 : E8;
	22069 : E8;
	22070 : E8;
	22071 : EC;
	22072 : EC;
	22073 : EC;
	22074 : FA;
	22075 : E3;
	22076 : 00;
	22077 : 20;
	22078 : 20;
	22079 : 20;
	22080 : 20;
	22081 : E3;
	22082 : E3;
	22083 : E3;
	22084 : E3;
	22085 : E3;
	22086 : E3;
	22087 : 20;
	22088 : 00;
	22089 : 00;
	22090 : 00;
	22091 : 20;
	22092 : 20;
	22093 : E3;
	22094 : F6;
	22095 : E4;
	22096 : E8;
	22097 : E8;
	22098 : E8;
	22099 : E4;
	22100 : EC;
	22101 : D6;
	22102 : 00;
	22103 : 20;
	22104 : E3;
	22105 : E3;
	22106 : E3;
	22107 : E3;
	22108 : E3;
	22109 : FF;
	22110 : E8;
	22111 : E8;
	22112 : E8;
	22113 : E8;
	22114 : E4;
	22115 : E8;
	22116 : FF;
	22117 : 49;
	22118 : 20;
	22119 : 20;
	22120 : 00;
	22121 : 00;
	22122 : 20;
	22123 : 20;
	22124 : E3;
	22125 : E3;
	22126 : E3;
	22127 : 20;
	22128 : 00;
	22129 : E3;
	22130 : E3;
	22131 : 00;
	22132 : E3;
	22133 : E3;
	22134 : E3;
	22135 : 20;
	22136 : 20;
	22137 : B6;
	22138 : EC;
	22139 : E4;
	22140 : E8;
	22141 : E8;
	22142 : E8;
	22143 : E8;
	22144 : E4;
	22145 : E4;
	22146 : E4;
	22147 : E8;
	22148 : E8;
	22149 : E8;
	22150 : E4;
	22151 : E4;
	22152 : E4;
	22153 : FA;
	22154 : 24;
	22155 : 00;
	22156 : 20;
	22157 : 20;
	22158 : E3;
	22159 : E3;
	22160 : E3;
	22161 : E3;
	22162 : 00;
	22163 : 20;
	22164 : 00;
	22165 : 00;
	22166 : 20;
	22167 : 20;
	22168 : 00;
	22169 : 00;
	22170 : E3;
	22171 : E3;
	22172 : E3;
	22173 : F6;
	22174 : E4;
	22175 : E4;
	22176 : E4;
	22177 : E4;
	22178 : E4;
	22179 : E8;
	22180 : E3;
	22181 : E3;
	22182 : E3;
	22183 : E3;
	22184 : E3;
	22185 : E3;
	22186 : E3;
	22187 : E3;
	22188 : FF;
	22189 : E8;
	22190 : E4;
	22191 : E8;
	22192 : E8;
	22193 : E4;
	22194 : E8;
	22195 : FF;
	22196 : E3;
	22197 : 00;
	22198 : 00;
	22199 : 00;
	22200 : 00;
	22201 : 20;
	22202 : E3;
	22203 : E3;
	22204 : E3;
	22205 : E3;
	22206 : 20;
	22207 : E3;
	22208 : E3;
	22209 : E3;
	22210 : 00;
	22211 : E3;
	22212 : 20;
	22213 : 20;
	22214 : 20;
	22215 : 20;
	22216 : B6;
	22217 : EC;
	22218 : E4;
	22219 : E8;
	22220 : E8;
	22221 : E8;
	22222 : E8;
	22223 : EC;
	22224 : F1;
	22225 : ED;
	22226 : E8;
	22227 : E8;
	22228 : E8;
	22229 : E8;
	22230 : E8;
	22231 : E4;
	22232 : FA;
	22233 : B6;
	22234 : B6;
	22235 : E3;
	22236 : E3;
	22237 : E3;
	22238 : E3;
	22239 : E3;
	22240 : E3;
	22241 : 00;
	22242 : 00;
	22243 : 20;
	22244 : E3;
	22245 : E3;
	22246 : E3;
	22247 : 20;
	22248 : 00;
	22249 : E3;
	22250 : E3;
	22251 : E3;
	22252 : F2;
	22253 : C4;
	22254 : C4;
	22255 : C4;
	22256 : C4;
	22257 : C4;
	22258 : E8;
	22259 : E3;
	22260 : E3;
	22261 : E3;
	22262 : E3;
	22263 : E3;
	22264 : E3;
	22265 : E3;
	22266 : E3;
	22267 : FF;
	22268 : E8;
	22269 : E4;
	22270 : E4;
	22271 : C4;
	22272 : C4;
	22273 : E8;
	22274 : FF;
	22275 : E3;
	22276 : 20;
	22277 : 00;
	22278 : 00;
	22279 : 20;
	22280 : E3;
	22281 : 20;
	22282 : E3;
	22283 : E3;
	22284 : E3;
	22285 : 20;
	22286 : E3;
	22287 : E3;
	22288 : 20;
	22289 : 20;
	22290 : 20;
	22291 : 00;
	22292 : 00;
	22293 : 20;
	22294 : 20;
	22295 : B6;
	22296 : EC;
	22297 : E4;
	22298 : E4;
	22299 : E4;
	22300 : E8;
	22301 : E8;
	22302 : FB;
	22303 : 92;
	22304 : DB;
	22305 : EC;
	22306 : E4;
	22307 : E8;
	22308 : E8;
	22309 : E8;
	22310 : E4;
	22311 : E8;
	22312 : EC;
	22313 : EC;
	22314 : FB;
	22315 : E3;
	22316 : 20;
	22317 : E3;
	22318 : E3;
	22319 : 20;
	22320 : 20;
	22321 : 20;
	22322 : E3;
	22323 : E3;
	22324 : 20;
	22325 : 20;
	22326 : E3;
	22327 : E3;
	22328 : E3;
	22329 : E3;
	22330 : E3;
	22331 : D2;
	22332 : 80;
	22333 : 84;
	22334 : 84;
	22335 : 84;
	22336 : A4;
	22337 : C8;
	22338 : E3;
	22339 : E3;
	22340 : E3;
	22341 : E3;
	22342 : E3;
	22343 : E3;
	22344 : E3;
	22345 : E3;
	22346 : FF;
	22347 : C8;
	22348 : A4;
	22349 : A4;
	22350 : A4;
	22351 : A4;
	22352 : A8;
	22353 : FF;
	22354 : E3;
	22355 : 20;
	22356 : 00;
	22357 : 20;
	22358 : E3;
	22359 : E3;
	22360 : 20;
	22361 : E3;
	22362 : E3;
	22363 : E3;
	22364 : E3;
	22365 : 20;
	22366 : 20;
	22367 : E3;
	22368 : 20;
	22369 : 00;
	22370 : 00;
	22371 : 00;
	22372 : 00;
	22373 : 00;
	22374 : B6;
	22375 : EC;
	22376 : C4;
	22377 : C4;
	22378 : C4;
	22379 : E4;
	22380 : E8;
	22381 : FA;
	22382 : 00;
	22383 : B6;
	22384 : EC;
	22385 : E4;
	22386 : E4;
	22387 : E4;
	22388 : E4;
	22389 : C4;
	22390 : C4;
	22391 : E4;
	22392 : E4;
	22393 : FA;
	22394 : E3;
	22395 : 20;
	22396 : 20;
	22397 : 20;
	22398 : 20;
	22399 : E3;
	22400 : E3;
	22401 : E3;
	22402 : E3;
	22403 : E3;
	22404 : E3;
	22405 : E3;
	22406 : E3;
	22407 : E3;
	22408 : E3;
	22409 : E3;
	22410 : D2;
	22411 : 60;
	22412 : 40;
	22413 : 44;
	22414 : 64;
	22415 : 84;
	22416 : A8;
	22417 : E3;
	22418 : E3;
	22419 : E3;
	22420 : E3;
	22421 : E3;
	22422 : E3;
	22423 : E3;
	22424 : E3;
	22425 : FF;
	22426 : 84;
	22427 : 84;
	22428 : 64;
	22429 : 60;
	22430 : 60;
	22431 : 84;
	22432 : FF;
	22433 : E3;
	22434 : 00;
	22435 : 24;
	22436 : E3;
	22437 : E3;
	22438 : E3;
	22439 : E3;
	22440 : E3;
	22441 : E3;
	22442 : E3;
	22443 : E3;
	22444 : 20;
	22445 : 20;
	22446 : 20;
	22447 : 20;
	22448 : 00;
	22449 : 00;
	22450 : 00;
	22451 : 00;
	22452 : 00;
	22453 : B6;
	22454 : C8;
	22455 : A4;
	22456 : A4;
	22457 : A4;
	22458 : C4;
	22459 : C4;
	22460 : FA;
	22461 : 20;
	22462 : 92;
	22463 : F6;
	22464 : EC;
	22465 : C4;
	22466 : C4;
	22467 : A4;
	22468 : A4;
	22469 : A4;
	22470 : A4;
	22471 : A4;
	22472 : FA;
	22473 : B6;
	22474 : B6;
	22475 : B6;
	22476 : E3;
	22477 : 20;
	22478 : E3;
	22479 : FB;
	22480 : F6;
	22481 : FA;
	22482 : FB;
	22483 : E3;
	22484 : E3;
	22485 : E3;
	22486 : E3;
	22487 : E3;
	22488 : E3;
	22489 : B2;
	22490 : 40;
	22491 : 40;
	22492 : 40;
	22493 : 40;
	22494 : 40;
	22495 : 88;
	22496 : FB;
	22497 : E3;
	22498 : E3;
	22499 : E3;
	22500 : E3;
	22501 : E3;
	22502 : E3;
	22503 : E3;
	22504 : FF;
	22505 : 64;
	22506 : 40;
	22507 : 44;
	22508 : 88;
	22509 : 88;
	22510 : 8D;
	22511 : FF;
	22512 : 49;
	22513 : 00;
	22514 : 92;
	22515 : FB;
	22516 : F6;
	22517 : FA;
	22518 : FB;
	22519 : E3;
	22520 : E3;
	22521 : E3;
	22522 : E3;
	22523 : 20;
	22524 : 00;
	22525 : 20;
	22526 : 20;
	22527 : 00;
	22528 : 00;
	22529 : 00;
	22530 : 00;
	22531 : 00;
	22532 : B6;
	22533 : 88;
	22534 : 40;
	22535 : 64;
	22536 : 64;
	22537 : 84;
	22538 : 84;
	22539 : DA;
	22540 : 24;
	22541 : 20;
	22542 : DA;
	22543 : FF;
	22544 : FB;
	22545 : D2;
	22546 : 60;
	22547 : 64;
	22548 : 64;
	22549 : 84;
	22550 : 84;
	22551 : 88;
	22552 : A8;
	22553 : A8;
	22554 : FB;
	22555 : 92;
	22556 : E3;
	22557 : E3;
	22558 : F6;
	22559 : A0;
	22560 : C4;
	22561 : FF;
	22562 : E3;
	22563 : E3;
	22564 : E3;
	22565 : E3;
	22566 : E3;
	22567 : E3;
	22568 : FF;
	22569 : FB;
	22570 : DB;
	22571 : D6;
	22572 : 44;
	22573 : 40;
	22574 : 44;
	22575 : 88;
	22576 : 88;
	22577 : 88;
	22578 : 88;
	22579 : 88;
	22580 : 88;
	22581 : 88;
	22582 : 68;
	22583 : 68;
	22584 : 40;
	22585 : 40;
	22586 : 44;
	22587 : FF;
	22588 : FF;
	22589 : FF;
	22590 : DB;
	22591 : 20;
	22592 : 00;
	22593 : 92;
	22594 : F1;
	22595 : C0;
	22596 : C8;
	22597 : FF;
	22598 : E3;
	22599 : E3;
	22600 : E3;
	22601 : E3;
	22602 : E3;
	22603 : 00;
	22604 : 20;
	22605 : 00;
	22606 : 00;
	22607 : 00;
	22608 : 00;
	22609 : 00;
	22610 : 00;
	22611 : B6;
	22612 : 68;
	22613 : 40;
	22614 : 40;
	22615 : 40;
	22616 : 64;
	22617 : 64;
	22618 : DA;
	22619 : E3;
	22620 : 20;
	22621 : 20;
	22622 : E3;
	22623 : DB;
	22624 : D6;
	22625 : 40;
	22626 : 40;
	22627 : 40;
	22628 : 40;
	22629 : 40;
	22630 : 40;
	22631 : 40;
	22632 : 40;
	22633 : DA;
	22634 : 92;
	22635 : E3;
	22636 : E3;
	22637 : D6;
	22638 : 40;
	22639 : 40;
	22640 : FB;
	22641 : E3;
	22642 : E3;
	22643 : E3;
	22644 : E3;
	22645 : E3;
	22646 : E3;
	22647 : E3;
	22648 : E3;
	22649 : E3;
	22650 : FF;
	22651 : 20;
	22652 : 20;
	22653 : 20;
	22654 : 40;
	22655 : 40;
	22656 : 40;
	22657 : 40;
	22658 : 40;
	22659 : 40;
	22660 : 40;
	22661 : 40;
	22662 : 40;
	22663 : 40;
	22664 : 40;
	22665 : 44;
	22666 : FF;
	22667 : 92;
	22668 : 6D;
	22669 : 69;
	22670 : 00;
	22671 : E3;
	22672 : E3;
	22673 : AD;
	22674 : 60;
	22675 : 88;
	22676 : FF;
	22677 : E3;
	22678 : E3;
	22679 : E3;
	22680 : E3;
	22681 : E3;
	22682 : E3;
	22683 : 00;
	22684 : 00;
	22685 : 00;
	22686 : 00;
	22687 : 00;
	22688 : 20;
	22689 : 20;
	22690 : B6;
	22691 : 68;
	22692 : 20;
	22693 : 20;
	22694 : 20;
	22695 : 20;
	22696 : 40;
	22697 : DA;
	22698 : E3;
	22699 : 20;
	22700 : 00;
	22701 : 20;
	22702 : 6D;
	22703 : FF;
	22704 : DA;
	22705 : D6;
	22706 : D6;
	22707 : D6;
	22708 : D6;
	22709 : D6;
	22710 : D6;
	22711 : D6;
	22712 : FF;
	22713 : E3;
	22714 : E3;
	22715 : E3;
	22716 : FF;
	22717 : D6;
	22718 : D6;
	22719 : FF;
	22720 : E3;
	22721 : E3;
	22722 : E3;
	22723 : E3;
	22724 : E3;
	22725 : E3;
	22726 : E3;
	22727 : E3;
	22728 : E3;
	22729 : FF;
	22730 : 6D;
	22731 : 68;
	22732 : 68;
	22733 : 68;
	22734 : 68;
	22735 : 68;
	22736 : 68;
	22737 : 68;
	22738 : 68;
	22739 : 68;
	22740 : 68;
	22741 : 68;
	22742 : 68;
	22743 : 8D;
	22744 : D6;
	22745 : FF;
	22746 : E3;
	22747 : 00;
	22748 : 00;
	22749 : 20;
	22750 : E3;
	22751 : B2;
	22752 : FB;
	22753 : D6;
	22754 : DA;
	22755 : FF;
	22756 : E3;
	22757 : E3;
	22758 : E3;
	22759 : E3;
	22760 : E3;
	22761 : E3;
	22762 : 20;
	22763 : 00;
	22764 : 00;
	22765 : 20;
	22766 : 20;
	22767 : 20;
	22768 : 20;
	22769 : B2;
	22770 : 6D;
	22771 : 68;
	22772 : 68;
	22773 : 68;
	22774 : 68;
	22775 : 68;
	22776 : B6;
	22777 : 24;
	22778 : 20;
	22779 : 00;
	22780 : 00;
	22781 : E3;
	22782 : 92;
	22783 : B2;
	22784 : B2;
	22785 : 92;
	22786 : B2;
	22787 : E3;
	22788 : E3;
	22789 : E3;
	22790 : E3;
	22791 : E3;
	22792 : E3;
	22793 : E3;
	22794 : E3;
	22795 : E3;
	22796 : E3;
	22797 : E3;
	22798 : E3;
	22799 : E3;
	22800 : E3;
	22801 : E3;
	22802 : E3;
	22803 : E3;
	22804 : E3;
	22805 : E3;
	22806 : E3;
	22807 : E3;
	22808 : FB;
	22809 : FB;
	22810 : FB;
	22811 : FB;
	22812 : FB;
	22813 : FB;
	22814 : FB;
	22815 : FB;
	22816 : FB;
	22817 : FB;
	22818 : FB;
	22819 : FB;
	22820 : FB;
	22821 : FB;
	22822 : E3;
	22823 : E3;
	22824 : B2;
	22825 : E3;
	22826 : 00;
	22827 : 00;
	22828 : 20;
	22829 : 20;
	22830 : E3;
	22831 : B2;
	22832 : E3;
	22833 : E3;
	22834 : E3;
	22835 : E3;
	22836 : E3;
	22837 : E3;
	22838 : E3;
	22839 : E3;
	22840 : E3;
	22841 : E3;
	22842 : 00;
	22843 : E3;
	22844 : E3;
	22845 : E3;
	22846 : 20;
	22847 : E3;
	22848 : 20;
	22849 : E3;
	22850 : 24;
	22851 : 24;
	22852 : E3;
	22853 : E3;
	22854 : E3;
	22855 : 20;
	22856 : 00;
	22857 : E3;
	22858 : E3;
	22859 : E3;
	22860 : 20;
	22861 : 20;
	22862 : 20;
	22863 : E3;
	22864 : E3;
	22865 : E3;
	22866 : E3;
	22867 : E3;
	22868 : E3;
	22869 : E3;
	22870 : E3;
	22871 : E3;
	22872 : E3;
	22873 : E3;
	22874 : E3;
	22875 : E3;
	22876 : E3;
	22877 : E3;
	22878 : E3;
	22879 : E3;
	22880 : E3;
	22881 : E3;
	22882 : E3;
	22883 : E3;
	22884 : E3;
	22885 : E3;
	22886 : E3;
	22887 : E3;
	22888 : E3;
	22889 : E3;
	22890 : E3;
	22891 : E3;
	22892 : E3;
	22893 : E3;
	22894 : E3;
	22895 : E3;
	22896 : E3;
	22897 : E3;
	22898 : E3;
	22899 : E3;
	22900 : E3;
	22901 : E3;
	22902 : E3;
	22903 : E3;
	22904 : 00;
	22905 : 00;
	22906 : 00;
	22907 : 20;
	22908 : 00;
	22909 : 20;
	22910 : E3;
	22911 : E3;
	22912 : E3;
	22913 : E3;
	22914 : E3;
	22915 : E3;
	22916 : E3;
	22917 : E3;
	22918 : E3;
	22919 : E3;
	22920 : 00;
	22921 : 20;
	22922 : E3;
	22923 : E3;
	22924 : E3;
	22925 : E3;
	22926 : E3;
	22927 : 20;
	22928 : 00;
	22929 : 00;
	22930 : 00;
	22931 : 20;
	22932 : 20;
	22933 : 20;
	22934 : E3;
	22935 : E3;
	22936 : E3;
	22937 : E3;
	22938 : E3;
	22939 : E3;
	22940 : 00;
	22941 : E3;
	22942 : E3;
	22943 : E3;
	22944 : E3;
	22945 : E3;
	22946 : E3;
	22947 : E3;
	22948 : E3;
	22949 : E3;
	22950 : E3;
	22951 : E3;
	22952 : E3;
	22953 : E3;
	22954 : E3;
	22955 : E3;
	22956 : E3;
	22957 : E3;
	22958 : E3;
	22959 : E3;
	22960 : E3;
	22961 : E3;
	22962 : E3;
	22963 : E3;
	22964 : E3;
	22965 : E3;
	22966 : E3;
	22967 : E3;
	22968 : E3;
	22969 : E3;
	22970 : E3;
	22971 : E3;
	22972 : E3;
	22973 : E3;
	22974 : E3;
	22975 : E3;
	22976 : E3;
	22977 : E3;
	22978 : E3;
	22979 : E3;
	22980 : E3;
	22981 : E3;
	22982 : E3;
	22983 : 00;
	22984 : 00;
	22985 : 20;
	22986 : 20;
	22987 : 20;
	22988 : 20;
	22989 : E3;
	22990 : E3;
	22991 : E3;
	22992 : E3;
	22993 : E3;
	22994 : E3;
	22995 : E3;
	22996 : E3;
	22997 : E3;
	22998 : E3;
	22999 : E3;
	23000 : E3;
	23001 : E3;
	23002 : E3;
	23003 : E3;
	23004 : E3;
	23005 : E3;
	23006 : E3;
	23007 : E3;
	23008 : E3;
	23009 : E3;
	23010 : E3;
	23011 : E3;
	23012 : E3;
	23013 : E3;
	23014 : E3;
	23015 : E3;
	23016 : E3;
	23017 : E3;
	23018 : E3;
	23019 : E3;
	23020 : E3;
	23021 : E3;
	23022 : E3;
	23023 : E3;
	23024 : E3;
	23025 : E3;
	23026 : E3;
	23027 : E3;
	23028 : E3;
	23029 : E3;
	23030 : E3;
	23031 : E3;
	23032 : E3;
	23033 : E3;
	23034 : E3;
	23035 : E3;
	23036 : E3;
	23037 : E3;
	23038 : E3;
	23039 : E3;
	23040 : E3;
	23041 : E3;
	23042 : E3;
	23043 : E3;
	23044 : E3;
	23045 : E3;
	23046 : E3;
	23047 : E3;
	23048 : E3;
	23049 : E3;
	23050 : E3;
	23051 : E3;
	23052 : E3;
	23053 : E3;
	23054 : E3;
	23055 : E3;
	23056 : E3;
	23057 : E3;
	23058 : E3;
	23059 : E3;
	23060 : E3;
	23061 : 20;
	23062 : 00;
	23063 : 00;
	23064 : 20;
	23065 : 00;
	23066 : 00;
	23067 : E3;
	23068 : E3;
	23069 : E3;
	23070 : E3;
	23071 : E3;
	23072 : E3;
	23073 : E3;
	23074 : E3;
	23075 : E3;
	23076 : E3;
	23077 : E3;
	23078 : E3;
	23079 : E3;
	23080 : E3;
	23081 : E3;
	23082 : E3;
	23083 : E3;
	23084 : E3;
	23085 : E3;
	23086 : E3;
	23087 : E3;
	23088 : E3;
	23089 : E3;
	23090 : E3;
	23091 : E3;
	23092 : E3;
	23093 : E3;
	23094 : E3;
	23095 : E3;
	23096 : E3;
	23097 : E3;
	23098 : E3;
	23099 : E3;
	23100 : E3;
	23101 : E3;
	23102 : E3;
	23103 : E3;
	23104 : E3;
	23105 : E3;
	23106 : E3;
	23107 : E3;
	23108 : E3;
	23109 : E3;
	23110 : E3;
	23111 : E3;
	23112 : E3;
	23113 : E3;
	23114 : E3;
	23115 : E3;
	23116 : E3;
	23117 : E3;
	23118 : E3;
	23119 : E3;
	23120 : E3;
	23121 : E3;
	23122 : E3;
	23123 : E3;
	23124 : E3;
	23125 : E3;
	23126 : E3;
	23127 : E3;
	23128 : E3;
	23129 : E3;
	23130 : E3;
	23131 : E3;
	23132 : E3;
	23133 : E3;
	23134 : E3;
	23135 : E3;
	23136 : E3;
	23137 : E3;
	23138 : E3;
	23139 : E3;
	23140 : 20;
	23141 : 20;
	23142 : 00;
	23143 : 00;
	23144 : 00;
	23145 : 00;
	23146 : E3;
	23147 : E3;
	23148 : E3;
	23149 : E3;
	23150 : E3;
	23151 : E3;
	23152 : E3;
	23153 : E3;
	23154 : E3;
	23155 : E3;
	23156 : E3;
	23157 : E3;
	23158 : E3;
	23159 : E3;
	23160 : E3;
	23161 : E3;
	23162 : E3;
	23163 : E3;
	23164 : E3;
	23165 : E3;
	23166 : E3;
	23167 : E3;
	23168 : E3;
	23169 : E3;
	23170 : E3;
	23171 : E3;
	23172 : E3;
	23173 : E3;
	23174 : E3;
	23175 : E3;
	23176 : E3;
	23177 : E3;
	23178 : E3;
	23179 : E3;
	23180 : E3;
	23181 : E3;
	23182 : E3;
	23183 : E3;
	23184 : E3;
	23185 : E3;
	23186 : E3;
	23187 : E3;
	23188 : E3;
	23189 : E3;
	23190 : E3;
	23191 : E3;
	23192 : E3;
	23193 : E3;
	23194 : E3;
	23195 : E3;
	23196 : E3;
	23197 : E3;
	23198 : E3;
	23199 : E3;
	23200 : E3;
	23201 : E3;
	23202 : E3;
	23203 : E3;
	23204 : E3;
	23205 : E3;
	23206 : E3;
	23207 : E3;
	23208 : E3;
	23209 : E3;
	23210 : E3;
	23211 : E3;
	23212 : E3;
	23213 : E3;
	23214 : E3;
	23215 : E3;
	23216 : E3;
	23217 : E3;
	23218 : E3;
	23219 : 20;
	23220 : 20;
	23221 : 00;
	23222 : 00;
	23223 : 00;
	23224 : E3;
	23225 : E3;
	23226 : E3;
	23227 : E3;
	23228 : E3;
	23229 : E3;
	23230 : E3;
	23231 : E3;
	23232 : E3;
	23233 : E3;
	23234 : E3;
	23235 : E3;
	23236 : E3;
	23237 : E3;
	23238 : E3;
	23239 : E3;
	23240 : E3;
	23241 : E3;
	23242 : E3;
	23243 : E3;
	23244 : E3;
	23245 : E3;
	23246 : E3;
	23247 : E3;
	23248 : E3;
	23249 : E3;
	23250 : E3;
	23251 : E3;
	23252 : E3;
	23253 : E3;
	23254 : E3;
	23255 : E3;
	23256 : E3;
	23257 : E3;
	23258 : E3;
	23259 : E3;
	23260 : E3;
	23261 : E3;
	23262 : E3;
	23263 : E3;
	23264 : E3;
	23265 : E3;
	23266 : E3;
	23267 : E3;
	23268 : E3;
	23269 : E3;
	23270 : E3;
	23271 : E3;
	23272 : E3;
	23273 : E3;
	23274 : E3;
	23275 : E3;
	23276 : E3;
	23277 : E3;
	23278 : E3;
	23279 : E3;
	23280 : E3;
	23281 : E3;
	23282 : E3;
	23283 : E3;
	23284 : E3;
	23285 : E3;
	23286 : E3;
	23287 : E3;
	23288 : E3;
	23289 : E3;
	23290 : E3;
	23291 : E3;
	23292 : E3;
	23293 : E3;
	23294 : E3;
	23295 : E3;
	23296 : E3;
	23297 : E3;
	23298 : E3;
	23299 : 20;
	23300 : 00;
	23301 : 00;
	23302 : E3;
	23303 : E3;
	23304 : E3;
	23305 : E3;
	23306 : E3;
	23307 : E3;
	23308 : E3;
	23309 : E3;
	23310 : E3;
	23311 : E3;
	23312 : E3;
	23313 : E3;
	23314 : E3;
	23315 : E3;
	23316 : E3;
	23317 : E3;
	23318 : E3;
	23319 : E3;
	23320 : E3;
	23321 : E3;
	23322 : E3;
	23323 : E3;
	23324 : E3;
	23325 : E3;
	23326 : E3;
	23327 : E3;
	23328 : E3;
	23329 : E3;
	23330 : E3;
	23331 : E3;
	23332 : E3;
	23333 : E3;
	23334 : E3;
	23335 : E3;
	23336 : E3;
	23337 : E3;
	23338 : E3;
	23339 : E3;
	23340 : E3;
	23341 : E3;
	23342 : E3;
	23343 : E3;
	23344 : E3;
	23345 : E3;
	23346 : E3;
	23347 : E3;
	23348 : E3;
	23349 : E3;
	23350 : E3;
	23351 : E3;
	23352 : E3;
	23353 : E3;
	23354 : E3;
	23355 : E3;
	23356 : E3;
	23357 : E3;
	23358 : E3;
	23359 : E3;
	23360 : E3;
	23361 : E3;
	23362 : E3;
	23363 : E3;
	23364 : E3;
	23365 : E3;
	23366 : E3;
	23367 : E3;
	23368 : E3;
	23369 : E3;
	23370 : E3;
	23371 : E3;
	23372 : E3;
	23373 : E3;
	23374 : E3;
	23375 : E3;
	23376 : E3;
	23377 : E3;
	23378 : 00;
	23379 : 00;
	23380 : 00;
	23381 : E3;
	23382 : E3;
	23383 : E3;
	23384 : E3;
	23385 : E3;
	23386 : E3;
	23387 : E3;
	23388 : E3;
	23389 : E3;
	23390 : E3;
	23391 : E3;
	23392 : E3;
	23393 : E3;
	23394 : E3;
	23395 : E3;
	23396 : E3;
	23397 : E3;
	23398 : E3;
	23399 : E3;
	23400 : E3;
	23401 : E3;
	23402 : E3;
	23403 : E3;
	23404 : E3;
	23405 : E3;
	23406 : E3;
	23407 : E3;
	23408 : E3;
	23409 : E3;
	23410 : E3;
	23411 : E3;
	23412 : E3;
	23413 : E3;
	23414 : E3;
	23415 : E3;
	23416 : E3;
	23417 : E3;
	23418 : E3;
	23419 : E3;
	23420 : E3;
	23421 : E3;
	23422 : E3;
	23423 : E3;
	23424 : E3;
	23425 : E3;
	23426 : E3;
	23427 : E3;
	23428 : E3;
	23429 : E3;
	23430 : E3;
	23431 : E3;
	23432 : E3;
	23433 : E3;
	23434 : E3;
	23435 : E3;
	23436 : E3;
	23437 : E3;
	23438 : E3;
	23439 : E3;
	23440 : E3;
	23441 : E3;
	23442 : E3;
	23443 : E3;
	23444 : E3;
	23445 : E3;
	23446 : E3;
	23447 : E3;
	23448 : E3;
	23449 : E3;
	23450 : E3;
	23451 : E3;
	23452 : E3;
	23453 : E3;
	23454 : E3;
	23455 : E3;
	23456 : 20;
	23457 : 20;
	23458 : 00;
	23459 : 20;
	23460 : E3;
	23461 : E3;
	23462 : E3;
	23463 : E3;
	23464 : E3;
	23465 : E3;
	23466 : E3;
	23467 : E3;
	23468 : E3;
	23469 : E3;
	23470 : E3;
	23471 : E3;
	23472 : E3;
	23473 : E3;
	23474 : E3;
	23475 : E3;
	23476 : E3;
	23477 : E3;
	23478 : E3;
	23479 : E3;
	23480 : E3;
	23481 : E3;
	23482 : E3;
	23483 : E3;
	23484 : E3;
	23485 : E3;
	23486 : E3;
	23487 : E3;
	23488 : E3;
	23489 : E3;
	23490 : E3;
	23491 : E3;
	23492 : E3;
	23493 : E3;
	23494 : E3;
	23495 : E3;
	23496 : E3;
	23497 : E3;
	23498 : E3;
	23499 : E3;
	23500 : E3;
	23501 : E3;
	23502 : E3;
	23503 : E3;
	23504 : E3;
	23505 : E3;
	23506 : E3;
	23507 : E3;
	23508 : E3;
	23509 : E3;
	23510 : E3;
	23511 : E3;
	23512 : E3;
	23513 : E3;
	23514 : E3;
	23515 : E3;
	23516 : E3;
	23517 : E3;
	23518 : E3;
	23519 : E3;
	23520 : E3;
	23521 : E3;
	23522 : E3;
	23523 : E3;
	23524 : E3;
	23525 : E3;
	23526 : E3;
	23527 : E3;
	23528 : E3;
	23529 : E3;
	23530 : E3;
	23531 : E3;
	23532 : E3;
	23533 : E3;
	23534 : E3;
	23535 : E3;
	23536 : 20;
	23537 : 20;
	23538 : E3;
	23539 : E3;
	23540 : E3;
	23541 : E3;
	23542 : E3;
	23543 : E3;
	23544 : E3;
	23545 : E3;
	23546 : E3;
	23547 : E3;
	23548 : E3;
	23549 : E3;
	23550 : E3;
	23551 : E3;
	23552 : E3;
	23553 : E3;
	23554 : E3;
	23555 : E3;
	23556 : E3;
	23557 : E3;
	23558 : E3;
	23559 : E3;
	23560 : E3;
	23561 : E3;
	23562 : E3;
	23563 : E3;
	23564 : E3;
	23565 : E3;
	23566 : E3;
	23567 : E3;
	23568 : E3;
	23569 : E3;
	23570 : E3;
	23571 : E3;
	23572 : E3;
	23573 : E3;
	23574 : E3;
	23575 : E3;
	23576 : E3;
	23577 : E3;
	23578 : E3;
	23579 : E3;
	23580 : E3;
	23581 : E3;
	23582 : E3;
	23583 : E3;
	23584 : E3;
	23585 : E3;
	23586 : E3;
	23587 : E3;
	23588 : E3;
	23589 : E3;
	23590 : E3;
	23591 : E3;
	23592 : E3;
	23593 : E3;
	23594 : E3;
	23595 : E3;
	23596 : E3;
	23597 : E3;
	23598 : E3;
	23599 : E3;
	23600 : E3;
	23601 : E3;
	23602 : E3;
	23603 : E3;
	23604 : E3;
	23605 : E3;
	23606 : E3;
	23607 : E3;
	23608 : E3;
	23609 : E3;
	23610 : E3;
	23611 : E3;
	23612 : E3;
	23613 : E3;
	23614 : E3;
	23615 : E3;
	23616 : E3;
	23617 : E3;
	23618 : E3;
	23619 : E3;
	23620 : E3;
	23621 : E3;
	23622 : E3;
	23623 : E3;
	23624 : E3;
	23625 : E3;
	23626 : E3;
	23627 : E3;
	23628 : E3;
	23629 : E3;
	23630 : E3;
	23631 : E3;
	23632 : E3;
	23633 : E3;
	23634 : E3;
	23635 : E3;
	23636 : E3;
	23637 : E3;
	23638 : E3;
	23639 : E3;
	23640 : E3;
	23641 : E3;
	23642 : E3;
	23643 : E3;
	23644 : E3;
	23645 : E3;
	23646 : E3;
	23647 : E3;
	23648 : E3;
	23649 : E3;
	23650 : E3;
	23651 : E3;
	23652 : E3;
	23653 : E3;
	23654 : E3;
	23655 : E3;
	23656 : E3;
	23657 : E3;
	23658 : E3;
	23659 : E3;
	23660 : E3;
	23661 : E3;
	23662 : E3;
	23663 : E3;
	23664 : E3;
	23665 : E3;
	23666 : E3;
	23667 : E3;
	23668 : E3;
	23669 : E3;
	23670 : E3;
	23671 : E3;
	23672 : E3;
	23673 : E3;
	23674 : E3;
	23675 : E3;
	23676 : E3;
	23677 : E3;
	23678 : E3;
	23679 : E3;
	23680 : E3;
	23681 : E3;
	23682 : E3;
	23683 : E3;
	23684 : E3;
	23685 : E3;
	23686 : E3;
	23687 : E3;
	23688 : E3;
	23689 : E3;
	23690 : E3;
	23691 : E3;
	23692 : E3;
	23693 : E3;
	23694 : E3;
	23695 : E3;
	23696 : E3;
	23697 : E3;
	23698 : E3;
	23699 : E3;
	23700 : E3;
	23701 : E3;
	23702 : E3;
	23703 : E3;
	23704 : E3;
	23705 : E3;
	23706 : E3;
	23707 : E3;
	23708 : E3;
	23709 : E3;
	23710 : E3;
	23711 : E3;
	23712 : E3;
	23713 : E3;
	23714 : E3;
	23715 : E3;
	23716 : E3;
	23717 : E3;
	23718 : E3;
	23719 : E3;
	23720 : E3;
	23721 : E3;
	23722 : E3;
	23723 : E3;
	23724 : E3;
	23725 : E3;
	23726 : E3;
	23727 : E3;
	23728 : E3;
	23729 : E3;
	23730 : E3;
	23731 : E3;
	23732 : E3;
	23733 : E3;
	23734 : E3;
	23735 : E3;
	23736 : E3;
	23737 : E3;
	23738 : E3;
	23739 : E3;
	23740 : E3;
	23741 : E3;
	23742 : E3;
	23743 : E3;
	23744 : E3;
	23745 : E3;
	23746 : E3;
	23747 : E3;
	23748 : E3;
	23749 : E3;
	23750 : E3;
	23751 : E3;
	23752 : E3;
	23753 : E3;
	23754 : E3;
	23755 : E3;
	23756 : E3;
	23757 : E3;
	23758 : E3;
	23759 : E3;
	23760 : E3;
	23761 : E3;
	23762 : E3;
	23763 : E3;
	23764 : E3;
	23765 : E3;
	23766 : E3;
	23767 : E3;
	23768 : E3;
	23769 : E3;
	23770 : E3;
	23771 : E3;
	23772 : E3;
	23773 : E3;
	23774 : E3;
	23775 : E3;
	23776 : E3;
	23777 : E3;
	23778 : E3;
	23779 : E3;
	23780 : E3;
	23781 : E3;
	23782 : E3;
	23783 : E3;
	23784 : E3;
	23785 : E3;
	23786 : E3;
	23787 : E3;
	23788 : E3;
	23789 : E3;
	23790 : E3;
	23791 : E3;
	23792 : E3;
	23793 : E3;
	23794 : E3;
	23795 : E3;
	23796 : E3;
	23797 : E3;
	23798 : E3;
	23799 : E3;
	23800 : E3;
	23801 : E3;
	23802 : E3;
	23803 : E3;
	23804 : E3;
	23805 : E3;
	23806 : E3;
	23807 : E3;
	23808 : E3;
	23809 : E3;
	23810 : E3;
	23811 : E3;
	23812 : E3;
	23813 : E3;
	23814 : E3;
	23815 : E3;
	23816 : E3;
	23817 : E3;
	23818 : E3;
	23819 : E3;
	23820 : E3;
	23821 : E3;
	23822 : E3;
	23823 : E3;
	23824 : E3;
	23825 : E3;
	23826 : E3;
	23827 : E3;
	23828 : E3;
	23829 : E3;
	23830 : E3;
	23831 : E3;
	23832 : E3;
	23833 : E3;
	23834 : E3;
	23835 : E3;
	23836 : E3;
	23837 : E3;
	23838 : E3;
	23839 : E3;
	23840 : E3;
	23841 : E3;
	23842 : E3;
	23843 : E3;
	23844 : E3;
	23845 : E3;
	23846 : E3;
	23847 : E3;
	23848 : E3;
	23849 : E3;
	23850 : E3;
	23851 : E3;
	23852 : E3;
	23853 : E3;
	23854 : E3;
	23855 : E3;
	23856 : E3;
	23857 : E3;
	23858 : E3;
	23859 : E3;
	23860 : E3;
	23861 : E3;
	23862 : E3;
	23863 : FF;
	23864 : FF;
	23865 : FF;
	23866 : E3;
	23867 : FF;
	23868 : E3;
	23869 : E3;
	23870 : E3;
	23871 : FF;
	23872 : FF;
	23873 : FF;
	23874 : E3;
	23875 : FF;
	23876 : E3;
	23877 : E3;
	23878 : E3;
	23879 : FF;
	23880 : E3;
	23881 : E3;
	23882 : FF;
	23883 : E3;
	23884 : FF;
	23885 : E3;
	23886 : E3;
	23887 : FF;
	23888 : FF;
	23889 : E3;
	23890 : E3;
	23891 : FF;
	23892 : E3;
	23893 : E3;
	23894 : FF;
	23895 : E3;
	23896 : FF;
	23897 : FF;
	23898 : FF;
	23899 : E3;
	23900 : E3;
	23901 : E3;
	23902 : E3;
	23903 : FF;
	23904 : FF;
	23905 : E3;
	23906 : E3;
	23907 : FF;
	23908 : FF;
	23909 : FF;
	23910 : E3;
	23911 : E3;
	23912 : FF;
	23913 : E3;
	23914 : E3;
	23915 : E3;
	23916 : FF;
	23917 : E3;
	23918 : E3;
	23919 : FF;
	23920 : FF;
	23921 : FF;
	23922 : E3;
	23923 : E3;
	23924 : FF;
	23925 : FF;
	23926 : E3;
	23927 : FF;
	23928 : E3;
	23929 : E3;
	23930 : E3;
	23931 : FF;
	23932 : E3;
	23933 : E3;
	23934 : E3;
	23935 : FF;
	23936 : E3;
	23937 : E3;
	23938 : E3;
	23939 : E3;
	23940 : FF;
	23941 : E3;
	23942 : FF;
	23943 : E3;
	23944 : E3;
	23945 : E3;
	23946 : FF;
	23947 : E3;
	23948 : FF;
	23949 : E3;
	23950 : FF;
	23951 : E3;
	23952 : E3;
	23953 : FF;
	23954 : E3;
	23955 : FF;
	23956 : E3;
	23957 : E3;
	23958 : FF;
	23959 : E3;
	23960 : FF;
	23961 : E3;
	23962 : E3;
	23963 : FF;
	23964 : E3;
	23965 : E3;
	23966 : FF;
	23967 : E3;
	23968 : E3;
	23969 : FF;
	23970 : E3;
	23971 : FF;
	23972 : E3;
	23973 : E3;
	23974 : FF;
	23975 : E3;
	23976 : FF;
	23977 : FF;
	23978 : E3;
	23979 : FF;
	23980 : FF;
	23981 : E3;
	23982 : E3;
	23983 : E3;
	23984 : FF;
	23985 : E3;
	23986 : E3;
	23987 : FF;
	23988 : E3;
	23989 : E3;
	23990 : FF;
	23991 : FF;
	23992 : FF;
	23993 : FF;
	23994 : E3;
	23995 : FF;
	23996 : E3;
	23997 : E3;
	23998 : E3;
	23999 : FF;
	24000 : FF;
	24001 : FF;
	24002 : E3;
	24003 : E3;
	24004 : E3;
	24005 : FF;
	24006 : E3;
	24007 : E3;
	24008 : E3;
	24009 : E3;
	24010 : E3;
	24011 : FF;
	24012 : E3;
	24013 : E3;
	24014 : FF;
	24015 : E3;
	24016 : E3;
	24017 : FF;
	24018 : E3;
	24019 : FF;
	24020 : E3;
	24021 : E3;
	24022 : FF;
	24023 : E3;
	24024 : FF;
	24025 : E3;
	24026 : FF;
	24027 : E3;
	24028 : E3;
	24029 : E3;
	24030 : FF;
	24031 : E3;
	24032 : E3;
	24033 : FF;
	24034 : E3;
	24035 : FF;
	24036 : E3;
	24037 : FF;
	24038 : E3;
	24039 : E3;
	24040 : FF;
	24041 : FF;
	24042 : FF;
	24043 : FF;
	24044 : FF;
	24045 : E3;
	24046 : E3;
	24047 : E3;
	24048 : FF;
	24049 : E3;
	24050 : E3;
	24051 : FF;
	24052 : E3;
	24053 : E3;
	24054 : FF;
	24055 : FF;
	24056 : E3;
	24057 : E3;
	24058 : E3;
	24059 : FF;
	24060 : E3;
	24061 : E3;
	24062 : E3;
	24063 : FF;
	24064 : E3;
	24065 : E3;
	24066 : E3;
	24067 : E3;
	24068 : FF;
	24069 : E3;
	24070 : FF;
	24071 : E3;
	24072 : E3;
	24073 : E3;
	24074 : E3;
	24075 : FF;
	24076 : E3;
	24077 : E3;
	24078 : FF;
	24079 : E3;
	24080 : E3;
	24081 : FF;
	24082 : E3;
	24083 : FF;
	24084 : E3;
	24085 : E3;
	24086 : FF;
	24087 : E3;
	24088 : FF;
	24089 : FF;
	24090 : E3;
	24091 : E3;
	24092 : E3;
	24093 : E3;
	24094 : FF;
	24095 : FF;
	24096 : FF;
	24097 : FF;
	24098 : E3;
	24099 : FF;
	24100 : FF;
	24101 : E3;
	24102 : E3;
	24103 : E3;
	24104 : FF;
	24105 : E3;
	24106 : FF;
	24107 : E3;
	24108 : FF;
	24109 : E3;
	24110 : E3;
	24111 : E3;
	24112 : FF;
	24113 : E3;
	24114 : E3;
	24115 : FF;
	24116 : E3;
	24117 : E3;
	24118 : FF;
	24119 : FF;
	24120 : E3;
	24121 : E3;
	24122 : E3;
	24123 : FF;
	24124 : FF;
	24125 : FF;
	24126 : E3;
	24127 : FF;
	24128 : FF;
	24129 : FF;
	24130 : E3;
	24131 : FF;
	24132 : E3;
	24133 : E3;
	24134 : E3;
	24135 : FF;
	24136 : E3;
	24137 : E3;
	24138 : E3;
	24139 : FF;
	24140 : E3;
	24141 : E3;
	24142 : E3;
	24143 : FF;
	24144 : FF;
	24145 : E3;
	24146 : E3;
	24147 : E3;
	24148 : FF;
	24149 : FF;
	24150 : E3;
	24151 : E3;
	24152 : FF;
	24153 : E3;
	24154 : FF;
	24155 : E3;
	24156 : E3;
	24157 : E3;
	24158 : FF;
	24159 : E3;
	24160 : E3;
	24161 : FF;
	24162 : E3;
	24163 : FF;
	24164 : E3;
	24165 : FF;
	24166 : E3;
	24167 : E3;
	24168 : FF;
	24169 : E3;
	24170 : E3;
	24171 : E3;
	24172 : FF;
	24173 : E3;
	24174 : E3;
	24175 : E3;
	24176 : FF;
	24177 : E3;
	24178 : E3;
	24179 : E3;
	24180 : FF;
	24181 : FF;
	24182 : E3;
	24183 : E3;
	24184 : E3;
	24185 : E3;
	24186 : E3;
	24187 : E3;
	24188 : E3;
	24189 : E3;
	24190 : E3;
	24191 : E3;
	24192 : E3;
	24193 : E3;
	24194 : E3;
	24195 : E3;
	24196 : E3;
	24197 : E3;
	24198 : E3;
	24199 : E3;
	24200 : E3;
	24201 : E3;
	24202 : E3;
	24203 : E3;
	24204 : E3;
	24205 : E3;
	24206 : E3;
	24207 : E3;
	24208 : E3;
	24209 : E3;
	24210 : E3;
	24211 : E3;
	24212 : E3;
	24213 : E3;
	24214 : E3;
	24215 : E3;
	24216 : E3;
	24217 : E3;
	24218 : E3;
	24219 : E3;
	24220 : E3;
	24221 : E3;
	24222 : E3;
	24223 : E3;
	24224 : E3;
	24225 : E3;
	24226 : E3;
	24227 : E3;
	24228 : E3;
	24229 : E3;
	24230 : E3;
	24231 : E3;
	24232 : E3;
	24233 : E3;
	24234 : E3;
	24235 : E3;
	24236 : E3;
	24237 : E3;
	24238 : E3;
	24239 : E3;
	24240 : E3;
	24241 : E3;
	24242 : E3;
	24243 : E3;
	24244 : E3;
	24245 : E3;
	24246 : E3;
	24247 : E3;
	24248 : E3;
	24249 : E3;
	24250 : E3;
	24251 : E3;
	24252 : E3;
	24253 : E3;
	24254 : E3;
	24255 : E3;
	24256 : E3;
	24257 : E3;
	24258 : E3;
	24259 : E3;
	24260 : E3;
	24261 : E3;
	24262 : E3;
	24263 : E3;
	24264 : E3;
	24265 : E3;
	24266 : E3;
	24267 : E3;
	24268 : E3;
	24269 : E3;
	24270 : E3;
	24271 : E3;
	24272 : E3;
	24273 : E3;
	24274 : E3;
	24275 : E3;
	24276 : E3;
	24277 : E3;
	24278 : E3;
	24279 : E3;
	24280 : E3;
	24281 : E3;
	24282 : E3;
	24283 : E3;
	24284 : E3;
	24285 : E3;
	24286 : E3;
	24287 : E3;
	24288 : E3;
	24289 : E3;
	24290 : E3;
	24291 : E3;
	24292 : E3;
	24293 : E3;
	24294 : E3;
	24295 : E3;
	24296 : E3;
	24297 : E3;
	24298 : E3;
	24299 : E3;
	24300 : E3;
	24301 : E3;
	24302 : E3;
	24303 : E3;
	24304 : E3;
	24305 : E3;
	24306 : E3;
	24307 : E3;
	24308 : E3;
	24309 : E3;
	24310 : E3;
	24311 : E3;
	24312 : E3;
	24313 : E3;
	24314 : E3;
	24315 : E3;
	24316 : E3;
	24317 : E3;
	24318 : E3;
	24319 : E3;
	24320 : E3;
	24321 : E3;
	24322 : E3;
	24323 : E3;
	24324 : E3;
	24325 : E3;
	24326 : E3;
	24327 : E3;
	24328 : E3;
	24329 : E3;
	24330 : E3;
	24331 : E3;
	24332 : E3;
	24333 : E3;
	24334 : E3;
	24335 : E3;
	24336 : E3;
	24337 : E3;
	24338 : E3;
	24339 : E3;
	24340 : E3;
	24341 : E3;
	24342 : E3;
	24343 : E3;
	24344 : E3;
	24345 : E3;
	24346 : E3;
	24347 : E3;
	24348 : E3;
	24349 : E3;
	24350 : E3;
	24351 : E3;
	24352 : E3;
	24353 : E3;
	24354 : E3;
	24355 : E3;
	24356 : E3;
	24357 : E3;
	24358 : E3;
	24359 : E3;
	24360 : E3;
	24361 : E3;
	24362 : E3;
	24363 : E3;
	24364 : E3;
	24365 : E3;
	24366 : E3;
	24367 : E3;
	24368 : E3;
	24369 : E3;
	24370 : E3;
	24371 : E3;
	24372 : E3;
	24373 : E3;
	24374 : E3;
	24375 : E3;
	24376 : E3;
	24377 : E3;
	24378 : FF;
	24379 : FF;
	24380 : FF;
	24381 : E3;
	24382 : FF;
	24383 : FF;
	24384 : FF;
	24385 : E3;
	24386 : E3;
	24387 : FF;
	24388 : FF;
	24389 : E3;
	24390 : E3;
	24391 : FF;
	24392 : FF;
	24393 : FF;
	24394 : E3;
	24395 : E3;
	24396 : FF;
	24397 : FF;
	24398 : FF;
	24399 : E3;
	24400 : E3;
	24401 : E3;
	24402 : FF;
	24403 : FF;
	24404 : FF;
	24405 : E3;
	24406 : FF;
	24407 : E3;
	24408 : E3;
	24409 : FF;
	24410 : E3;
	24411 : FF;
	24412 : FF;
	24413 : FF;
	24414 : E3;
	24415 : E3;
	24416 : E3;
	24417 : E3;
	24418 : FF;
	24419 : FF;
	24420 : FF;
	24421 : E3;
	24422 : E3;
	24423 : FF;
	24424 : FF;
	24425 : E3;
	24426 : E3;
	24427 : FF;
	24428 : E3;
	24429 : E3;
	24430 : E3;
	24431 : FF;
	24432 : E3;
	24433 : FF;
	24434 : FF;
	24435 : FF;
	24436 : E3;
	24437 : E3;
	24438 : E3;
	24439 : E3;
	24440 : E3;
	24441 : E3;
	24442 : FF;
	24443 : E3;
	24444 : E3;
	24445 : E3;
	24446 : E3;
	24447 : FF;
	24448 : E3;
	24449 : E3;
	24450 : FF;
	24451 : E3;
	24452 : E3;
	24453 : FF;
	24454 : E3;
	24455 : FF;
	24456 : E3;
	24457 : E3;
	24458 : FF;
	24459 : E3;
	24460 : E3;
	24461 : FF;
	24462 : E3;
	24463 : E3;
	24464 : E3;
	24465 : E3;
	24466 : E3;
	24467 : FF;
	24468 : E3;
	24469 : E3;
	24470 : FF;
	24471 : E3;
	24472 : E3;
	24473 : FF;
	24474 : E3;
	24475 : FF;
	24476 : E3;
	24477 : E3;
	24478 : E3;
	24479 : E3;
	24480 : E3;
	24481 : FF;
	24482 : E3;
	24483 : E3;
	24484 : E3;
	24485 : E3;
	24486 : FF;
	24487 : E3;
	24488 : E3;
	24489 : FF;
	24490 : E3;
	24491 : FF;
	24492 : FF;
	24493 : E3;
	24494 : FF;
	24495 : FF;
	24496 : E3;
	24497 : FF;
	24498 : E3;
	24499 : E3;
	24500 : E3;
	24501 : E3;
	24502 : E3;
	24503 : E3;
	24504 : E3;
	24505 : E3;
	24506 : FF;
	24507 : FF;
	24508 : FF;
	24509 : E3;
	24510 : E3;
	24511 : FF;
	24512 : E3;
	24513 : E3;
	24514 : FF;
	24515 : E3;
	24516 : E3;
	24517 : FF;
	24518 : E3;
	24519 : FF;
	24520 : E3;
	24521 : FF;
	24522 : E3;
	24523 : E3;
	24524 : E3;
	24525 : FF;
	24526 : E3;
	24527 : E3;
	24528 : E3;
	24529 : E3;
	24530 : E3;
	24531 : FF;
	24532 : E3;
	24533 : E3;
	24534 : FF;
	24535 : FF;
	24536 : FF;
	24537 : FF;
	24538 : E3;
	24539 : FF;
	24540 : FF;
	24541 : FF;
	24542 : E3;
	24543 : E3;
	24544 : E3;
	24545 : FF;
	24546 : E3;
	24547 : FF;
	24548 : FF;
	24549 : E3;
	24550 : FF;
	24551 : E3;
	24552 : E3;
	24553 : FF;
	24554 : E3;
	24555 : FF;
	24556 : FF;
	24557 : FF;
	24558 : FF;
	24559 : FF;
	24560 : E3;
	24561 : FF;
	24562 : FF;
	24563 : FF;
	24564 : E3;
	24565 : E3;
	24566 : E3;
	24567 : E3;
	24568 : E3;
	24569 : E3;
	24570 : E3;
	24571 : E3;
	24572 : FF;
	24573 : E3;
	24574 : E3;
	24575 : FF;
	24576 : E3;
	24577 : E3;
	24578 : FF;
	24579 : FF;
	24580 : FF;
	24581 : FF;
	24582 : E3;
	24583 : FF;
	24584 : FF;
	24585 : E3;
	24586 : E3;
	24587 : E3;
	24588 : E3;
	24589 : FF;
	24590 : E3;
	24591 : E3;
	24592 : E3;
	24593 : E3;
	24594 : E3;
	24595 : FF;
	24596 : E3;
	24597 : E3;
	24598 : FF;
	24599 : E3;
	24600 : E3;
	24601 : FF;
	24602 : E3;
	24603 : FF;
	24604 : E3;
	24605 : E3;
	24606 : E3;
	24607 : E3;
	24608 : E3;
	24609 : FF;
	24610 : E3;
	24611 : E3;
	24612 : FF;
	24613 : E3;
	24614 : FF;
	24615 : FF;
	24616 : FF;
	24617 : FF;
	24618 : E3;
	24619 : FF;
	24620 : E3;
	24621 : FF;
	24622 : E3;
	24623 : FF;
	24624 : E3;
	24625 : FF;
	24626 : E3;
	24627 : E3;
	24628 : E3;
	24629 : E3;
	24630 : E3;
	24631 : E3;
	24632 : E3;
	24633 : E3;
	24634 : FF;
	24635 : FF;
	24636 : FF;
	24637 : E3;
	24638 : E3;
	24639 : FF;
	24640 : E3;
	24641 : E3;
	24642 : FF;
	24643 : E3;
	24644 : E3;
	24645 : FF;
	24646 : E3;
	24647 : FF;
	24648 : E3;
	24649 : FF;
	24650 : E3;
	24651 : E3;
	24652 : E3;
	24653 : FF;
	24654 : E3;
	24655 : E3;
	24656 : E3;
	24657 : E3;
	24658 : E3;
	24659 : FF;
	24660 : E3;
	24661 : E3;
	24662 : FF;
	24663 : E3;
	24664 : E3;
	24665 : FF;
	24666 : E3;
	24667 : FF;
	24668 : FF;
	24669 : FF;
	24670 : E3;
	24671 : E3;
	24672 : E3;
	24673 : E3;
	24674 : FF;
	24675 : FF;
	24676 : FF;
	24677 : E3;
	24678 : FF;
	24679 : E3;
	24680 : E3;
	24681 : FF;
	24682 : E3;
	24683 : FF;
	24684 : E3;
	24685 : E3;
	24686 : E3;
	24687 : FF;
	24688 : E3;
	24689 : FF;
	24690 : FF;
	24691 : FF;
	24692 : E3;
	24693 : E3;
	24694 : E3;
END;
