DEPTH = 54272;
WIDTH = 8;
ADDRESS_RADIX = UNS;
DATA_RADIX = HEX;

CONTENT BEGIN
	0 : E3;
	1 : E3;
	2 : E3;
	3 : E3;
	4 : E3;
	5 : E3;
	6 : E3;
	7 : E3;
	8 : E3;
	9 : E3;
	10 : E3;
	11 : E3;
	12 : E3;
	13 : E3;
	14 : E3;
	15 : E3;
	16 : E3;
	17 : E3;
	18 : E3;
	19 : E3;
	20 : E3;
	21 : E3;
	22 : E3;
	23 : E3;
	24 : E3;
	25 : E3;
	26 : E3;
	27 : E3;
	28 : E3;
	29 : E3;
	30 : E3;
	31 : E3;
	32 : E3;
	33 : E3;
	34 : E3;
	35 : E3;
	36 : E3;
	37 : E3;
	38 : E3;
	39 : E3;
	40 : E3;
	41 : E3;
	42 : E3;
	43 : E3;
	44 : E3;
	45 : E3;
	46 : E3;
	47 : E3;
	48 : E3;
	49 : E3;
	50 : E3;
	51 : E3;
	52 : E3;
	53 : E3;
	54 : E3;
	55 : E3;
	56 : E3;
	57 : E3;
	58 : E3;
	59 : E3;
	60 : E3;
	61 : E3;
	62 : E3;
	63 : E3;
	64 : E3;
	65 : E3;
	66 : E3;
	67 : E3;
	68 : E3;
	69 : E3;
	70 : E3;
	71 : E3;
	72 : E3;
	73 : E3;
	74 : E3;
	75 : E3;
	76 : E3;
	77 : E3;
	78 : E3;
	79 : E3;
	80 : E3;
	81 : E3;
	82 : E3;
	83 : E3;
	84 : E3;
	85 : E3;
	86 : E3;
	87 : E3;
	88 : E3;
	89 : E3;
	90 : E3;
	91 : E3;
	92 : E3;
	93 : E3;
	94 : E3;
	95 : E3;
	96 : E3;
	97 : E3;
	98 : E3;
	99 : E3;
	100 : E3;
	101 : E3;
	102 : E3;
	103 : E3;
	104 : E3;
	105 : E3;
	106 : E3;
	107 : E3;
	108 : E3;
	109 : E3;
	110 : E3;
	111 : E3;
	112 : E3;
	113 : E3;
	114 : E3;
	115 : E3;
	116 : E3;
	117 : E3;
	118 : E3;
	119 : E3;
	120 : E3;
	121 : E3;
	122 : E3;
	123 : E3;
	124 : E3;
	125 : E3;
	126 : E3;
	127 : E3;
	128 : E3;
	129 : E3;
	130 : E3;
	131 : E3;
	132 : E3;
	133 : E3;
	134 : E3;
	135 : E3;
	136 : E3;
	137 : E3;
	138 : E3;
	139 : E3;
	140 : E3;
	141 : E3;
	142 : E3;
	143 : E3;
	144 : E3;
	145 : E3;
	146 : E3;
	147 : E3;
	148 : E3;
	149 : E3;
	150 : E3;
	151 : E3;
	152 : E3;
	153 : E3;
	154 : E3;
	155 : E3;
	156 : E3;
	157 : E3;
	158 : E3;
	159 : E3;
	160 : E3;
	161 : E3;
	162 : E3;
	163 : E3;
	164 : E3;
	165 : E3;
	166 : E3;
	167 : E3;
	168 : E3;
	169 : E3;
	170 : E3;
	171 : E3;
	172 : E3;
	173 : E3;
	174 : E3;
	175 : E3;
	176 : E3;
	177 : E3;
	178 : E3;
	179 : E3;
	180 : E3;
	181 : E3;
	182 : E3;
	183 : E3;
	184 : E3;
	185 : E3;
	186 : E3;
	187 : E3;
	188 : E3;
	189 : E3;
	190 : E3;
	191 : E3;
	192 : E3;
	193 : E3;
	194 : E3;
	195 : E3;
	196 : E3;
	197 : E3;
	198 : E3;
	199 : E3;
	200 : E3;
	201 : E3;
	202 : E3;
	203 : E3;
	204 : E3;
	205 : E3;
	206 : E3;
	207 : E3;
	208 : E3;
	209 : E3;
	210 : E3;
	211 : E3;
	212 : E3;
	213 : E3;
	214 : E3;
	215 : E3;
	216 : E3;
	217 : E3;
	218 : E3;
	219 : E3;
	220 : E3;
	221 : E3;
	222 : E3;
	223 : E3;
	224 : E3;
	225 : E3;
	226 : E3;
	227 : E3;
	228 : E3;
	229 : E3;
	230 : E3;
	231 : E3;
	232 : E3;
	233 : E3;
	234 : E3;
	235 : E3;
	236 : E3;
	237 : E3;
	238 : E3;
	239 : E3;
	240 : E3;
	241 : E3;
	242 : E3;
	243 : E3;
	244 : E3;
	245 : E3;
	246 : E3;
	247 : E3;
	248 : E3;
	249 : E3;
	250 : E3;
	251 : E3;
	252 : E3;
	253 : E3;
	254 : E3;
	255 : E3;
	256 : E3;
	257 : E3;
	258 : E3;
	259 : E3;
	260 : E3;
	261 : E3;
	262 : E3;
	263 : E3;
	264 : E3;
	265 : E3;
	266 : E3;
	267 : E3;
	268 : E3;
	269 : E3;
	270 : E3;
	271 : E3;
	272 : E3;
	273 : E3;
	274 : E3;
	275 : E3;
	276 : E3;
	277 : E3;
	278 : E3;
	279 : E3;
	280 : E3;
	281 : E3;
	282 : E3;
	283 : E3;
	284 : E3;
	285 : E3;
	286 : E3;
	287 : E3;
	288 : E3;
	289 : E3;
	290 : E3;
	291 : E3;
	292 : E3;
	293 : E3;
	294 : E3;
	295 : E3;
	296 : E3;
	297 : E3;
	298 : E3;
	299 : E3;
	300 : E3;
	301 : E3;
	302 : E3;
	303 : E3;
	304 : E3;
	305 : E3;
	306 : E3;
	307 : E3;
	308 : E3;
	309 : E3;
	310 : E3;
	311 : E3;
	312 : E3;
	313 : E3;
	314 : E3;
	315 : E3;
	316 : E3;
	317 : E3;
	318 : E3;
	319 : E3;
	320 : E3;
	321 : E3;
	322 : E3;
	323 : E3;
	324 : E3;
	325 : E3;
	326 : E3;
	327 : E3;
	328 : E3;
	329 : E3;
	330 : E3;
	331 : E3;
	332 : E3;
	333 : E3;
	334 : E3;
	335 : E3;
	336 : E3;
	337 : E3;
	338 : E3;
	339 : E3;
	340 : E3;
	341 : E3;
	342 : E3;
	343 : E3;
	344 : E3;
	345 : E3;
	346 : E3;
	347 : E3;
	348 : E3;
	349 : E3;
	350 : E3;
	351 : E3;
	352 : E3;
	353 : E3;
	354 : E3;
	355 : E3;
	356 : E3;
	357 : E3;
	358 : E3;
	359 : E3;
	360 : E3;
	361 : E3;
	362 : E3;
	363 : E3;
	364 : E3;
	365 : E3;
	366 : E3;
	367 : E3;
	368 : E3;
	369 : E3;
	370 : E3;
	371 : E3;
	372 : E3;
	373 : E3;
	374 : E3;
	375 : E3;
	376 : E3;
	377 : E3;
	378 : E3;
	379 : E3;
	380 : E3;
	381 : E3;
	382 : E3;
	383 : E3;
	384 : E3;
	385 : E3;
	386 : E3;
	387 : E3;
	388 : E3;
	389 : E3;
	390 : E3;
	391 : E3;
	392 : E3;
	393 : E3;
	394 : E3;
	395 : E3;
	396 : E3;
	397 : E3;
	398 : E3;
	399 : E3;
	400 : E3;
	401 : E3;
	402 : E3;
	403 : E3;
	404 : E3;
	405 : E3;
	406 : E3;
	407 : E3;
	408 : E3;
	409 : E3;
	410 : E3;
	411 : E3;
	412 : E3;
	413 : E3;
	414 : E3;
	415 : E3;
	416 : E3;
	417 : E3;
	418 : E3;
	419 : E3;
	420 : E3;
	421 : E3;
	422 : E3;
	423 : E3;
	424 : E3;
	425 : E3;
	426 : E3;
	427 : E3;
	428 : E3;
	429 : E3;
	430 : E3;
	431 : E3;
	432 : E3;
	433 : E3;
	434 : E3;
	435 : E3;
	436 : E3;
	437 : E3;
	438 : E3;
	439 : E3;
	440 : E3;
	441 : E3;
	442 : E3;
	443 : E3;
	444 : E3;
	445 : E3;
	446 : E3;
	447 : E3;
	448 : E3;
	449 : E3;
	450 : E3;
	451 : E3;
	452 : E3;
	453 : E3;
	454 : E3;
	455 : E3;
	456 : E3;
	457 : E3;
	458 : E3;
	459 : E3;
	460 : E3;
	461 : E3;
	462 : E3;
	463 : E3;
	464 : E3;
	465 : E3;
	466 : E3;
	467 : E3;
	468 : E3;
	469 : E3;
	470 : E3;
	471 : E3;
	472 : E3;
	473 : E3;
	474 : E3;
	475 : E3;
	476 : E3;
	477 : E3;
	478 : E3;
	479 : E3;
	480 : E3;
	481 : E3;
	482 : E3;
	483 : E3;
	484 : E3;
	485 : E3;
	486 : E3;
	487 : E3;
	488 : E3;
	489 : E3;
	490 : E3;
	491 : E3;
	492 : E3;
	493 : E3;
	494 : E3;
	495 : E3;
	496 : E3;
	497 : E3;
	498 : E3;
	499 : E3;
	500 : E3;
	501 : E3;
	502 : E3;
	503 : E3;
	504 : E3;
	505 : E3;
	506 : E3;
	507 : E3;
	508 : E3;
	509 : E3;
	510 : E3;
	511 : E3;
	512 : E3;
	513 : E3;
	514 : E3;
	515 : E3;
	516 : E3;
	517 : E3;
	518 : E3;
	519 : E3;
	520 : E3;
	521 : E3;
	522 : E3;
	523 : E3;
	524 : E3;
	525 : E3;
	526 : E3;
	527 : E3;
	528 : E3;
	529 : E3;
	530 : E3;
	531 : E3;
	532 : E3;
	533 : E3;
	534 : E3;
	535 : E3;
	536 : E3;
	537 : E3;
	538 : E3;
	539 : E3;
	540 : E3;
	541 : E3;
	542 : E3;
	543 : E3;
	544 : E3;
	545 : E3;
	546 : E3;
	547 : E3;
	548 : E3;
	549 : E3;
	550 : E3;
	551 : E3;
	552 : E3;
	553 : E3;
	554 : E3;
	555 : E3;
	556 : E3;
	557 : E3;
	558 : E3;
	559 : E3;
	560 : E3;
	561 : E3;
	562 : E3;
	563 : E3;
	564 : E3;
	565 : E3;
	566 : E3;
	567 : E3;
	568 : E3;
	569 : E3;
	570 : E3;
	571 : E3;
	572 : E3;
	573 : E3;
	574 : E3;
	575 : E3;
	576 : E3;
	577 : E3;
	578 : E3;
	579 : E3;
	580 : E3;
	581 : E3;
	582 : E3;
	583 : E3;
	584 : E3;
	585 : E3;
	586 : E3;
	587 : E3;
	588 : E3;
	589 : E3;
	590 : E3;
	591 : E3;
	592 : E3;
	593 : E3;
	594 : E3;
	595 : E3;
	596 : E3;
	597 : E3;
	598 : E3;
	599 : E3;
	600 : E3;
	601 : E3;
	602 : E3;
	603 : E3;
	604 : E3;
	605 : E3;
	606 : E3;
	607 : E3;
	608 : E3;
	609 : E3;
	610 : E3;
	611 : E3;
	612 : E3;
	613 : E3;
	614 : E3;
	615 : E3;
	616 : E3;
	617 : E3;
	618 : E3;
	619 : E3;
	620 : E3;
	621 : E3;
	622 : E3;
	623 : E3;
	624 : E3;
	625 : E3;
	626 : E3;
	627 : E3;
	628 : E3;
	629 : E3;
	630 : E3;
	631 : E3;
	632 : E3;
	633 : E3;
	634 : E3;
	635 : E3;
	636 : E3;
	637 : E3;
	638 : E3;
	639 : E3;
	640 : E3;
	641 : E3;
	642 : E3;
	643 : E3;
	644 : E3;
	645 : E3;
	646 : E3;
	647 : E3;
	648 : E3;
	649 : E3;
	650 : E3;
	651 : E3;
	652 : E3;
	653 : E3;
	654 : E3;
	655 : E3;
	656 : E3;
	657 : E3;
	658 : E3;
	659 : E3;
	660 : E3;
	661 : E3;
	662 : E3;
	663 : E3;
	664 : E3;
	665 : E3;
	666 : E3;
	667 : E3;
	668 : E3;
	669 : E3;
	670 : E3;
	671 : E3;
	672 : E3;
	673 : E3;
	674 : E3;
	675 : E3;
	676 : E3;
	677 : E3;
	678 : E3;
	679 : E3;
	680 : E3;
	681 : E3;
	682 : E3;
	683 : E3;
	684 : E3;
	685 : E3;
	686 : E3;
	687 : E3;
	688 : E3;
	689 : E3;
	690 : E3;
	691 : E3;
	692 : E3;
	693 : E3;
	694 : E3;
	695 : E3;
	696 : E3;
	697 : E3;
	698 : E3;
	699 : E3;
	700 : E3;
	701 : E3;
	702 : E3;
	703 : E3;
	704 : E3;
	705 : E3;
	706 : E3;
	707 : E3;
	708 : E3;
	709 : E3;
	710 : E3;
	711 : E3;
	712 : E3;
	713 : E3;
	714 : E3;
	715 : E3;
	716 : E3;
	717 : E3;
	718 : E3;
	719 : E3;
	720 : E3;
	721 : E3;
	722 : E3;
	723 : E3;
	724 : E3;
	725 : E3;
	726 : E3;
	727 : E3;
	728 : E3;
	729 : E3;
	730 : E3;
	731 : E3;
	732 : E3;
	733 : E3;
	734 : E3;
	735 : E3;
	736 : E3;
	737 : E3;
	738 : E3;
	739 : E3;
	740 : E3;
	741 : E3;
	742 : E3;
	743 : E3;
	744 : E3;
	745 : E3;
	746 : E3;
	747 : E3;
	748 : E3;
	749 : E3;
	750 : E3;
	751 : E3;
	752 : E3;
	753 : E3;
	754 : E3;
	755 : E3;
	756 : E3;
	757 : E3;
	758 : E3;
	759 : E3;
	760 : E3;
	761 : E3;
	762 : E3;
	763 : E3;
	764 : E3;
	765 : E3;
	766 : E3;
	767 : E3;
	768 : E3;
	769 : E3;
	770 : E3;
	771 : E3;
	772 : E3;
	773 : E3;
	774 : E3;
	775 : E3;
	776 : E3;
	777 : E3;
	778 : E3;
	779 : E3;
	780 : E3;
	781 : E3;
	782 : E3;
	783 : E3;
	784 : E3;
	785 : E3;
	786 : E3;
	787 : E3;
	788 : E3;
	789 : E3;
	790 : E3;
	791 : E3;
	792 : E3;
	793 : E3;
	794 : E3;
	795 : E3;
	796 : E3;
	797 : E3;
	798 : E3;
	799 : E3;
	800 : E3;
	801 : E3;
	802 : E3;
	803 : E3;
	804 : E3;
	805 : E3;
	806 : E3;
	807 : E3;
	808 : E3;
	809 : E3;
	810 : E3;
	811 : E3;
	812 : E3;
	813 : E3;
	814 : E3;
	815 : E3;
	816 : E3;
	817 : E3;
	818 : E3;
	819 : E3;
	820 : E3;
	821 : E3;
	822 : E3;
	823 : E3;
	824 : E3;
	825 : E3;
	826 : E3;
	827 : E3;
	828 : E3;
	829 : E3;
	830 : E3;
	831 : E3;
	832 : E3;
	833 : E3;
	834 : E3;
	835 : E3;
	836 : E3;
	837 : E3;
	838 : E3;
	839 : E3;
	840 : E3;
	841 : E3;
	842 : E3;
	843 : E3;
	844 : E3;
	845 : E3;
	846 : E3;
	847 : E3;
	848 : E3;
	849 : E3;
	850 : E3;
	851 : E3;
	852 : E3;
	853 : E3;
	854 : E3;
	855 : E3;
	856 : E3;
	857 : E3;
	858 : E3;
	859 : E3;
	860 : E3;
	861 : E3;
	862 : E3;
	863 : E3;
	864 : E3;
	865 : E3;
	866 : E3;
	867 : E3;
	868 : E3;
	869 : 24;
	870 : 24;
	871 : E3;
	872 : E3;
	873 : E3;
	874 : E3;
	875 : E3;
	876 : E3;
	877 : E3;
	878 : E3;
	879 : E3;
	880 : E3;
	881 : E3;
	882 : E3;
	883 : E3;
	884 : E3;
	885 : E3;
	886 : E3;
	887 : E3;
	888 : E3;
	889 : E3;
	890 : E3;
	891 : E3;
	892 : E3;
	893 : E3;
	894 : E3;
	895 : E3;
	896 : E3;
	897 : E3;
	898 : E3;
	899 : E3;
	900 : E3;
	901 : E3;
	902 : E3;
	903 : E3;
	904 : E3;
	905 : E3;
	906 : E3;
	907 : E3;
	908 : E3;
	909 : E3;
	910 : E3;
	911 : E3;
	912 : E3;
	913 : E3;
	914 : E3;
	915 : E3;
	916 : E3;
	917 : E3;
	918 : E3;
	919 : E3;
	920 : E3;
	921 : E3;
	922 : E3;
	923 : E3;
	924 : E3;
	925 : E3;
	926 : E3;
	927 : E3;
	928 : E3;
	929 : E3;
	930 : E3;
	931 : E3;
	932 : 24;
	933 : 24;
	934 : 24;
	935 : 24;
	936 : 24;
	937 : E3;
	938 : E3;
	939 : E3;
	940 : E3;
	941 : E3;
	942 : E3;
	943 : E3;
	944 : E3;
	945 : E3;
	946 : E3;
	947 : E3;
	948 : E3;
	949 : E3;
	950 : E3;
	951 : E3;
	952 : E3;
	953 : E3;
	954 : E3;
	955 : E3;
	956 : E3;
	957 : E3;
	958 : E3;
	959 : E3;
	960 : E3;
	961 : E3;
	962 : E3;
	963 : E3;
	964 : E3;
	965 : E3;
	966 : E3;
	967 : E3;
	968 : E3;
	969 : E3;
	970 : E3;
	971 : E3;
	972 : E3;
	973 : E3;
	974 : E3;
	975 : E3;
	976 : E3;
	977 : E3;
	978 : E3;
	979 : E3;
	980 : E3;
	981 : E3;
	982 : E3;
	983 : E3;
	984 : E3;
	985 : E3;
	986 : E3;
	987 : E3;
	988 : E3;
	989 : E3;
	990 : E3;
	991 : E3;
	992 : E3;
	993 : E3;
	994 : E3;
	995 : 24;
	996 : 24;
	997 : 64;
	998 : A8;
	999 : 84;
	1000 : 44;
	1001 : E3;
	1002 : E3;
	1003 : E3;
	1004 : E3;
	1005 : E3;
	1006 : E3;
	1007 : E3;
	1008 : E3;
	1009 : E3;
	1010 : E3;
	1011 : E3;
	1012 : E3;
	1013 : E3;
	1014 : E3;
	1015 : E3;
	1016 : E3;
	1017 : E3;
	1018 : E3;
	1019 : E3;
	1020 : E3;
	1021 : E3;
	1022 : E3;
	1023 : E3;
	1024 : E3;
	1025 : E3;
	1026 : E3;
	1027 : E3;
	1028 : E3;
	1029 : E3;
	1030 : E3;
	1031 : E3;
	1032 : E3;
	1033 : E3;
	1034 : E3;
	1035 : E3;
	1036 : E3;
	1037 : E3;
	1038 : E3;
	1039 : E3;
	1040 : E3;
	1041 : E3;
	1042 : E3;
	1043 : E3;
	1044 : E3;
	1045 : E3;
	1046 : E3;
	1047 : E3;
	1048 : E3;
	1049 : E3;
	1050 : E3;
	1051 : E3;
	1052 : E3;
	1053 : E3;
	1054 : E3;
	1055 : E3;
	1056 : E3;
	1057 : E3;
	1058 : 65;
	1059 : 64;
	1060 : 64;
	1061 : 64;
	1062 : 88;
	1063 : A8;
	1064 : CC;
	1065 : A9;
	1066 : E3;
	1067 : E3;
	1068 : E3;
	1069 : E3;
	1070 : E3;
	1071 : E3;
	1072 : E3;
	1073 : E3;
	1074 : E3;
	1075 : E3;
	1076 : E3;
	1077 : E3;
	1078 : E3;
	1079 : E3;
	1080 : E3;
	1081 : E3;
	1082 : E3;
	1083 : E3;
	1084 : E3;
	1085 : E3;
	1086 : E3;
	1087 : E3;
	1088 : E3;
	1089 : E3;
	1090 : E3;
	1091 : E3;
	1092 : E3;
	1093 : E3;
	1094 : E3;
	1095 : E3;
	1096 : E3;
	1097 : E3;
	1098 : E3;
	1099 : E3;
	1100 : E3;
	1101 : E3;
	1102 : E3;
	1103 : E3;
	1104 : E3;
	1105 : E3;
	1106 : E3;
	1107 : E3;
	1108 : E3;
	1109 : E3;
	1110 : E3;
	1111 : E3;
	1112 : E3;
	1113 : E3;
	1114 : E3;
	1115 : E3;
	1116 : E3;
	1117 : 60;
	1118 : 60;
	1119 : 80;
	1120 : 80;
	1121 : A8;
	1122 : 88;
	1123 : 88;
	1124 : A8;
	1125 : CC;
	1126 : 84;
	1127 : 69;
	1128 : A8;
	1129 : E3;
	1130 : E3;
	1131 : E3;
	1132 : E3;
	1133 : E3;
	1134 : E3;
	1135 : E3;
	1136 : E3;
	1137 : E3;
	1138 : E3;
	1139 : E3;
	1140 : E3;
	1141 : E3;
	1142 : E3;
	1143 : E3;
	1144 : E3;
	1145 : E3;
	1146 : E3;
	1147 : E3;
	1148 : E3;
	1149 : E3;
	1150 : E3;
	1151 : E3;
	1152 : E3;
	1153 : E3;
	1154 : E3;
	1155 : E3;
	1156 : E3;
	1157 : E3;
	1158 : E3;
	1159 : E3;
	1160 : E3;
	1161 : E3;
	1162 : E3;
	1163 : E3;
	1164 : E3;
	1165 : E3;
	1166 : E3;
	1167 : E3;
	1168 : E3;
	1169 : E3;
	1170 : E3;
	1171 : E3;
	1172 : E3;
	1173 : E3;
	1174 : E3;
	1175 : E3;
	1176 : E3;
	1177 : E3;
	1178 : 80;
	1179 : A0;
	1180 : A0;
	1181 : C0;
	1182 : C0;
	1183 : A0;
	1184 : A0;
	1185 : A0;
	1186 : 88;
	1187 : 88;
	1188 : 88;
	1189 : CC;
	1190 : A8;
	1191 : 88;
	1192 : A8;
	1193 : E3;
	1194 : E3;
	1195 : E3;
	1196 : E3;
	1197 : E3;
	1198 : E3;
	1199 : E3;
	1200 : E3;
	1201 : E3;
	1202 : E3;
	1203 : E3;
	1204 : E3;
	1205 : E3;
	1206 : E3;
	1207 : E3;
	1208 : E3;
	1209 : E3;
	1210 : E3;
	1211 : E3;
	1212 : E3;
	1213 : E3;
	1214 : E3;
	1215 : E3;
	1216 : E3;
	1217 : E3;
	1218 : E3;
	1219 : E3;
	1220 : E3;
	1221 : E3;
	1222 : E3;
	1223 : E3;
	1224 : E3;
	1225 : E3;
	1226 : E3;
	1227 : E3;
	1228 : E3;
	1229 : E3;
	1230 : E3;
	1231 : E3;
	1232 : E3;
	1233 : E3;
	1234 : E3;
	1235 : E3;
	1236 : E3;
	1237 : E3;
	1238 : E3;
	1239 : E3;
	1240 : E3;
	1241 : 80;
	1242 : A0;
	1243 : E0;
	1244 : E0;
	1245 : E0;
	1246 : E0;
	1247 : C0;
	1248 : C0;
	1249 : A0;
	1250 : 84;
	1251 : 88;
	1252 : 64;
	1253 : A8;
	1254 : B6;
	1255 : DA;
	1256 : 92;
	1257 : 84;
	1258 : C0;
	1259 : E3;
	1260 : E3;
	1261 : E3;
	1262 : E3;
	1263 : E3;
	1264 : E3;
	1265 : E3;
	1266 : E3;
	1267 : E3;
	1268 : E3;
	1269 : E3;
	1270 : E3;
	1271 : E3;
	1272 : E3;
	1273 : E3;
	1274 : E3;
	1275 : E3;
	1276 : E3;
	1277 : E3;
	1278 : E3;
	1279 : E3;
	1280 : E3;
	1281 : E3;
	1282 : E3;
	1283 : E3;
	1284 : E3;
	1285 : E3;
	1286 : E3;
	1287 : E3;
	1288 : E3;
	1289 : E3;
	1290 : E3;
	1291 : E3;
	1292 : E3;
	1293 : E3;
	1294 : E3;
	1295 : E3;
	1296 : E3;
	1297 : E3;
	1298 : E3;
	1299 : E3;
	1300 : E3;
	1301 : E3;
	1302 : E3;
	1303 : E3;
	1304 : 80;
	1305 : 60;
	1306 : A0;
	1307 : C0;
	1308 : E0;
	1309 : E0;
	1310 : E0;
	1311 : E0;
	1312 : A0;
	1313 : A0;
	1314 : 80;
	1315 : A8;
	1316 : 88;
	1317 : B1;
	1318 : DA;
	1319 : DA;
	1320 : DA;
	1321 : B1;
	1322 : C0;
	1323 : C0;
	1324 : E3;
	1325 : E3;
	1326 : E3;
	1327 : E3;
	1328 : E3;
	1329 : E3;
	1330 : E3;
	1331 : E3;
	1332 : E3;
	1333 : E3;
	1334 : E3;
	1335 : E3;
	1336 : E3;
	1337 : E3;
	1338 : E3;
	1339 : E3;
	1340 : E3;
	1341 : E3;
	1342 : E3;
	1343 : E3;
	1344 : E3;
	1345 : E3;
	1346 : E3;
	1347 : E3;
	1348 : E3;
	1349 : E3;
	1350 : E3;
	1351 : E3;
	1352 : E3;
	1353 : E3;
	1354 : E3;
	1355 : E3;
	1356 : E3;
	1357 : E3;
	1358 : E3;
	1359 : E3;
	1360 : E3;
	1361 : E3;
	1362 : E3;
	1363 : E3;
	1364 : E3;
	1365 : E3;
	1366 : E3;
	1367 : E3;
	1368 : 80;
	1369 : 80;
	1370 : A0;
	1371 : A0;
	1372 : C0;
	1373 : C0;
	1374 : C0;
	1375 : C0;
	1376 : A0;
	1377 : 80;
	1378 : 80;
	1379 : 84;
	1380 : B1;
	1381 : DA;
	1382 : DA;
	1383 : DA;
	1384 : DA;
	1385 : B1;
	1386 : A4;
	1387 : C0;
	1388 : E3;
	1389 : E3;
	1390 : E3;
	1391 : A9;
	1392 : E3;
	1393 : E3;
	1394 : E3;
	1395 : E3;
	1396 : E3;
	1397 : E3;
	1398 : E3;
	1399 : E3;
	1400 : E3;
	1401 : E3;
	1402 : E3;
	1403 : E3;
	1404 : E3;
	1405 : E3;
	1406 : E3;
	1407 : E3;
	1408 : E3;
	1409 : E3;
	1410 : E3;
	1411 : E3;
	1412 : E3;
	1413 : E3;
	1414 : E3;
	1415 : E3;
	1416 : E3;
	1417 : E3;
	1418 : E3;
	1419 : E3;
	1420 : E3;
	1421 : E3;
	1422 : E3;
	1423 : E3;
	1424 : E3;
	1425 : E3;
	1426 : E3;
	1427 : E3;
	1428 : E3;
	1429 : E3;
	1430 : E3;
	1431 : E3;
	1432 : A0;
	1433 : A0;
	1434 : 80;
	1435 : A0;
	1436 : C0;
	1437 : A0;
	1438 : C4;
	1439 : C8;
	1440 : C8;
	1441 : A4;
	1442 : 80;
	1443 : A4;
	1444 : CD;
	1445 : B1;
	1446 : DA;
	1447 : B6;
	1448 : 91;
	1449 : 84;
	1450 : A0;
	1451 : A0;
	1452 : 80;
	1453 : 88;
	1454 : 68;
	1455 : 64;
	1456 : 84;
	1457 : E3;
	1458 : E3;
	1459 : E3;
	1460 : E3;
	1461 : E3;
	1462 : E3;
	1463 : E3;
	1464 : E3;
	1465 : E3;
	1466 : E3;
	1467 : E3;
	1468 : E3;
	1469 : E3;
	1470 : E3;
	1471 : E3;
	1472 : E3;
	1473 : E3;
	1474 : E3;
	1475 : E3;
	1476 : E3;
	1477 : E3;
	1478 : E3;
	1479 : E3;
	1480 : E3;
	1481 : E3;
	1482 : E3;
	1483 : E3;
	1484 : E3;
	1485 : E3;
	1486 : E3;
	1487 : E3;
	1488 : E3;
	1489 : E3;
	1490 : E3;
	1491 : E3;
	1492 : E3;
	1493 : E3;
	1494 : E3;
	1495 : E3;
	1496 : 80;
	1497 : A0;
	1498 : 80;
	1499 : A0;
	1500 : C4;
	1501 : C8;
	1502 : CD;
	1503 : A8;
	1504 : A8;
	1505 : CD;
	1506 : C8;
	1507 : CD;
	1508 : A8;
	1509 : C8;
	1510 : 8D;
	1511 : 84;
	1512 : A0;
	1513 : A0;
	1514 : A0;
	1515 : A0;
	1516 : 68;
	1517 : 91;
	1518 : 91;
	1519 : 91;
	1520 : 88;
	1521 : 84;
	1522 : E3;
	1523 : E3;
	1524 : E3;
	1525 : E3;
	1526 : E3;
	1527 : E3;
	1528 : E3;
	1529 : E3;
	1530 : E3;
	1531 : E3;
	1532 : E3;
	1533 : E3;
	1534 : E3;
	1535 : E3;
	1536 : E3;
	1537 : E3;
	1538 : E3;
	1539 : E3;
	1540 : E3;
	1541 : E3;
	1542 : E3;
	1543 : E3;
	1544 : E3;
	1545 : E3;
	1546 : E3;
	1547 : E3;
	1548 : E3;
	1549 : E3;
	1550 : E3;
	1551 : E3;
	1552 : E3;
	1553 : E3;
	1554 : E3;
	1555 : E3;
	1556 : E3;
	1557 : E3;
	1558 : E3;
	1559 : E3;
	1560 : E3;
	1561 : 80;
	1562 : 80;
	1563 : A4;
	1564 : CD;
	1565 : CC;
	1566 : CD;
	1567 : ED;
	1568 : ED;
	1569 : CD;
	1570 : ED;
	1571 : CC;
	1572 : C8;
	1573 : A8;
	1574 : 80;
	1575 : A0;
	1576 : A0;
	1577 : A0;
	1578 : 84;
	1579 : 88;
	1580 : 8D;
	1581 : 91;
	1582 : B6;
	1583 : B6;
	1584 : B6;
	1585 : 89;
	1586 : E3;
	1587 : E3;
	1588 : E3;
	1589 : E3;
	1590 : E3;
	1591 : E3;
	1592 : E3;
	1593 : E3;
	1594 : E3;
	1595 : E3;
	1596 : E3;
	1597 : E3;
	1598 : E3;
	1599 : E3;
	1600 : E3;
	1601 : E3;
	1602 : E3;
	1603 : E3;
	1604 : E3;
	1605 : E3;
	1606 : E3;
	1607 : E3;
	1608 : E3;
	1609 : E3;
	1610 : E3;
	1611 : E3;
	1612 : E3;
	1613 : E3;
	1614 : E3;
	1615 : E3;
	1616 : E3;
	1617 : E3;
	1618 : E3;
	1619 : E3;
	1620 : E3;
	1621 : E3;
	1622 : E3;
	1623 : E3;
	1624 : E3;
	1625 : 80;
	1626 : 80;
	1627 : 84;
	1628 : A8;
	1629 : CD;
	1630 : ED;
	1631 : ED;
	1632 : ED;
	1633 : CD;
	1634 : ED;
	1635 : CC;
	1636 : A8;
	1637 : 80;
	1638 : E3;
	1639 : E3;
	1640 : 80;
	1641 : 64;
	1642 : 84;
	1643 : 64;
	1644 : B5;
	1645 : B6;
	1646 : 91;
	1647 : 91;
	1648 : 8D;
	1649 : E3;
	1650 : E3;
	1651 : E3;
	1652 : E3;
	1653 : E3;
	1654 : E3;
	1655 : E3;
	1656 : E3;
	1657 : E3;
	1658 : E3;
	1659 : E3;
	1660 : E3;
	1661 : E3;
	1662 : E3;
	1663 : E3;
	1664 : E3;
	1665 : E3;
	1666 : E3;
	1667 : E3;
	1668 : E3;
	1669 : E3;
	1670 : E3;
	1671 : E3;
	1672 : E3;
	1673 : E3;
	1674 : E3;
	1675 : E3;
	1676 : E3;
	1677 : E3;
	1678 : E3;
	1679 : E3;
	1680 : E3;
	1681 : E3;
	1682 : E3;
	1683 : E3;
	1684 : E3;
	1685 : E3;
	1686 : E3;
	1687 : E3;
	1688 : E3;
	1689 : 60;
	1690 : 80;
	1691 : 80;
	1692 : A8;
	1693 : CD;
	1694 : CD;
	1695 : A8;
	1696 : C8;
	1697 : CD;
	1698 : CC;
	1699 : A8;
	1700 : 84;
	1701 : E3;
	1702 : E3;
	1703 : E3;
	1704 : E3;
	1705 : 84;
	1706 : 64;
	1707 : 84;
	1708 : 89;
	1709 : 91;
	1710 : 91;
	1711 : E3;
	1712 : E3;
	1713 : E3;
	1714 : E3;
	1715 : E3;
	1716 : E3;
	1717 : E3;
	1718 : E3;
	1719 : E3;
	1720 : E3;
	1721 : E3;
	1722 : E3;
	1723 : E3;
	1724 : E3;
	1725 : E3;
	1726 : E3;
	1727 : E3;
	1728 : E3;
	1729 : E3;
	1730 : E3;
	1731 : E3;
	1732 : E3;
	1733 : E3;
	1734 : E3;
	1735 : E3;
	1736 : E3;
	1737 : E3;
	1738 : E3;
	1739 : E3;
	1740 : E3;
	1741 : E3;
	1742 : E3;
	1743 : E3;
	1744 : E3;
	1745 : E3;
	1746 : E3;
	1747 : E3;
	1748 : E3;
	1749 : E3;
	1750 : E3;
	1751 : E3;
	1752 : E3;
	1753 : 64;
	1754 : 65;
	1755 : 64;
	1756 : 60;
	1757 : 84;
	1758 : C8;
	1759 : CC;
	1760 : CC;
	1761 : A8;
	1762 : A8;
	1763 : A4;
	1764 : E3;
	1765 : E3;
	1766 : E3;
	1767 : E3;
	1768 : E3;
	1769 : E3;
	1770 : 84;
	1771 : 84;
	1772 : 84;
	1773 : 64;
	1774 : 69;
	1775 : E3;
	1776 : E3;
	1777 : E3;
	1778 : E3;
	1779 : E3;
	1780 : E3;
	1781 : E3;
	1782 : E3;
	1783 : E3;
	1784 : E3;
	1785 : E3;
	1786 : E3;
	1787 : E3;
	1788 : E3;
	1789 : E3;
	1790 : E3;
	1791 : E3;
	1792 : E3;
	1793 : E3;
	1794 : E3;
	1795 : E3;
	1796 : E3;
	1797 : E3;
	1798 : E3;
	1799 : E3;
	1800 : E3;
	1801 : E3;
	1802 : E3;
	1803 : E3;
	1804 : E3;
	1805 : E3;
	1806 : E3;
	1807 : E3;
	1808 : E3;
	1809 : E3;
	1810 : E3;
	1811 : E3;
	1812 : E3;
	1813 : E3;
	1814 : E3;
	1815 : E3;
	1816 : 4A;
	1817 : 0E;
	1818 : 29;
	1819 : 69;
	1820 : 49;
	1821 : 44;
	1822 : 68;
	1823 : 88;
	1824 : 88;
	1825 : 64;
	1826 : 49;
	1827 : 2A;
	1828 : E3;
	1829 : E3;
	1830 : E3;
	1831 : E3;
	1832 : E3;
	1833 : E3;
	1834 : E3;
	1835 : 84;
	1836 : 84;
	1837 : 84;
	1838 : E3;
	1839 : E3;
	1840 : E3;
	1841 : E3;
	1842 : E3;
	1843 : E3;
	1844 : E3;
	1845 : E3;
	1846 : E3;
	1847 : E3;
	1848 : E3;
	1849 : E3;
	1850 : E3;
	1851 : E3;
	1852 : E3;
	1853 : E3;
	1854 : E3;
	1855 : E3;
	1856 : E3;
	1857 : E3;
	1858 : E3;
	1859 : E3;
	1860 : E3;
	1861 : E3;
	1862 : E3;
	1863 : E3;
	1864 : E3;
	1865 : E3;
	1866 : E3;
	1867 : E3;
	1868 : E3;
	1869 : E3;
	1870 : E3;
	1871 : E3;
	1872 : E3;
	1873 : E3;
	1874 : E3;
	1875 : E3;
	1876 : E3;
	1877 : E3;
	1878 : E3;
	1879 : E3;
	1880 : 09;
	1881 : 0E;
	1882 : 0E;
	1883 : 0E;
	1884 : 0E;
	1885 : 0D;
	1886 : 2D;
	1887 : 2D;
	1888 : 2E;
	1889 : 2E;
	1890 : 12;
	1891 : 0E;
	1892 : 4A;
	1893 : E3;
	1894 : E3;
	1895 : E3;
	1896 : E3;
	1897 : E3;
	1898 : E3;
	1899 : E3;
	1900 : E3;
	1901 : E3;
	1902 : E3;
	1903 : E3;
	1904 : E3;
	1905 : E3;
	1906 : E3;
	1907 : E3;
	1908 : E3;
	1909 : E3;
	1910 : E3;
	1911 : E3;
	1912 : E3;
	1913 : E3;
	1914 : E3;
	1915 : E3;
	1916 : E3;
	1917 : E3;
	1918 : E3;
	1919 : E3;
	1920 : E3;
	1921 : E3;
	1922 : E3;
	1923 : E3;
	1924 : E3;
	1925 : E3;
	1926 : E3;
	1927 : E3;
	1928 : E3;
	1929 : E3;
	1930 : E3;
	1931 : E3;
	1932 : E3;
	1933 : E3;
	1934 : E3;
	1935 : E3;
	1936 : E3;
	1937 : E3;
	1938 : E3;
	1939 : E3;
	1940 : E3;
	1941 : E3;
	1942 : E3;
	1943 : E3;
	1944 : 09;
	1945 : 0E;
	1946 : 12;
	1947 : 12;
	1948 : 0E;
	1949 : 0E;
	1950 : 0E;
	1951 : 0E;
	1952 : 09;
	1953 : 09;
	1954 : 0E;
	1955 : 12;
	1956 : 12;
	1957 : 32;
	1958 : E3;
	1959 : E3;
	1960 : E3;
	1961 : E3;
	1962 : E3;
	1963 : E3;
	1964 : E3;
	1965 : E3;
	1966 : E3;
	1967 : E3;
	1968 : E3;
	1969 : E3;
	1970 : E3;
	1971 : E3;
	1972 : E3;
	1973 : E3;
	1974 : E3;
	1975 : E3;
	1976 : E3;
	1977 : E3;
	1978 : E3;
	1979 : E3;
	1980 : E3;
	1981 : E3;
	1982 : E3;
	1983 : E3;
	1984 : E3;
	1985 : E3;
	1986 : E3;
	1987 : E3;
	1988 : E3;
	1989 : E3;
	1990 : E3;
	1991 : E3;
	1992 : E3;
	1993 : E3;
	1994 : E3;
	1995 : E3;
	1996 : E3;
	1997 : E3;
	1998 : E3;
	1999 : E3;
	2000 : E3;
	2001 : E3;
	2002 : E3;
	2003 : E3;
	2004 : E3;
	2005 : E3;
	2006 : E3;
	2007 : E3;
	2008 : 09;
	2009 : 12;
	2010 : 17;
	2011 : 1B;
	2012 : 17;
	2013 : 12;
	2014 : 0E;
	2015 : 0E;
	2016 : 0D;
	2017 : 0D;
	2018 : 0E;
	2019 : 0E;
	2020 : 17;
	2021 : 17;
	2022 : 37;
	2023 : E3;
	2024 : E3;
	2025 : E3;
	2026 : E3;
	2027 : E3;
	2028 : E3;
	2029 : E3;
	2030 : E3;
	2031 : E3;
	2032 : E3;
	2033 : E3;
	2034 : E3;
	2035 : E3;
	2036 : E3;
	2037 : E3;
	2038 : E3;
	2039 : E3;
	2040 : E3;
	2041 : E3;
	2042 : E3;
	2043 : E3;
	2044 : E3;
	2045 : E3;
	2046 : E3;
	2047 : E3;
	2048 : E3;
	2049 : E3;
	2050 : E3;
	2051 : E3;
	2052 : E3;
	2053 : E3;
	2054 : E3;
	2055 : E3;
	2056 : E3;
	2057 : E3;
	2058 : E3;
	2059 : E3;
	2060 : E3;
	2061 : E3;
	2062 : E3;
	2063 : E3;
	2064 : E3;
	2065 : E3;
	2066 : E3;
	2067 : E3;
	2068 : E3;
	2069 : E3;
	2070 : E3;
	2071 : E3;
	2072 : 0E;
	2073 : 12;
	2074 : 1B;
	2075 : 1B;
	2076 : 1B;
	2077 : 1B;
	2078 : 0E;
	2079 : 0E;
	2080 : 09;
	2081 : 09;
	2082 : 0E;
	2083 : 12;
	2084 : 17;
	2085 : 1B;
	2086 : 1B;
	2087 : 17;
	2088 : E3;
	2089 : E3;
	2090 : E3;
	2091 : E3;
	2092 : E3;
	2093 : E3;
	2094 : E3;
	2095 : E3;
	2096 : E3;
	2097 : E3;
	2098 : E3;
	2099 : E3;
	2100 : E3;
	2101 : E3;
	2102 : E3;
	2103 : E3;
	2104 : E3;
	2105 : E3;
	2106 : E3;
	2107 : E3;
	2108 : E3;
	2109 : E3;
	2110 : E3;
	2111 : E3;
	2112 : E3;
	2113 : E3;
	2114 : E3;
	2115 : E3;
	2116 : E3;
	2117 : E3;
	2118 : E3;
	2119 : E3;
	2120 : E3;
	2121 : E3;
	2122 : E3;
	2123 : E3;
	2124 : E3;
	2125 : E3;
	2126 : E3;
	2127 : E3;
	2128 : E3;
	2129 : E3;
	2130 : E3;
	2131 : E3;
	2132 : E3;
	2133 : E3;
	2134 : E3;
	2135 : E3;
	2136 : 09;
	2137 : 12;
	2138 : 1B;
	2139 : 1B;
	2140 : 1B;
	2141 : 1B;
	2142 : 16;
	2143 : 0E;
	2144 : 09;
	2145 : 0E;
	2146 : 0E;
	2147 : 17;
	2148 : 1B;
	2149 : 1B;
	2150 : 1B;
	2151 : 1B;
	2152 : 17;
	2153 : E3;
	2154 : E3;
	2155 : E3;
	2156 : E3;
	2157 : E3;
	2158 : E3;
	2159 : E3;
	2160 : E3;
	2161 : E3;
	2162 : E3;
	2163 : E3;
	2164 : E3;
	2165 : E3;
	2166 : E3;
	2167 : E3;
	2168 : E3;
	2169 : E3;
	2170 : E3;
	2171 : E3;
	2172 : E3;
	2173 : E3;
	2174 : E3;
	2175 : E3;
	2176 : E3;
	2177 : E3;
	2178 : E3;
	2179 : E3;
	2180 : E3;
	2181 : E3;
	2182 : E3;
	2183 : E3;
	2184 : E3;
	2185 : E3;
	2186 : E3;
	2187 : E3;
	2188 : E3;
	2189 : E3;
	2190 : E3;
	2191 : E3;
	2192 : E3;
	2193 : E3;
	2194 : E3;
	2195 : E3;
	2196 : E3;
	2197 : E3;
	2198 : E3;
	2199 : E3;
	2200 : 09;
	2201 : 12;
	2202 : 1B;
	2203 : 1B;
	2204 : 1B;
	2205 : 1B;
	2206 : 12;
	2207 : 0E;
	2208 : 09;
	2209 : 0D;
	2210 : 0E;
	2211 : 0E;
	2212 : 17;
	2213 : 1B;
	2214 : 1B;
	2215 : 17;
	2216 : 1B;
	2217 : 4F;
	2218 : E3;
	2219 : E3;
	2220 : E3;
	2221 : E3;
	2222 : E3;
	2223 : E3;
	2224 : E3;
	2225 : E3;
	2226 : E3;
	2227 : E3;
	2228 : E3;
	2229 : E3;
	2230 : E3;
	2231 : E3;
	2232 : E3;
	2233 : E3;
	2234 : E3;
	2235 : E3;
	2236 : E3;
	2237 : E3;
	2238 : E3;
	2239 : E3;
	2240 : E3;
	2241 : E3;
	2242 : E3;
	2243 : E3;
	2244 : E3;
	2245 : E3;
	2246 : E3;
	2247 : E3;
	2248 : E3;
	2249 : E3;
	2250 : E3;
	2251 : E3;
	2252 : E3;
	2253 : E3;
	2254 : E3;
	2255 : E3;
	2256 : E3;
	2257 : E3;
	2258 : E3;
	2259 : E3;
	2260 : E3;
	2261 : E3;
	2262 : E3;
	2263 : E3;
	2264 : 29;
	2265 : 0E;
	2266 : 1B;
	2267 : 1B;
	2268 : 1B;
	2269 : 1B;
	2270 : 12;
	2271 : E3;
	2272 : E3;
	2273 : E3;
	2274 : 4A;
	2275 : 0E;
	2276 : 0E;
	2277 : 16;
	2278 : 1B;
	2279 : 1B;
	2280 : 17;
	2281 : 17;
	2282 : E3;
	2283 : E3;
	2284 : E3;
	2285 : E3;
	2286 : E3;
	2287 : E3;
	2288 : E3;
	2289 : E3;
	2290 : E3;
	2291 : E3;
	2292 : E3;
	2293 : E3;
	2294 : E3;
	2295 : E3;
	2296 : E3;
	2297 : E3;
	2298 : E3;
	2299 : E3;
	2300 : E3;
	2301 : E3;
	2302 : E3;
	2303 : E3;
	2304 : E3;
	2305 : E3;
	2306 : E3;
	2307 : E3;
	2308 : E3;
	2309 : E3;
	2310 : E3;
	2311 : E3;
	2312 : E3;
	2313 : E3;
	2314 : E3;
	2315 : E3;
	2316 : E3;
	2317 : E3;
	2318 : E3;
	2319 : E3;
	2320 : E3;
	2321 : E3;
	2322 : E3;
	2323 : E3;
	2324 : E3;
	2325 : E3;
	2326 : E3;
	2327 : E3;
	2328 : 6A;
	2329 : 0D;
	2330 : 1B;
	2331 : 1B;
	2332 : 1B;
	2333 : 1B;
	2334 : 12;
	2335 : E3;
	2336 : E3;
	2337 : E3;
	2338 : E3;
	2339 : E3;
	2340 : E3;
	2341 : 09;
	2342 : 12;
	2343 : 17;
	2344 : 17;
	2345 : 17;
	2346 : 16;
	2347 : E3;
	2348 : E3;
	2349 : E3;
	2350 : E3;
	2351 : E3;
	2352 : E3;
	2353 : E3;
	2354 : E3;
	2355 : E3;
	2356 : E3;
	2357 : E3;
	2358 : E3;
	2359 : E3;
	2360 : E3;
	2361 : E3;
	2362 : E3;
	2363 : E3;
	2364 : E3;
	2365 : E3;
	2366 : E3;
	2367 : E3;
	2368 : E3;
	2369 : E3;
	2370 : E3;
	2371 : E3;
	2372 : E3;
	2373 : E3;
	2374 : E3;
	2375 : E3;
	2376 : E3;
	2377 : E3;
	2378 : E3;
	2379 : E3;
	2380 : E3;
	2381 : E3;
	2382 : E3;
	2383 : E3;
	2384 : E3;
	2385 : E3;
	2386 : E3;
	2387 : E3;
	2388 : E3;
	2389 : E3;
	2390 : E3;
	2391 : E3;
	2392 : E3;
	2393 : 0E;
	2394 : 16;
	2395 : 1B;
	2396 : 1B;
	2397 : 17;
	2398 : 2E;
	2399 : E3;
	2400 : E3;
	2401 : E3;
	2402 : E3;
	2403 : E3;
	2404 : E3;
	2405 : 4A;
	2406 : 0E;
	2407 : 0E;
	2408 : 0E;
	2409 : 12;
	2410 : 12;
	2411 : E3;
	2412 : E3;
	2413 : E3;
	2414 : E3;
	2415 : E3;
	2416 : E3;
	2417 : E3;
	2418 : E3;
	2419 : E3;
	2420 : E3;
	2421 : E3;
	2422 : E3;
	2423 : E3;
	2424 : E3;
	2425 : E3;
	2426 : E3;
	2427 : E3;
	2428 : E3;
	2429 : E3;
	2430 : E3;
	2431 : E3;
	2432 : E3;
	2433 : E3;
	2434 : E3;
	2435 : E3;
	2436 : E3;
	2437 : E3;
	2438 : E3;
	2439 : E3;
	2440 : E3;
	2441 : E3;
	2442 : E3;
	2443 : E3;
	2444 : E3;
	2445 : E3;
	2446 : E3;
	2447 : E3;
	2448 : E3;
	2449 : E3;
	2450 : E3;
	2451 : E3;
	2452 : E3;
	2453 : E3;
	2454 : E3;
	2455 : E3;
	2456 : E3;
	2457 : 0E;
	2458 : 09;
	2459 : 12;
	2460 : 1B;
	2461 : 16;
	2462 : 4A;
	2463 : E3;
	2464 : E3;
	2465 : E3;
	2466 : E3;
	2467 : E3;
	2468 : E3;
	2469 : 09;
	2470 : 0D;
	2471 : 0E;
	2472 : 0D;
	2473 : 0E;
	2474 : 0E;
	2475 : E3;
	2476 : E3;
	2477 : E3;
	2478 : E3;
	2479 : E3;
	2480 : E3;
	2481 : E3;
	2482 : E3;
	2483 : E3;
	2484 : E3;
	2485 : E3;
	2486 : E3;
	2487 : E3;
	2488 : E3;
	2489 : E3;
	2490 : E3;
	2491 : E3;
	2492 : E3;
	2493 : E3;
	2494 : E3;
	2495 : E3;
	2496 : E3;
	2497 : E3;
	2498 : E3;
	2499 : E3;
	2500 : E3;
	2501 : E3;
	2502 : E3;
	2503 : E3;
	2504 : E3;
	2505 : E3;
	2506 : E3;
	2507 : E3;
	2508 : E3;
	2509 : E3;
	2510 : E3;
	2511 : E3;
	2512 : E3;
	2513 : E3;
	2514 : E3;
	2515 : E3;
	2516 : E3;
	2517 : E3;
	2518 : E3;
	2519 : E3;
	2520 : 12;
	2521 : 0E;
	2522 : 09;
	2523 : 12;
	2524 : 1B;
	2525 : 12;
	2526 : E3;
	2527 : E3;
	2528 : E3;
	2529 : E3;
	2530 : E3;
	2531 : E3;
	2532 : E3;
	2533 : 0E;
	2534 : 0E;
	2535 : 0E;
	2536 : 0E;
	2537 : 09;
	2538 : 4A;
	2539 : E3;
	2540 : E3;
	2541 : E3;
	2542 : E3;
	2543 : E3;
	2544 : E3;
	2545 : E3;
	2546 : E3;
	2547 : E3;
	2548 : E3;
	2549 : E3;
	2550 : E3;
	2551 : E3;
	2552 : E3;
	2553 : E3;
	2554 : E3;
	2555 : E3;
	2556 : E3;
	2557 : E3;
	2558 : E3;
	2559 : E3;
	2560 : E3;
	2561 : E3;
	2562 : E3;
	2563 : E3;
	2564 : E3;
	2565 : E3;
	2566 : E3;
	2567 : E3;
	2568 : E3;
	2569 : E3;
	2570 : E3;
	2571 : E3;
	2572 : E3;
	2573 : E3;
	2574 : E3;
	2575 : E3;
	2576 : E3;
	2577 : E3;
	2578 : E3;
	2579 : E3;
	2580 : E3;
	2581 : E3;
	2582 : 6A;
	2583 : 17;
	2584 : 17;
	2585 : 0E;
	2586 : 0E;
	2587 : 0E;
	2588 : 12;
	2589 : 2A;
	2590 : E3;
	2591 : E3;
	2592 : E3;
	2593 : E3;
	2594 : E3;
	2595 : E3;
	2596 : E3;
	2597 : 0E;
	2598 : 0E;
	2599 : 0E;
	2600 : 0E;
	2601 : 0E;
	2602 : E3;
	2603 : E3;
	2604 : E3;
	2605 : E3;
	2606 : E3;
	2607 : E3;
	2608 : E3;
	2609 : E3;
	2610 : E3;
	2611 : E3;
	2612 : E3;
	2613 : E3;
	2614 : E3;
	2615 : E3;
	2616 : E3;
	2617 : E3;
	2618 : E3;
	2619 : E3;
	2620 : E3;
	2621 : E3;
	2622 : E3;
	2623 : E3;
	2624 : E3;
	2625 : E3;
	2626 : E3;
	2627 : E3;
	2628 : E3;
	2629 : E3;
	2630 : E3;
	2631 : E3;
	2632 : E3;
	2633 : E3;
	2634 : E3;
	2635 : E3;
	2636 : E3;
	2637 : E3;
	2638 : E3;
	2639 : E3;
	2640 : E3;
	2641 : E3;
	2642 : E3;
	2643 : E3;
	2644 : E3;
	2645 : E3;
	2646 : 0E;
	2647 : 17;
	2648 : 12;
	2649 : 0E;
	2650 : 0E;
	2651 : 0E;
	2652 : 2A;
	2653 : E3;
	2654 : E3;
	2655 : E3;
	2656 : E3;
	2657 : E3;
	2658 : E3;
	2659 : E3;
	2660 : E3;
	2661 : 09;
	2662 : 0E;
	2663 : 0E;
	2664 : 0E;
	2665 : 4A;
	2666 : E3;
	2667 : E3;
	2668 : E3;
	2669 : E3;
	2670 : E3;
	2671 : E3;
	2672 : E3;
	2673 : E3;
	2674 : E3;
	2675 : E3;
	2676 : E3;
	2677 : E3;
	2678 : E3;
	2679 : E3;
	2680 : E3;
	2681 : E3;
	2682 : E3;
	2683 : E3;
	2684 : E3;
	2685 : E3;
	2686 : E3;
	2687 : E3;
	2688 : E3;
	2689 : E3;
	2690 : E3;
	2691 : E3;
	2692 : E3;
	2693 : E3;
	2694 : E3;
	2695 : E3;
	2696 : E3;
	2697 : E3;
	2698 : E3;
	2699 : E3;
	2700 : E3;
	2701 : E3;
	2702 : E3;
	2703 : E3;
	2704 : E3;
	2705 : E3;
	2706 : E3;
	2707 : E3;
	2708 : E3;
	2709 : E3;
	2710 : 0E;
	2711 : 0E;
	2712 : 0E;
	2713 : 0E;
	2714 : 0E;
	2715 : 0E;
	2716 : E3;
	2717 : E3;
	2718 : E3;
	2719 : E3;
	2720 : E3;
	2721 : E3;
	2722 : E3;
	2723 : E3;
	2724 : E3;
	2725 : 2A;
	2726 : 0E;
	2727 : 0D;
	2728 : 09;
	2729 : E3;
	2730 : E3;
	2731 : E3;
	2732 : E3;
	2733 : E3;
	2734 : E3;
	2735 : E3;
	2736 : E3;
	2737 : E3;
	2738 : E3;
	2739 : E3;
	2740 : E3;
	2741 : E3;
	2742 : E3;
	2743 : E3;
	2744 : E3;
	2745 : E3;
	2746 : E3;
	2747 : E3;
	2748 : E3;
	2749 : E3;
	2750 : E3;
	2751 : E3;
	2752 : E3;
	2753 : E3;
	2754 : E3;
	2755 : E3;
	2756 : E3;
	2757 : E3;
	2758 : E3;
	2759 : E3;
	2760 : E3;
	2761 : E3;
	2762 : E3;
	2763 : E3;
	2764 : E3;
	2765 : E3;
	2766 : E3;
	2767 : E3;
	2768 : E3;
	2769 : E3;
	2770 : E3;
	2771 : E3;
	2772 : E3;
	2773 : E3;
	2774 : 09;
	2775 : 0E;
	2776 : 0E;
	2777 : 0E;
	2778 : 0E;
	2779 : E3;
	2780 : E3;
	2781 : E3;
	2782 : E3;
	2783 : E3;
	2784 : E3;
	2785 : E3;
	2786 : E3;
	2787 : E3;
	2788 : E3;
	2789 : 4A;
	2790 : 0E;
	2791 : 09;
	2792 : 46;
	2793 : E3;
	2794 : E3;
	2795 : E3;
	2796 : E3;
	2797 : E3;
	2798 : E3;
	2799 : E3;
	2800 : E3;
	2801 : E3;
	2802 : E3;
	2803 : E3;
	2804 : E3;
	2805 : E3;
	2806 : E3;
	2807 : E3;
	2808 : E3;
	2809 : E3;
	2810 : E3;
	2811 : E3;
	2812 : E3;
	2813 : E3;
	2814 : E3;
	2815 : E3;
	2816 : E3;
	2817 : E3;
	2818 : E3;
	2819 : E3;
	2820 : E3;
	2821 : E3;
	2822 : E3;
	2823 : E3;
	2824 : E3;
	2825 : E3;
	2826 : E3;
	2827 : E3;
	2828 : E3;
	2829 : E3;
	2830 : E3;
	2831 : E3;
	2832 : E3;
	2833 : E3;
	2834 : E3;
	2835 : E3;
	2836 : E3;
	2837 : E3;
	2838 : 0E;
	2839 : 0E;
	2840 : 0E;
	2841 : 0E;
	2842 : E3;
	2843 : E3;
	2844 : E3;
	2845 : E3;
	2846 : E3;
	2847 : E3;
	2848 : E3;
	2849 : E3;
	2850 : E3;
	2851 : E3;
	2852 : E3;
	2853 : 92;
	2854 : 72;
	2855 : 4E;
	2856 : E3;
	2857 : E3;
	2858 : E3;
	2859 : E3;
	2860 : E3;
	2861 : E3;
	2862 : E3;
	2863 : E3;
	2864 : E3;
	2865 : E3;
	2866 : E3;
	2867 : E3;
	2868 : E3;
	2869 : E3;
	2870 : E3;
	2871 : E3;
	2872 : E3;
	2873 : E3;
	2874 : E3;
	2875 : E3;
	2876 : E3;
	2877 : E3;
	2878 : E3;
	2879 : E3;
	2880 : E3;
	2881 : E3;
	2882 : E3;
	2883 : E3;
	2884 : E3;
	2885 : E3;
	2886 : E3;
	2887 : E3;
	2888 : E3;
	2889 : E3;
	2890 : E3;
	2891 : E3;
	2892 : E3;
	2893 : E3;
	2894 : E3;
	2895 : E3;
	2896 : E3;
	2897 : E3;
	2898 : E3;
	2899 : E3;
	2900 : E3;
	2901 : E3;
	2902 : 09;
	2903 : 0E;
	2904 : 0E;
	2905 : E3;
	2906 : E3;
	2907 : E3;
	2908 : E3;
	2909 : E3;
	2910 : E3;
	2911 : E3;
	2912 : E3;
	2913 : E3;
	2914 : E3;
	2915 : E3;
	2916 : E3;
	2917 : B6;
	2918 : DB;
	2919 : 92;
	2920 : E3;
	2921 : E3;
	2922 : E3;
	2923 : E3;
	2924 : E3;
	2925 : E3;
	2926 : E3;
	2927 : E3;
	2928 : E3;
	2929 : E3;
	2930 : E3;
	2931 : E3;
	2932 : E3;
	2933 : E3;
	2934 : E3;
	2935 : E3;
	2936 : E3;
	2937 : E3;
	2938 : E3;
	2939 : E3;
	2940 : E3;
	2941 : E3;
	2942 : E3;
	2943 : E3;
	2944 : E3;
	2945 : E3;
	2946 : E3;
	2947 : E3;
	2948 : E3;
	2949 : E3;
	2950 : E3;
	2951 : E3;
	2952 : E3;
	2953 : E3;
	2954 : E3;
	2955 : E3;
	2956 : E3;
	2957 : E3;
	2958 : E3;
	2959 : E3;
	2960 : E3;
	2961 : E3;
	2962 : E3;
	2963 : E3;
	2964 : E3;
	2965 : 09;
	2966 : 0E;
	2967 : 09;
	2968 : E3;
	2969 : E3;
	2970 : E3;
	2971 : E3;
	2972 : E3;
	2973 : E3;
	2974 : E3;
	2975 : E3;
	2976 : E3;
	2977 : E3;
	2978 : E3;
	2979 : E3;
	2980 : E3;
	2981 : E3;
	2982 : B6;
	2983 : BB;
	2984 : 92;
	2985 : E3;
	2986 : E3;
	2987 : E3;
	2988 : E3;
	2989 : E3;
	2990 : E3;
	2991 : E3;
	2992 : E3;
	2993 : E3;
	2994 : E3;
	2995 : E3;
	2996 : E3;
	2997 : E3;
	2998 : E3;
	2999 : E3;
	3000 : E3;
	3001 : E3;
	3002 : E3;
	3003 : E3;
	3004 : E3;
	3005 : E3;
	3006 : E3;
	3007 : E3;
	3008 : E3;
	3009 : E3;
	3010 : E3;
	3011 : E3;
	3012 : E3;
	3013 : E3;
	3014 : E3;
	3015 : E3;
	3016 : E3;
	3017 : E3;
	3018 : E3;
	3019 : E3;
	3020 : E3;
	3021 : E3;
	3022 : E3;
	3023 : E3;
	3024 : E3;
	3025 : E3;
	3026 : E3;
	3027 : E3;
	3028 : E3;
	3029 : 29;
	3030 : 4E;
	3031 : E3;
	3032 : E3;
	3033 : E3;
	3034 : E3;
	3035 : E3;
	3036 : E3;
	3037 : E3;
	3038 : E3;
	3039 : E3;
	3040 : E3;
	3041 : E3;
	3042 : E3;
	3043 : E3;
	3044 : E3;
	3045 : E3;
	3046 : 8E;
	3047 : B6;
	3048 : B7;
	3049 : BB;
	3050 : DB;
	3051 : E3;
	3052 : E3;
	3053 : E3;
	3054 : E3;
	3055 : E3;
	3056 : E3;
	3057 : E3;
	3058 : E3;
	3059 : E3;
	3060 : E3;
	3061 : E3;
	3062 : E3;
	3063 : E3;
	3064 : E3;
	3065 : E3;
	3066 : E3;
	3067 : E3;
	3068 : E3;
	3069 : E3;
	3070 : E3;
	3071 : E3;
	3072 : E3;
	3073 : E3;
	3074 : E3;
	3075 : E3;
	3076 : E3;
	3077 : E3;
	3078 : E3;
	3079 : E3;
	3080 : E3;
	3081 : E3;
	3082 : E3;
	3083 : E3;
	3084 : E3;
	3085 : E3;
	3086 : E3;
	3087 : E3;
	3088 : E3;
	3089 : E3;
	3090 : E3;
	3091 : E3;
	3092 : E3;
	3093 : 6E;
	3094 : B2;
	3095 : 92;
	3096 : E3;
	3097 : E3;
	3098 : E3;
	3099 : E3;
	3100 : E3;
	3101 : E3;
	3102 : E3;
	3103 : E3;
	3104 : E3;
	3105 : E3;
	3106 : E3;
	3107 : E3;
	3108 : E3;
	3109 : E3;
	3110 : E3;
	3111 : E3;
	3112 : 72;
	3113 : 6E;
	3114 : 72;
	3115 : E3;
	3116 : E3;
	3117 : E3;
	3118 : E3;
	3119 : E3;
	3120 : E3;
	3121 : E3;
	3122 : E3;
	3123 : E3;
	3124 : E3;
	3125 : E3;
	3126 : E3;
	3127 : E3;
	3128 : E3;
	3129 : E3;
	3130 : E3;
	3131 : E3;
	3132 : E3;
	3133 : E3;
	3134 : E3;
	3135 : E3;
	3136 : E3;
	3137 : E3;
	3138 : E3;
	3139 : E3;
	3140 : E3;
	3141 : E3;
	3142 : E3;
	3143 : E3;
	3144 : E3;
	3145 : E3;
	3146 : E3;
	3147 : E3;
	3148 : E3;
	3149 : E3;
	3150 : E3;
	3151 : E3;
	3152 : E3;
	3153 : E3;
	3154 : E3;
	3155 : E3;
	3156 : 92;
	3157 : DB;
	3158 : DB;
	3159 : 8E;
	3160 : E3;
	3161 : E3;
	3162 : E3;
	3163 : E3;
	3164 : E3;
	3165 : E3;
	3166 : E3;
	3167 : E3;
	3168 : E3;
	3169 : E3;
	3170 : E3;
	3171 : E3;
	3172 : E3;
	3173 : E3;
	3174 : E3;
	3175 : E3;
	3176 : E3;
	3177 : E3;
	3178 : E3;
	3179 : E3;
	3180 : E3;
	3181 : E3;
	3182 : E3;
	3183 : E3;
	3184 : E3;
	3185 : E3;
	3186 : E3;
	3187 : E3;
	3188 : E3;
	3189 : E3;
	3190 : E3;
	3191 : E3;
	3192 : E3;
	3193 : E3;
	3194 : E3;
	3195 : E3;
	3196 : E3;
	3197 : E3;
	3198 : E3;
	3199 : E3;
	3200 : E3;
	3201 : E3;
	3202 : E3;
	3203 : E3;
	3204 : E3;
	3205 : E3;
	3206 : E3;
	3207 : E3;
	3208 : E3;
	3209 : E3;
	3210 : E3;
	3211 : E3;
	3212 : E3;
	3213 : E3;
	3214 : E3;
	3215 : E3;
	3216 : E3;
	3217 : E3;
	3218 : E3;
	3219 : E3;
	3220 : E3;
	3221 : 92;
	3222 : 92;
	3223 : 92;
	3224 : 92;
	3225 : E3;
	3226 : E3;
	3227 : E3;
	3228 : E3;
	3229 : E3;
	3230 : E3;
	3231 : E3;
	3232 : E3;
	3233 : E3;
	3234 : E3;
	3235 : E3;
	3236 : E3;
	3237 : E3;
	3238 : E3;
	3239 : E3;
	3240 : E3;
	3241 : E3;
	3242 : E3;
	3243 : E3;
	3244 : E3;
	3245 : E3;
	3246 : E3;
	3247 : E3;
	3248 : E3;
	3249 : E3;
	3250 : E3;
	3251 : E3;
	3252 : E3;
	3253 : E3;
	3254 : E3;
	3255 : E3;
	3256 : E3;
	3257 : E3;
	3258 : E3;
	3259 : E3;
	3260 : E3;
	3261 : E3;
	3262 : E3;
	3263 : E3;
	3264 : E3;
	3265 : E3;
	3266 : E3;
	3267 : E3;
	3268 : E3;
	3269 : E3;
	3270 : E3;
	3271 : E3;
	3272 : E3;
	3273 : E3;
	3274 : E3;
	3275 : E3;
	3276 : E3;
	3277 : E3;
	3278 : E3;
	3279 : E3;
	3280 : E3;
	3281 : E3;
	3282 : E3;
	3283 : E3;
	3284 : E3;
	3285 : E3;
	3286 : E3;
	3287 : E3;
	3288 : E3;
	3289 : E3;
	3290 : E3;
	3291 : E3;
	3292 : E3;
	3293 : E3;
	3294 : E3;
	3295 : E3;
	3296 : E3;
	3297 : E3;
	3298 : E3;
	3299 : E3;
	3300 : E3;
	3301 : E3;
	3302 : E3;
	3303 : E3;
	3304 : E3;
	3305 : E3;
	3306 : E3;
	3307 : E3;
	3308 : E3;
	3309 : E3;
	3310 : E3;
	3311 : E3;
	3312 : E3;
	3313 : E3;
	3314 : E3;
	3315 : E3;
	3316 : E3;
	3317 : E3;
	3318 : E3;
	3319 : E3;
	3320 : E3;
	3321 : E3;
	3322 : E3;
	3323 : E3;
	3324 : E3;
	3325 : E3;
	3326 : E3;
	3327 : E3;
	3328 : E3;
	3329 : E3;
	3330 : E3;
	3331 : E3;
	3332 : E3;
	3333 : E3;
	3334 : E3;
	3335 : E3;
	3336 : E3;
	3337 : E3;
	3338 : E3;
	3339 : E3;
	3340 : E3;
	3341 : E3;
	3342 : E3;
	3343 : E3;
	3344 : E3;
	3345 : E3;
	3346 : E3;
	3347 : E3;
	3348 : E3;
	3349 : E3;
	3350 : E3;
	3351 : E3;
	3352 : E3;
	3353 : E3;
	3354 : E3;
	3355 : E3;
	3356 : E3;
	3357 : E3;
	3358 : E3;
	3359 : E3;
	3360 : E3;
	3361 : E3;
	3362 : E3;
	3363 : E3;
	3364 : E3;
	3365 : E3;
	3366 : E3;
	3367 : E3;
	3368 : E3;
	3369 : E3;
	3370 : E3;
	3371 : E3;
	3372 : E3;
	3373 : E3;
	3374 : E3;
	3375 : E3;
	3376 : E3;
	3377 : E3;
	3378 : E3;
	3379 : E3;
	3380 : E3;
	3381 : E3;
	3382 : E3;
	3383 : E3;
	3384 : E3;
	3385 : E3;
	3386 : E3;
	3387 : E3;
	3388 : E3;
	3389 : E3;
	3390 : E3;
	3391 : E3;
	3392 : E3;
	3393 : E3;
	3394 : E3;
	3395 : E3;
	3396 : E3;
	3397 : E3;
	3398 : E3;
	3399 : E3;
	3400 : E3;
	3401 : E3;
	3402 : E3;
	3403 : E3;
	3404 : E3;
	3405 : E3;
	3406 : E3;
	3407 : E3;
	3408 : E3;
	3409 : E3;
	3410 : E3;
	3411 : E3;
	3412 : E3;
	3413 : E3;
	3414 : E3;
	3415 : E3;
	3416 : E3;
	3417 : E3;
	3418 : E3;
	3419 : E3;
	3420 : E3;
	3421 : E3;
	3422 : E3;
	3423 : E3;
	3424 : E3;
	3425 : E3;
	3426 : E3;
	3427 : E3;
	3428 : E3;
	3429 : E3;
	3430 : E3;
	3431 : E3;
	3432 : E3;
	3433 : E3;
	3434 : E3;
	3435 : E3;
	3436 : E3;
	3437 : E3;
	3438 : E3;
	3439 : E3;
	3440 : E3;
	3441 : E3;
	3442 : E3;
	3443 : E3;
	3444 : E3;
	3445 : E3;
	3446 : E3;
	3447 : E3;
	3448 : E3;
	3449 : E3;
	3450 : E3;
	3451 : E3;
	3452 : E3;
	3453 : E3;
	3454 : E3;
	3455 : E3;
	3456 : E3;
	3457 : E3;
	3458 : E3;
	3459 : E3;
	3460 : E3;
	3461 : E3;
	3462 : E3;
	3463 : E3;
	3464 : E3;
	3465 : E3;
	3466 : E3;
	3467 : E3;
	3468 : E3;
	3469 : E3;
	3470 : E3;
	3471 : E3;
	3472 : E3;
	3473 : E3;
	3474 : E3;
	3475 : E3;
	3476 : E3;
	3477 : E3;
	3478 : E3;
	3479 : E3;
	3480 : E3;
	3481 : E3;
	3482 : E3;
	3483 : E3;
	3484 : E3;
	3485 : E3;
	3486 : E3;
	3487 : E3;
	3488 : E3;
	3489 : E3;
	3490 : E3;
	3491 : E3;
	3492 : E3;
	3493 : E3;
	3494 : E3;
	3495 : E3;
	3496 : E3;
	3497 : E3;
	3498 : E3;
	3499 : E3;
	3500 : E3;
	3501 : E3;
	3502 : E3;
	3503 : E3;
	3504 : E3;
	3505 : E3;
	3506 : E3;
	3507 : E3;
	3508 : E3;
	3509 : E3;
	3510 : E3;
	3511 : E3;
	3512 : E3;
	3513 : E3;
	3514 : E3;
	3515 : E3;
	3516 : E3;
	3517 : E3;
	3518 : E3;
	3519 : E3;
	3520 : E3;
	3521 : E3;
	3522 : E3;
	3523 : E3;
	3524 : E3;
	3525 : E3;
	3526 : E3;
	3527 : E3;
	3528 : E3;
	3529 : E3;
	3530 : E3;
	3531 : E3;
	3532 : E3;
	3533 : E3;
	3534 : E3;
	3535 : E3;
	3536 : E3;
	3537 : E3;
	3538 : E3;
	3539 : E3;
	3540 : E3;
	3541 : E3;
	3542 : E3;
	3543 : E3;
	3544 : E3;
	3545 : E3;
	3546 : E3;
	3547 : E3;
	3548 : E3;
	3549 : E3;
	3550 : E3;
	3551 : E3;
	3552 : E3;
	3553 : E3;
	3554 : E3;
	3555 : E3;
	3556 : E3;
	3557 : E3;
	3558 : E3;
	3559 : E3;
	3560 : E3;
	3561 : E3;
	3562 : E3;
	3563 : E3;
	3564 : E3;
	3565 : E3;
	3566 : E3;
	3567 : E3;
	3568 : E3;
	3569 : E3;
	3570 : E3;
	3571 : E3;
	3572 : E3;
	3573 : E3;
	3574 : E3;
	3575 : E3;
	3576 : E3;
	3577 : E3;
	3578 : E3;
	3579 : E3;
	3580 : E3;
	3581 : E3;
	3582 : E3;
	3583 : E3;
	3584 : E3;
	3585 : E3;
	3586 : E3;
	3587 : E3;
	3588 : E3;
	3589 : E3;
	3590 : E3;
	3591 : E3;
	3592 : E3;
	3593 : E3;
	3594 : E3;
	3595 : E3;
	3596 : E3;
	3597 : E3;
	3598 : E3;
	3599 : E3;
	3600 : E3;
	3601 : E3;
	3602 : E3;
	3603 : E3;
	3604 : E3;
	3605 : E3;
	3606 : E3;
	3607 : E3;
	3608 : E3;
	3609 : E3;
	3610 : E3;
	3611 : E3;
	3612 : E3;
	3613 : E3;
	3614 : E3;
	3615 : E3;
	3616 : E3;
	3617 : E3;
	3618 : E3;
	3619 : E3;
	3620 : E3;
	3621 : E3;
	3622 : E3;
	3623 : E3;
	3624 : E3;
	3625 : E3;
	3626 : E3;
	3627 : E3;
	3628 : E3;
	3629 : E3;
	3630 : E3;
	3631 : E3;
	3632 : E3;
	3633 : E3;
	3634 : E3;
	3635 : E3;
	3636 : E3;
	3637 : E3;
	3638 : E3;
	3639 : E3;
	3640 : E3;
	3641 : E3;
	3642 : E3;
	3643 : E3;
	3644 : E3;
	3645 : E3;
	3646 : E3;
	3647 : E3;
	3648 : E3;
	3649 : E3;
	3650 : E3;
	3651 : E3;
	3652 : E3;
	3653 : E3;
	3654 : E3;
	3655 : E3;
	3656 : E3;
	3657 : E3;
	3658 : E3;
	3659 : E3;
	3660 : E3;
	3661 : E3;
	3662 : E3;
	3663 : E3;
	3664 : E3;
	3665 : E3;
	3666 : E3;
	3667 : E3;
	3668 : E3;
	3669 : E3;
	3670 : E3;
	3671 : E3;
	3672 : E3;
	3673 : E3;
	3674 : E3;
	3675 : E3;
	3676 : E3;
	3677 : E3;
	3678 : E3;
	3679 : E3;
	3680 : E3;
	3681 : E3;
	3682 : E3;
	3683 : E3;
	3684 : E3;
	3685 : E3;
	3686 : E3;
	3687 : E3;
	3688 : E3;
	3689 : E3;
	3690 : E3;
	3691 : E3;
	3692 : E3;
	3693 : E3;
	3694 : E3;
	3695 : E3;
	3696 : E3;
	3697 : E3;
	3698 : E3;
	3699 : E3;
	3700 : E3;
	3701 : E3;
	3702 : E3;
	3703 : E3;
	3704 : E3;
	3705 : E3;
	3706 : E3;
	3707 : E3;
	3708 : E3;
	3709 : E3;
	3710 : E3;
	3711 : E3;
	3712 : E3;
	3713 : E3;
	3714 : E3;
	3715 : E3;
	3716 : E3;
	3717 : E3;
	3718 : E3;
	3719 : E3;
	3720 : E3;
	3721 : E3;
	3722 : E3;
	3723 : E3;
	3724 : E3;
	3725 : E3;
	3726 : E3;
	3727 : E3;
	3728 : E3;
	3729 : E3;
	3730 : E3;
	3731 : E3;
	3732 : E3;
	3733 : E3;
	3734 : E3;
	3735 : E3;
	3736 : E3;
	3737 : E3;
	3738 : E3;
	3739 : E3;
	3740 : E3;
	3741 : E3;
	3742 : E3;
	3743 : E3;
	3744 : E3;
	3745 : E3;
	3746 : E3;
	3747 : E3;
	3748 : E3;
	3749 : E3;
	3750 : E3;
	3751 : E3;
	3752 : E3;
	3753 : E3;
	3754 : E3;
	3755 : E3;
	3756 : E3;
	3757 : E3;
	3758 : E3;
	3759 : E3;
	3760 : E3;
	3761 : E3;
	3762 : E3;
	3763 : E3;
	3764 : E3;
	3765 : E3;
	3766 : E3;
	3767 : E3;
	3768 : E3;
	3769 : E3;
	3770 : E3;
	3771 : E3;
	3772 : E3;
	3773 : E3;
	3774 : E3;
	3775 : E3;
	3776 : E3;
	3777 : E3;
	3778 : E3;
	3779 : E3;
	3780 : E3;
	3781 : E3;
	3782 : E3;
	3783 : E3;
	3784 : E3;
	3785 : E3;
	3786 : E3;
	3787 : E3;
	3788 : E3;
	3789 : E3;
	3790 : E3;
	3791 : E3;
	3792 : E3;
	3793 : E3;
	3794 : E3;
	3795 : E3;
	3796 : E3;
	3797 : E3;
	3798 : E3;
	3799 : E3;
	3800 : E3;
	3801 : E3;
	3802 : E3;
	3803 : E3;
	3804 : E3;
	3805 : E3;
	3806 : E3;
	3807 : E3;
	3808 : E3;
	3809 : E3;
	3810 : E3;
	3811 : E3;
	3812 : E3;
	3813 : E3;
	3814 : E3;
	3815 : E3;
	3816 : E3;
	3817 : E3;
	3818 : E3;
	3819 : E3;
	3820 : E3;
	3821 : E3;
	3822 : E3;
	3823 : E3;
	3824 : E3;
	3825 : E3;
	3826 : E3;
	3827 : E3;
	3828 : E3;
	3829 : E3;
	3830 : E3;
	3831 : E3;
	3832 : E3;
	3833 : E3;
	3834 : E3;
	3835 : E3;
	3836 : E3;
	3837 : E3;
	3838 : E3;
	3839 : E3;
	3840 : E3;
	3841 : E3;
	3842 : E3;
	3843 : E3;
	3844 : E3;
	3845 : E3;
	3846 : E3;
	3847 : E3;
	3848 : E3;
	3849 : E3;
	3850 : E3;
	3851 : E3;
	3852 : E3;
	3853 : E3;
	3854 : E3;
	3855 : E3;
	3856 : E3;
	3857 : E3;
	3858 : E3;
	3859 : E3;
	3860 : E3;
	3861 : E3;
	3862 : E3;
	3863 : E3;
	3864 : E3;
	3865 : E3;
	3866 : E3;
	3867 : E3;
	3868 : E3;
	3869 : E3;
	3870 : E3;
	3871 : E3;
	3872 : E3;
	3873 : E3;
	3874 : E3;
	3875 : E3;
	3876 : E3;
	3877 : E3;
	3878 : E3;
	3879 : E3;
	3880 : E3;
	3881 : E3;
	3882 : E3;
	3883 : E3;
	3884 : E3;
	3885 : E3;
	3886 : E3;
	3887 : E3;
	3888 : E3;
	3889 : E3;
	3890 : E3;
	3891 : E3;
	3892 : E3;
	3893 : E3;
	3894 : E3;
	3895 : E3;
	3896 : E3;
	3897 : E3;
	3898 : E3;
	3899 : E3;
	3900 : E3;
	3901 : E3;
	3902 : E3;
	3903 : E3;
	3904 : E3;
	3905 : E3;
	3906 : E3;
	3907 : E3;
	3908 : E3;
	3909 : E3;
	3910 : E3;
	3911 : E3;
	3912 : E3;
	3913 : E3;
	3914 : E3;
	3915 : E3;
	3916 : E3;
	3917 : E3;
	3918 : E3;
	3919 : E3;
	3920 : E3;
	3921 : E3;
	3922 : E3;
	3923 : E3;
	3924 : E3;
	3925 : E3;
	3926 : E3;
	3927 : E3;
	3928 : E3;
	3929 : E3;
	3930 : E3;
	3931 : E3;
	3932 : E3;
	3933 : E3;
	3934 : E3;
	3935 : E3;
	3936 : E3;
	3937 : E3;
	3938 : E3;
	3939 : E3;
	3940 : E3;
	3941 : E3;
	3942 : E3;
	3943 : E3;
	3944 : E3;
	3945 : E3;
	3946 : E3;
	3947 : E3;
	3948 : E3;
	3949 : E3;
	3950 : E3;
	3951 : E3;
	3952 : E3;
	3953 : E3;
	3954 : E3;
	3955 : E3;
	3956 : E3;
	3957 : E3;
	3958 : E3;
	3959 : E3;
	3960 : E3;
	3961 : E3;
	3962 : E3;
	3963 : E3;
	3964 : E3;
	3965 : E3;
	3966 : E3;
	3967 : E3;
	3968 : E3;
	3969 : E3;
	3970 : E3;
	3971 : E3;
	3972 : E3;
	3973 : E3;
	3974 : E3;
	3975 : E3;
	3976 : E3;
	3977 : E3;
	3978 : E3;
	3979 : E3;
	3980 : E3;
	3981 : E3;
	3982 : E3;
	3983 : E3;
	3984 : E3;
	3985 : E3;
	3986 : E3;
	3987 : E3;
	3988 : E3;
	3989 : E3;
	3990 : E3;
	3991 : E3;
	3992 : E3;
	3993 : E3;
	3994 : E3;
	3995 : E3;
	3996 : E3;
	3997 : E3;
	3998 : E3;
	3999 : E3;
	4000 : E3;
	4001 : E3;
	4002 : E3;
	4003 : E3;
	4004 : E3;
	4005 : E3;
	4006 : E3;
	4007 : E3;
	4008 : E3;
	4009 : E3;
	4010 : E3;
	4011 : E3;
	4012 : E3;
	4013 : E3;
	4014 : E3;
	4015 : E3;
	4016 : E3;
	4017 : E3;
	4018 : E3;
	4019 : E3;
	4020 : E3;
	4021 : E3;
	4022 : E3;
	4023 : E3;
	4024 : E3;
	4025 : E3;
	4026 : E3;
	4027 : E3;
	4028 : E3;
	4029 : E3;
	4030 : E3;
	4031 : E3;
	4032 : E3;
	4033 : E3;
	4034 : E3;
	4035 : E3;
	4036 : E3;
	4037 : E3;
	4038 : E3;
	4039 : E3;
	4040 : E3;
	4041 : E3;
	4042 : E3;
	4043 : E3;
	4044 : E3;
	4045 : E3;
	4046 : E3;
	4047 : E3;
	4048 : E3;
	4049 : E3;
	4050 : E3;
	4051 : E3;
	4052 : E3;
	4053 : E3;
	4054 : E3;
	4055 : E3;
	4056 : E3;
	4057 : E3;
	4058 : E3;
	4059 : E3;
	4060 : E3;
	4061 : E3;
	4062 : E3;
	4063 : E3;
	4064 : E3;
	4065 : E3;
	4066 : E3;
	4067 : E3;
	4068 : E3;
	4069 : E3;
	4070 : E3;
	4071 : E3;
	4072 : E3;
	4073 : E3;
	4074 : E3;
	4075 : E3;
	4076 : E3;
	4077 : E3;
	4078 : E3;
	4079 : E3;
	4080 : E3;
	4081 : E3;
	4082 : E3;
	4083 : E3;
	4084 : E3;
	4085 : E3;
	4086 : E3;
	4087 : E3;
	4088 : E3;
	4089 : E3;
	4090 : E3;
	4091 : E3;
	4092 : E3;
	4093 : E3;
	4094 : E3;
	4095 : E3;
	4096 : E3;
	4097 : E3;
	4098 : E3;
	4099 : E3;
	4100 : E3;
	4101 : E3;
	4102 : E3;
	4103 : E3;
	4104 : E3;
	4105 : E3;
	4106 : E3;
	4107 : E3;
	4108 : E3;
	4109 : E3;
	4110 : E3;
	4111 : E3;
	4112 : E3;
	4113 : E3;
	4114 : E3;
	4115 : E3;
	4116 : E3;
	4117 : E3;
	4118 : E3;
	4119 : E3;
	4120 : E3;
	4121 : E3;
	4122 : E3;
	4123 : E3;
	4124 : E3;
	4125 : E3;
	4126 : E3;
	4127 : E3;
	4128 : E3;
	4129 : E3;
	4130 : E3;
	4131 : E3;
	4132 : E3;
	4133 : E3;
	4134 : E3;
	4135 : E3;
	4136 : E3;
	4137 : E3;
	4138 : E3;
	4139 : E3;
	4140 : E3;
	4141 : E3;
	4142 : E3;
	4143 : E3;
	4144 : E3;
	4145 : E3;
	4146 : E3;
	4147 : E3;
	4148 : E3;
	4149 : E3;
	4150 : E3;
	4151 : E3;
	4152 : E3;
	4153 : E3;
	4154 : E3;
	4155 : E3;
	4156 : E3;
	4157 : E3;
	4158 : E3;
	4159 : E3;
	4160 : E3;
	4161 : E3;
	4162 : E3;
	4163 : E3;
	4164 : E3;
	4165 : E3;
	4166 : E3;
	4167 : E3;
	4168 : E3;
	4169 : E3;
	4170 : E3;
	4171 : E3;
	4172 : E3;
	4173 : E3;
	4174 : E3;
	4175 : E3;
	4176 : E3;
	4177 : E3;
	4178 : E3;
	4179 : E3;
	4180 : E3;
	4181 : E3;
	4182 : E3;
	4183 : E3;
	4184 : E3;
	4185 : E3;
	4186 : E3;
	4187 : E3;
	4188 : E3;
	4189 : E3;
	4190 : E3;
	4191 : E3;
	4192 : E3;
	4193 : E3;
	4194 : E3;
	4195 : E3;
	4196 : E3;
	4197 : E3;
	4198 : E3;
	4199 : E3;
	4200 : E3;
	4201 : E3;
	4202 : E3;
	4203 : E3;
	4204 : E3;
	4205 : E3;
	4206 : E3;
	4207 : E3;
	4208 : E3;
	4209 : E3;
	4210 : E3;
	4211 : E3;
	4212 : E3;
	4213 : E3;
	4214 : E3;
	4215 : E3;
	4216 : E3;
	4217 : E3;
	4218 : E3;
	4219 : E3;
	4220 : E3;
	4221 : E3;
	4222 : E3;
	4223 : E3;
	4224 : E3;
	4225 : E3;
	4226 : E3;
	4227 : E3;
	4228 : E3;
	4229 : E3;
	4230 : E3;
	4231 : E3;
	4232 : E3;
	4233 : E3;
	4234 : E3;
	4235 : E3;
	4236 : E3;
	4237 : E3;
	4238 : E3;
	4239 : E3;
	4240 : E3;
	4241 : E3;
	4242 : E3;
	4243 : E3;
	4244 : E3;
	4245 : E3;
	4246 : E3;
	4247 : E3;
	4248 : E3;
	4249 : E3;
	4250 : E3;
	4251 : E3;
	4252 : E3;
	4253 : E3;
	4254 : E3;
	4255 : E3;
	4256 : E3;
	4257 : E3;
	4258 : E3;
	4259 : E3;
	4260 : E3;
	4261 : 24;
	4262 : 24;
	4263 : E3;
	4264 : E3;
	4265 : E3;
	4266 : E3;
	4267 : E3;
	4268 : E3;
	4269 : E3;
	4270 : E3;
	4271 : E3;
	4272 : E3;
	4273 : E3;
	4274 : E3;
	4275 : E3;
	4276 : E3;
	4277 : E3;
	4278 : E3;
	4279 : E3;
	4280 : E3;
	4281 : E3;
	4282 : E3;
	4283 : E3;
	4284 : E3;
	4285 : E3;
	4286 : E3;
	4287 : E3;
	4288 : E3;
	4289 : E3;
	4290 : E3;
	4291 : E3;
	4292 : E3;
	4293 : E3;
	4294 : E3;
	4295 : E3;
	4296 : E3;
	4297 : E3;
	4298 : E3;
	4299 : E3;
	4300 : E3;
	4301 : E3;
	4302 : E3;
	4303 : E3;
	4304 : E3;
	4305 : E3;
	4306 : E3;
	4307 : E3;
	4308 : E3;
	4309 : E3;
	4310 : E3;
	4311 : E3;
	4312 : E3;
	4313 : E3;
	4314 : E3;
	4315 : E3;
	4316 : E3;
	4317 : E3;
	4318 : E3;
	4319 : E3;
	4320 : E3;
	4321 : E3;
	4322 : E3;
	4323 : E3;
	4324 : 24;
	4325 : 24;
	4326 : 24;
	4327 : 24;
	4328 : 24;
	4329 : E3;
	4330 : E3;
	4331 : E3;
	4332 : E3;
	4333 : E3;
	4334 : E3;
	4335 : E3;
	4336 : E3;
	4337 : E3;
	4338 : E3;
	4339 : E3;
	4340 : E3;
	4341 : E3;
	4342 : E3;
	4343 : E3;
	4344 : E3;
	4345 : E3;
	4346 : E3;
	4347 : E3;
	4348 : E3;
	4349 : E3;
	4350 : E3;
	4351 : E3;
	4352 : E3;
	4353 : E3;
	4354 : E3;
	4355 : E3;
	4356 : E3;
	4357 : E3;
	4358 : E3;
	4359 : E3;
	4360 : E3;
	4361 : E3;
	4362 : E3;
	4363 : E3;
	4364 : E3;
	4365 : E3;
	4366 : E3;
	4367 : E3;
	4368 : E3;
	4369 : E3;
	4370 : E3;
	4371 : E3;
	4372 : E3;
	4373 : E3;
	4374 : E3;
	4375 : E3;
	4376 : E3;
	4377 : E3;
	4378 : E3;
	4379 : E3;
	4380 : E3;
	4381 : E3;
	4382 : E3;
	4383 : E3;
	4384 : E3;
	4385 : E3;
	4386 : E3;
	4387 : 24;
	4388 : 24;
	4389 : 44;
	4390 : A8;
	4391 : 64;
	4392 : 44;
	4393 : E3;
	4394 : E3;
	4395 : E3;
	4396 : E3;
	4397 : E3;
	4398 : E3;
	4399 : E3;
	4400 : E3;
	4401 : E3;
	4402 : E3;
	4403 : E3;
	4404 : E3;
	4405 : E3;
	4406 : E3;
	4407 : E3;
	4408 : E3;
	4409 : E3;
	4410 : E3;
	4411 : E3;
	4412 : E3;
	4413 : E3;
	4414 : E3;
	4415 : E3;
	4416 : E3;
	4417 : E3;
	4418 : E3;
	4419 : E3;
	4420 : E3;
	4421 : E3;
	4422 : E3;
	4423 : E3;
	4424 : E3;
	4425 : E3;
	4426 : E3;
	4427 : E3;
	4428 : E3;
	4429 : E3;
	4430 : E3;
	4431 : E3;
	4432 : E3;
	4433 : E3;
	4434 : E3;
	4435 : E3;
	4436 : E3;
	4437 : E3;
	4438 : E3;
	4439 : E3;
	4440 : E3;
	4441 : E3;
	4442 : E3;
	4443 : E3;
	4444 : E3;
	4445 : E3;
	4446 : E3;
	4447 : E3;
	4448 : E3;
	4449 : E3;
	4450 : 65;
	4451 : 44;
	4452 : 44;
	4453 : 64;
	4454 : A8;
	4455 : A8;
	4456 : CC;
	4457 : E3;
	4458 : E3;
	4459 : E3;
	4460 : E3;
	4461 : E3;
	4462 : E3;
	4463 : E3;
	4464 : E3;
	4465 : E3;
	4466 : E3;
	4467 : E3;
	4468 : E3;
	4469 : E3;
	4470 : E3;
	4471 : E3;
	4472 : E3;
	4473 : E3;
	4474 : E3;
	4475 : E3;
	4476 : E3;
	4477 : E3;
	4478 : E3;
	4479 : E3;
	4480 : E3;
	4481 : E3;
	4482 : E3;
	4483 : E3;
	4484 : E3;
	4485 : E3;
	4486 : E3;
	4487 : E3;
	4488 : E3;
	4489 : E3;
	4490 : E3;
	4491 : E3;
	4492 : E3;
	4493 : E3;
	4494 : E3;
	4495 : E3;
	4496 : E3;
	4497 : E3;
	4498 : E3;
	4499 : E3;
	4500 : E3;
	4501 : E3;
	4502 : E3;
	4503 : E3;
	4504 : E3;
	4505 : E3;
	4506 : E3;
	4507 : 80;
	4508 : 80;
	4509 : A0;
	4510 : A0;
	4511 : A0;
	4512 : 80;
	4513 : A8;
	4514 : 88;
	4515 : 88;
	4516 : A8;
	4517 : C8;
	4518 : 88;
	4519 : 89;
	4520 : A8;
	4521 : E3;
	4522 : E3;
	4523 : E3;
	4524 : E3;
	4525 : E3;
	4526 : E3;
	4527 : E3;
	4528 : E3;
	4529 : E3;
	4530 : E3;
	4531 : E3;
	4532 : E3;
	4533 : E3;
	4534 : E3;
	4535 : E3;
	4536 : E3;
	4537 : E3;
	4538 : E3;
	4539 : E3;
	4540 : E3;
	4541 : E3;
	4542 : E3;
	4543 : E3;
	4544 : E3;
	4545 : E3;
	4546 : E3;
	4547 : E3;
	4548 : E3;
	4549 : E3;
	4550 : E3;
	4551 : E3;
	4552 : E3;
	4553 : E3;
	4554 : E3;
	4555 : E3;
	4556 : E3;
	4557 : E3;
	4558 : E3;
	4559 : E3;
	4560 : E3;
	4561 : E3;
	4562 : E3;
	4563 : E3;
	4564 : E3;
	4565 : E3;
	4566 : E3;
	4567 : E3;
	4568 : E3;
	4569 : E3;
	4570 : 80;
	4571 : C0;
	4572 : C0;
	4573 : C0;
	4574 : C0;
	4575 : C0;
	4576 : A0;
	4577 : 80;
	4578 : 88;
	4579 : 88;
	4580 : 88;
	4581 : CC;
	4582 : A8;
	4583 : 88;
	4584 : C8;
	4585 : E3;
	4586 : E3;
	4587 : E3;
	4588 : E3;
	4589 : E3;
	4590 : E3;
	4591 : E3;
	4592 : E3;
	4593 : E3;
	4594 : E3;
	4595 : E3;
	4596 : E3;
	4597 : E3;
	4598 : E3;
	4599 : E3;
	4600 : E3;
	4601 : E3;
	4602 : E3;
	4603 : E3;
	4604 : E3;
	4605 : E3;
	4606 : E3;
	4607 : E3;
	4608 : E3;
	4609 : E3;
	4610 : E3;
	4611 : E3;
	4612 : E3;
	4613 : E3;
	4614 : E3;
	4615 : E3;
	4616 : E3;
	4617 : E3;
	4618 : E3;
	4619 : E3;
	4620 : E3;
	4621 : E3;
	4622 : E3;
	4623 : E3;
	4624 : E3;
	4625 : E3;
	4626 : E3;
	4627 : E3;
	4628 : E3;
	4629 : E3;
	4630 : E3;
	4631 : E3;
	4632 : E3;
	4633 : 80;
	4634 : A0;
	4635 : E0;
	4636 : E0;
	4637 : E0;
	4638 : E0;
	4639 : C0;
	4640 : C0;
	4641 : A0;
	4642 : 84;
	4643 : 88;
	4644 : 64;
	4645 : A8;
	4646 : B1;
	4647 : D6;
	4648 : 92;
	4649 : A0;
	4650 : C0;
	4651 : E3;
	4652 : E3;
	4653 : E3;
	4654 : E3;
	4655 : E3;
	4656 : E3;
	4657 : E3;
	4658 : E3;
	4659 : E3;
	4660 : E3;
	4661 : E3;
	4662 : E3;
	4663 : E3;
	4664 : E3;
	4665 : E3;
	4666 : E3;
	4667 : E3;
	4668 : E3;
	4669 : E3;
	4670 : E3;
	4671 : E3;
	4672 : E3;
	4673 : E3;
	4674 : E3;
	4675 : E3;
	4676 : E3;
	4677 : E3;
	4678 : E3;
	4679 : E3;
	4680 : E3;
	4681 : E3;
	4682 : E3;
	4683 : E3;
	4684 : E3;
	4685 : E3;
	4686 : E3;
	4687 : E3;
	4688 : E3;
	4689 : E3;
	4690 : E3;
	4691 : E3;
	4692 : E3;
	4693 : E3;
	4694 : E3;
	4695 : E3;
	4696 : 81;
	4697 : 60;
	4698 : A0;
	4699 : C0;
	4700 : E0;
	4701 : E0;
	4702 : E0;
	4703 : E0;
	4704 : A0;
	4705 : A0;
	4706 : 80;
	4707 : A8;
	4708 : 88;
	4709 : 91;
	4710 : DA;
	4711 : DA;
	4712 : DA;
	4713 : AD;
	4714 : C0;
	4715 : C0;
	4716 : E3;
	4717 : E3;
	4718 : E3;
	4719 : E3;
	4720 : E3;
	4721 : E3;
	4722 : E3;
	4723 : E3;
	4724 : E3;
	4725 : E3;
	4726 : E3;
	4727 : E3;
	4728 : E3;
	4729 : E3;
	4730 : E3;
	4731 : E3;
	4732 : E3;
	4733 : E3;
	4734 : E3;
	4735 : E3;
	4736 : E3;
	4737 : E3;
	4738 : E3;
	4739 : E3;
	4740 : E3;
	4741 : E3;
	4742 : E3;
	4743 : E3;
	4744 : E3;
	4745 : E3;
	4746 : E3;
	4747 : E3;
	4748 : E3;
	4749 : E3;
	4750 : E3;
	4751 : E3;
	4752 : E3;
	4753 : E3;
	4754 : E3;
	4755 : E3;
	4756 : E3;
	4757 : E3;
	4758 : E3;
	4759 : E3;
	4760 : 80;
	4761 : 80;
	4762 : 80;
	4763 : A0;
	4764 : A0;
	4765 : C0;
	4766 : C0;
	4767 : C0;
	4768 : A0;
	4769 : 80;
	4770 : 80;
	4771 : 84;
	4772 : 91;
	4773 : DA;
	4774 : DA;
	4775 : DA;
	4776 : DA;
	4777 : B1;
	4778 : A4;
	4779 : A0;
	4780 : E3;
	4781 : A5;
	4782 : 84;
	4783 : 84;
	4784 : A5;
	4785 : E3;
	4786 : E3;
	4787 : E3;
	4788 : E3;
	4789 : E3;
	4790 : E3;
	4791 : E3;
	4792 : E3;
	4793 : E3;
	4794 : E3;
	4795 : E3;
	4796 : E3;
	4797 : E3;
	4798 : E3;
	4799 : E3;
	4800 : E3;
	4801 : E3;
	4802 : E3;
	4803 : E3;
	4804 : E3;
	4805 : E3;
	4806 : E3;
	4807 : E3;
	4808 : E3;
	4809 : E3;
	4810 : E3;
	4811 : E3;
	4812 : E3;
	4813 : E3;
	4814 : E3;
	4815 : E3;
	4816 : E3;
	4817 : E3;
	4818 : E3;
	4819 : E3;
	4820 : E3;
	4821 : E3;
	4822 : E3;
	4823 : E3;
	4824 : A0;
	4825 : 80;
	4826 : 80;
	4827 : A0;
	4828 : C0;
	4829 : C0;
	4830 : C4;
	4831 : C8;
	4832 : C8;
	4833 : A4;
	4834 : 80;
	4835 : 84;
	4836 : CD;
	4837 : B1;
	4838 : DA;
	4839 : B6;
	4840 : 91;
	4841 : 84;
	4842 : A0;
	4843 : A0;
	4844 : 64;
	4845 : 91;
	4846 : 8D;
	4847 : 69;
	4848 : 84;
	4849 : E3;
	4850 : E3;
	4851 : E3;
	4852 : E3;
	4853 : E3;
	4854 : E3;
	4855 : E3;
	4856 : E3;
	4857 : E3;
	4858 : E3;
	4859 : E3;
	4860 : E3;
	4861 : E3;
	4862 : E3;
	4863 : E3;
	4864 : E3;
	4865 : E3;
	4866 : E3;
	4867 : E3;
	4868 : E3;
	4869 : E3;
	4870 : E3;
	4871 : E3;
	4872 : E3;
	4873 : E3;
	4874 : E3;
	4875 : E3;
	4876 : E3;
	4877 : E3;
	4878 : E3;
	4879 : E3;
	4880 : E3;
	4881 : E3;
	4882 : E3;
	4883 : E3;
	4884 : E3;
	4885 : E3;
	4886 : E3;
	4887 : E3;
	4888 : 80;
	4889 : A0;
	4890 : 80;
	4891 : A0;
	4892 : C4;
	4893 : CD;
	4894 : CD;
	4895 : A9;
	4896 : A8;
	4897 : CD;
	4898 : A8;
	4899 : CD;
	4900 : CC;
	4901 : C8;
	4902 : 8D;
	4903 : 89;
	4904 : A4;
	4905 : A0;
	4906 : 84;
	4907 : 84;
	4908 : 8D;
	4909 : 91;
	4910 : B6;
	4911 : B6;
	4912 : 91;
	4913 : 84;
	4914 : E3;
	4915 : E3;
	4916 : E3;
	4917 : E3;
	4918 : E3;
	4919 : E3;
	4920 : E3;
	4921 : E3;
	4922 : E3;
	4923 : E3;
	4924 : E3;
	4925 : E3;
	4926 : E3;
	4927 : E3;
	4928 : E3;
	4929 : E3;
	4930 : E3;
	4931 : E3;
	4932 : E3;
	4933 : E3;
	4934 : E3;
	4935 : E3;
	4936 : E3;
	4937 : E3;
	4938 : E3;
	4939 : E3;
	4940 : E3;
	4941 : E3;
	4942 : E3;
	4943 : E3;
	4944 : E3;
	4945 : E3;
	4946 : E3;
	4947 : E3;
	4948 : E3;
	4949 : E3;
	4950 : E3;
	4951 : E3;
	4952 : E3;
	4953 : 80;
	4954 : 80;
	4955 : A4;
	4956 : CD;
	4957 : CD;
	4958 : AD;
	4959 : ED;
	4960 : ED;
	4961 : CD;
	4962 : CD;
	4963 : CC;
	4964 : C8;
	4965 : A8;
	4966 : 60;
	4967 : 80;
	4968 : 80;
	4969 : 84;
	4970 : 88;
	4971 : 88;
	4972 : B1;
	4973 : 91;
	4974 : 91;
	4975 : B6;
	4976 : B6;
	4977 : E3;
	4978 : E3;
	4979 : E3;
	4980 : E3;
	4981 : E3;
	4982 : E3;
	4983 : E3;
	4984 : E3;
	4985 : E3;
	4986 : E3;
	4987 : E3;
	4988 : E3;
	4989 : E3;
	4990 : E3;
	4991 : E3;
	4992 : E3;
	4993 : E3;
	4994 : E3;
	4995 : E3;
	4996 : E3;
	4997 : E3;
	4998 : E3;
	4999 : E3;
	5000 : E3;
	5001 : E3;
	5002 : E3;
	5003 : E3;
	5004 : E3;
	5005 : E3;
	5006 : E3;
	5007 : E3;
	5008 : E3;
	5009 : E3;
	5010 : E3;
	5011 : E3;
	5012 : E3;
	5013 : E3;
	5014 : E3;
	5015 : E3;
	5016 : E3;
	5017 : 80;
	5018 : 80;
	5019 : 84;
	5020 : A8;
	5021 : CD;
	5022 : ED;
	5023 : ED;
	5024 : ED;
	5025 : CD;
	5026 : ED;
	5027 : CC;
	5028 : A8;
	5029 : 84;
	5030 : E3;
	5031 : E3;
	5032 : 84;
	5033 : 64;
	5034 : 64;
	5035 : 84;
	5036 : 8D;
	5037 : B6;
	5038 : 91;
	5039 : 8D;
	5040 : E3;
	5041 : E3;
	5042 : E3;
	5043 : E3;
	5044 : E3;
	5045 : E3;
	5046 : E3;
	5047 : E3;
	5048 : E3;
	5049 : E3;
	5050 : E3;
	5051 : E3;
	5052 : E3;
	5053 : E3;
	5054 : E3;
	5055 : E3;
	5056 : E3;
	5057 : E3;
	5058 : E3;
	5059 : E3;
	5060 : E3;
	5061 : E3;
	5062 : E3;
	5063 : E3;
	5064 : E3;
	5065 : E3;
	5066 : E3;
	5067 : E3;
	5068 : E3;
	5069 : E3;
	5070 : E3;
	5071 : E3;
	5072 : E3;
	5073 : E3;
	5074 : E3;
	5075 : E3;
	5076 : E3;
	5077 : E3;
	5078 : E3;
	5079 : E3;
	5080 : E3;
	5081 : 80;
	5082 : 80;
	5083 : 80;
	5084 : 84;
	5085 : CC;
	5086 : CD;
	5087 : A8;
	5088 : A8;
	5089 : CD;
	5090 : CC;
	5091 : A8;
	5092 : 84;
	5093 : E3;
	5094 : E3;
	5095 : E3;
	5096 : E3;
	5097 : 84;
	5098 : 64;
	5099 : 84;
	5100 : 84;
	5101 : 6D;
	5102 : 6D;
	5103 : E3;
	5104 : E3;
	5105 : E3;
	5106 : E3;
	5107 : E3;
	5108 : E3;
	5109 : E3;
	5110 : E3;
	5111 : E3;
	5112 : E3;
	5113 : E3;
	5114 : E3;
	5115 : E3;
	5116 : E3;
	5117 : E3;
	5118 : E3;
	5119 : E3;
	5120 : E3;
	5121 : E3;
	5122 : E3;
	5123 : E3;
	5124 : E3;
	5125 : E3;
	5126 : E3;
	5127 : E3;
	5128 : E3;
	5129 : E3;
	5130 : E3;
	5131 : E3;
	5132 : E3;
	5133 : E3;
	5134 : E3;
	5135 : E3;
	5136 : E3;
	5137 : E3;
	5138 : E3;
	5139 : E3;
	5140 : E3;
	5141 : E3;
	5142 : E3;
	5143 : E3;
	5144 : E3;
	5145 : 49;
	5146 : 69;
	5147 : 65;
	5148 : 64;
	5149 : 84;
	5150 : A8;
	5151 : CD;
	5152 : CD;
	5153 : A8;
	5154 : A8;
	5155 : A9;
	5156 : E3;
	5157 : E3;
	5158 : E3;
	5159 : E3;
	5160 : E3;
	5161 : E3;
	5162 : 84;
	5163 : 88;
	5164 : 88;
	5165 : 84;
	5166 : E3;
	5167 : E3;
	5168 : E3;
	5169 : E3;
	5170 : E3;
	5171 : E3;
	5172 : E3;
	5173 : E3;
	5174 : E3;
	5175 : E3;
	5176 : E3;
	5177 : E3;
	5178 : E3;
	5179 : E3;
	5180 : E3;
	5181 : E3;
	5182 : E3;
	5183 : E3;
	5184 : E3;
	5185 : E3;
	5186 : E3;
	5187 : E3;
	5188 : E3;
	5189 : E3;
	5190 : E3;
	5191 : E3;
	5192 : E3;
	5193 : E3;
	5194 : E3;
	5195 : E3;
	5196 : E3;
	5197 : E3;
	5198 : E3;
	5199 : E3;
	5200 : E3;
	5201 : E3;
	5202 : E3;
	5203 : E3;
	5204 : E3;
	5205 : E3;
	5206 : E3;
	5207 : E3;
	5208 : 09;
	5209 : 0E;
	5210 : 09;
	5211 : 29;
	5212 : 29;
	5213 : 68;
	5214 : 68;
	5215 : 88;
	5216 : 88;
	5217 : 49;
	5218 : 29;
	5219 : 2A;
	5220 : E3;
	5221 : E3;
	5222 : E3;
	5223 : E3;
	5224 : E3;
	5225 : E3;
	5226 : E3;
	5227 : 84;
	5228 : 84;
	5229 : 85;
	5230 : E3;
	5231 : E3;
	5232 : E3;
	5233 : E3;
	5234 : E3;
	5235 : E3;
	5236 : E3;
	5237 : E3;
	5238 : E3;
	5239 : E3;
	5240 : E3;
	5241 : E3;
	5242 : E3;
	5243 : E3;
	5244 : E3;
	5245 : E3;
	5246 : E3;
	5247 : E3;
	5248 : E3;
	5249 : E3;
	5250 : E3;
	5251 : E3;
	5252 : E3;
	5253 : E3;
	5254 : E3;
	5255 : E3;
	5256 : E3;
	5257 : E3;
	5258 : E3;
	5259 : E3;
	5260 : E3;
	5261 : E3;
	5262 : E3;
	5263 : E3;
	5264 : E3;
	5265 : E3;
	5266 : E3;
	5267 : E3;
	5268 : E3;
	5269 : E3;
	5270 : E3;
	5271 : 29;
	5272 : 09;
	5273 : 12;
	5274 : 12;
	5275 : 0E;
	5276 : 0E;
	5277 : 0E;
	5278 : 0E;
	5279 : 0D;
	5280 : 2D;
	5281 : 0E;
	5282 : 12;
	5283 : 12;
	5284 : 0E;
	5285 : E3;
	5286 : E3;
	5287 : E3;
	5288 : E3;
	5289 : E3;
	5290 : E3;
	5291 : E3;
	5292 : E3;
	5293 : E3;
	5294 : E3;
	5295 : E3;
	5296 : E3;
	5297 : E3;
	5298 : E3;
	5299 : E3;
	5300 : E3;
	5301 : E3;
	5302 : E3;
	5303 : E3;
	5304 : E3;
	5305 : E3;
	5306 : E3;
	5307 : E3;
	5308 : E3;
	5309 : E3;
	5310 : E3;
	5311 : E3;
	5312 : E3;
	5313 : E3;
	5314 : E3;
	5315 : E3;
	5316 : E3;
	5317 : E3;
	5318 : E3;
	5319 : E3;
	5320 : E3;
	5321 : E3;
	5322 : E3;
	5323 : E3;
	5324 : E3;
	5325 : E3;
	5326 : E3;
	5327 : E3;
	5328 : E3;
	5329 : E3;
	5330 : E3;
	5331 : E3;
	5332 : E3;
	5333 : E3;
	5334 : E3;
	5335 : 09;
	5336 : 0E;
	5337 : 0E;
	5338 : 1B;
	5339 : 17;
	5340 : 0E;
	5341 : 0E;
	5342 : 0E;
	5343 : 0D;
	5344 : 0E;
	5345 : 0E;
	5346 : 0E;
	5347 : 0E;
	5348 : 17;
	5349 : 17;
	5350 : 4A;
	5351 : E3;
	5352 : E3;
	5353 : E3;
	5354 : E3;
	5355 : E3;
	5356 : E3;
	5357 : E3;
	5358 : E3;
	5359 : E3;
	5360 : E3;
	5361 : E3;
	5362 : E3;
	5363 : E3;
	5364 : E3;
	5365 : E3;
	5366 : E3;
	5367 : E3;
	5368 : E3;
	5369 : E3;
	5370 : E3;
	5371 : E3;
	5372 : E3;
	5373 : E3;
	5374 : E3;
	5375 : E3;
	5376 : E3;
	5377 : E3;
	5378 : E3;
	5379 : E3;
	5380 : E3;
	5381 : E3;
	5382 : E3;
	5383 : E3;
	5384 : E3;
	5385 : E3;
	5386 : E3;
	5387 : E3;
	5388 : E3;
	5389 : E3;
	5390 : E3;
	5391 : E3;
	5392 : E3;
	5393 : E3;
	5394 : E3;
	5395 : E3;
	5396 : E3;
	5397 : E3;
	5398 : E3;
	5399 : 09;
	5400 : 0E;
	5401 : 17;
	5402 : 1B;
	5403 : 1B;
	5404 : 17;
	5405 : 0E;
	5406 : 0E;
	5407 : 09;
	5408 : 0E;
	5409 : 09;
	5410 : 0E;
	5411 : 12;
	5412 : 17;
	5413 : 1B;
	5414 : 17;
	5415 : 6B;
	5416 : E3;
	5417 : E3;
	5418 : E3;
	5419 : E3;
	5420 : E3;
	5421 : E3;
	5422 : E3;
	5423 : E3;
	5424 : E3;
	5425 : E3;
	5426 : E3;
	5427 : E3;
	5428 : E3;
	5429 : E3;
	5430 : E3;
	5431 : E3;
	5432 : E3;
	5433 : E3;
	5434 : E3;
	5435 : E3;
	5436 : E3;
	5437 : E3;
	5438 : E3;
	5439 : E3;
	5440 : E3;
	5441 : E3;
	5442 : E3;
	5443 : E3;
	5444 : E3;
	5445 : E3;
	5446 : E3;
	5447 : E3;
	5448 : E3;
	5449 : E3;
	5450 : E3;
	5451 : E3;
	5452 : E3;
	5453 : E3;
	5454 : E3;
	5455 : E3;
	5456 : E3;
	5457 : E3;
	5458 : E3;
	5459 : E3;
	5460 : E3;
	5461 : E3;
	5462 : E3;
	5463 : E3;
	5464 : 09;
	5465 : 17;
	5466 : 1B;
	5467 : 1B;
	5468 : 1B;
	5469 : 17;
	5470 : 0E;
	5471 : 0D;
	5472 : 09;
	5473 : 09;
	5474 : 12;
	5475 : 17;
	5476 : 17;
	5477 : 1B;
	5478 : 1B;
	5479 : 17;
	5480 : 4A;
	5481 : E3;
	5482 : E3;
	5483 : E3;
	5484 : E3;
	5485 : E3;
	5486 : E3;
	5487 : E3;
	5488 : E3;
	5489 : E3;
	5490 : E3;
	5491 : E3;
	5492 : E3;
	5493 : E3;
	5494 : E3;
	5495 : E3;
	5496 : E3;
	5497 : E3;
	5498 : E3;
	5499 : E3;
	5500 : E3;
	5501 : E3;
	5502 : E3;
	5503 : E3;
	5504 : E3;
	5505 : E3;
	5506 : E3;
	5507 : E3;
	5508 : E3;
	5509 : E3;
	5510 : E3;
	5511 : E3;
	5512 : E3;
	5513 : E3;
	5514 : E3;
	5515 : E3;
	5516 : E3;
	5517 : E3;
	5518 : E3;
	5519 : E3;
	5520 : E3;
	5521 : E3;
	5522 : E3;
	5523 : E3;
	5524 : E3;
	5525 : E3;
	5526 : E3;
	5527 : E3;
	5528 : 09;
	5529 : 17;
	5530 : 1B;
	5531 : 1B;
	5532 : 1B;
	5533 : 1B;
	5534 : 16;
	5535 : 09;
	5536 : 09;
	5537 : 0E;
	5538 : 12;
	5539 : 17;
	5540 : 1B;
	5541 : 1B;
	5542 : 1B;
	5543 : 1B;
	5544 : 1B;
	5545 : E3;
	5546 : E3;
	5547 : E3;
	5548 : E3;
	5549 : E3;
	5550 : E3;
	5551 : E3;
	5552 : E3;
	5553 : E3;
	5554 : E3;
	5555 : E3;
	5556 : E3;
	5557 : E3;
	5558 : E3;
	5559 : E3;
	5560 : E3;
	5561 : E3;
	5562 : E3;
	5563 : E3;
	5564 : E3;
	5565 : E3;
	5566 : E3;
	5567 : E3;
	5568 : E3;
	5569 : E3;
	5570 : E3;
	5571 : E3;
	5572 : E3;
	5573 : E3;
	5574 : E3;
	5575 : E3;
	5576 : E3;
	5577 : E3;
	5578 : E3;
	5579 : E3;
	5580 : E3;
	5581 : E3;
	5582 : E3;
	5583 : E3;
	5584 : E3;
	5585 : E3;
	5586 : E3;
	5587 : E3;
	5588 : E3;
	5589 : E3;
	5590 : E3;
	5591 : E3;
	5592 : 09;
	5593 : 17;
	5594 : 1B;
	5595 : 1B;
	5596 : 1B;
	5597 : 1B;
	5598 : 12;
	5599 : 09;
	5600 : 0D;
	5601 : 0D;
	5602 : 0E;
	5603 : 12;
	5604 : 12;
	5605 : 1B;
	5606 : 1B;
	5607 : 1B;
	5608 : 16;
	5609 : 4F;
	5610 : E3;
	5611 : E3;
	5612 : E3;
	5613 : E3;
	5614 : E3;
	5615 : E3;
	5616 : E3;
	5617 : E3;
	5618 : E3;
	5619 : E3;
	5620 : E3;
	5621 : E3;
	5622 : E3;
	5623 : E3;
	5624 : E3;
	5625 : E3;
	5626 : E3;
	5627 : E3;
	5628 : E3;
	5629 : E3;
	5630 : E3;
	5631 : E3;
	5632 : E3;
	5633 : E3;
	5634 : E3;
	5635 : E3;
	5636 : E3;
	5637 : E3;
	5638 : E3;
	5639 : E3;
	5640 : E3;
	5641 : E3;
	5642 : E3;
	5643 : E3;
	5644 : E3;
	5645 : E3;
	5646 : E3;
	5647 : E3;
	5648 : E3;
	5649 : E3;
	5650 : E3;
	5651 : E3;
	5652 : E3;
	5653 : E3;
	5654 : E3;
	5655 : E3;
	5656 : 29;
	5657 : 12;
	5658 : 1B;
	5659 : 1B;
	5660 : 1B;
	5661 : 1B;
	5662 : 12;
	5663 : E3;
	5664 : E3;
	5665 : E3;
	5666 : 4A;
	5667 : 2A;
	5668 : 0D;
	5669 : 0E;
	5670 : 17;
	5671 : 17;
	5672 : 1B;
	5673 : 16;
	5674 : E3;
	5675 : E3;
	5676 : E3;
	5677 : E3;
	5678 : E3;
	5679 : E3;
	5680 : E3;
	5681 : E3;
	5682 : E3;
	5683 : E3;
	5684 : E3;
	5685 : E3;
	5686 : E3;
	5687 : E3;
	5688 : E3;
	5689 : E3;
	5690 : E3;
	5691 : E3;
	5692 : E3;
	5693 : E3;
	5694 : E3;
	5695 : E3;
	5696 : E3;
	5697 : E3;
	5698 : E3;
	5699 : E3;
	5700 : E3;
	5701 : E3;
	5702 : E3;
	5703 : E3;
	5704 : E3;
	5705 : E3;
	5706 : E3;
	5707 : E3;
	5708 : E3;
	5709 : E3;
	5710 : E3;
	5711 : E3;
	5712 : E3;
	5713 : E3;
	5714 : E3;
	5715 : E3;
	5716 : E3;
	5717 : E3;
	5718 : E3;
	5719 : E3;
	5720 : E3;
	5721 : 0E;
	5722 : 1B;
	5723 : 1B;
	5724 : 1B;
	5725 : 1B;
	5726 : 2E;
	5727 : E3;
	5728 : E3;
	5729 : E3;
	5730 : E3;
	5731 : E3;
	5732 : E3;
	5733 : 2A;
	5734 : 0E;
	5735 : 12;
	5736 : 16;
	5737 : 12;
	5738 : 17;
	5739 : E3;
	5740 : E3;
	5741 : E3;
	5742 : E3;
	5743 : E3;
	5744 : E3;
	5745 : E3;
	5746 : E3;
	5747 : E3;
	5748 : E3;
	5749 : E3;
	5750 : E3;
	5751 : E3;
	5752 : E3;
	5753 : E3;
	5754 : E3;
	5755 : E3;
	5756 : E3;
	5757 : E3;
	5758 : E3;
	5759 : E3;
	5760 : E3;
	5761 : E3;
	5762 : E3;
	5763 : E3;
	5764 : E3;
	5765 : E3;
	5766 : E3;
	5767 : E3;
	5768 : E3;
	5769 : E3;
	5770 : E3;
	5771 : E3;
	5772 : E3;
	5773 : E3;
	5774 : E3;
	5775 : E3;
	5776 : E3;
	5777 : E3;
	5778 : E3;
	5779 : E3;
	5780 : E3;
	5781 : E3;
	5782 : E3;
	5783 : E3;
	5784 : E3;
	5785 : 0E;
	5786 : 12;
	5787 : 17;
	5788 : 1B;
	5789 : 17;
	5790 : 2E;
	5791 : E3;
	5792 : E3;
	5793 : E3;
	5794 : E3;
	5795 : E3;
	5796 : E3;
	5797 : E3;
	5798 : 0E;
	5799 : 0E;
	5800 : 0E;
	5801 : 0E;
	5802 : 12;
	5803 : E3;
	5804 : E3;
	5805 : E3;
	5806 : E3;
	5807 : E3;
	5808 : E3;
	5809 : E3;
	5810 : E3;
	5811 : E3;
	5812 : E3;
	5813 : E3;
	5814 : E3;
	5815 : E3;
	5816 : E3;
	5817 : E3;
	5818 : E3;
	5819 : E3;
	5820 : E3;
	5821 : E3;
	5822 : E3;
	5823 : E3;
	5824 : E3;
	5825 : E3;
	5826 : E3;
	5827 : E3;
	5828 : E3;
	5829 : E3;
	5830 : E3;
	5831 : E3;
	5832 : E3;
	5833 : E3;
	5834 : E3;
	5835 : E3;
	5836 : E3;
	5837 : E3;
	5838 : E3;
	5839 : E3;
	5840 : E3;
	5841 : E3;
	5842 : E3;
	5843 : E3;
	5844 : E3;
	5845 : E3;
	5846 : E3;
	5847 : E3;
	5848 : 2E;
	5849 : 0E;
	5850 : 09;
	5851 : 12;
	5852 : 1B;
	5853 : 12;
	5854 : E3;
	5855 : E3;
	5856 : E3;
	5857 : E3;
	5858 : E3;
	5859 : E3;
	5860 : E3;
	5861 : 09;
	5862 : 0E;
	5863 : 0E;
	5864 : 0E;
	5865 : 0E;
	5866 : 0E;
	5867 : E3;
	5868 : E3;
	5869 : E3;
	5870 : E3;
	5871 : E3;
	5872 : E3;
	5873 : E3;
	5874 : E3;
	5875 : E3;
	5876 : E3;
	5877 : E3;
	5878 : E3;
	5879 : E3;
	5880 : E3;
	5881 : E3;
	5882 : E3;
	5883 : E3;
	5884 : E3;
	5885 : E3;
	5886 : E3;
	5887 : E3;
	5888 : E3;
	5889 : E3;
	5890 : E3;
	5891 : E3;
	5892 : E3;
	5893 : E3;
	5894 : E3;
	5895 : E3;
	5896 : E3;
	5897 : E3;
	5898 : E3;
	5899 : E3;
	5900 : E3;
	5901 : E3;
	5902 : E3;
	5903 : E3;
	5904 : E3;
	5905 : E3;
	5906 : E3;
	5907 : E3;
	5908 : E3;
	5909 : E3;
	5910 : E3;
	5911 : 1B;
	5912 : 17;
	5913 : 0E;
	5914 : 09;
	5915 : 0E;
	5916 : 17;
	5917 : 0E;
	5918 : E3;
	5919 : E3;
	5920 : E3;
	5921 : E3;
	5922 : E3;
	5923 : E3;
	5924 : E3;
	5925 : 0E;
	5926 : 0E;
	5927 : 0E;
	5928 : 0E;
	5929 : 09;
	5930 : E3;
	5931 : E3;
	5932 : E3;
	5933 : E3;
	5934 : E3;
	5935 : E3;
	5936 : E3;
	5937 : E3;
	5938 : E3;
	5939 : E3;
	5940 : E3;
	5941 : E3;
	5942 : E3;
	5943 : E3;
	5944 : E3;
	5945 : E3;
	5946 : E3;
	5947 : E3;
	5948 : E3;
	5949 : E3;
	5950 : E3;
	5951 : E3;
	5952 : E3;
	5953 : E3;
	5954 : E3;
	5955 : E3;
	5956 : E3;
	5957 : E3;
	5958 : E3;
	5959 : E3;
	5960 : E3;
	5961 : E3;
	5962 : E3;
	5963 : E3;
	5964 : E3;
	5965 : E3;
	5966 : E3;
	5967 : E3;
	5968 : E3;
	5969 : E3;
	5970 : E3;
	5971 : E3;
	5972 : E3;
	5973 : E3;
	5974 : 12;
	5975 : 1B;
	5976 : 12;
	5977 : 0E;
	5978 : 0E;
	5979 : 0E;
	5980 : 0E;
	5981 : E3;
	5982 : E3;
	5983 : E3;
	5984 : E3;
	5985 : E3;
	5986 : E3;
	5987 : E3;
	5988 : E3;
	5989 : 0D;
	5990 : 0E;
	5991 : 0E;
	5992 : 0E;
	5993 : 4A;
	5994 : E3;
	5995 : E3;
	5996 : E3;
	5997 : E3;
	5998 : E3;
	5999 : E3;
	6000 : E3;
	6001 : E3;
	6002 : E3;
	6003 : E3;
	6004 : E3;
	6005 : E3;
	6006 : E3;
	6007 : E3;
	6008 : E3;
	6009 : E3;
	6010 : E3;
	6011 : E3;
	6012 : E3;
	6013 : E3;
	6014 : E3;
	6015 : E3;
	6016 : E3;
	6017 : E3;
	6018 : E3;
	6019 : E3;
	6020 : E3;
	6021 : E3;
	6022 : E3;
	6023 : E3;
	6024 : E3;
	6025 : E3;
	6026 : E3;
	6027 : E3;
	6028 : E3;
	6029 : E3;
	6030 : E3;
	6031 : E3;
	6032 : E3;
	6033 : E3;
	6034 : E3;
	6035 : E3;
	6036 : E3;
	6037 : 09;
	6038 : 0E;
	6039 : 0E;
	6040 : 0E;
	6041 : 0E;
	6042 : 0E;
	6043 : 0E;
	6044 : E3;
	6045 : E3;
	6046 : E3;
	6047 : E3;
	6048 : E3;
	6049 : E3;
	6050 : E3;
	6051 : E3;
	6052 : E3;
	6053 : 2A;
	6054 : 0E;
	6055 : 0E;
	6056 : 29;
	6057 : E3;
	6058 : E3;
	6059 : E3;
	6060 : E3;
	6061 : E3;
	6062 : E3;
	6063 : E3;
	6064 : E3;
	6065 : E3;
	6066 : E3;
	6067 : E3;
	6068 : E3;
	6069 : E3;
	6070 : E3;
	6071 : E3;
	6072 : E3;
	6073 : E3;
	6074 : E3;
	6075 : E3;
	6076 : E3;
	6077 : E3;
	6078 : E3;
	6079 : E3;
	6080 : E3;
	6081 : E3;
	6082 : E3;
	6083 : E3;
	6084 : E3;
	6085 : E3;
	6086 : E3;
	6087 : E3;
	6088 : E3;
	6089 : E3;
	6090 : E3;
	6091 : E3;
	6092 : E3;
	6093 : E3;
	6094 : E3;
	6095 : E3;
	6096 : E3;
	6097 : E3;
	6098 : E3;
	6099 : E3;
	6100 : E3;
	6101 : 09;
	6102 : 0E;
	6103 : 0E;
	6104 : 0E;
	6105 : 0E;
	6106 : 0E;
	6107 : 2A;
	6108 : E3;
	6109 : E3;
	6110 : E3;
	6111 : E3;
	6112 : E3;
	6113 : E3;
	6114 : E3;
	6115 : E3;
	6116 : E3;
	6117 : 09;
	6118 : 0E;
	6119 : 09;
	6120 : E3;
	6121 : E3;
	6122 : E3;
	6123 : E3;
	6124 : E3;
	6125 : E3;
	6126 : E3;
	6127 : E3;
	6128 : E3;
	6129 : E3;
	6130 : E3;
	6131 : E3;
	6132 : E3;
	6133 : E3;
	6134 : E3;
	6135 : E3;
	6136 : E3;
	6137 : E3;
	6138 : E3;
	6139 : E3;
	6140 : E3;
	6141 : E3;
	6142 : E3;
	6143 : E3;
	6144 : E3;
	6145 : E3;
	6146 : E3;
	6147 : E3;
	6148 : E3;
	6149 : E3;
	6150 : E3;
	6151 : E3;
	6152 : E3;
	6153 : E3;
	6154 : E3;
	6155 : E3;
	6156 : E3;
	6157 : E3;
	6158 : E3;
	6159 : E3;
	6160 : E3;
	6161 : E3;
	6162 : E3;
	6163 : E3;
	6164 : E3;
	6165 : 09;
	6166 : 09;
	6167 : 0E;
	6168 : 0E;
	6169 : 0E;
	6170 : 0E;
	6171 : E3;
	6172 : E3;
	6173 : E3;
	6174 : E3;
	6175 : E3;
	6176 : E3;
	6177 : E3;
	6178 : E3;
	6179 : E3;
	6180 : E3;
	6181 : 49;
	6182 : 09;
	6183 : 09;
	6184 : E3;
	6185 : E3;
	6186 : E3;
	6187 : E3;
	6188 : E3;
	6189 : E3;
	6190 : E3;
	6191 : E3;
	6192 : E3;
	6193 : E3;
	6194 : E3;
	6195 : E3;
	6196 : E3;
	6197 : E3;
	6198 : E3;
	6199 : E3;
	6200 : E3;
	6201 : E3;
	6202 : E3;
	6203 : E3;
	6204 : E3;
	6205 : E3;
	6206 : E3;
	6207 : E3;
	6208 : E3;
	6209 : E3;
	6210 : E3;
	6211 : E3;
	6212 : E3;
	6213 : E3;
	6214 : E3;
	6215 : E3;
	6216 : E3;
	6217 : E3;
	6218 : E3;
	6219 : E3;
	6220 : E3;
	6221 : E3;
	6222 : E3;
	6223 : E3;
	6224 : E3;
	6225 : E3;
	6226 : E3;
	6227 : E3;
	6228 : E3;
	6229 : 09;
	6230 : 0E;
	6231 : 0E;
	6232 : 0E;
	6233 : E3;
	6234 : E3;
	6235 : E3;
	6236 : E3;
	6237 : E3;
	6238 : E3;
	6239 : E3;
	6240 : E3;
	6241 : E3;
	6242 : E3;
	6243 : E3;
	6244 : E3;
	6245 : B6;
	6246 : 92;
	6247 : 72;
	6248 : E3;
	6249 : E3;
	6250 : E3;
	6251 : E3;
	6252 : E3;
	6253 : E3;
	6254 : E3;
	6255 : E3;
	6256 : E3;
	6257 : E3;
	6258 : E3;
	6259 : E3;
	6260 : E3;
	6261 : E3;
	6262 : E3;
	6263 : E3;
	6264 : E3;
	6265 : E3;
	6266 : E3;
	6267 : E3;
	6268 : E3;
	6269 : E3;
	6270 : E3;
	6271 : E3;
	6272 : E3;
	6273 : E3;
	6274 : E3;
	6275 : E3;
	6276 : E3;
	6277 : E3;
	6278 : E3;
	6279 : E3;
	6280 : E3;
	6281 : E3;
	6282 : E3;
	6283 : E3;
	6284 : E3;
	6285 : E3;
	6286 : E3;
	6287 : E3;
	6288 : E3;
	6289 : E3;
	6290 : E3;
	6291 : E3;
	6292 : E3;
	6293 : 09;
	6294 : 09;
	6295 : 09;
	6296 : E3;
	6297 : E3;
	6298 : E3;
	6299 : E3;
	6300 : E3;
	6301 : E3;
	6302 : E3;
	6303 : E3;
	6304 : E3;
	6305 : E3;
	6306 : E3;
	6307 : E3;
	6308 : 92;
	6309 : B7;
	6310 : DB;
	6311 : 92;
	6312 : E3;
	6313 : E3;
	6314 : E3;
	6315 : E3;
	6316 : E3;
	6317 : E3;
	6318 : E3;
	6319 : E3;
	6320 : E3;
	6321 : E3;
	6322 : E3;
	6323 : E3;
	6324 : E3;
	6325 : E3;
	6326 : E3;
	6327 : E3;
	6328 : E3;
	6329 : E3;
	6330 : E3;
	6331 : E3;
	6332 : E3;
	6333 : E3;
	6334 : E3;
	6335 : E3;
	6336 : E3;
	6337 : E3;
	6338 : E3;
	6339 : E3;
	6340 : E3;
	6341 : E3;
	6342 : E3;
	6343 : E3;
	6344 : E3;
	6345 : E3;
	6346 : E3;
	6347 : E3;
	6348 : E3;
	6349 : E3;
	6350 : E3;
	6351 : E3;
	6352 : E3;
	6353 : E3;
	6354 : E3;
	6355 : E3;
	6356 : E3;
	6357 : 2E;
	6358 : 2E;
	6359 : E3;
	6360 : E3;
	6361 : E3;
	6362 : E3;
	6363 : E3;
	6364 : E3;
	6365 : E3;
	6366 : E3;
	6367 : E3;
	6368 : E3;
	6369 : E3;
	6370 : E3;
	6371 : E3;
	6372 : E3;
	6373 : E3;
	6374 : B7;
	6375 : BB;
	6376 : B7;
	6377 : DB;
	6378 : E3;
	6379 : E3;
	6380 : E3;
	6381 : E3;
	6382 : E3;
	6383 : E3;
	6384 : E3;
	6385 : E3;
	6386 : E3;
	6387 : E3;
	6388 : E3;
	6389 : E3;
	6390 : E3;
	6391 : E3;
	6392 : E3;
	6393 : E3;
	6394 : E3;
	6395 : E3;
	6396 : E3;
	6397 : E3;
	6398 : E3;
	6399 : E3;
	6400 : E3;
	6401 : E3;
	6402 : E3;
	6403 : E3;
	6404 : E3;
	6405 : E3;
	6406 : E3;
	6407 : E3;
	6408 : E3;
	6409 : E3;
	6410 : E3;
	6411 : E3;
	6412 : E3;
	6413 : E3;
	6414 : E3;
	6415 : E3;
	6416 : E3;
	6417 : E3;
	6418 : E3;
	6419 : E3;
	6420 : 6E;
	6421 : 8E;
	6422 : 92;
	6423 : E3;
	6424 : E3;
	6425 : E3;
	6426 : E3;
	6427 : E3;
	6428 : E3;
	6429 : E3;
	6430 : E3;
	6431 : E3;
	6432 : E3;
	6433 : E3;
	6434 : E3;
	6435 : E3;
	6436 : E3;
	6437 : E3;
	6438 : E3;
	6439 : 92;
	6440 : 92;
	6441 : 92;
	6442 : 92;
	6443 : E3;
	6444 : E3;
	6445 : E3;
	6446 : E3;
	6447 : E3;
	6448 : E3;
	6449 : E3;
	6450 : E3;
	6451 : E3;
	6452 : E3;
	6453 : E3;
	6454 : E3;
	6455 : E3;
	6456 : E3;
	6457 : E3;
	6458 : E3;
	6459 : E3;
	6460 : E3;
	6461 : E3;
	6462 : E3;
	6463 : E3;
	6464 : E3;
	6465 : E3;
	6466 : E3;
	6467 : E3;
	6468 : E3;
	6469 : E3;
	6470 : E3;
	6471 : E3;
	6472 : E3;
	6473 : E3;
	6474 : E3;
	6475 : E3;
	6476 : E3;
	6477 : E3;
	6478 : E3;
	6479 : E3;
	6480 : E3;
	6481 : E3;
	6482 : E3;
	6483 : E3;
	6484 : 92;
	6485 : B2;
	6486 : 92;
	6487 : 92;
	6488 : E3;
	6489 : E3;
	6490 : E3;
	6491 : E3;
	6492 : E3;
	6493 : E3;
	6494 : E3;
	6495 : E3;
	6496 : E3;
	6497 : E3;
	6498 : E3;
	6499 : E3;
	6500 : E3;
	6501 : E3;
	6502 : E3;
	6503 : E3;
	6504 : E3;
	6505 : E3;
	6506 : E3;
	6507 : E3;
	6508 : E3;
	6509 : E3;
	6510 : E3;
	6511 : E3;
	6512 : E3;
	6513 : E3;
	6514 : E3;
	6515 : E3;
	6516 : E3;
	6517 : E3;
	6518 : E3;
	6519 : E3;
	6520 : E3;
	6521 : E3;
	6522 : E3;
	6523 : E3;
	6524 : E3;
	6525 : E3;
	6526 : E3;
	6527 : E3;
	6528 : E3;
	6529 : E3;
	6530 : E3;
	6531 : E3;
	6532 : E3;
	6533 : E3;
	6534 : E3;
	6535 : E3;
	6536 : E3;
	6537 : E3;
	6538 : E3;
	6539 : E3;
	6540 : E3;
	6541 : E3;
	6542 : E3;
	6543 : E3;
	6544 : E3;
	6545 : E3;
	6546 : E3;
	6547 : E3;
	6548 : B7;
	6549 : B7;
	6550 : B7;
	6551 : B7;
	6552 : 92;
	6553 : E3;
	6554 : E3;
	6555 : E3;
	6556 : E3;
	6557 : E3;
	6558 : E3;
	6559 : E3;
	6560 : E3;
	6561 : E3;
	6562 : E3;
	6563 : E3;
	6564 : E3;
	6565 : E3;
	6566 : E3;
	6567 : E3;
	6568 : E3;
	6569 : E3;
	6570 : E3;
	6571 : E3;
	6572 : E3;
	6573 : E3;
	6574 : E3;
	6575 : E3;
	6576 : E3;
	6577 : E3;
	6578 : E3;
	6579 : E3;
	6580 : E3;
	6581 : E3;
	6582 : E3;
	6583 : E3;
	6584 : E3;
	6585 : E3;
	6586 : E3;
	6587 : E3;
	6588 : E3;
	6589 : E3;
	6590 : E3;
	6591 : E3;
	6592 : E3;
	6593 : E3;
	6594 : E3;
	6595 : E3;
	6596 : E3;
	6597 : E3;
	6598 : E3;
	6599 : E3;
	6600 : E3;
	6601 : E3;
	6602 : E3;
	6603 : E3;
	6604 : E3;
	6605 : E3;
	6606 : E3;
	6607 : E3;
	6608 : E3;
	6609 : E3;
	6610 : E3;
	6611 : E3;
	6612 : E3;
	6613 : E3;
	6614 : E3;
	6615 : E3;
	6616 : E3;
	6617 : E3;
	6618 : E3;
	6619 : E3;
	6620 : E3;
	6621 : E3;
	6622 : E3;
	6623 : E3;
	6624 : E3;
	6625 : E3;
	6626 : E3;
	6627 : E3;
	6628 : E3;
	6629 : E3;
	6630 : E3;
	6631 : E3;
	6632 : E3;
	6633 : E3;
	6634 : E3;
	6635 : E3;
	6636 : E3;
	6637 : E3;
	6638 : E3;
	6639 : E3;
	6640 : E3;
	6641 : E3;
	6642 : E3;
	6643 : E3;
	6644 : E3;
	6645 : E3;
	6646 : E3;
	6647 : E3;
	6648 : E3;
	6649 : E3;
	6650 : E3;
	6651 : E3;
	6652 : E3;
	6653 : E3;
	6654 : E3;
	6655 : E3;
	6656 : E3;
	6657 : E3;
	6658 : E3;
	6659 : E3;
	6660 : E3;
	6661 : E3;
	6662 : E3;
	6663 : E3;
	6664 : E3;
	6665 : E3;
	6666 : E3;
	6667 : E3;
	6668 : E3;
	6669 : E3;
	6670 : E3;
	6671 : E3;
	6672 : E3;
	6673 : E3;
	6674 : E3;
	6675 : E3;
	6676 : E3;
	6677 : E3;
	6678 : E3;
	6679 : E3;
	6680 : E3;
	6681 : E3;
	6682 : E3;
	6683 : E3;
	6684 : E3;
	6685 : E3;
	6686 : E3;
	6687 : E3;
	6688 : E3;
	6689 : E3;
	6690 : E3;
	6691 : E3;
	6692 : E3;
	6693 : E3;
	6694 : E3;
	6695 : E3;
	6696 : E3;
	6697 : E3;
	6698 : E3;
	6699 : E3;
	6700 : E3;
	6701 : E3;
	6702 : E3;
	6703 : E3;
	6704 : E3;
	6705 : E3;
	6706 : E3;
	6707 : E3;
	6708 : E3;
	6709 : E3;
	6710 : E3;
	6711 : E3;
	6712 : E3;
	6713 : E3;
	6714 : E3;
	6715 : E3;
	6716 : E3;
	6717 : E3;
	6718 : E3;
	6719 : E3;
	6720 : E3;
	6721 : E3;
	6722 : E3;
	6723 : E3;
	6724 : E3;
	6725 : E3;
	6726 : E3;
	6727 : E3;
	6728 : E3;
	6729 : E3;
	6730 : E3;
	6731 : E3;
	6732 : E3;
	6733 : E3;
	6734 : E3;
	6735 : E3;
	6736 : E3;
	6737 : E3;
	6738 : E3;
	6739 : E3;
	6740 : E3;
	6741 : E3;
	6742 : E3;
	6743 : E3;
	6744 : E3;
	6745 : E3;
	6746 : E3;
	6747 : E3;
	6748 : E3;
	6749 : E3;
	6750 : E3;
	6751 : E3;
	6752 : E3;
	6753 : E3;
	6754 : E3;
	6755 : E3;
	6756 : E3;
	6757 : E3;
	6758 : E3;
	6759 : E3;
	6760 : E3;
	6761 : E3;
	6762 : E3;
	6763 : E3;
	6764 : E3;
	6765 : E3;
	6766 : E3;
	6767 : E3;
	6768 : E3;
	6769 : E3;
	6770 : E3;
	6771 : E3;
	6772 : E3;
	6773 : E3;
	6774 : E3;
	6775 : E3;
	6776 : E3;
	6777 : E3;
	6778 : E3;
	6779 : E3;
	6780 : E3;
	6781 : E3;
	6782 : E3;
	6783 : E3;
	6784 : E3;
	6785 : E3;
	6786 : E3;
	6787 : E3;
	6788 : E3;
	6789 : E3;
	6790 : E3;
	6791 : E3;
	6792 : E3;
	6793 : E3;
	6794 : E3;
	6795 : E3;
	6796 : E3;
	6797 : E3;
	6798 : E3;
	6799 : E3;
	6800 : E3;
	6801 : E3;
	6802 : E3;
	6803 : E3;
	6804 : E3;
	6805 : E3;
	6806 : E3;
	6807 : E3;
	6808 : E3;
	6809 : E3;
	6810 : E3;
	6811 : E3;
	6812 : E3;
	6813 : E3;
	6814 : E3;
	6815 : E3;
	6816 : E3;
	6817 : E3;
	6818 : E3;
	6819 : E3;
	6820 : E3;
	6821 : E3;
	6822 : E3;
	6823 : E3;
	6824 : E3;
	6825 : E3;
	6826 : E3;
	6827 : E3;
	6828 : E3;
	6829 : E3;
	6830 : E3;
	6831 : E3;
	6832 : E3;
	6833 : E3;
	6834 : E3;
	6835 : E3;
	6836 : E3;
	6837 : E3;
	6838 : E3;
	6839 : E3;
	6840 : E3;
	6841 : E3;
	6842 : E3;
	6843 : E3;
	6844 : E3;
	6845 : E3;
	6846 : E3;
	6847 : E3;
	6848 : E3;
	6849 : E3;
	6850 : E3;
	6851 : E3;
	6852 : E3;
	6853 : E3;
	6854 : E3;
	6855 : E3;
	6856 : E3;
	6857 : E3;
	6858 : E3;
	6859 : E3;
	6860 : E3;
	6861 : E3;
	6862 : E3;
	6863 : E3;
	6864 : E3;
	6865 : E3;
	6866 : E3;
	6867 : E3;
	6868 : E3;
	6869 : E3;
	6870 : E3;
	6871 : E3;
	6872 : E3;
	6873 : E3;
	6874 : E3;
	6875 : E3;
	6876 : E3;
	6877 : E3;
	6878 : E3;
	6879 : E3;
	6880 : E3;
	6881 : E3;
	6882 : E3;
	6883 : E3;
	6884 : E3;
	6885 : E3;
	6886 : E3;
	6887 : E3;
	6888 : E3;
	6889 : E3;
	6890 : E3;
	6891 : E3;
	6892 : E3;
	6893 : E3;
	6894 : E3;
	6895 : E3;
	6896 : E3;
	6897 : E3;
	6898 : E3;
	6899 : E3;
	6900 : E3;
	6901 : E3;
	6902 : E3;
	6903 : E3;
	6904 : E3;
	6905 : E3;
	6906 : E3;
	6907 : E3;
	6908 : E3;
	6909 : E3;
	6910 : E3;
	6911 : E3;
	6912 : E3;
	6913 : E3;
	6914 : E3;
	6915 : E3;
	6916 : E3;
	6917 : E3;
	6918 : E3;
	6919 : E3;
	6920 : E3;
	6921 : E3;
	6922 : E3;
	6923 : E3;
	6924 : E3;
	6925 : E3;
	6926 : E3;
	6927 : E3;
	6928 : E3;
	6929 : E3;
	6930 : E3;
	6931 : E3;
	6932 : E3;
	6933 : E3;
	6934 : E3;
	6935 : E3;
	6936 : E3;
	6937 : E3;
	6938 : E3;
	6939 : E3;
	6940 : E3;
	6941 : E3;
	6942 : E3;
	6943 : E3;
	6944 : E3;
	6945 : E3;
	6946 : E3;
	6947 : E3;
	6948 : E3;
	6949 : E3;
	6950 : E3;
	6951 : E3;
	6952 : E3;
	6953 : E3;
	6954 : E3;
	6955 : E3;
	6956 : E3;
	6957 : E3;
	6958 : E3;
	6959 : E3;
	6960 : E3;
	6961 : E3;
	6962 : E3;
	6963 : E3;
	6964 : E3;
	6965 : E3;
	6966 : E3;
	6967 : E3;
	6968 : E3;
	6969 : E3;
	6970 : E3;
	6971 : E3;
	6972 : E3;
	6973 : E3;
	6974 : E3;
	6975 : E3;
	6976 : E3;
	6977 : E3;
	6978 : E3;
	6979 : E3;
	6980 : E3;
	6981 : E3;
	6982 : E3;
	6983 : E3;
	6984 : E3;
	6985 : E3;
	6986 : E3;
	6987 : E3;
	6988 : E3;
	6989 : E3;
	6990 : E3;
	6991 : E3;
	6992 : E3;
	6993 : E3;
	6994 : E3;
	6995 : E3;
	6996 : E3;
	6997 : E3;
	6998 : E3;
	6999 : E3;
	7000 : E3;
	7001 : E3;
	7002 : E3;
	7003 : E3;
	7004 : E3;
	7005 : E3;
	7006 : E3;
	7007 : E3;
	7008 : E3;
	7009 : E3;
	7010 : E3;
	7011 : E3;
	7012 : E3;
	7013 : E3;
	7014 : E3;
	7015 : E3;
	7016 : E3;
	7017 : E3;
	7018 : E3;
	7019 : E3;
	7020 : E3;
	7021 : E3;
	7022 : E3;
	7023 : E3;
	7024 : E3;
	7025 : E3;
	7026 : E3;
	7027 : E3;
	7028 : E3;
	7029 : E3;
	7030 : E3;
	7031 : E3;
	7032 : E3;
	7033 : E3;
	7034 : E3;
	7035 : E3;
	7036 : E3;
	7037 : E3;
	7038 : E3;
	7039 : E3;
	7040 : E3;
	7041 : E3;
	7042 : E3;
	7043 : E3;
	7044 : E3;
	7045 : E3;
	7046 : E3;
	7047 : E3;
	7048 : E3;
	7049 : E3;
	7050 : E3;
	7051 : E3;
	7052 : E3;
	7053 : E3;
	7054 : E3;
	7055 : E3;
	7056 : E3;
	7057 : E3;
	7058 : E3;
	7059 : E3;
	7060 : E3;
	7061 : E3;
	7062 : E3;
	7063 : E3;
	7064 : E3;
	7065 : E3;
	7066 : E3;
	7067 : E3;
	7068 : E3;
	7069 : E3;
	7070 : E3;
	7071 : E3;
	7072 : E3;
	7073 : E3;
	7074 : E3;
	7075 : E3;
	7076 : E3;
	7077 : E3;
	7078 : E3;
	7079 : E3;
	7080 : E3;
	7081 : E3;
	7082 : E3;
	7083 : E3;
	7084 : E3;
	7085 : E3;
	7086 : E3;
	7087 : E3;
	7088 : E3;
	7089 : E3;
	7090 : E3;
	7091 : E3;
	7092 : E3;
	7093 : E3;
	7094 : E3;
	7095 : E3;
	7096 : E3;
	7097 : E3;
	7098 : E3;
	7099 : E3;
	7100 : E3;
	7101 : E3;
	7102 : E3;
	7103 : E3;
	7104 : E3;
	7105 : E3;
	7106 : E3;
	7107 : E3;
	7108 : E3;
	7109 : E3;
	7110 : E3;
	7111 : E3;
	7112 : E3;
	7113 : E3;
	7114 : E3;
	7115 : E3;
	7116 : E3;
	7117 : E3;
	7118 : E3;
	7119 : E3;
	7120 : E3;
	7121 : E3;
	7122 : E3;
	7123 : E3;
	7124 : E3;
	7125 : E3;
	7126 : E3;
	7127 : E3;
	7128 : E3;
	7129 : E3;
	7130 : E3;
	7131 : E3;
	7132 : E3;
	7133 : E3;
	7134 : E3;
	7135 : E3;
	7136 : E3;
	7137 : E3;
	7138 : E3;
	7139 : E3;
	7140 : E3;
	7141 : E3;
	7142 : E3;
	7143 : E3;
	7144 : E3;
	7145 : E3;
	7146 : E3;
	7147 : E3;
	7148 : E3;
	7149 : E3;
	7150 : E3;
	7151 : E3;
	7152 : E3;
	7153 : E3;
	7154 : E3;
	7155 : E3;
	7156 : E3;
	7157 : E3;
	7158 : E3;
	7159 : E3;
	7160 : E3;
	7161 : E3;
	7162 : E3;
	7163 : E3;
	7164 : E3;
	7165 : E3;
	7166 : E3;
	7167 : E3;
	7168 : E3;
	7169 : E3;
	7170 : E3;
	7171 : E3;
	7172 : E3;
	7173 : E3;
	7174 : E3;
	7175 : E3;
	7176 : E3;
	7177 : E3;
	7178 : E3;
	7179 : E3;
	7180 : E3;
	7181 : E3;
	7182 : E3;
	7183 : E3;
	7184 : E3;
	7185 : E3;
	7186 : E3;
	7187 : E3;
	7188 : E3;
	7189 : E3;
	7190 : E3;
	7191 : E3;
	7192 : E3;
	7193 : E3;
	7194 : E3;
	7195 : E3;
	7196 : E3;
	7197 : E3;
	7198 : E3;
	7199 : E3;
	7200 : E3;
	7201 : E3;
	7202 : E3;
	7203 : E3;
	7204 : E3;
	7205 : E3;
	7206 : E3;
	7207 : E3;
	7208 : E3;
	7209 : E3;
	7210 : E3;
	7211 : E3;
	7212 : E3;
	7213 : E3;
	7214 : E3;
	7215 : E3;
	7216 : E3;
	7217 : E3;
	7218 : E3;
	7219 : E3;
	7220 : E3;
	7221 : E3;
	7222 : E3;
	7223 : E3;
	7224 : E3;
	7225 : E3;
	7226 : E3;
	7227 : E3;
	7228 : E3;
	7229 : E3;
	7230 : E3;
	7231 : E3;
	7232 : E3;
	7233 : E3;
	7234 : E3;
	7235 : E3;
	7236 : E3;
	7237 : E3;
	7238 : E3;
	7239 : E3;
	7240 : E3;
	7241 : E3;
	7242 : E3;
	7243 : E3;
	7244 : E3;
	7245 : E3;
	7246 : E3;
	7247 : E3;
	7248 : E3;
	7249 : E3;
	7250 : E3;
	7251 : E3;
	7252 : E3;
	7253 : E3;
	7254 : E3;
	7255 : E3;
	7256 : E3;
	7257 : E3;
	7258 : E3;
	7259 : E3;
	7260 : E3;
	7261 : E3;
	7262 : E3;
	7263 : E3;
	7264 : E3;
	7265 : E3;
	7266 : E3;
	7267 : E3;
	7268 : E3;
	7269 : E3;
	7270 : E3;
	7271 : E3;
	7272 : E3;
	7273 : E3;
	7274 : E3;
	7275 : E3;
	7276 : E3;
	7277 : E3;
	7278 : E3;
	7279 : E3;
	7280 : E3;
	7281 : E3;
	7282 : E3;
	7283 : E3;
	7284 : E3;
	7285 : E3;
	7286 : E3;
	7287 : E3;
	7288 : E3;
	7289 : E3;
	7290 : E3;
	7291 : E3;
	7292 : E3;
	7293 : E3;
	7294 : E3;
	7295 : E3;
	7296 : E3;
	7297 : E3;
	7298 : E3;
	7299 : E3;
	7300 : E3;
	7301 : E3;
	7302 : E3;
	7303 : E3;
	7304 : E3;
	7305 : E3;
	7306 : E3;
	7307 : E3;
	7308 : E3;
	7309 : E3;
	7310 : E3;
	7311 : E3;
	7312 : E3;
	7313 : E3;
	7314 : E3;
	7315 : E3;
	7316 : E3;
	7317 : E3;
	7318 : E3;
	7319 : E3;
	7320 : E3;
	7321 : E3;
	7322 : E3;
	7323 : E3;
	7324 : E3;
	7325 : E3;
	7326 : E3;
	7327 : E3;
	7328 : E3;
	7329 : E3;
	7330 : E3;
	7331 : E3;
	7332 : E3;
	7333 : E3;
	7334 : E3;
	7335 : E3;
	7336 : E3;
	7337 : E3;
	7338 : E3;
	7339 : E3;
	7340 : E3;
	7341 : E3;
	7342 : E3;
	7343 : E3;
	7344 : E3;
	7345 : E3;
	7346 : E3;
	7347 : E3;
	7348 : E3;
	7349 : E3;
	7350 : E3;
	7351 : E3;
	7352 : E3;
	7353 : E3;
	7354 : E3;
	7355 : E3;
	7356 : E3;
	7357 : E3;
	7358 : E3;
	7359 : E3;
	7360 : E3;
	7361 : E3;
	7362 : E3;
	7363 : E3;
	7364 : E3;
	7365 : E3;
	7366 : E3;
	7367 : E3;
	7368 : E3;
	7369 : E3;
	7370 : E3;
	7371 : E3;
	7372 : E3;
	7373 : E3;
	7374 : E3;
	7375 : E3;
	7376 : E3;
	7377 : E3;
	7378 : E3;
	7379 : E3;
	7380 : E3;
	7381 : E3;
	7382 : E3;
	7383 : E3;
	7384 : E3;
	7385 : E3;
	7386 : E3;
	7387 : E3;
	7388 : E3;
	7389 : E3;
	7390 : E3;
	7391 : E3;
	7392 : E3;
	7393 : E3;
	7394 : E3;
	7395 : E3;
	7396 : E3;
	7397 : E3;
	7398 : E3;
	7399 : E3;
	7400 : E3;
	7401 : E3;
	7402 : E3;
	7403 : E3;
	7404 : E3;
	7405 : E3;
	7406 : E3;
	7407 : E3;
	7408 : E3;
	7409 : E3;
	7410 : E3;
	7411 : E3;
	7412 : E3;
	7413 : E3;
	7414 : E3;
	7415 : E3;
	7416 : E3;
	7417 : E3;
	7418 : E3;
	7419 : E3;
	7420 : E3;
	7421 : E3;
	7422 : E3;
	7423 : E3;
	7424 : E3;
	7425 : E3;
	7426 : E3;
	7427 : E3;
	7428 : E3;
	7429 : E3;
	7430 : E3;
	7431 : E3;
	7432 : E3;
	7433 : E3;
	7434 : E3;
	7435 : E3;
	7436 : E3;
	7437 : E3;
	7438 : E3;
	7439 : E3;
	7440 : E3;
	7441 : E3;
	7442 : E3;
	7443 : E3;
	7444 : E3;
	7445 : E3;
	7446 : E3;
	7447 : E3;
	7448 : E3;
	7449 : E3;
	7450 : E3;
	7451 : E3;
	7452 : E3;
	7453 : E3;
	7454 : E3;
	7455 : E3;
	7456 : E3;
	7457 : E3;
	7458 : E3;
	7459 : E3;
	7460 : E3;
	7461 : E3;
	7462 : E3;
	7463 : E3;
	7464 : E3;
	7465 : E3;
	7466 : E3;
	7467 : E3;
	7468 : E3;
	7469 : E3;
	7470 : E3;
	7471 : E3;
	7472 : E3;
	7473 : E3;
	7474 : E3;
	7475 : E3;
	7476 : E3;
	7477 : E3;
	7478 : E3;
	7479 : E3;
	7480 : E3;
	7481 : E3;
	7482 : E3;
	7483 : E3;
	7484 : E3;
	7485 : E3;
	7486 : E3;
	7487 : E3;
	7488 : E3;
	7489 : E3;
	7490 : E3;
	7491 : E3;
	7492 : E3;
	7493 : E3;
	7494 : E3;
	7495 : E3;
	7496 : E3;
	7497 : E3;
	7498 : E3;
	7499 : E3;
	7500 : E3;
	7501 : E3;
	7502 : E3;
	7503 : E3;
	7504 : E3;
	7505 : E3;
	7506 : E3;
	7507 : E3;
	7508 : E3;
	7509 : E3;
	7510 : E3;
	7511 : E3;
	7512 : E3;
	7513 : E3;
	7514 : E3;
	7515 : E3;
	7516 : E3;
	7517 : E3;
	7518 : E3;
	7519 : E3;
	7520 : E3;
	7521 : E3;
	7522 : E3;
	7523 : E3;
	7524 : E3;
	7525 : E3;
	7526 : E3;
	7527 : E3;
	7528 : E3;
	7529 : E3;
	7530 : E3;
	7531 : E3;
	7532 : E3;
	7533 : E3;
	7534 : E3;
	7535 : E3;
	7536 : E3;
	7537 : E3;
	7538 : E3;
	7539 : E3;
	7540 : E3;
	7541 : E3;
	7542 : E3;
	7543 : E3;
	7544 : E3;
	7545 : E3;
	7546 : E3;
	7547 : E3;
	7548 : E3;
	7549 : E3;
	7550 : E3;
	7551 : E3;
	7552 : E3;
	7553 : E3;
	7554 : E3;
	7555 : E3;
	7556 : E3;
	7557 : E3;
	7558 : E3;
	7559 : E3;
	7560 : E3;
	7561 : E3;
	7562 : E3;
	7563 : E3;
	7564 : E3;
	7565 : E3;
	7566 : E3;
	7567 : E3;
	7568 : E3;
	7569 : E3;
	7570 : E3;
	7571 : E3;
	7572 : E3;
	7573 : E3;
	7574 : E3;
	7575 : E3;
	7576 : E3;
	7577 : E3;
	7578 : E3;
	7579 : E3;
	7580 : E3;
	7581 : E3;
	7582 : E3;
	7583 : E3;
	7584 : E3;
	7585 : E3;
	7586 : E3;
	7587 : E3;
	7588 : E3;
	7589 : E3;
	7590 : E3;
	7591 : E3;
	7592 : E3;
	7593 : E3;
	7594 : E3;
	7595 : E3;
	7596 : E3;
	7597 : E3;
	7598 : E3;
	7599 : E3;
	7600 : E3;
	7601 : E3;
	7602 : E3;
	7603 : E3;
	7604 : E3;
	7605 : E3;
	7606 : E3;
	7607 : E3;
	7608 : E3;
	7609 : E3;
	7610 : E3;
	7611 : E3;
	7612 : E3;
	7613 : E3;
	7614 : E3;
	7615 : E3;
	7616 : E3;
	7617 : E3;
	7618 : E3;
	7619 : E3;
	7620 : E3;
	7621 : E3;
	7622 : E3;
	7623 : E3;
	7624 : E3;
	7625 : E3;
	7626 : E3;
	7627 : E3;
	7628 : E3;
	7629 : E3;
	7630 : E3;
	7631 : E3;
	7632 : E3;
	7633 : E3;
	7634 : E3;
	7635 : E3;
	7636 : E3;
	7637 : E3;
	7638 : E3;
	7639 : E3;
	7640 : E3;
	7641 : E3;
	7642 : E3;
	7643 : E3;
	7644 : E3;
	7645 : E3;
	7646 : E3;
	7647 : E3;
	7648 : E3;
	7649 : E3;
	7650 : E3;
	7651 : E3;
	7652 : E3;
	7653 : E3;
	7654 : E3;
	7655 : E3;
	7656 : E3;
	7657 : E3;
	7658 : E3;
	7659 : E3;
	7660 : E3;
	7661 : E3;
	7662 : E3;
	7663 : E3;
	7664 : E3;
	7665 : E3;
	7666 : E3;
	7667 : E3;
	7668 : E3;
	7669 : E3;
	7670 : E3;
	7671 : E3;
	7672 : E3;
	7673 : E3;
	7674 : E3;
	7675 : E3;
	7676 : E3;
	7677 : E3;
	7678 : E3;
	7679 : E3;
	7680 : E3;
	7681 : E3;
	7682 : E3;
	7683 : E3;
	7684 : E3;
	7685 : E3;
	7686 : E3;
	7687 : E3;
	7688 : E3;
	7689 : E3;
	7690 : E3;
	7691 : E3;
	7692 : E3;
	7693 : E3;
	7694 : E3;
	7695 : E3;
	7696 : E3;
	7697 : E3;
	7698 : E3;
	7699 : E3;
	7700 : E3;
	7701 : E3;
	7702 : E3;
	7703 : E3;
	7704 : E3;
	7705 : E3;
	7706 : E3;
	7707 : E3;
	7708 : E3;
	7709 : E3;
	7710 : E3;
	7711 : E3;
	7712 : E3;
	7713 : E3;
	7714 : E3;
	7715 : E3;
	7716 : E3;
	7717 : E3;
	7718 : E3;
	7719 : E3;
	7720 : E3;
	7721 : E3;
	7722 : E3;
	7723 : E3;
	7724 : E3;
	7725 : E3;
	7726 : E3;
	7727 : E3;
	7728 : E3;
	7729 : E3;
	7730 : E3;
	7731 : E3;
	7732 : E3;
	7733 : E3;
	7734 : E3;
	7735 : E3;
	7736 : E3;
	7737 : E3;
	7738 : E3;
	7739 : E3;
	7740 : E3;
	7741 : E3;
	7742 : E3;
	7743 : E3;
	7744 : E3;
	7745 : E3;
	7746 : E3;
	7747 : E3;
	7748 : E3;
	7749 : E3;
	7750 : E3;
	7751 : E3;
	7752 : E3;
	7753 : E3;
	7754 : E3;
	7755 : E3;
	7756 : E3;
	7757 : E3;
	7758 : E3;
	7759 : E3;
	7760 : E3;
	7761 : E3;
	7762 : E3;
	7763 : E3;
	7764 : E3;
	7765 : E3;
	7766 : E3;
	7767 : E3;
	7768 : E3;
	7769 : E3;
	7770 : E3;
	7771 : E3;
	7772 : E3;
	7773 : E3;
	7774 : E3;
	7775 : E3;
	7776 : E3;
	7777 : E3;
	7778 : E3;
	7779 : E3;
	7780 : 24;
	7781 : 24;
	7782 : 24;
	7783 : 24;
	7784 : E3;
	7785 : E3;
	7786 : E3;
	7787 : E3;
	7788 : E3;
	7789 : E3;
	7790 : E3;
	7791 : E3;
	7792 : E3;
	7793 : E3;
	7794 : E3;
	7795 : E3;
	7796 : E3;
	7797 : E3;
	7798 : E3;
	7799 : E3;
	7800 : E3;
	7801 : E3;
	7802 : E3;
	7803 : E3;
	7804 : E3;
	7805 : E3;
	7806 : E3;
	7807 : E3;
	7808 : E3;
	7809 : E3;
	7810 : E3;
	7811 : E3;
	7812 : E3;
	7813 : E3;
	7814 : E3;
	7815 : E3;
	7816 : E3;
	7817 : E3;
	7818 : E3;
	7819 : E3;
	7820 : E3;
	7821 : E3;
	7822 : E3;
	7823 : E3;
	7824 : E3;
	7825 : E3;
	7826 : E3;
	7827 : E3;
	7828 : E3;
	7829 : E3;
	7830 : E3;
	7831 : E3;
	7832 : E3;
	7833 : E3;
	7834 : E3;
	7835 : E3;
	7836 : E3;
	7837 : E3;
	7838 : E3;
	7839 : E3;
	7840 : E3;
	7841 : E3;
	7842 : E3;
	7843 : 24;
	7844 : 24;
	7845 : 44;
	7846 : 64;
	7847 : 44;
	7848 : 44;
	7849 : E3;
	7850 : E3;
	7851 : E3;
	7852 : E3;
	7853 : E3;
	7854 : E3;
	7855 : E3;
	7856 : E3;
	7857 : E3;
	7858 : E3;
	7859 : E3;
	7860 : E3;
	7861 : E3;
	7862 : E3;
	7863 : E3;
	7864 : E3;
	7865 : E3;
	7866 : E3;
	7867 : E3;
	7868 : E3;
	7869 : E3;
	7870 : E3;
	7871 : E3;
	7872 : E3;
	7873 : E3;
	7874 : E3;
	7875 : E3;
	7876 : E3;
	7877 : E3;
	7878 : E3;
	7879 : E3;
	7880 : E3;
	7881 : E3;
	7882 : E3;
	7883 : E3;
	7884 : E3;
	7885 : E3;
	7886 : E3;
	7887 : E3;
	7888 : E3;
	7889 : E3;
	7890 : E3;
	7891 : E3;
	7892 : E3;
	7893 : E3;
	7894 : E3;
	7895 : E3;
	7896 : E3;
	7897 : E3;
	7898 : E3;
	7899 : E3;
	7900 : E3;
	7901 : E3;
	7902 : E3;
	7903 : E3;
	7904 : E3;
	7905 : E3;
	7906 : E3;
	7907 : 44;
	7908 : 44;
	7909 : 64;
	7910 : A8;
	7911 : C8;
	7912 : A8;
	7913 : E3;
	7914 : E3;
	7915 : E3;
	7916 : E3;
	7917 : E3;
	7918 : E3;
	7919 : E3;
	7920 : E3;
	7921 : E3;
	7922 : E3;
	7923 : E3;
	7924 : E3;
	7925 : E3;
	7926 : E3;
	7927 : E3;
	7928 : E3;
	7929 : E3;
	7930 : E3;
	7931 : E3;
	7932 : E3;
	7933 : E3;
	7934 : E3;
	7935 : E3;
	7936 : E3;
	7937 : E3;
	7938 : E3;
	7939 : E3;
	7940 : E3;
	7941 : E3;
	7942 : E3;
	7943 : E3;
	7944 : E3;
	7945 : E3;
	7946 : E3;
	7947 : E3;
	7948 : E3;
	7949 : E3;
	7950 : E3;
	7951 : E3;
	7952 : E3;
	7953 : E3;
	7954 : E3;
	7955 : E3;
	7956 : E3;
	7957 : E3;
	7958 : E3;
	7959 : E3;
	7960 : E3;
	7961 : E3;
	7962 : E3;
	7963 : E3;
	7964 : 60;
	7965 : 80;
	7966 : 80;
	7967 : 80;
	7968 : 80;
	7969 : A8;
	7970 : A8;
	7971 : 64;
	7972 : 88;
	7973 : A8;
	7974 : 64;
	7975 : 89;
	7976 : A8;
	7977 : A5;
	7978 : E3;
	7979 : E3;
	7980 : E3;
	7981 : E3;
	7982 : E3;
	7983 : E3;
	7984 : E3;
	7985 : E3;
	7986 : E3;
	7987 : E3;
	7988 : E3;
	7989 : E3;
	7990 : E3;
	7991 : E3;
	7992 : E3;
	7993 : E3;
	7994 : E3;
	7995 : E3;
	7996 : E3;
	7997 : E3;
	7998 : E3;
	7999 : E3;
	8000 : E3;
	8001 : E3;
	8002 : E3;
	8003 : E3;
	8004 : E3;
	8005 : E3;
	8006 : E3;
	8007 : E3;
	8008 : E3;
	8009 : E3;
	8010 : E3;
	8011 : E3;
	8012 : E3;
	8013 : E3;
	8014 : E3;
	8015 : E3;
	8016 : E3;
	8017 : E3;
	8018 : E3;
	8019 : E3;
	8020 : E3;
	8021 : E3;
	8022 : E3;
	8023 : E3;
	8024 : E3;
	8025 : E3;
	8026 : 80;
	8027 : 80;
	8028 : A0;
	8029 : A0;
	8030 : C0;
	8031 : C0;
	8032 : A0;
	8033 : A4;
	8034 : 88;
	8035 : 88;
	8036 : 88;
	8037 : CC;
	8038 : A8;
	8039 : 84;
	8040 : A8;
	8041 : E3;
	8042 : E3;
	8043 : E3;
	8044 : E3;
	8045 : E3;
	8046 : E3;
	8047 : E3;
	8048 : E3;
	8049 : E3;
	8050 : E3;
	8051 : E3;
	8052 : E3;
	8053 : E3;
	8054 : E3;
	8055 : E3;
	8056 : E3;
	8057 : E3;
	8058 : E3;
	8059 : E3;
	8060 : E3;
	8061 : E3;
	8062 : E3;
	8063 : E3;
	8064 : E3;
	8065 : E3;
	8066 : E3;
	8067 : E3;
	8068 : E3;
	8069 : E3;
	8070 : E3;
	8071 : E3;
	8072 : E3;
	8073 : E3;
	8074 : E3;
	8075 : E3;
	8076 : E3;
	8077 : E3;
	8078 : E3;
	8079 : E3;
	8080 : E3;
	8081 : E3;
	8082 : E3;
	8083 : E3;
	8084 : E3;
	8085 : E3;
	8086 : E3;
	8087 : E3;
	8088 : E3;
	8089 : 80;
	8090 : 80;
	8091 : E0;
	8092 : E0;
	8093 : E0;
	8094 : E0;
	8095 : C0;
	8096 : A0;
	8097 : A0;
	8098 : 84;
	8099 : A8;
	8100 : 64;
	8101 : AC;
	8102 : B6;
	8103 : DA;
	8104 : AD;
	8105 : A4;
	8106 : A1;
	8107 : E3;
	8108 : E3;
	8109 : E3;
	8110 : E3;
	8111 : E3;
	8112 : E3;
	8113 : E3;
	8114 : E3;
	8115 : E3;
	8116 : E3;
	8117 : E3;
	8118 : E3;
	8119 : E3;
	8120 : E3;
	8121 : E3;
	8122 : E3;
	8123 : E3;
	8124 : E3;
	8125 : E3;
	8126 : E3;
	8127 : E3;
	8128 : E3;
	8129 : E3;
	8130 : E3;
	8131 : E3;
	8132 : E3;
	8133 : E3;
	8134 : E3;
	8135 : E3;
	8136 : E3;
	8137 : E3;
	8138 : E3;
	8139 : E3;
	8140 : E3;
	8141 : E3;
	8142 : E3;
	8143 : E3;
	8144 : E3;
	8145 : E3;
	8146 : E3;
	8147 : E3;
	8148 : E3;
	8149 : E3;
	8150 : E3;
	8151 : E3;
	8152 : E3;
	8153 : 80;
	8154 : A0;
	8155 : E0;
	8156 : E0;
	8157 : E0;
	8158 : E0;
	8159 : E0;
	8160 : C0;
	8161 : A0;
	8162 : 84;
	8163 : A8;
	8164 : 88;
	8165 : B6;
	8166 : DA;
	8167 : DA;
	8168 : DA;
	8169 : B1;
	8170 : C0;
	8171 : E3;
	8172 : E3;
	8173 : E3;
	8174 : E3;
	8175 : E3;
	8176 : E3;
	8177 : E3;
	8178 : E3;
	8179 : E3;
	8180 : E3;
	8181 : E3;
	8182 : E3;
	8183 : E3;
	8184 : E3;
	8185 : E3;
	8186 : E3;
	8187 : E3;
	8188 : E3;
	8189 : E3;
	8190 : E3;
	8191 : E3;
	8192 : E3;
	8193 : E3;
	8194 : E3;
	8195 : E3;
	8196 : E3;
	8197 : E3;
	8198 : E3;
	8199 : E3;
	8200 : E3;
	8201 : E3;
	8202 : E3;
	8203 : E3;
	8204 : E3;
	8205 : E3;
	8206 : E3;
	8207 : E3;
	8208 : E3;
	8209 : E3;
	8210 : E3;
	8211 : E3;
	8212 : E3;
	8213 : E3;
	8214 : E3;
	8215 : E3;
	8216 : 80;
	8217 : A0;
	8218 : 80;
	8219 : A0;
	8220 : C0;
	8221 : E0;
	8222 : E0;
	8223 : E0;
	8224 : C0;
	8225 : A0;
	8226 : 60;
	8227 : 84;
	8228 : B6;
	8229 : DA;
	8230 : DA;
	8231 : DA;
	8232 : DA;
	8233 : B1;
	8234 : C0;
	8235 : A1;
	8236 : E3;
	8237 : E3;
	8238 : 84;
	8239 : A4;
	8240 : E3;
	8241 : E3;
	8242 : E3;
	8243 : E3;
	8244 : E3;
	8245 : E3;
	8246 : E3;
	8247 : E3;
	8248 : E3;
	8249 : E3;
	8250 : E3;
	8251 : E3;
	8252 : E3;
	8253 : E3;
	8254 : E3;
	8255 : E3;
	8256 : E3;
	8257 : E3;
	8258 : E3;
	8259 : E3;
	8260 : E3;
	8261 : E3;
	8262 : E3;
	8263 : E3;
	8264 : E3;
	8265 : E3;
	8266 : E3;
	8267 : E3;
	8268 : E3;
	8269 : E3;
	8270 : E3;
	8271 : E3;
	8272 : E3;
	8273 : E3;
	8274 : E3;
	8275 : E3;
	8276 : E3;
	8277 : E3;
	8278 : E3;
	8279 : E3;
	8280 : A0;
	8281 : A0;
	8282 : 80;
	8283 : A0;
	8284 : A0;
	8285 : C0;
	8286 : A0;
	8287 : C4;
	8288 : C4;
	8289 : A0;
	8290 : 80;
	8291 : A8;
	8292 : CD;
	8293 : AD;
	8294 : DA;
	8295 : B6;
	8296 : 8D;
	8297 : A4;
	8298 : A0;
	8299 : A0;
	8300 : AD;
	8301 : 8D;
	8302 : 69;
	8303 : 88;
	8304 : A5;
	8305 : E3;
	8306 : E3;
	8307 : E3;
	8308 : E3;
	8309 : E3;
	8310 : E3;
	8311 : E3;
	8312 : E3;
	8313 : E3;
	8314 : E3;
	8315 : E3;
	8316 : E3;
	8317 : E3;
	8318 : E3;
	8319 : E3;
	8320 : E3;
	8321 : E3;
	8322 : E3;
	8323 : E3;
	8324 : E3;
	8325 : E3;
	8326 : E3;
	8327 : E3;
	8328 : E3;
	8329 : E3;
	8330 : E3;
	8331 : E3;
	8332 : E3;
	8333 : E3;
	8334 : E3;
	8335 : E3;
	8336 : E3;
	8337 : E3;
	8338 : E3;
	8339 : E3;
	8340 : E3;
	8341 : E3;
	8342 : E3;
	8343 : E3;
	8344 : 80;
	8345 : A0;
	8346 : 80;
	8347 : A0;
	8348 : C0;
	8349 : C4;
	8350 : CD;
	8351 : CD;
	8352 : CC;
	8353 : 84;
	8354 : 84;
	8355 : ED;
	8356 : CC;
	8357 : C8;
	8358 : 8D;
	8359 : 80;
	8360 : A0;
	8361 : A0;
	8362 : A0;
	8363 : 84;
	8364 : 6D;
	8365 : B6;
	8366 : B6;
	8367 : B1;
	8368 : 64;
	8369 : A9;
	8370 : E3;
	8371 : E3;
	8372 : E3;
	8373 : E3;
	8374 : E3;
	8375 : E3;
	8376 : E3;
	8377 : E3;
	8378 : E3;
	8379 : E3;
	8380 : E3;
	8381 : E3;
	8382 : E3;
	8383 : E3;
	8384 : E3;
	8385 : E3;
	8386 : E3;
	8387 : E3;
	8388 : E3;
	8389 : E3;
	8390 : E3;
	8391 : E3;
	8392 : E3;
	8393 : E3;
	8394 : E3;
	8395 : E3;
	8396 : E3;
	8397 : E3;
	8398 : E3;
	8399 : E3;
	8400 : E3;
	8401 : E3;
	8402 : E3;
	8403 : E3;
	8404 : E3;
	8405 : E3;
	8406 : E3;
	8407 : E3;
	8408 : E3;
	8409 : 80;
	8410 : 80;
	8411 : A0;
	8412 : C9;
	8413 : CD;
	8414 : C8;
	8415 : CD;
	8416 : C9;
	8417 : CD;
	8418 : ED;
	8419 : CD;
	8420 : A8;
	8421 : A4;
	8422 : 80;
	8423 : A0;
	8424 : A0;
	8425 : 84;
	8426 : 84;
	8427 : 8D;
	8428 : 91;
	8429 : 91;
	8430 : B6;
	8431 : B6;
	8432 : E3;
	8433 : E3;
	8434 : E3;
	8435 : E3;
	8436 : E3;
	8437 : E3;
	8438 : E3;
	8439 : E3;
	8440 : E3;
	8441 : E3;
	8442 : E3;
	8443 : E3;
	8444 : E3;
	8445 : E3;
	8446 : E3;
	8447 : E3;
	8448 : E3;
	8449 : E3;
	8450 : E3;
	8451 : E3;
	8452 : E3;
	8453 : E3;
	8454 : E3;
	8455 : E3;
	8456 : E3;
	8457 : E3;
	8458 : E3;
	8459 : E3;
	8460 : E3;
	8461 : E3;
	8462 : E3;
	8463 : E3;
	8464 : E3;
	8465 : E3;
	8466 : E3;
	8467 : E3;
	8468 : E3;
	8469 : E3;
	8470 : E3;
	8471 : E3;
	8472 : E3;
	8473 : 80;
	8474 : 80;
	8475 : 84;
	8476 : C8;
	8477 : CD;
	8478 : ED;
	8479 : ED;
	8480 : ED;
	8481 : CD;
	8482 : ED;
	8483 : CC;
	8484 : 84;
	8485 : 80;
	8486 : E3;
	8487 : 84;
	8488 : 64;
	8489 : 84;
	8490 : 64;
	8491 : 8D;
	8492 : B5;
	8493 : B5;
	8494 : 91;
	8495 : E3;
	8496 : E3;
	8497 : E3;
	8498 : E3;
	8499 : E3;
	8500 : E3;
	8501 : E3;
	8502 : E3;
	8503 : E3;
	8504 : E3;
	8505 : E3;
	8506 : E3;
	8507 : E3;
	8508 : E3;
	8509 : E3;
	8510 : E3;
	8511 : E3;
	8512 : E3;
	8513 : E3;
	8514 : E3;
	8515 : E3;
	8516 : E3;
	8517 : E3;
	8518 : E3;
	8519 : E3;
	8520 : E3;
	8521 : E3;
	8522 : E3;
	8523 : E3;
	8524 : E3;
	8525 : E3;
	8526 : E3;
	8527 : E3;
	8528 : E3;
	8529 : E3;
	8530 : E3;
	8531 : E3;
	8532 : E3;
	8533 : E3;
	8534 : E3;
	8535 : E3;
	8536 : E3;
	8537 : 80;
	8538 : 80;
	8539 : 80;
	8540 : A4;
	8541 : CC;
	8542 : CD;
	8543 : CD;
	8544 : CC;
	8545 : CD;
	8546 : CC;
	8547 : A8;
	8548 : 84;
	8549 : E3;
	8550 : E3;
	8551 : E3;
	8552 : 64;
	8553 : 64;
	8554 : 88;
	8555 : 84;
	8556 : 8D;
	8557 : 8D;
	8558 : E3;
	8559 : E3;
	8560 : E3;
	8561 : E3;
	8562 : E3;
	8563 : E3;
	8564 : E3;
	8565 : E3;
	8566 : E3;
	8567 : E3;
	8568 : E3;
	8569 : E3;
	8570 : E3;
	8571 : E3;
	8572 : E3;
	8573 : E3;
	8574 : E3;
	8575 : E3;
	8576 : E3;
	8577 : E3;
	8578 : E3;
	8579 : E3;
	8580 : E3;
	8581 : E3;
	8582 : E3;
	8583 : E3;
	8584 : E3;
	8585 : E3;
	8586 : E3;
	8587 : E3;
	8588 : E3;
	8589 : E3;
	8590 : E3;
	8591 : E3;
	8592 : E3;
	8593 : E3;
	8594 : E3;
	8595 : E3;
	8596 : E3;
	8597 : E3;
	8598 : E3;
	8599 : E3;
	8600 : E3;
	8601 : 88;
	8602 : E3;
	8603 : 60;
	8604 : 80;
	8605 : A8;
	8606 : C8;
	8607 : CD;
	8608 : CD;
	8609 : CC;
	8610 : A8;
	8611 : 84;
	8612 : E3;
	8613 : E3;
	8614 : E3;
	8615 : E3;
	8616 : E3;
	8617 : 84;
	8618 : 88;
	8619 : 88;
	8620 : 84;
	8621 : 84;
	8622 : E3;
	8623 : E3;
	8624 : E3;
	8625 : E3;
	8626 : E3;
	8627 : E3;
	8628 : E3;
	8629 : E3;
	8630 : E3;
	8631 : E3;
	8632 : E3;
	8633 : E3;
	8634 : E3;
	8635 : E3;
	8636 : E3;
	8637 : E3;
	8638 : E3;
	8639 : E3;
	8640 : E3;
	8641 : E3;
	8642 : E3;
	8643 : E3;
	8644 : E3;
	8645 : E3;
	8646 : E3;
	8647 : E3;
	8648 : E3;
	8649 : E3;
	8650 : E3;
	8651 : E3;
	8652 : E3;
	8653 : E3;
	8654 : E3;
	8655 : E3;
	8656 : E3;
	8657 : E3;
	8658 : E3;
	8659 : E3;
	8660 : E3;
	8661 : E3;
	8662 : E3;
	8663 : E3;
	8664 : 0E;
	8665 : 2D;
	8666 : 29;
	8667 : 4D;
	8668 : 29;
	8669 : 48;
	8670 : 64;
	8671 : A8;
	8672 : A8;
	8673 : 68;
	8674 : 69;
	8675 : E3;
	8676 : E3;
	8677 : E3;
	8678 : E3;
	8679 : E3;
	8680 : E3;
	8681 : E3;
	8682 : 84;
	8683 : 84;
	8684 : 84;
	8685 : E3;
	8686 : E3;
	8687 : E3;
	8688 : E3;
	8689 : E3;
	8690 : E3;
	8691 : E3;
	8692 : E3;
	8693 : E3;
	8694 : E3;
	8695 : E3;
	8696 : E3;
	8697 : E3;
	8698 : E3;
	8699 : E3;
	8700 : E3;
	8701 : E3;
	8702 : E3;
	8703 : E3;
	8704 : E3;
	8705 : E3;
	8706 : E3;
	8707 : E3;
	8708 : E3;
	8709 : E3;
	8710 : E3;
	8711 : E3;
	8712 : E3;
	8713 : E3;
	8714 : E3;
	8715 : E3;
	8716 : E3;
	8717 : E3;
	8718 : E3;
	8719 : E3;
	8720 : E3;
	8721 : E3;
	8722 : E3;
	8723 : E3;
	8724 : E3;
	8725 : E3;
	8726 : E3;
	8727 : 09;
	8728 : 0E;
	8729 : 12;
	8730 : 0E;
	8731 : 0E;
	8732 : 0E;
	8733 : 0E;
	8734 : 0D;
	8735 : 29;
	8736 : 2D;
	8737 : 12;
	8738 : 12;
	8739 : 0E;
	8740 : E3;
	8741 : E3;
	8742 : E3;
	8743 : E3;
	8744 : E3;
	8745 : E3;
	8746 : E3;
	8747 : E3;
	8748 : E3;
	8749 : E3;
	8750 : E3;
	8751 : E3;
	8752 : E3;
	8753 : E3;
	8754 : E3;
	8755 : E3;
	8756 : E3;
	8757 : E3;
	8758 : E3;
	8759 : E3;
	8760 : E3;
	8761 : E3;
	8762 : E3;
	8763 : E3;
	8764 : E3;
	8765 : E3;
	8766 : E3;
	8767 : E3;
	8768 : E3;
	8769 : E3;
	8770 : E3;
	8771 : E3;
	8772 : E3;
	8773 : E3;
	8774 : E3;
	8775 : E3;
	8776 : E3;
	8777 : E3;
	8778 : E3;
	8779 : E3;
	8780 : E3;
	8781 : E3;
	8782 : E3;
	8783 : E3;
	8784 : E3;
	8785 : E3;
	8786 : E3;
	8787 : E3;
	8788 : E3;
	8789 : E3;
	8790 : E3;
	8791 : 09;
	8792 : 0E;
	8793 : 17;
	8794 : 1B;
	8795 : 17;
	8796 : 0E;
	8797 : 0E;
	8798 : 0E;
	8799 : 09;
	8800 : 0E;
	8801 : 0E;
	8802 : 0E;
	8803 : 12;
	8804 : 12;
	8805 : 32;
	8806 : E3;
	8807 : E3;
	8808 : E3;
	8809 : E3;
	8810 : E3;
	8811 : E3;
	8812 : E3;
	8813 : E3;
	8814 : E3;
	8815 : E3;
	8816 : E3;
	8817 : E3;
	8818 : E3;
	8819 : E3;
	8820 : E3;
	8821 : E3;
	8822 : E3;
	8823 : E3;
	8824 : E3;
	8825 : E3;
	8826 : E3;
	8827 : E3;
	8828 : E3;
	8829 : E3;
	8830 : E3;
	8831 : E3;
	8832 : E3;
	8833 : E3;
	8834 : E3;
	8835 : E3;
	8836 : E3;
	8837 : E3;
	8838 : E3;
	8839 : E3;
	8840 : E3;
	8841 : E3;
	8842 : E3;
	8843 : E3;
	8844 : E3;
	8845 : E3;
	8846 : E3;
	8847 : E3;
	8848 : E3;
	8849 : E3;
	8850 : E3;
	8851 : E3;
	8852 : E3;
	8853 : E3;
	8854 : E3;
	8855 : 09;
	8856 : 12;
	8857 : 1B;
	8858 : 1B;
	8859 : 1B;
	8860 : 17;
	8861 : 0E;
	8862 : 0E;
	8863 : 09;
	8864 : 0E;
	8865 : 0D;
	8866 : 0E;
	8867 : 0E;
	8868 : 12;
	8869 : 17;
	8870 : 17;
	8871 : E3;
	8872 : E3;
	8873 : E3;
	8874 : E3;
	8875 : E3;
	8876 : E3;
	8877 : E3;
	8878 : E3;
	8879 : E3;
	8880 : E3;
	8881 : E3;
	8882 : E3;
	8883 : E3;
	8884 : E3;
	8885 : E3;
	8886 : E3;
	8887 : E3;
	8888 : E3;
	8889 : E3;
	8890 : E3;
	8891 : E3;
	8892 : E3;
	8893 : E3;
	8894 : E3;
	8895 : E3;
	8896 : E3;
	8897 : E3;
	8898 : E3;
	8899 : E3;
	8900 : E3;
	8901 : E3;
	8902 : E3;
	8903 : E3;
	8904 : E3;
	8905 : E3;
	8906 : E3;
	8907 : E3;
	8908 : E3;
	8909 : E3;
	8910 : E3;
	8911 : E3;
	8912 : E3;
	8913 : E3;
	8914 : E3;
	8915 : E3;
	8916 : E3;
	8917 : E3;
	8918 : E3;
	8919 : 09;
	8920 : 12;
	8921 : 1B;
	8922 : 1B;
	8923 : 1B;
	8924 : 1B;
	8925 : 17;
	8926 : 0E;
	8927 : 09;
	8928 : 09;
	8929 : 0E;
	8930 : 12;
	8931 : 17;
	8932 : 1B;
	8933 : 1B;
	8934 : 1B;
	8935 : 17;
	8936 : E3;
	8937 : E3;
	8938 : E3;
	8939 : E3;
	8940 : E3;
	8941 : E3;
	8942 : E3;
	8943 : E3;
	8944 : E3;
	8945 : E3;
	8946 : E3;
	8947 : E3;
	8948 : E3;
	8949 : E3;
	8950 : E3;
	8951 : E3;
	8952 : E3;
	8953 : E3;
	8954 : E3;
	8955 : E3;
	8956 : E3;
	8957 : E3;
	8958 : E3;
	8959 : E3;
	8960 : E3;
	8961 : E3;
	8962 : E3;
	8963 : E3;
	8964 : E3;
	8965 : E3;
	8966 : E3;
	8967 : E3;
	8968 : E3;
	8969 : E3;
	8970 : E3;
	8971 : E3;
	8972 : E3;
	8973 : E3;
	8974 : E3;
	8975 : E3;
	8976 : E3;
	8977 : E3;
	8978 : E3;
	8979 : E3;
	8980 : E3;
	8981 : E3;
	8982 : E3;
	8983 : 09;
	8984 : 0E;
	8985 : 1B;
	8986 : 1B;
	8987 : 1B;
	8988 : 1B;
	8989 : 1B;
	8990 : 17;
	8991 : 09;
	8992 : 09;
	8993 : 0E;
	8994 : 1B;
	8995 : 1B;
	8996 : 1B;
	8997 : 1B;
	8998 : 1B;
	8999 : 1B;
	9000 : 17;
	9001 : E3;
	9002 : E3;
	9003 : E3;
	9004 : E3;
	9005 : E3;
	9006 : E3;
	9007 : E3;
	9008 : E3;
	9009 : E3;
	9010 : E3;
	9011 : E3;
	9012 : E3;
	9013 : E3;
	9014 : E3;
	9015 : E3;
	9016 : E3;
	9017 : E3;
	9018 : E3;
	9019 : E3;
	9020 : E3;
	9021 : E3;
	9022 : E3;
	9023 : E3;
	9024 : E3;
	9025 : E3;
	9026 : E3;
	9027 : E3;
	9028 : E3;
	9029 : E3;
	9030 : E3;
	9031 : E3;
	9032 : E3;
	9033 : E3;
	9034 : E3;
	9035 : E3;
	9036 : E3;
	9037 : E3;
	9038 : E3;
	9039 : E3;
	9040 : E3;
	9041 : E3;
	9042 : E3;
	9043 : E3;
	9044 : E3;
	9045 : E3;
	9046 : E3;
	9047 : 46;
	9048 : 0E;
	9049 : 17;
	9050 : 1B;
	9051 : 1B;
	9052 : 1B;
	9053 : 1B;
	9054 : 17;
	9055 : 09;
	9056 : 09;
	9057 : 0E;
	9058 : 12;
	9059 : 17;
	9060 : 17;
	9061 : 17;
	9062 : 1B;
	9063 : 1B;
	9064 : 17;
	9065 : 32;
	9066 : E3;
	9067 : E3;
	9068 : E3;
	9069 : E3;
	9070 : E3;
	9071 : E3;
	9072 : E3;
	9073 : E3;
	9074 : E3;
	9075 : E3;
	9076 : E3;
	9077 : E3;
	9078 : E3;
	9079 : E3;
	9080 : E3;
	9081 : E3;
	9082 : E3;
	9083 : E3;
	9084 : E3;
	9085 : E3;
	9086 : E3;
	9087 : E3;
	9088 : E3;
	9089 : E3;
	9090 : E3;
	9091 : E3;
	9092 : E3;
	9093 : E3;
	9094 : E3;
	9095 : E3;
	9096 : E3;
	9097 : E3;
	9098 : E3;
	9099 : E3;
	9100 : E3;
	9101 : E3;
	9102 : E3;
	9103 : E3;
	9104 : E3;
	9105 : E3;
	9106 : E3;
	9107 : E3;
	9108 : E3;
	9109 : E3;
	9110 : E3;
	9111 : E3;
	9112 : 09;
	9113 : 17;
	9114 : 1B;
	9115 : 1B;
	9116 : 1B;
	9117 : 1B;
	9118 : 12;
	9119 : E3;
	9120 : E3;
	9121 : E3;
	9122 : 4A;
	9123 : 09;
	9124 : 0E;
	9125 : 12;
	9126 : 17;
	9127 : 1B;
	9128 : 1B;
	9129 : 17;
	9130 : 4E;
	9131 : E3;
	9132 : E3;
	9133 : E3;
	9134 : E3;
	9135 : E3;
	9136 : E3;
	9137 : E3;
	9138 : E3;
	9139 : E3;
	9140 : E3;
	9141 : E3;
	9142 : E3;
	9143 : E3;
	9144 : E3;
	9145 : E3;
	9146 : E3;
	9147 : E3;
	9148 : E3;
	9149 : E3;
	9150 : E3;
	9151 : E3;
	9152 : E3;
	9153 : E3;
	9154 : E3;
	9155 : E3;
	9156 : E3;
	9157 : E3;
	9158 : E3;
	9159 : E3;
	9160 : E3;
	9161 : E3;
	9162 : E3;
	9163 : E3;
	9164 : E3;
	9165 : E3;
	9166 : E3;
	9167 : E3;
	9168 : E3;
	9169 : E3;
	9170 : E3;
	9171 : E3;
	9172 : E3;
	9173 : E3;
	9174 : E3;
	9175 : E3;
	9176 : E3;
	9177 : 12;
	9178 : 1B;
	9179 : 1B;
	9180 : 1B;
	9181 : 1B;
	9182 : 2E;
	9183 : E3;
	9184 : E3;
	9185 : E3;
	9186 : E3;
	9187 : E3;
	9188 : E3;
	9189 : 2A;
	9190 : 0E;
	9191 : 12;
	9192 : 17;
	9193 : 12;
	9194 : 17;
	9195 : 4E;
	9196 : E3;
	9197 : E3;
	9198 : E3;
	9199 : E3;
	9200 : E3;
	9201 : E3;
	9202 : E3;
	9203 : E3;
	9204 : E3;
	9205 : E3;
	9206 : E3;
	9207 : E3;
	9208 : E3;
	9209 : E3;
	9210 : E3;
	9211 : E3;
	9212 : E3;
	9213 : E3;
	9214 : E3;
	9215 : E3;
	9216 : E3;
	9217 : E3;
	9218 : E3;
	9219 : E3;
	9220 : E3;
	9221 : E3;
	9222 : E3;
	9223 : E3;
	9224 : E3;
	9225 : E3;
	9226 : E3;
	9227 : E3;
	9228 : E3;
	9229 : E3;
	9230 : E3;
	9231 : E3;
	9232 : E3;
	9233 : E3;
	9234 : E3;
	9235 : E3;
	9236 : E3;
	9237 : E3;
	9238 : E3;
	9239 : E3;
	9240 : E3;
	9241 : 0E;
	9242 : 12;
	9243 : 16;
	9244 : 1B;
	9245 : 17;
	9246 : 4E;
	9247 : E3;
	9248 : E3;
	9249 : E3;
	9250 : E3;
	9251 : E3;
	9252 : E3;
	9253 : E3;
	9254 : 09;
	9255 : 0E;
	9256 : 0E;
	9257 : 0E;
	9258 : 12;
	9259 : 2E;
	9260 : E3;
	9261 : E3;
	9262 : E3;
	9263 : E3;
	9264 : E3;
	9265 : E3;
	9266 : E3;
	9267 : E3;
	9268 : E3;
	9269 : E3;
	9270 : E3;
	9271 : E3;
	9272 : E3;
	9273 : E3;
	9274 : E3;
	9275 : E3;
	9276 : E3;
	9277 : E3;
	9278 : E3;
	9279 : E3;
	9280 : E3;
	9281 : E3;
	9282 : E3;
	9283 : E3;
	9284 : E3;
	9285 : E3;
	9286 : E3;
	9287 : E3;
	9288 : E3;
	9289 : E3;
	9290 : E3;
	9291 : E3;
	9292 : E3;
	9293 : E3;
	9294 : E3;
	9295 : E3;
	9296 : E3;
	9297 : E3;
	9298 : E3;
	9299 : E3;
	9300 : E3;
	9301 : E3;
	9302 : E3;
	9303 : E3;
	9304 : 12;
	9305 : 0E;
	9306 : 09;
	9307 : 12;
	9308 : 1B;
	9309 : 12;
	9310 : E3;
	9311 : E3;
	9312 : E3;
	9313 : E3;
	9314 : E3;
	9315 : E3;
	9316 : E3;
	9317 : 2A;
	9318 : 0E;
	9319 : 09;
	9320 : 0E;
	9321 : 0E;
	9322 : 0E;
	9323 : 46;
	9324 : E3;
	9325 : E3;
	9326 : E3;
	9327 : E3;
	9328 : E3;
	9329 : E3;
	9330 : E3;
	9331 : E3;
	9332 : E3;
	9333 : E3;
	9334 : E3;
	9335 : E3;
	9336 : E3;
	9337 : E3;
	9338 : E3;
	9339 : E3;
	9340 : E3;
	9341 : E3;
	9342 : E3;
	9343 : E3;
	9344 : E3;
	9345 : E3;
	9346 : E3;
	9347 : E3;
	9348 : E3;
	9349 : E3;
	9350 : E3;
	9351 : E3;
	9352 : E3;
	9353 : E3;
	9354 : E3;
	9355 : E3;
	9356 : E3;
	9357 : E3;
	9358 : E3;
	9359 : E3;
	9360 : E3;
	9361 : E3;
	9362 : E3;
	9363 : E3;
	9364 : E3;
	9365 : E3;
	9366 : 4E;
	9367 : 1B;
	9368 : 17;
	9369 : 0E;
	9370 : 09;
	9371 : 0E;
	9372 : 12;
	9373 : 2E;
	9374 : E3;
	9375 : E3;
	9376 : E3;
	9377 : E3;
	9378 : E3;
	9379 : E3;
	9380 : E3;
	9381 : 0D;
	9382 : 0E;
	9383 : 0E;
	9384 : 0E;
	9385 : 0E;
	9386 : 29;
	9387 : E3;
	9388 : E3;
	9389 : E3;
	9390 : E3;
	9391 : E3;
	9392 : E3;
	9393 : E3;
	9394 : E3;
	9395 : E3;
	9396 : E3;
	9397 : E3;
	9398 : E3;
	9399 : E3;
	9400 : E3;
	9401 : E3;
	9402 : E3;
	9403 : E3;
	9404 : E3;
	9405 : E3;
	9406 : E3;
	9407 : E3;
	9408 : E3;
	9409 : E3;
	9410 : E3;
	9411 : E3;
	9412 : E3;
	9413 : E3;
	9414 : E3;
	9415 : E3;
	9416 : E3;
	9417 : E3;
	9418 : E3;
	9419 : E3;
	9420 : E3;
	9421 : E3;
	9422 : E3;
	9423 : E3;
	9424 : E3;
	9425 : E3;
	9426 : E3;
	9427 : E3;
	9428 : E3;
	9429 : E3;
	9430 : 12;
	9431 : 1B;
	9432 : 12;
	9433 : 0E;
	9434 : 0E;
	9435 : 0E;
	9436 : 2E;
	9437 : E3;
	9438 : E3;
	9439 : E3;
	9440 : E3;
	9441 : E3;
	9442 : E3;
	9443 : E3;
	9444 : E3;
	9445 : 09;
	9446 : 0E;
	9447 : 0E;
	9448 : 0E;
	9449 : 2A;
	9450 : E3;
	9451 : E3;
	9452 : E3;
	9453 : E3;
	9454 : E3;
	9455 : E3;
	9456 : E3;
	9457 : E3;
	9458 : E3;
	9459 : E3;
	9460 : E3;
	9461 : E3;
	9462 : E3;
	9463 : E3;
	9464 : E3;
	9465 : E3;
	9466 : E3;
	9467 : E3;
	9468 : E3;
	9469 : E3;
	9470 : E3;
	9471 : E3;
	9472 : E3;
	9473 : E3;
	9474 : E3;
	9475 : E3;
	9476 : E3;
	9477 : E3;
	9478 : E3;
	9479 : E3;
	9480 : E3;
	9481 : E3;
	9482 : E3;
	9483 : E3;
	9484 : E3;
	9485 : E3;
	9486 : E3;
	9487 : E3;
	9488 : E3;
	9489 : E3;
	9490 : E3;
	9491 : E3;
	9492 : E3;
	9493 : 0D;
	9494 : 0E;
	9495 : 0E;
	9496 : 0E;
	9497 : 0E;
	9498 : 0E;
	9499 : 29;
	9500 : E3;
	9501 : E3;
	9502 : E3;
	9503 : E3;
	9504 : E3;
	9505 : E3;
	9506 : E3;
	9507 : E3;
	9508 : E3;
	9509 : 2A;
	9510 : 0E;
	9511 : 0E;
	9512 : 46;
	9513 : E3;
	9514 : E3;
	9515 : E3;
	9516 : E3;
	9517 : E3;
	9518 : E3;
	9519 : E3;
	9520 : E3;
	9521 : E3;
	9522 : E3;
	9523 : E3;
	9524 : E3;
	9525 : E3;
	9526 : E3;
	9527 : E3;
	9528 : E3;
	9529 : E3;
	9530 : E3;
	9531 : E3;
	9532 : E3;
	9533 : E3;
	9534 : E3;
	9535 : E3;
	9536 : E3;
	9537 : E3;
	9538 : E3;
	9539 : E3;
	9540 : E3;
	9541 : E3;
	9542 : E3;
	9543 : E3;
	9544 : E3;
	9545 : E3;
	9546 : E3;
	9547 : E3;
	9548 : E3;
	9549 : E3;
	9550 : E3;
	9551 : E3;
	9552 : E3;
	9553 : E3;
	9554 : E3;
	9555 : E3;
	9556 : E3;
	9557 : 0E;
	9558 : 0E;
	9559 : 0E;
	9560 : 0E;
	9561 : 0E;
	9562 : 0E;
	9563 : E3;
	9564 : E3;
	9565 : E3;
	9566 : E3;
	9567 : E3;
	9568 : E3;
	9569 : E3;
	9570 : E3;
	9571 : E3;
	9572 : E3;
	9573 : 09;
	9574 : 09;
	9575 : 29;
	9576 : E3;
	9577 : E3;
	9578 : E3;
	9579 : E3;
	9580 : E3;
	9581 : E3;
	9582 : E3;
	9583 : E3;
	9584 : E3;
	9585 : E3;
	9586 : E3;
	9587 : E3;
	9588 : E3;
	9589 : E3;
	9590 : E3;
	9591 : E3;
	9592 : E3;
	9593 : E3;
	9594 : E3;
	9595 : E3;
	9596 : E3;
	9597 : E3;
	9598 : E3;
	9599 : E3;
	9600 : E3;
	9601 : E3;
	9602 : E3;
	9603 : E3;
	9604 : E3;
	9605 : E3;
	9606 : E3;
	9607 : E3;
	9608 : E3;
	9609 : E3;
	9610 : E3;
	9611 : E3;
	9612 : E3;
	9613 : E3;
	9614 : E3;
	9615 : E3;
	9616 : E3;
	9617 : E3;
	9618 : E3;
	9619 : E3;
	9620 : E3;
	9621 : 09;
	9622 : 0D;
	9623 : 0E;
	9624 : 0E;
	9625 : 2E;
	9626 : E3;
	9627 : E3;
	9628 : E3;
	9629 : E3;
	9630 : E3;
	9631 : E3;
	9632 : E3;
	9633 : E3;
	9634 : E3;
	9635 : E3;
	9636 : 4A;
	9637 : 4E;
	9638 : 2E;
	9639 : 4A;
	9640 : E3;
	9641 : E3;
	9642 : E3;
	9643 : E3;
	9644 : E3;
	9645 : E3;
	9646 : E3;
	9647 : E3;
	9648 : E3;
	9649 : E3;
	9650 : E3;
	9651 : E3;
	9652 : E3;
	9653 : E3;
	9654 : E3;
	9655 : E3;
	9656 : E3;
	9657 : E3;
	9658 : E3;
	9659 : E3;
	9660 : E3;
	9661 : E3;
	9662 : E3;
	9663 : E3;
	9664 : E3;
	9665 : E3;
	9666 : E3;
	9667 : E3;
	9668 : E3;
	9669 : E3;
	9670 : E3;
	9671 : E3;
	9672 : E3;
	9673 : E3;
	9674 : E3;
	9675 : E3;
	9676 : E3;
	9677 : E3;
	9678 : E3;
	9679 : E3;
	9680 : E3;
	9681 : E3;
	9682 : E3;
	9683 : E3;
	9684 : E3;
	9685 : 09;
	9686 : 0E;
	9687 : 0E;
	9688 : 2A;
	9689 : E3;
	9690 : E3;
	9691 : E3;
	9692 : E3;
	9693 : E3;
	9694 : E3;
	9695 : E3;
	9696 : E3;
	9697 : E3;
	9698 : E3;
	9699 : E3;
	9700 : 6E;
	9701 : BB;
	9702 : 6E;
	9703 : 92;
	9704 : E3;
	9705 : E3;
	9706 : E3;
	9707 : E3;
	9708 : E3;
	9709 : E3;
	9710 : E3;
	9711 : E3;
	9712 : E3;
	9713 : E3;
	9714 : E3;
	9715 : E3;
	9716 : E3;
	9717 : E3;
	9718 : E3;
	9719 : E3;
	9720 : E3;
	9721 : E3;
	9722 : E3;
	9723 : E3;
	9724 : E3;
	9725 : E3;
	9726 : E3;
	9727 : E3;
	9728 : E3;
	9729 : E3;
	9730 : E3;
	9731 : E3;
	9732 : E3;
	9733 : E3;
	9734 : E3;
	9735 : E3;
	9736 : E3;
	9737 : E3;
	9738 : E3;
	9739 : E3;
	9740 : E3;
	9741 : E3;
	9742 : E3;
	9743 : E3;
	9744 : E3;
	9745 : E3;
	9746 : E3;
	9747 : E3;
	9748 : E3;
	9749 : 09;
	9750 : 09;
	9751 : E3;
	9752 : E3;
	9753 : E3;
	9754 : E3;
	9755 : E3;
	9756 : E3;
	9757 : E3;
	9758 : E3;
	9759 : E3;
	9760 : E3;
	9761 : E3;
	9762 : E3;
	9763 : E3;
	9764 : E3;
	9765 : B6;
	9766 : DB;
	9767 : 92;
	9768 : 92;
	9769 : E3;
	9770 : E3;
	9771 : E3;
	9772 : E3;
	9773 : E3;
	9774 : E3;
	9775 : E3;
	9776 : E3;
	9777 : E3;
	9778 : E3;
	9779 : E3;
	9780 : E3;
	9781 : E3;
	9782 : E3;
	9783 : E3;
	9784 : E3;
	9785 : E3;
	9786 : E3;
	9787 : E3;
	9788 : E3;
	9789 : E3;
	9790 : E3;
	9791 : E3;
	9792 : E3;
	9793 : E3;
	9794 : E3;
	9795 : E3;
	9796 : E3;
	9797 : E3;
	9798 : E3;
	9799 : E3;
	9800 : E3;
	9801 : E3;
	9802 : E3;
	9803 : E3;
	9804 : E3;
	9805 : E3;
	9806 : E3;
	9807 : E3;
	9808 : E3;
	9809 : E3;
	9810 : E3;
	9811 : E3;
	9812 : 49;
	9813 : 2E;
	9814 : 4A;
	9815 : E3;
	9816 : E3;
	9817 : E3;
	9818 : E3;
	9819 : E3;
	9820 : E3;
	9821 : E3;
	9822 : E3;
	9823 : E3;
	9824 : E3;
	9825 : E3;
	9826 : E3;
	9827 : E3;
	9828 : E3;
	9829 : E3;
	9830 : 92;
	9831 : 92;
	9832 : B6;
	9833 : B6;
	9834 : 92;
	9835 : E3;
	9836 : E3;
	9837 : E3;
	9838 : E3;
	9839 : E3;
	9840 : E3;
	9841 : E3;
	9842 : E3;
	9843 : E3;
	9844 : E3;
	9845 : E3;
	9846 : E3;
	9847 : E3;
	9848 : E3;
	9849 : E3;
	9850 : E3;
	9851 : E3;
	9852 : E3;
	9853 : E3;
	9854 : E3;
	9855 : E3;
	9856 : E3;
	9857 : E3;
	9858 : E3;
	9859 : E3;
	9860 : E3;
	9861 : E3;
	9862 : E3;
	9863 : E3;
	9864 : E3;
	9865 : E3;
	9866 : E3;
	9867 : E3;
	9868 : E3;
	9869 : E3;
	9870 : E3;
	9871 : E3;
	9872 : E3;
	9873 : E3;
	9874 : E3;
	9875 : E3;
	9876 : 92;
	9877 : B6;
	9878 : 92;
	9879 : E3;
	9880 : E3;
	9881 : E3;
	9882 : E3;
	9883 : E3;
	9884 : E3;
	9885 : E3;
	9886 : E3;
	9887 : E3;
	9888 : E3;
	9889 : E3;
	9890 : E3;
	9891 : E3;
	9892 : E3;
	9893 : E3;
	9894 : E3;
	9895 : E3;
	9896 : E3;
	9897 : E3;
	9898 : E3;
	9899 : E3;
	9900 : E3;
	9901 : E3;
	9902 : E3;
	9903 : E3;
	9904 : E3;
	9905 : E3;
	9906 : E3;
	9907 : E3;
	9908 : E3;
	9909 : E3;
	9910 : E3;
	9911 : E3;
	9912 : E3;
	9913 : E3;
	9914 : E3;
	9915 : E3;
	9916 : E3;
	9917 : E3;
	9918 : E3;
	9919 : E3;
	9920 : E3;
	9921 : E3;
	9922 : E3;
	9923 : E3;
	9924 : E3;
	9925 : E3;
	9926 : E3;
	9927 : E3;
	9928 : E3;
	9929 : E3;
	9930 : E3;
	9931 : E3;
	9932 : E3;
	9933 : E3;
	9934 : E3;
	9935 : E3;
	9936 : E3;
	9937 : E3;
	9938 : E3;
	9939 : 8E;
	9940 : 92;
	9941 : 96;
	9942 : 92;
	9943 : 92;
	9944 : E3;
	9945 : E3;
	9946 : E3;
	9947 : E3;
	9948 : E3;
	9949 : E3;
	9950 : E3;
	9951 : E3;
	9952 : E3;
	9953 : E3;
	9954 : E3;
	9955 : E3;
	9956 : E3;
	9957 : E3;
	9958 : E3;
	9959 : E3;
	9960 : E3;
	9961 : E3;
	9962 : E3;
	9963 : E3;
	9964 : E3;
	9965 : E3;
	9966 : E3;
	9967 : E3;
	9968 : E3;
	9969 : E3;
	9970 : E3;
	9971 : E3;
	9972 : E3;
	9973 : E3;
	9974 : E3;
	9975 : E3;
	9976 : E3;
	9977 : E3;
	9978 : E3;
	9979 : E3;
	9980 : E3;
	9981 : E3;
	9982 : E3;
	9983 : E3;
	9984 : E3;
	9985 : E3;
	9986 : E3;
	9987 : E3;
	9988 : E3;
	9989 : E3;
	9990 : E3;
	9991 : E3;
	9992 : E3;
	9993 : E3;
	9994 : E3;
	9995 : E3;
	9996 : E3;
	9997 : E3;
	9998 : E3;
	9999 : E3;
	10000 : E3;
	10001 : E3;
	10002 : E3;
	10003 : E3;
	10004 : E3;
	10005 : E3;
	10006 : E3;
	10007 : E3;
	10008 : E3;
	10009 : E3;
	10010 : E3;
	10011 : E3;
	10012 : E3;
	10013 : E3;
	10014 : E3;
	10015 : E3;
	10016 : E3;
	10017 : E3;
	10018 : E3;
	10019 : E3;
	10020 : E3;
	10021 : E3;
	10022 : E3;
	10023 : E3;
	10024 : E3;
	10025 : E3;
	10026 : E3;
	10027 : E3;
	10028 : E3;
	10029 : E3;
	10030 : E3;
	10031 : E3;
	10032 : E3;
	10033 : E3;
	10034 : E3;
	10035 : E3;
	10036 : E3;
	10037 : E3;
	10038 : E3;
	10039 : E3;
	10040 : E3;
	10041 : E3;
	10042 : E3;
	10043 : E3;
	10044 : E3;
	10045 : E3;
	10046 : E3;
	10047 : E3;
	10048 : E3;
	10049 : E3;
	10050 : E3;
	10051 : E3;
	10052 : E3;
	10053 : E3;
	10054 : E3;
	10055 : E3;
	10056 : E3;
	10057 : E3;
	10058 : E3;
	10059 : E3;
	10060 : E3;
	10061 : E3;
	10062 : E3;
	10063 : E3;
	10064 : E3;
	10065 : E3;
	10066 : E3;
	10067 : E3;
	10068 : E3;
	10069 : E3;
	10070 : E3;
	10071 : E3;
	10072 : E3;
	10073 : E3;
	10074 : E3;
	10075 : E3;
	10076 : E3;
	10077 : E3;
	10078 : E3;
	10079 : E3;
	10080 : E3;
	10081 : E3;
	10082 : E3;
	10083 : E3;
	10084 : E3;
	10085 : E3;
	10086 : E3;
	10087 : E3;
	10088 : E3;
	10089 : E3;
	10090 : E3;
	10091 : E3;
	10092 : E3;
	10093 : E3;
	10094 : E3;
	10095 : E3;
	10096 : E3;
	10097 : E3;
	10098 : E3;
	10099 : E3;
	10100 : E3;
	10101 : E3;
	10102 : E3;
	10103 : E3;
	10104 : E3;
	10105 : E3;
	10106 : E3;
	10107 : E3;
	10108 : E3;
	10109 : E3;
	10110 : E3;
	10111 : E3;
	10112 : E3;
	10113 : E3;
	10114 : E3;
	10115 : E3;
	10116 : E3;
	10117 : E3;
	10118 : E3;
	10119 : E3;
	10120 : E3;
	10121 : E3;
	10122 : E3;
	10123 : E3;
	10124 : E3;
	10125 : E3;
	10126 : E3;
	10127 : E3;
	10128 : E3;
	10129 : E3;
	10130 : E3;
	10131 : E3;
	10132 : E3;
	10133 : E3;
	10134 : E3;
	10135 : E3;
	10136 : E3;
	10137 : E3;
	10138 : E3;
	10139 : E3;
	10140 : E3;
	10141 : E3;
	10142 : E3;
	10143 : E3;
	10144 : E3;
	10145 : E3;
	10146 : E3;
	10147 : E3;
	10148 : E3;
	10149 : E3;
	10150 : E3;
	10151 : E3;
	10152 : E3;
	10153 : E3;
	10154 : E3;
	10155 : E3;
	10156 : E3;
	10157 : E3;
	10158 : E3;
	10159 : E3;
	10160 : E3;
	10161 : E3;
	10162 : E3;
	10163 : E3;
	10164 : E3;
	10165 : E3;
	10166 : E3;
	10167 : E3;
	10168 : E3;
	10169 : E3;
	10170 : E3;
	10171 : E3;
	10172 : E3;
	10173 : E3;
	10174 : E3;
	10175 : E3;
	10176 : E3;
	10177 : E3;
	10178 : E3;
	10179 : E3;
	10180 : E3;
	10181 : E3;
	10182 : E3;
	10183 : E3;
	10184 : E3;
	10185 : E3;
	10186 : E3;
	10187 : E3;
	10188 : E3;
	10189 : E3;
	10190 : E3;
	10191 : E3;
	10192 : E3;
	10193 : E3;
	10194 : E3;
	10195 : E3;
	10196 : E3;
	10197 : E3;
	10198 : E3;
	10199 : E3;
	10200 : E3;
	10201 : E3;
	10202 : E3;
	10203 : E3;
	10204 : E3;
	10205 : E3;
	10206 : E3;
	10207 : E3;
	10208 : E3;
	10209 : E3;
	10210 : E3;
	10211 : E3;
	10212 : E3;
	10213 : E3;
	10214 : E3;
	10215 : E3;
	10216 : E3;
	10217 : E3;
	10218 : E3;
	10219 : E3;
	10220 : E3;
	10221 : E3;
	10222 : E3;
	10223 : E3;
	10224 : E3;
	10225 : E3;
	10226 : E3;
	10227 : E3;
	10228 : E3;
	10229 : E3;
	10230 : E3;
	10231 : E3;
	10232 : E3;
	10233 : E3;
	10234 : E3;
	10235 : E3;
	10236 : E3;
	10237 : E3;
	10238 : E3;
	10239 : E3;
	10240 : E3;
	10241 : E3;
	10242 : E3;
	10243 : E3;
	10244 : E3;
	10245 : E3;
	10246 : E3;
	10247 : E3;
	10248 : E3;
	10249 : E3;
	10250 : E3;
	10251 : E3;
	10252 : E3;
	10253 : E3;
	10254 : E3;
	10255 : E3;
	10256 : E3;
	10257 : E3;
	10258 : E3;
	10259 : E3;
	10260 : E3;
	10261 : E3;
	10262 : E3;
	10263 : E3;
	10264 : E3;
	10265 : E3;
	10266 : E3;
	10267 : E3;
	10268 : E3;
	10269 : E3;
	10270 : E3;
	10271 : E3;
	10272 : E3;
	10273 : E3;
	10274 : E3;
	10275 : E3;
	10276 : E3;
	10277 : E3;
	10278 : E3;
	10279 : E3;
	10280 : E3;
	10281 : E3;
	10282 : E3;
	10283 : E3;
	10284 : E3;
	10285 : E3;
	10286 : E3;
	10287 : E3;
	10288 : E3;
	10289 : E3;
	10290 : E3;
	10291 : E3;
	10292 : E3;
	10293 : E3;
	10294 : E3;
	10295 : E3;
	10296 : E3;
	10297 : E3;
	10298 : E3;
	10299 : E3;
	10300 : E3;
	10301 : E3;
	10302 : E3;
	10303 : E3;
	10304 : E3;
	10305 : E3;
	10306 : E3;
	10307 : E3;
	10308 : E3;
	10309 : E3;
	10310 : E3;
	10311 : E3;
	10312 : E3;
	10313 : E3;
	10314 : E3;
	10315 : E3;
	10316 : E3;
	10317 : E3;
	10318 : E3;
	10319 : E3;
	10320 : E3;
	10321 : E3;
	10322 : E3;
	10323 : E3;
	10324 : E3;
	10325 : E3;
	10326 : E3;
	10327 : E3;
	10328 : E3;
	10329 : E3;
	10330 : E3;
	10331 : E3;
	10332 : E3;
	10333 : E3;
	10334 : E3;
	10335 : E3;
	10336 : E3;
	10337 : E3;
	10338 : E3;
	10339 : E3;
	10340 : E3;
	10341 : E3;
	10342 : E3;
	10343 : E3;
	10344 : E3;
	10345 : E3;
	10346 : E3;
	10347 : E3;
	10348 : E3;
	10349 : E3;
	10350 : E3;
	10351 : E3;
	10352 : E3;
	10353 : E3;
	10354 : E3;
	10355 : E3;
	10356 : E3;
	10357 : E3;
	10358 : E3;
	10359 : E3;
	10360 : E3;
	10361 : E3;
	10362 : E3;
	10363 : E3;
	10364 : E3;
	10365 : E3;
	10366 : E3;
	10367 : E3;
	10368 : E3;
	10369 : E3;
	10370 : E3;
	10371 : E3;
	10372 : E3;
	10373 : E3;
	10374 : E3;
	10375 : E3;
	10376 : E3;
	10377 : E3;
	10378 : E3;
	10379 : E3;
	10380 : E3;
	10381 : E3;
	10382 : E3;
	10383 : E3;
	10384 : E3;
	10385 : E3;
	10386 : E3;
	10387 : E3;
	10388 : E3;
	10389 : E3;
	10390 : E3;
	10391 : E3;
	10392 : E3;
	10393 : E3;
	10394 : E3;
	10395 : E3;
	10396 : E3;
	10397 : E3;
	10398 : E3;
	10399 : E3;
	10400 : E3;
	10401 : E3;
	10402 : E3;
	10403 : E3;
	10404 : E3;
	10405 : E3;
	10406 : E3;
	10407 : E3;
	10408 : E3;
	10409 : E3;
	10410 : E3;
	10411 : E3;
	10412 : E3;
	10413 : E3;
	10414 : E3;
	10415 : E3;
	10416 : E3;
	10417 : E3;
	10418 : E3;
	10419 : E3;
	10420 : E3;
	10421 : E3;
	10422 : E3;
	10423 : E3;
	10424 : E3;
	10425 : E3;
	10426 : E3;
	10427 : E3;
	10428 : E3;
	10429 : E3;
	10430 : E3;
	10431 : E3;
	10432 : E3;
	10433 : E3;
	10434 : E3;
	10435 : E3;
	10436 : E3;
	10437 : E3;
	10438 : E3;
	10439 : E3;
	10440 : E3;
	10441 : E3;
	10442 : E3;
	10443 : E3;
	10444 : E3;
	10445 : E3;
	10446 : E3;
	10447 : E3;
	10448 : E3;
	10449 : E3;
	10450 : E3;
	10451 : E3;
	10452 : E3;
	10453 : E3;
	10454 : E3;
	10455 : E3;
	10456 : E3;
	10457 : E3;
	10458 : E3;
	10459 : E3;
	10460 : E3;
	10461 : E3;
	10462 : E3;
	10463 : E3;
	10464 : E3;
	10465 : E3;
	10466 : E3;
	10467 : E3;
	10468 : E3;
	10469 : E3;
	10470 : E3;
	10471 : E3;
	10472 : E3;
	10473 : E3;
	10474 : E3;
	10475 : E3;
	10476 : E3;
	10477 : E3;
	10478 : E3;
	10479 : E3;
	10480 : E3;
	10481 : E3;
	10482 : E3;
	10483 : E3;
	10484 : E3;
	10485 : E3;
	10486 : E3;
	10487 : E3;
	10488 : E3;
	10489 : E3;
	10490 : E3;
	10491 : E3;
	10492 : E3;
	10493 : E3;
	10494 : E3;
	10495 : E3;
	10496 : E3;
	10497 : E3;
	10498 : E3;
	10499 : E3;
	10500 : E3;
	10501 : E3;
	10502 : E3;
	10503 : E3;
	10504 : E3;
	10505 : E3;
	10506 : E3;
	10507 : E3;
	10508 : E3;
	10509 : E3;
	10510 : E3;
	10511 : E3;
	10512 : E3;
	10513 : E3;
	10514 : E3;
	10515 : E3;
	10516 : E3;
	10517 : E3;
	10518 : E3;
	10519 : E3;
	10520 : E3;
	10521 : E3;
	10522 : E3;
	10523 : E3;
	10524 : E3;
	10525 : E3;
	10526 : E3;
	10527 : E3;
	10528 : E3;
	10529 : E3;
	10530 : E3;
	10531 : E3;
	10532 : E3;
	10533 : E3;
	10534 : E3;
	10535 : E3;
	10536 : E3;
	10537 : E3;
	10538 : E3;
	10539 : E3;
	10540 : E3;
	10541 : E3;
	10542 : E3;
	10543 : E3;
	10544 : E3;
	10545 : E3;
	10546 : E3;
	10547 : E3;
	10548 : E3;
	10549 : E3;
	10550 : E3;
	10551 : E3;
	10552 : E3;
	10553 : E3;
	10554 : E3;
	10555 : E3;
	10556 : E3;
	10557 : E3;
	10558 : E3;
	10559 : E3;
	10560 : E3;
	10561 : E3;
	10562 : E3;
	10563 : E3;
	10564 : E3;
	10565 : E3;
	10566 : E3;
	10567 : E3;
	10568 : E3;
	10569 : E3;
	10570 : E3;
	10571 : E3;
	10572 : E3;
	10573 : E3;
	10574 : E3;
	10575 : E3;
	10576 : E3;
	10577 : E3;
	10578 : E3;
	10579 : E3;
	10580 : E3;
	10581 : E3;
	10582 : E3;
	10583 : E3;
	10584 : E3;
	10585 : E3;
	10586 : E3;
	10587 : E3;
	10588 : E3;
	10589 : E3;
	10590 : E3;
	10591 : E3;
	10592 : E3;
	10593 : E3;
	10594 : E3;
	10595 : E3;
	10596 : E3;
	10597 : E3;
	10598 : E3;
	10599 : E3;
	10600 : E3;
	10601 : E3;
	10602 : E3;
	10603 : E3;
	10604 : E3;
	10605 : E3;
	10606 : E3;
	10607 : E3;
	10608 : E3;
	10609 : E3;
	10610 : E3;
	10611 : E3;
	10612 : E3;
	10613 : E3;
	10614 : E3;
	10615 : E3;
	10616 : E3;
	10617 : E3;
	10618 : E3;
	10619 : E3;
	10620 : E3;
	10621 : E3;
	10622 : E3;
	10623 : E3;
	10624 : E3;
	10625 : E3;
	10626 : E3;
	10627 : E3;
	10628 : E3;
	10629 : E3;
	10630 : E3;
	10631 : E3;
	10632 : E3;
	10633 : E3;
	10634 : E3;
	10635 : E3;
	10636 : E3;
	10637 : E3;
	10638 : E3;
	10639 : E3;
	10640 : E3;
	10641 : E3;
	10642 : E3;
	10643 : E3;
	10644 : E3;
	10645 : E3;
	10646 : E3;
	10647 : E3;
	10648 : E3;
	10649 : E3;
	10650 : E3;
	10651 : E3;
	10652 : E3;
	10653 : E3;
	10654 : E3;
	10655 : E3;
	10656 : E3;
	10657 : E3;
	10658 : E3;
	10659 : E3;
	10660 : E3;
	10661 : E3;
	10662 : E3;
	10663 : E3;
	10664 : E3;
	10665 : E3;
	10666 : E3;
	10667 : E3;
	10668 : E3;
	10669 : E3;
	10670 : E3;
	10671 : E3;
	10672 : E3;
	10673 : E3;
	10674 : E3;
	10675 : E3;
	10676 : E3;
	10677 : E3;
	10678 : E3;
	10679 : E3;
	10680 : E3;
	10681 : E3;
	10682 : E3;
	10683 : E3;
	10684 : E3;
	10685 : E3;
	10686 : E3;
	10687 : E3;
	10688 : E3;
	10689 : E3;
	10690 : E3;
	10691 : E3;
	10692 : E3;
	10693 : E3;
	10694 : E3;
	10695 : E3;
	10696 : E3;
	10697 : E3;
	10698 : E3;
	10699 : E3;
	10700 : E3;
	10701 : E3;
	10702 : E3;
	10703 : E3;
	10704 : E3;
	10705 : E3;
	10706 : E3;
	10707 : E3;
	10708 : E3;
	10709 : E3;
	10710 : E3;
	10711 : E3;
	10712 : E3;
	10713 : E3;
	10714 : E3;
	10715 : E3;
	10716 : E3;
	10717 : E3;
	10718 : E3;
	10719 : E3;
	10720 : E3;
	10721 : E3;
	10722 : E3;
	10723 : E3;
	10724 : E3;
	10725 : E3;
	10726 : E3;
	10727 : E3;
	10728 : E3;
	10729 : E3;
	10730 : E3;
	10731 : E3;
	10732 : E3;
	10733 : E3;
	10734 : E3;
	10735 : E3;
	10736 : E3;
	10737 : E3;
	10738 : E3;
	10739 : E3;
	10740 : E3;
	10741 : E3;
	10742 : E3;
	10743 : E3;
	10744 : E3;
	10745 : E3;
	10746 : E3;
	10747 : E3;
	10748 : E3;
	10749 : E3;
	10750 : E3;
	10751 : E3;
	10752 : E3;
	10753 : E3;
	10754 : E3;
	10755 : E3;
	10756 : E3;
	10757 : E3;
	10758 : E3;
	10759 : E3;
	10760 : E3;
	10761 : E3;
	10762 : E3;
	10763 : E3;
	10764 : E3;
	10765 : E3;
	10766 : E3;
	10767 : E3;
	10768 : E3;
	10769 : E3;
	10770 : E3;
	10771 : E3;
	10772 : E3;
	10773 : E3;
	10774 : E3;
	10775 : E3;
	10776 : E3;
	10777 : E3;
	10778 : E3;
	10779 : E3;
	10780 : E3;
	10781 : E3;
	10782 : E3;
	10783 : E3;
	10784 : E3;
	10785 : E3;
	10786 : E3;
	10787 : E3;
	10788 : E3;
	10789 : E3;
	10790 : E3;
	10791 : E3;
	10792 : E3;
	10793 : E3;
	10794 : E3;
	10795 : E3;
	10796 : E3;
	10797 : E3;
	10798 : E3;
	10799 : E3;
	10800 : E3;
	10801 : E3;
	10802 : E3;
	10803 : E3;
	10804 : E3;
	10805 : E3;
	10806 : E3;
	10807 : E3;
	10808 : E3;
	10809 : E3;
	10810 : E3;
	10811 : E3;
	10812 : E3;
	10813 : E3;
	10814 : E3;
	10815 : E3;
	10816 : E3;
	10817 : E3;
	10818 : E3;
	10819 : E3;
	10820 : E3;
	10821 : E3;
	10822 : E3;
	10823 : E3;
	10824 : E3;
	10825 : E3;
	10826 : E3;
	10827 : E3;
	10828 : E3;
	10829 : E3;
	10830 : E3;
	10831 : E3;
	10832 : E3;
	10833 : E3;
	10834 : E3;
	10835 : E3;
	10836 : E3;
	10837 : E3;
	10838 : E3;
	10839 : E3;
	10840 : E3;
	10841 : E3;
	10842 : E3;
	10843 : E3;
	10844 : E3;
	10845 : E3;
	10846 : E3;
	10847 : E3;
	10848 : E3;
	10849 : E3;
	10850 : E3;
	10851 : E3;
	10852 : E3;
	10853 : E3;
	10854 : E3;
	10855 : E3;
	10856 : E3;
	10857 : E3;
	10858 : E3;
	10859 : E3;
	10860 : E3;
	10861 : E3;
	10862 : E3;
	10863 : E3;
	10864 : E3;
	10865 : E3;
	10866 : E3;
	10867 : E3;
	10868 : E3;
	10869 : E3;
	10870 : E3;
	10871 : E3;
	10872 : E3;
	10873 : E3;
	10874 : E3;
	10875 : E3;
	10876 : E3;
	10877 : E3;
	10878 : E3;
	10879 : E3;
	10880 : E3;
	10881 : E3;
	10882 : E3;
	10883 : E3;
	10884 : E3;
	10885 : E3;
	10886 : E3;
	10887 : E3;
	10888 : E3;
	10889 : E3;
	10890 : E3;
	10891 : E3;
	10892 : E3;
	10893 : E3;
	10894 : E3;
	10895 : E3;
	10896 : E3;
	10897 : E3;
	10898 : E3;
	10899 : E3;
	10900 : E3;
	10901 : E3;
	10902 : E3;
	10903 : E3;
	10904 : E3;
	10905 : E3;
	10906 : E3;
	10907 : E3;
	10908 : E3;
	10909 : E3;
	10910 : E3;
	10911 : E3;
	10912 : E3;
	10913 : E3;
	10914 : E3;
	10915 : E3;
	10916 : E3;
	10917 : E3;
	10918 : E3;
	10919 : E3;
	10920 : E3;
	10921 : E3;
	10922 : E3;
	10923 : E3;
	10924 : E3;
	10925 : E3;
	10926 : E3;
	10927 : E3;
	10928 : E3;
	10929 : E3;
	10930 : E3;
	10931 : E3;
	10932 : E3;
	10933 : E3;
	10934 : E3;
	10935 : E3;
	10936 : E3;
	10937 : E3;
	10938 : E3;
	10939 : E3;
	10940 : E3;
	10941 : E3;
	10942 : E3;
	10943 : E3;
	10944 : E3;
	10945 : E3;
	10946 : E3;
	10947 : E3;
	10948 : E3;
	10949 : E3;
	10950 : E3;
	10951 : E3;
	10952 : E3;
	10953 : E3;
	10954 : E3;
	10955 : E3;
	10956 : E3;
	10957 : E3;
	10958 : E3;
	10959 : E3;
	10960 : E3;
	10961 : E3;
	10962 : E3;
	10963 : E3;
	10964 : E3;
	10965 : E3;
	10966 : E3;
	10967 : E3;
	10968 : E3;
	10969 : E3;
	10970 : E3;
	10971 : E3;
	10972 : E3;
	10973 : E3;
	10974 : E3;
	10975 : E3;
	10976 : E3;
	10977 : E3;
	10978 : E3;
	10979 : E3;
	10980 : E3;
	10981 : E3;
	10982 : E3;
	10983 : E3;
	10984 : E3;
	10985 : E3;
	10986 : E3;
	10987 : E3;
	10988 : E3;
	10989 : E3;
	10990 : E3;
	10991 : E3;
	10992 : E3;
	10993 : E3;
	10994 : E3;
	10995 : E3;
	10996 : E3;
	10997 : E3;
	10998 : E3;
	10999 : E3;
	11000 : E3;
	11001 : E3;
	11002 : E3;
	11003 : E3;
	11004 : E3;
	11005 : E3;
	11006 : E3;
	11007 : E3;
	11008 : E3;
	11009 : E3;
	11010 : E3;
	11011 : E3;
	11012 : E3;
	11013 : E3;
	11014 : E3;
	11015 : E3;
	11016 : E3;
	11017 : E3;
	11018 : E3;
	11019 : E3;
	11020 : E3;
	11021 : E3;
	11022 : E3;
	11023 : E3;
	11024 : E3;
	11025 : E3;
	11026 : E3;
	11027 : E3;
	11028 : E3;
	11029 : E3;
	11030 : E3;
	11031 : E3;
	11032 : E3;
	11033 : E3;
	11034 : E3;
	11035 : E3;
	11036 : E3;
	11037 : E3;
	11038 : E3;
	11039 : E3;
	11040 : E3;
	11041 : E3;
	11042 : E3;
	11043 : E3;
	11044 : E3;
	11045 : E3;
	11046 : E3;
	11047 : E3;
	11048 : E3;
	11049 : E3;
	11050 : E3;
	11051 : E3;
	11052 : E3;
	11053 : E3;
	11054 : E3;
	11055 : E3;
	11056 : E3;
	11057 : E3;
	11058 : E3;
	11059 : E3;
	11060 : E3;
	11061 : E3;
	11062 : E3;
	11063 : E3;
	11064 : E3;
	11065 : E3;
	11066 : E3;
	11067 : E3;
	11068 : E3;
	11069 : E3;
	11070 : E3;
	11071 : E3;
	11072 : E3;
	11073 : E3;
	11074 : E3;
	11075 : E3;
	11076 : E3;
	11077 : E3;
	11078 : E3;
	11079 : E3;
	11080 : E3;
	11081 : E3;
	11082 : E3;
	11083 : E3;
	11084 : E3;
	11085 : E3;
	11086 : E3;
	11087 : E3;
	11088 : E3;
	11089 : E3;
	11090 : E3;
	11091 : E3;
	11092 : E3;
	11093 : E3;
	11094 : E3;
	11095 : E3;
	11096 : E3;
	11097 : E3;
	11098 : E3;
	11099 : E3;
	11100 : E3;
	11101 : E3;
	11102 : E3;
	11103 : E3;
	11104 : E3;
	11105 : E3;
	11106 : E3;
	11107 : E3;
	11108 : E3;
	11109 : E3;
	11110 : E3;
	11111 : E3;
	11112 : E3;
	11113 : E3;
	11114 : E3;
	11115 : E3;
	11116 : E3;
	11117 : E3;
	11118 : E3;
	11119 : E3;
	11120 : E3;
	11121 : E3;
	11122 : E3;
	11123 : E3;
	11124 : E3;
	11125 : E3;
	11126 : E3;
	11127 : E3;
	11128 : E3;
	11129 : E3;
	11130 : E3;
	11131 : E3;
	11132 : E3;
	11133 : E3;
	11134 : E3;
	11135 : E3;
	11136 : E3;
	11137 : E3;
	11138 : E3;
	11139 : E3;
	11140 : E3;
	11141 : E3;
	11142 : E3;
	11143 : E3;
	11144 : E3;
	11145 : E3;
	11146 : E3;
	11147 : E3;
	11148 : E3;
	11149 : E3;
	11150 : E3;
	11151 : E3;
	11152 : E3;
	11153 : E3;
	11154 : E3;
	11155 : E3;
	11156 : E3;
	11157 : E3;
	11158 : E3;
	11159 : E3;
	11160 : E3;
	11161 : E3;
	11162 : E3;
	11163 : E3;
	11164 : E3;
	11165 : E3;
	11166 : E3;
	11167 : E3;
	11168 : E3;
	11169 : E3;
	11170 : E3;
	11171 : E3;
	11172 : E3;
	11173 : E3;
	11174 : E3;
	11175 : E3;
	11176 : E3;
	11177 : E3;
	11178 : E3;
	11179 : E3;
	11180 : E3;
	11181 : E3;
	11182 : E3;
	11183 : E3;
	11184 : E3;
	11185 : E3;
	11186 : E3;
	11187 : E3;
	11188 : E3;
	11189 : E3;
	11190 : E3;
	11191 : E3;
	11192 : E3;
	11193 : E3;
	11194 : E3;
	11195 : E3;
	11196 : E3;
	11197 : E3;
	11198 : E3;
	11199 : E3;
	11200 : E3;
	11201 : E3;
	11202 : E3;
	11203 : E3;
	11204 : E3;
	11205 : E3;
	11206 : E3;
	11207 : E3;
	11208 : E3;
	11209 : E3;
	11210 : E3;
	11211 : E3;
	11212 : E3;
	11213 : E3;
	11214 : E3;
	11215 : E3;
	11216 : E3;
	11217 : E3;
	11218 : E3;
	11219 : E3;
	11220 : E3;
	11221 : E3;
	11222 : E3;
	11223 : E3;
	11224 : E3;
	11225 : E3;
	11226 : E3;
	11227 : E3;
	11228 : E3;
	11229 : E3;
	11230 : E3;
	11231 : E3;
	11232 : E3;
	11233 : E3;
	11234 : E3;
	11235 : E3;
	11236 : 24;
	11237 : 24;
	11238 : 24;
	11239 : 24;
	11240 : 24;
	11241 : E3;
	11242 : E3;
	11243 : E3;
	11244 : E3;
	11245 : E3;
	11246 : E3;
	11247 : E3;
	11248 : E3;
	11249 : E3;
	11250 : E3;
	11251 : E3;
	11252 : E3;
	11253 : E3;
	11254 : E3;
	11255 : E3;
	11256 : E3;
	11257 : E3;
	11258 : E3;
	11259 : E3;
	11260 : E3;
	11261 : E3;
	11262 : E3;
	11263 : E3;
	11264 : E3;
	11265 : E3;
	11266 : E3;
	11267 : E3;
	11268 : E3;
	11269 : E3;
	11270 : E3;
	11271 : E3;
	11272 : E3;
	11273 : E3;
	11274 : E3;
	11275 : E3;
	11276 : E3;
	11277 : E3;
	11278 : E3;
	11279 : E3;
	11280 : E3;
	11281 : E3;
	11282 : E3;
	11283 : E3;
	11284 : E3;
	11285 : E3;
	11286 : E3;
	11287 : E3;
	11288 : E3;
	11289 : E3;
	11290 : E3;
	11291 : E3;
	11292 : E3;
	11293 : E3;
	11294 : E3;
	11295 : E3;
	11296 : E3;
	11297 : E3;
	11298 : E3;
	11299 : 24;
	11300 : 24;
	11301 : 44;
	11302 : 88;
	11303 : 88;
	11304 : 64;
	11305 : E3;
	11306 : E3;
	11307 : E3;
	11308 : E3;
	11309 : E3;
	11310 : E3;
	11311 : E3;
	11312 : E3;
	11313 : E3;
	11314 : E3;
	11315 : E3;
	11316 : E3;
	11317 : E3;
	11318 : E3;
	11319 : E3;
	11320 : E3;
	11321 : E3;
	11322 : E3;
	11323 : E3;
	11324 : E3;
	11325 : E3;
	11326 : E3;
	11327 : E3;
	11328 : E3;
	11329 : E3;
	11330 : E3;
	11331 : E3;
	11332 : E3;
	11333 : E3;
	11334 : E3;
	11335 : E3;
	11336 : E3;
	11337 : E3;
	11338 : E3;
	11339 : E3;
	11340 : E3;
	11341 : E3;
	11342 : E3;
	11343 : E3;
	11344 : E3;
	11345 : E3;
	11346 : E3;
	11347 : E3;
	11348 : E3;
	11349 : E3;
	11350 : E3;
	11351 : E3;
	11352 : E3;
	11353 : E3;
	11354 : E3;
	11355 : E3;
	11356 : E3;
	11357 : E3;
	11358 : E3;
	11359 : E3;
	11360 : E3;
	11361 : E3;
	11362 : 44;
	11363 : 64;
	11364 : 44;
	11365 : 64;
	11366 : A8;
	11367 : CC;
	11368 : C8;
	11369 : E3;
	11370 : E3;
	11371 : E3;
	11372 : E3;
	11373 : E3;
	11374 : E3;
	11375 : E3;
	11376 : E3;
	11377 : E3;
	11378 : E3;
	11379 : E3;
	11380 : E3;
	11381 : E3;
	11382 : E3;
	11383 : E3;
	11384 : E3;
	11385 : E3;
	11386 : E3;
	11387 : E3;
	11388 : E3;
	11389 : E3;
	11390 : E3;
	11391 : E3;
	11392 : E3;
	11393 : E3;
	11394 : E3;
	11395 : E3;
	11396 : E3;
	11397 : E3;
	11398 : E3;
	11399 : E3;
	11400 : E3;
	11401 : E3;
	11402 : E3;
	11403 : E3;
	11404 : E3;
	11405 : E3;
	11406 : E3;
	11407 : E3;
	11408 : E3;
	11409 : E3;
	11410 : E3;
	11411 : E3;
	11412 : E3;
	11413 : E3;
	11414 : E3;
	11415 : E3;
	11416 : E3;
	11417 : E3;
	11418 : E3;
	11419 : E3;
	11420 : 80;
	11421 : 80;
	11422 : 80;
	11423 : 80;
	11424 : 80;
	11425 : A4;
	11426 : 88;
	11427 : 84;
	11428 : A8;
	11429 : CC;
	11430 : 84;
	11431 : 88;
	11432 : A8;
	11433 : E3;
	11434 : E3;
	11435 : E3;
	11436 : E3;
	11437 : E3;
	11438 : E3;
	11439 : E3;
	11440 : E3;
	11441 : E3;
	11442 : E3;
	11443 : E3;
	11444 : E3;
	11445 : E3;
	11446 : E3;
	11447 : E3;
	11448 : E3;
	11449 : E3;
	11450 : E3;
	11451 : E3;
	11452 : E3;
	11453 : E3;
	11454 : E3;
	11455 : E3;
	11456 : E3;
	11457 : E3;
	11458 : E3;
	11459 : E3;
	11460 : E3;
	11461 : E3;
	11462 : E3;
	11463 : E3;
	11464 : E3;
	11465 : E3;
	11466 : E3;
	11467 : E3;
	11468 : E3;
	11469 : E3;
	11470 : E3;
	11471 : E3;
	11472 : E3;
	11473 : E3;
	11474 : E3;
	11475 : E3;
	11476 : E3;
	11477 : E3;
	11478 : E3;
	11479 : E3;
	11480 : E3;
	11481 : E3;
	11482 : 80;
	11483 : A0;
	11484 : C0;
	11485 : C0;
	11486 : C0;
	11487 : A0;
	11488 : A0;
	11489 : A0;
	11490 : 88;
	11491 : 88;
	11492 : A8;
	11493 : A8;
	11494 : A8;
	11495 : 88;
	11496 : A8;
	11497 : E3;
	11498 : E3;
	11499 : E3;
	11500 : E3;
	11501 : E3;
	11502 : E3;
	11503 : E3;
	11504 : E3;
	11505 : E3;
	11506 : E3;
	11507 : E3;
	11508 : E3;
	11509 : E3;
	11510 : E3;
	11511 : E3;
	11512 : E3;
	11513 : E3;
	11514 : E3;
	11515 : E3;
	11516 : E3;
	11517 : E3;
	11518 : E3;
	11519 : E3;
	11520 : E3;
	11521 : E3;
	11522 : E3;
	11523 : E3;
	11524 : E3;
	11525 : E3;
	11526 : E3;
	11527 : E3;
	11528 : E3;
	11529 : E3;
	11530 : E3;
	11531 : E3;
	11532 : E3;
	11533 : E3;
	11534 : E3;
	11535 : E3;
	11536 : E3;
	11537 : E3;
	11538 : E3;
	11539 : E3;
	11540 : E3;
	11541 : E3;
	11542 : E3;
	11543 : E3;
	11544 : E3;
	11545 : 80;
	11546 : A0;
	11547 : E0;
	11548 : E0;
	11549 : E0;
	11550 : E0;
	11551 : C0;
	11552 : C0;
	11553 : A0;
	11554 : 84;
	11555 : A8;
	11556 : 68;
	11557 : B6;
	11558 : DA;
	11559 : B6;
	11560 : AD;
	11561 : A0;
	11562 : E3;
	11563 : E3;
	11564 : E3;
	11565 : E3;
	11566 : E3;
	11567 : E3;
	11568 : E3;
	11569 : E3;
	11570 : E3;
	11571 : E3;
	11572 : E3;
	11573 : E3;
	11574 : E3;
	11575 : E3;
	11576 : E3;
	11577 : E3;
	11578 : E3;
	11579 : E3;
	11580 : E3;
	11581 : E3;
	11582 : E3;
	11583 : E3;
	11584 : E3;
	11585 : E3;
	11586 : E3;
	11587 : E3;
	11588 : E3;
	11589 : E3;
	11590 : E3;
	11591 : E3;
	11592 : E3;
	11593 : E3;
	11594 : E3;
	11595 : E3;
	11596 : E3;
	11597 : E3;
	11598 : E3;
	11599 : E3;
	11600 : E3;
	11601 : E3;
	11602 : E3;
	11603 : E3;
	11604 : E3;
	11605 : E3;
	11606 : E3;
	11607 : E3;
	11608 : E3;
	11609 : 80;
	11610 : A0;
	11611 : C0;
	11612 : E0;
	11613 : E0;
	11614 : E0;
	11615 : E0;
	11616 : A0;
	11617 : A0;
	11618 : 60;
	11619 : 88;
	11620 : 91;
	11621 : DA;
	11622 : DA;
	11623 : DA;
	11624 : DA;
	11625 : A9;
	11626 : E0;
	11627 : E3;
	11628 : E3;
	11629 : E3;
	11630 : 84;
	11631 : E3;
	11632 : E3;
	11633 : E3;
	11634 : E3;
	11635 : E3;
	11636 : E3;
	11637 : E3;
	11638 : E3;
	11639 : E3;
	11640 : E3;
	11641 : E3;
	11642 : E3;
	11643 : E3;
	11644 : E3;
	11645 : E3;
	11646 : E3;
	11647 : E3;
	11648 : E3;
	11649 : E3;
	11650 : E3;
	11651 : E3;
	11652 : E3;
	11653 : E3;
	11654 : E3;
	11655 : E3;
	11656 : E3;
	11657 : E3;
	11658 : E3;
	11659 : E3;
	11660 : E3;
	11661 : E3;
	11662 : E3;
	11663 : E3;
	11664 : E3;
	11665 : E3;
	11666 : E3;
	11667 : E3;
	11668 : E3;
	11669 : E3;
	11670 : E3;
	11671 : E3;
	11672 : 80;
	11673 : A0;
	11674 : 80;
	11675 : A0;
	11676 : A0;
	11677 : C0;
	11678 : C0;
	11679 : C0;
	11680 : C0;
	11681 : 80;
	11682 : 80;
	11683 : AD;
	11684 : D6;
	11685 : DA;
	11686 : DA;
	11687 : DA;
	11688 : 8D;
	11689 : A8;
	11690 : C0;
	11691 : A4;
	11692 : 89;
	11693 : 68;
	11694 : 64;
	11695 : 84;
	11696 : E3;
	11697 : E3;
	11698 : E3;
	11699 : E3;
	11700 : E3;
	11701 : E3;
	11702 : E3;
	11703 : E3;
	11704 : E3;
	11705 : E3;
	11706 : E3;
	11707 : E3;
	11708 : E3;
	11709 : E3;
	11710 : E3;
	11711 : E3;
	11712 : E3;
	11713 : E3;
	11714 : E3;
	11715 : E3;
	11716 : E3;
	11717 : E3;
	11718 : E3;
	11719 : E3;
	11720 : E3;
	11721 : E3;
	11722 : E3;
	11723 : E3;
	11724 : E3;
	11725 : E3;
	11726 : E3;
	11727 : E3;
	11728 : E3;
	11729 : E3;
	11730 : E3;
	11731 : E3;
	11732 : E3;
	11733 : E3;
	11734 : E3;
	11735 : E3;
	11736 : A0;
	11737 : A0;
	11738 : 80;
	11739 : A0;
	11740 : C0;
	11741 : C0;
	11742 : A0;
	11743 : C4;
	11744 : C4;
	11745 : 80;
	11746 : 84;
	11747 : CD;
	11748 : A8;
	11749 : B1;
	11750 : B6;
	11751 : 8D;
	11752 : 80;
	11753 : A0;
	11754 : A0;
	11755 : 84;
	11756 : 91;
	11757 : 91;
	11758 : 91;
	11759 : 88;
	11760 : A4;
	11761 : E3;
	11762 : E3;
	11763 : E3;
	11764 : E3;
	11765 : E3;
	11766 : E3;
	11767 : E3;
	11768 : E3;
	11769 : E3;
	11770 : E3;
	11771 : E3;
	11772 : E3;
	11773 : E3;
	11774 : E3;
	11775 : E3;
	11776 : E3;
	11777 : E3;
	11778 : E3;
	11779 : E3;
	11780 : E3;
	11781 : E3;
	11782 : E3;
	11783 : E3;
	11784 : E3;
	11785 : E3;
	11786 : E3;
	11787 : E3;
	11788 : E3;
	11789 : E3;
	11790 : E3;
	11791 : E3;
	11792 : E3;
	11793 : E3;
	11794 : E3;
	11795 : E3;
	11796 : E3;
	11797 : E3;
	11798 : E3;
	11799 : E3;
	11800 : A0;
	11801 : A0;
	11802 : 80;
	11803 : A0;
	11804 : C4;
	11805 : C8;
	11806 : CD;
	11807 : CD;
	11808 : A8;
	11809 : A8;
	11810 : CD;
	11811 : CC;
	11812 : C8;
	11813 : A8;
	11814 : 64;
	11815 : A0;
	11816 : A0;
	11817 : A0;
	11818 : 84;
	11819 : 8D;
	11820 : 91;
	11821 : B6;
	11822 : B6;
	11823 : B6;
	11824 : A9;
	11825 : E3;
	11826 : E3;
	11827 : E3;
	11828 : E3;
	11829 : E3;
	11830 : E3;
	11831 : E3;
	11832 : E3;
	11833 : E3;
	11834 : E3;
	11835 : E3;
	11836 : E3;
	11837 : E3;
	11838 : E3;
	11839 : E3;
	11840 : E3;
	11841 : E3;
	11842 : E3;
	11843 : E3;
	11844 : E3;
	11845 : E3;
	11846 : E3;
	11847 : E3;
	11848 : E3;
	11849 : E3;
	11850 : E3;
	11851 : E3;
	11852 : E3;
	11853 : E3;
	11854 : E3;
	11855 : E3;
	11856 : E3;
	11857 : E3;
	11858 : E3;
	11859 : E3;
	11860 : E3;
	11861 : E3;
	11862 : E3;
	11863 : E3;
	11864 : E3;
	11865 : 80;
	11866 : 80;
	11867 : 80;
	11868 : CD;
	11869 : CC;
	11870 : CD;
	11871 : CD;
	11872 : CD;
	11873 : CD;
	11874 : CD;
	11875 : C8;
	11876 : A8;
	11877 : 80;
	11878 : 80;
	11879 : A0;
	11880 : 84;
	11881 : 84;
	11882 : 64;
	11883 : 91;
	11884 : B6;
	11885 : 91;
	11886 : 91;
	11887 : 8D;
	11888 : E3;
	11889 : E3;
	11890 : E3;
	11891 : E3;
	11892 : E3;
	11893 : E3;
	11894 : E3;
	11895 : E3;
	11896 : E3;
	11897 : E3;
	11898 : E3;
	11899 : E3;
	11900 : E3;
	11901 : E3;
	11902 : E3;
	11903 : E3;
	11904 : E3;
	11905 : E3;
	11906 : E3;
	11907 : E3;
	11908 : E3;
	11909 : E3;
	11910 : E3;
	11911 : E3;
	11912 : E3;
	11913 : E3;
	11914 : E3;
	11915 : E3;
	11916 : E3;
	11917 : E3;
	11918 : E3;
	11919 : E3;
	11920 : E3;
	11921 : E3;
	11922 : E3;
	11923 : E3;
	11924 : E3;
	11925 : E3;
	11926 : E3;
	11927 : E3;
	11928 : E3;
	11929 : 80;
	11930 : 80;
	11931 : 84;
	11932 : A8;
	11933 : CD;
	11934 : ED;
	11935 : ED;
	11936 : CD;
	11937 : CD;
	11938 : CD;
	11939 : A8;
	11940 : 84;
	11941 : E3;
	11942 : E3;
	11943 : 84;
	11944 : 84;
	11945 : 84;
	11946 : 84;
	11947 : 89;
	11948 : 91;
	11949 : 91;
	11950 : E3;
	11951 : E3;
	11952 : E3;
	11953 : E3;
	11954 : E3;
	11955 : E3;
	11956 : E3;
	11957 : E3;
	11958 : E3;
	11959 : E3;
	11960 : E3;
	11961 : E3;
	11962 : E3;
	11963 : E3;
	11964 : E3;
	11965 : E3;
	11966 : E3;
	11967 : E3;
	11968 : E3;
	11969 : E3;
	11970 : E3;
	11971 : E3;
	11972 : E3;
	11973 : E3;
	11974 : E3;
	11975 : E3;
	11976 : E3;
	11977 : E3;
	11978 : E3;
	11979 : E3;
	11980 : E3;
	11981 : E3;
	11982 : E3;
	11983 : E3;
	11984 : E3;
	11985 : E3;
	11986 : E3;
	11987 : E3;
	11988 : E3;
	11989 : E3;
	11990 : E3;
	11991 : E3;
	11992 : E3;
	11993 : 80;
	11994 : 80;
	11995 : 80;
	11996 : 84;
	11997 : CC;
	11998 : CD;
	11999 : CC;
	12000 : CC;
	12001 : CD;
	12002 : C8;
	12003 : A8;
	12004 : E3;
	12005 : E3;
	12006 : E3;
	12007 : E3;
	12008 : 84;
	12009 : 84;
	12010 : 88;
	12011 : 84;
	12012 : 64;
	12013 : 69;
	12014 : E3;
	12015 : E3;
	12016 : E3;
	12017 : E3;
	12018 : E3;
	12019 : E3;
	12020 : E3;
	12021 : E3;
	12022 : E3;
	12023 : E3;
	12024 : E3;
	12025 : E3;
	12026 : E3;
	12027 : E3;
	12028 : E3;
	12029 : E3;
	12030 : E3;
	12031 : E3;
	12032 : E3;
	12033 : E3;
	12034 : E3;
	12035 : E3;
	12036 : E3;
	12037 : E3;
	12038 : E3;
	12039 : E3;
	12040 : E3;
	12041 : E3;
	12042 : E3;
	12043 : E3;
	12044 : E3;
	12045 : E3;
	12046 : E3;
	12047 : E3;
	12048 : E3;
	12049 : E3;
	12050 : E3;
	12051 : E3;
	12052 : E3;
	12053 : E3;
	12054 : E3;
	12055 : E3;
	12056 : E3;
	12057 : 64;
	12058 : 29;
	12059 : 60;
	12060 : 60;
	12061 : 84;
	12062 : A8;
	12063 : CD;
	12064 : CD;
	12065 : C8;
	12066 : A8;
	12067 : E3;
	12068 : E3;
	12069 : E3;
	12070 : E3;
	12071 : E3;
	12072 : 84;
	12073 : 88;
	12074 : 88;
	12075 : 88;
	12076 : 84;
	12077 : E3;
	12078 : E3;
	12079 : E3;
	12080 : E3;
	12081 : E3;
	12082 : E3;
	12083 : E3;
	12084 : E3;
	12085 : E3;
	12086 : E3;
	12087 : E3;
	12088 : E3;
	12089 : E3;
	12090 : E3;
	12091 : E3;
	12092 : E3;
	12093 : E3;
	12094 : E3;
	12095 : E3;
	12096 : E3;
	12097 : E3;
	12098 : E3;
	12099 : E3;
	12100 : E3;
	12101 : E3;
	12102 : E3;
	12103 : E3;
	12104 : E3;
	12105 : E3;
	12106 : E3;
	12107 : E3;
	12108 : E3;
	12109 : E3;
	12110 : E3;
	12111 : E3;
	12112 : E3;
	12113 : E3;
	12114 : E3;
	12115 : E3;
	12116 : E3;
	12117 : E3;
	12118 : E3;
	12119 : 29;
	12120 : 0D;
	12121 : 2D;
	12122 : 2D;
	12123 : 29;
	12124 : 29;
	12125 : 48;
	12126 : 68;
	12127 : 88;
	12128 : A8;
	12129 : 49;
	12130 : 4D;
	12131 : E3;
	12132 : E3;
	12133 : E3;
	12134 : E3;
	12135 : E3;
	12136 : E3;
	12137 : 84;
	12138 : 88;
	12139 : 84;
	12140 : E3;
	12141 : E3;
	12142 : E3;
	12143 : E3;
	12144 : E3;
	12145 : E3;
	12146 : E3;
	12147 : E3;
	12148 : E3;
	12149 : E3;
	12150 : E3;
	12151 : E3;
	12152 : E3;
	12153 : E3;
	12154 : E3;
	12155 : E3;
	12156 : E3;
	12157 : E3;
	12158 : E3;
	12159 : E3;
	12160 : E3;
	12161 : E3;
	12162 : E3;
	12163 : E3;
	12164 : E3;
	12165 : E3;
	12166 : E3;
	12167 : E3;
	12168 : E3;
	12169 : E3;
	12170 : E3;
	12171 : E3;
	12172 : E3;
	12173 : E3;
	12174 : E3;
	12175 : E3;
	12176 : E3;
	12177 : E3;
	12178 : E3;
	12179 : E3;
	12180 : E3;
	12181 : E3;
	12182 : E3;
	12183 : 09;
	12184 : 0E;
	12185 : 12;
	12186 : 0E;
	12187 : 0E;
	12188 : 0E;
	12189 : 0E;
	12190 : 0E;
	12191 : 0E;
	12192 : 0E;
	12193 : 12;
	12194 : 0E;
	12195 : 0E;
	12196 : E3;
	12197 : E3;
	12198 : E3;
	12199 : E3;
	12200 : E3;
	12201 : E3;
	12202 : E3;
	12203 : E3;
	12204 : E3;
	12205 : E3;
	12206 : E3;
	12207 : E3;
	12208 : E3;
	12209 : E3;
	12210 : E3;
	12211 : E3;
	12212 : E3;
	12213 : E3;
	12214 : E3;
	12215 : E3;
	12216 : E3;
	12217 : E3;
	12218 : E3;
	12219 : E3;
	12220 : E3;
	12221 : E3;
	12222 : E3;
	12223 : E3;
	12224 : E3;
	12225 : E3;
	12226 : E3;
	12227 : E3;
	12228 : E3;
	12229 : E3;
	12230 : E3;
	12231 : E3;
	12232 : E3;
	12233 : E3;
	12234 : E3;
	12235 : E3;
	12236 : E3;
	12237 : E3;
	12238 : E3;
	12239 : E3;
	12240 : E3;
	12241 : E3;
	12242 : E3;
	12243 : E3;
	12244 : E3;
	12245 : E3;
	12246 : E3;
	12247 : 09;
	12248 : 0E;
	12249 : 1B;
	12250 : 1B;
	12251 : 17;
	12252 : 0E;
	12253 : 0E;
	12254 : 0E;
	12255 : 0E;
	12256 : 0E;
	12257 : 0E;
	12258 : 0E;
	12259 : 12;
	12260 : 17;
	12261 : 33;
	12262 : E3;
	12263 : E3;
	12264 : E3;
	12265 : E3;
	12266 : E3;
	12267 : E3;
	12268 : E3;
	12269 : E3;
	12270 : E3;
	12271 : E3;
	12272 : E3;
	12273 : E3;
	12274 : E3;
	12275 : E3;
	12276 : E3;
	12277 : E3;
	12278 : E3;
	12279 : E3;
	12280 : E3;
	12281 : E3;
	12282 : E3;
	12283 : E3;
	12284 : E3;
	12285 : E3;
	12286 : E3;
	12287 : E3;
	12288 : E3;
	12289 : E3;
	12290 : E3;
	12291 : E3;
	12292 : E3;
	12293 : E3;
	12294 : E3;
	12295 : E3;
	12296 : E3;
	12297 : E3;
	12298 : E3;
	12299 : E3;
	12300 : E3;
	12301 : E3;
	12302 : E3;
	12303 : E3;
	12304 : E3;
	12305 : E3;
	12306 : E3;
	12307 : E3;
	12308 : E3;
	12309 : E3;
	12310 : E3;
	12311 : 09;
	12312 : 12;
	12313 : 1B;
	12314 : 1B;
	12315 : 1B;
	12316 : 17;
	12317 : 0E;
	12318 : 0E;
	12319 : 0D;
	12320 : 0D;
	12321 : 0D;
	12322 : 0E;
	12323 : 12;
	12324 : 1B;
	12325 : 1B;
	12326 : 16;
	12327 : E3;
	12328 : E3;
	12329 : E3;
	12330 : E3;
	12331 : E3;
	12332 : E3;
	12333 : E3;
	12334 : E3;
	12335 : E3;
	12336 : E3;
	12337 : E3;
	12338 : E3;
	12339 : E3;
	12340 : E3;
	12341 : E3;
	12342 : E3;
	12343 : E3;
	12344 : E3;
	12345 : E3;
	12346 : E3;
	12347 : E3;
	12348 : E3;
	12349 : E3;
	12350 : E3;
	12351 : E3;
	12352 : E3;
	12353 : E3;
	12354 : E3;
	12355 : E3;
	12356 : E3;
	12357 : E3;
	12358 : E3;
	12359 : E3;
	12360 : E3;
	12361 : E3;
	12362 : E3;
	12363 : E3;
	12364 : E3;
	12365 : E3;
	12366 : E3;
	12367 : E3;
	12368 : E3;
	12369 : E3;
	12370 : E3;
	12371 : E3;
	12372 : E3;
	12373 : E3;
	12374 : E3;
	12375 : 09;
	12376 : 0E;
	12377 : 1B;
	12378 : 1B;
	12379 : 1B;
	12380 : 1B;
	12381 : 17;
	12382 : 12;
	12383 : 09;
	12384 : 09;
	12385 : 12;
	12386 : 17;
	12387 : 1B;
	12388 : 1B;
	12389 : 1B;
	12390 : 1B;
	12391 : 17;
	12392 : E3;
	12393 : E3;
	12394 : E3;
	12395 : E3;
	12396 : E3;
	12397 : E3;
	12398 : E3;
	12399 : E3;
	12400 : E3;
	12401 : E3;
	12402 : E3;
	12403 : E3;
	12404 : E3;
	12405 : E3;
	12406 : E3;
	12407 : E3;
	12408 : E3;
	12409 : E3;
	12410 : E3;
	12411 : E3;
	12412 : E3;
	12413 : E3;
	12414 : E3;
	12415 : E3;
	12416 : E3;
	12417 : E3;
	12418 : E3;
	12419 : E3;
	12420 : E3;
	12421 : E3;
	12422 : E3;
	12423 : E3;
	12424 : E3;
	12425 : E3;
	12426 : E3;
	12427 : E3;
	12428 : E3;
	12429 : E3;
	12430 : E3;
	12431 : E3;
	12432 : E3;
	12433 : E3;
	12434 : E3;
	12435 : E3;
	12436 : E3;
	12437 : E3;
	12438 : E3;
	12439 : 09;
	12440 : 0E;
	12441 : 17;
	12442 : 1B;
	12443 : 1B;
	12444 : 1B;
	12445 : 1B;
	12446 : 17;
	12447 : 09;
	12448 : 0E;
	12449 : 12;
	12450 : 17;
	12451 : 1B;
	12452 : 1B;
	12453 : 1B;
	12454 : 1B;
	12455 : 1B;
	12456 : 1B;
	12457 : E3;
	12458 : E3;
	12459 : E3;
	12460 : E3;
	12461 : E3;
	12462 : E3;
	12463 : E3;
	12464 : E3;
	12465 : E3;
	12466 : E3;
	12467 : E3;
	12468 : E3;
	12469 : E3;
	12470 : E3;
	12471 : E3;
	12472 : E3;
	12473 : E3;
	12474 : E3;
	12475 : E3;
	12476 : E3;
	12477 : E3;
	12478 : E3;
	12479 : E3;
	12480 : E3;
	12481 : E3;
	12482 : E3;
	12483 : E3;
	12484 : E3;
	12485 : E3;
	12486 : E3;
	12487 : E3;
	12488 : E3;
	12489 : E3;
	12490 : E3;
	12491 : E3;
	12492 : E3;
	12493 : E3;
	12494 : E3;
	12495 : E3;
	12496 : E3;
	12497 : E3;
	12498 : E3;
	12499 : E3;
	12500 : E3;
	12501 : E3;
	12502 : E3;
	12503 : E3;
	12504 : 09;
	12505 : 17;
	12506 : 1B;
	12507 : 1B;
	12508 : 1B;
	12509 : 1B;
	12510 : 17;
	12511 : 29;
	12512 : 2A;
	12513 : 09;
	12514 : 0E;
	12515 : 12;
	12516 : 16;
	12517 : 17;
	12518 : 1B;
	12519 : 1B;
	12520 : 17;
	12521 : 32;
	12522 : E3;
	12523 : E3;
	12524 : E3;
	12525 : E3;
	12526 : E3;
	12527 : E3;
	12528 : E3;
	12529 : E3;
	12530 : E3;
	12531 : E3;
	12532 : E3;
	12533 : E3;
	12534 : E3;
	12535 : E3;
	12536 : E3;
	12537 : E3;
	12538 : E3;
	12539 : E3;
	12540 : E3;
	12541 : E3;
	12542 : E3;
	12543 : E3;
	12544 : E3;
	12545 : E3;
	12546 : E3;
	12547 : E3;
	12548 : E3;
	12549 : E3;
	12550 : E3;
	12551 : E3;
	12552 : E3;
	12553 : E3;
	12554 : E3;
	12555 : E3;
	12556 : E3;
	12557 : E3;
	12558 : E3;
	12559 : E3;
	12560 : E3;
	12561 : E3;
	12562 : E3;
	12563 : E3;
	12564 : E3;
	12565 : E3;
	12566 : E3;
	12567 : E3;
	12568 : 2A;
	12569 : 17;
	12570 : 1B;
	12571 : 1B;
	12572 : 1B;
	12573 : 1B;
	12574 : 12;
	12575 : E3;
	12576 : E3;
	12577 : E3;
	12578 : E3;
	12579 : 2A;
	12580 : 0D;
	12581 : 0D;
	12582 : 12;
	12583 : 1B;
	12584 : 1B;
	12585 : 17;
	12586 : 12;
	12587 : E3;
	12588 : E3;
	12589 : E3;
	12590 : E3;
	12591 : E3;
	12592 : E3;
	12593 : E3;
	12594 : E3;
	12595 : E3;
	12596 : E3;
	12597 : E3;
	12598 : E3;
	12599 : E3;
	12600 : E3;
	12601 : E3;
	12602 : E3;
	12603 : E3;
	12604 : E3;
	12605 : E3;
	12606 : E3;
	12607 : E3;
	12608 : E3;
	12609 : E3;
	12610 : E3;
	12611 : E3;
	12612 : E3;
	12613 : E3;
	12614 : E3;
	12615 : E3;
	12616 : E3;
	12617 : E3;
	12618 : E3;
	12619 : E3;
	12620 : E3;
	12621 : E3;
	12622 : E3;
	12623 : E3;
	12624 : E3;
	12625 : E3;
	12626 : E3;
	12627 : E3;
	12628 : E3;
	12629 : E3;
	12630 : E3;
	12631 : E3;
	12632 : E3;
	12633 : 0E;
	12634 : 17;
	12635 : 1B;
	12636 : 1B;
	12637 : 1B;
	12638 : 2E;
	12639 : E3;
	12640 : E3;
	12641 : E3;
	12642 : E3;
	12643 : E3;
	12644 : E3;
	12645 : E3;
	12646 : 09;
	12647 : 0E;
	12648 : 12;
	12649 : 12;
	12650 : 17;
	12651 : 4E;
	12652 : E3;
	12653 : E3;
	12654 : E3;
	12655 : E3;
	12656 : E3;
	12657 : E3;
	12658 : E3;
	12659 : E3;
	12660 : E3;
	12661 : E3;
	12662 : E3;
	12663 : E3;
	12664 : E3;
	12665 : E3;
	12666 : E3;
	12667 : E3;
	12668 : E3;
	12669 : E3;
	12670 : E3;
	12671 : E3;
	12672 : E3;
	12673 : E3;
	12674 : E3;
	12675 : E3;
	12676 : E3;
	12677 : E3;
	12678 : E3;
	12679 : E3;
	12680 : E3;
	12681 : E3;
	12682 : E3;
	12683 : E3;
	12684 : E3;
	12685 : E3;
	12686 : E3;
	12687 : E3;
	12688 : E3;
	12689 : E3;
	12690 : E3;
	12691 : E3;
	12692 : E3;
	12693 : E3;
	12694 : E3;
	12695 : E3;
	12696 : E3;
	12697 : 0E;
	12698 : 12;
	12699 : 1B;
	12700 : 1B;
	12701 : 17;
	12702 : 2E;
	12703 : E3;
	12704 : E3;
	12705 : E3;
	12706 : E3;
	12707 : E3;
	12708 : E3;
	12709 : E3;
	12710 : 09;
	12711 : 0E;
	12712 : 0E;
	12713 : 0E;
	12714 : 0E;
	12715 : 2A;
	12716 : E3;
	12717 : E3;
	12718 : E3;
	12719 : E3;
	12720 : E3;
	12721 : E3;
	12722 : E3;
	12723 : E3;
	12724 : E3;
	12725 : E3;
	12726 : E3;
	12727 : E3;
	12728 : E3;
	12729 : E3;
	12730 : E3;
	12731 : E3;
	12732 : E3;
	12733 : E3;
	12734 : E3;
	12735 : E3;
	12736 : E3;
	12737 : E3;
	12738 : E3;
	12739 : E3;
	12740 : E3;
	12741 : E3;
	12742 : E3;
	12743 : E3;
	12744 : E3;
	12745 : E3;
	12746 : E3;
	12747 : E3;
	12748 : E3;
	12749 : E3;
	12750 : E3;
	12751 : E3;
	12752 : E3;
	12753 : E3;
	12754 : E3;
	12755 : E3;
	12756 : E3;
	12757 : E3;
	12758 : E3;
	12759 : 4E;
	12760 : 12;
	12761 : 0E;
	12762 : 09;
	12763 : 0E;
	12764 : 1B;
	12765 : 12;
	12766 : E3;
	12767 : E3;
	12768 : E3;
	12769 : E3;
	12770 : E3;
	12771 : E3;
	12772 : E3;
	12773 : 0A;
	12774 : 0E;
	12775 : 0E;
	12776 : 0E;
	12777 : 0E;
	12778 : 0E;
	12779 : E3;
	12780 : E3;
	12781 : E3;
	12782 : E3;
	12783 : E3;
	12784 : E3;
	12785 : E3;
	12786 : E3;
	12787 : E3;
	12788 : E3;
	12789 : E3;
	12790 : E3;
	12791 : E3;
	12792 : E3;
	12793 : E3;
	12794 : E3;
	12795 : E3;
	12796 : E3;
	12797 : E3;
	12798 : E3;
	12799 : E3;
	12800 : E3;
	12801 : E3;
	12802 : E3;
	12803 : E3;
	12804 : E3;
	12805 : E3;
	12806 : E3;
	12807 : E3;
	12808 : E3;
	12809 : E3;
	12810 : E3;
	12811 : E3;
	12812 : E3;
	12813 : E3;
	12814 : E3;
	12815 : E3;
	12816 : E3;
	12817 : E3;
	12818 : E3;
	12819 : E3;
	12820 : E3;
	12821 : E3;
	12822 : 2E;
	12823 : 1B;
	12824 : 17;
	12825 : 0E;
	12826 : 09;
	12827 : 0E;
	12828 : 12;
	12829 : 2A;
	12830 : E3;
	12831 : E3;
	12832 : E3;
	12833 : E3;
	12834 : E3;
	12835 : E3;
	12836 : E3;
	12837 : 0D;
	12838 : 0E;
	12839 : 0E;
	12840 : 0E;
	12841 : 09;
	12842 : 29;
	12843 : E3;
	12844 : E3;
	12845 : E3;
	12846 : E3;
	12847 : E3;
	12848 : E3;
	12849 : E3;
	12850 : E3;
	12851 : E3;
	12852 : E3;
	12853 : E3;
	12854 : E3;
	12855 : E3;
	12856 : E3;
	12857 : E3;
	12858 : E3;
	12859 : E3;
	12860 : E3;
	12861 : E3;
	12862 : E3;
	12863 : E3;
	12864 : E3;
	12865 : E3;
	12866 : E3;
	12867 : E3;
	12868 : E3;
	12869 : E3;
	12870 : E3;
	12871 : E3;
	12872 : E3;
	12873 : E3;
	12874 : E3;
	12875 : E3;
	12876 : E3;
	12877 : E3;
	12878 : E3;
	12879 : E3;
	12880 : E3;
	12881 : E3;
	12882 : E3;
	12883 : E3;
	12884 : E3;
	12885 : E3;
	12886 : 12;
	12887 : 17;
	12888 : 12;
	12889 : 0E;
	12890 : 0E;
	12891 : 0E;
	12892 : 2A;
	12893 : E3;
	12894 : E3;
	12895 : E3;
	12896 : E3;
	12897 : E3;
	12898 : E3;
	12899 : E3;
	12900 : E3;
	12901 : 0E;
	12902 : 0E;
	12903 : 0E;
	12904 : 0E;
	12905 : 4A;
	12906 : E3;
	12907 : E3;
	12908 : E3;
	12909 : E3;
	12910 : E3;
	12911 : E3;
	12912 : E3;
	12913 : E3;
	12914 : E3;
	12915 : E3;
	12916 : E3;
	12917 : E3;
	12918 : E3;
	12919 : E3;
	12920 : E3;
	12921 : E3;
	12922 : E3;
	12923 : E3;
	12924 : E3;
	12925 : E3;
	12926 : E3;
	12927 : E3;
	12928 : E3;
	12929 : E3;
	12930 : E3;
	12931 : E3;
	12932 : E3;
	12933 : E3;
	12934 : E3;
	12935 : E3;
	12936 : E3;
	12937 : E3;
	12938 : E3;
	12939 : E3;
	12940 : E3;
	12941 : E3;
	12942 : E3;
	12943 : E3;
	12944 : E3;
	12945 : E3;
	12946 : E3;
	12947 : E3;
	12948 : E3;
	12949 : 0E;
	12950 : 0E;
	12951 : 0E;
	12952 : 0E;
	12953 : 0E;
	12954 : 0E;
	12955 : 09;
	12956 : E3;
	12957 : E3;
	12958 : E3;
	12959 : E3;
	12960 : E3;
	12961 : E3;
	12962 : E3;
	12963 : E3;
	12964 : E3;
	12965 : 0E;
	12966 : 0E;
	12967 : 2A;
	12968 : E3;
	12969 : E3;
	12970 : E3;
	12971 : E3;
	12972 : E3;
	12973 : E3;
	12974 : E3;
	12975 : E3;
	12976 : E3;
	12977 : E3;
	12978 : E3;
	12979 : E3;
	12980 : E3;
	12981 : E3;
	12982 : E3;
	12983 : E3;
	12984 : E3;
	12985 : E3;
	12986 : E3;
	12987 : E3;
	12988 : E3;
	12989 : E3;
	12990 : E3;
	12991 : E3;
	12992 : E3;
	12993 : E3;
	12994 : E3;
	12995 : E3;
	12996 : E3;
	12997 : E3;
	12998 : E3;
	12999 : E3;
	13000 : E3;
	13001 : E3;
	13002 : E3;
	13003 : E3;
	13004 : E3;
	13005 : E3;
	13006 : E3;
	13007 : E3;
	13008 : E3;
	13009 : E3;
	13010 : E3;
	13011 : E3;
	13012 : E3;
	13013 : 09;
	13014 : 0E;
	13015 : 0E;
	13016 : 0E;
	13017 : 0E;
	13018 : 0E;
	13019 : E3;
	13020 : E3;
	13021 : E3;
	13022 : E3;
	13023 : E3;
	13024 : E3;
	13025 : E3;
	13026 : E3;
	13027 : E3;
	13028 : 4A;
	13029 : 0D;
	13030 : 09;
	13031 : E3;
	13032 : E3;
	13033 : E3;
	13034 : E3;
	13035 : E3;
	13036 : E3;
	13037 : E3;
	13038 : E3;
	13039 : E3;
	13040 : E3;
	13041 : E3;
	13042 : E3;
	13043 : E3;
	13044 : E3;
	13045 : E3;
	13046 : E3;
	13047 : E3;
	13048 : E3;
	13049 : E3;
	13050 : E3;
	13051 : E3;
	13052 : E3;
	13053 : E3;
	13054 : E3;
	13055 : E3;
	13056 : E3;
	13057 : E3;
	13058 : E3;
	13059 : E3;
	13060 : E3;
	13061 : E3;
	13062 : E3;
	13063 : E3;
	13064 : E3;
	13065 : E3;
	13066 : E3;
	13067 : E3;
	13068 : E3;
	13069 : E3;
	13070 : E3;
	13071 : E3;
	13072 : E3;
	13073 : E3;
	13074 : E3;
	13075 : E3;
	13076 : E3;
	13077 : 09;
	13078 : 09;
	13079 : 0E;
	13080 : 0E;
	13081 : 2A;
	13082 : E3;
	13083 : E3;
	13084 : E3;
	13085 : E3;
	13086 : E3;
	13087 : E3;
	13088 : E3;
	13089 : E3;
	13090 : E3;
	13091 : E3;
	13092 : 8E;
	13093 : 4E;
	13094 : 52;
	13095 : E3;
	13096 : E3;
	13097 : E3;
	13098 : E3;
	13099 : E3;
	13100 : E3;
	13101 : E3;
	13102 : E3;
	13103 : E3;
	13104 : E3;
	13105 : E3;
	13106 : E3;
	13107 : E3;
	13108 : E3;
	13109 : E3;
	13110 : E3;
	13111 : E3;
	13112 : E3;
	13113 : E3;
	13114 : E3;
	13115 : E3;
	13116 : E3;
	13117 : E3;
	13118 : E3;
	13119 : E3;
	13120 : E3;
	13121 : E3;
	13122 : E3;
	13123 : E3;
	13124 : E3;
	13125 : E3;
	13126 : E3;
	13127 : E3;
	13128 : E3;
	13129 : E3;
	13130 : E3;
	13131 : E3;
	13132 : E3;
	13133 : E3;
	13134 : E3;
	13135 : E3;
	13136 : E3;
	13137 : E3;
	13138 : E3;
	13139 : E3;
	13140 : E3;
	13141 : 09;
	13142 : 0E;
	13143 : 2A;
	13144 : E3;
	13145 : E3;
	13146 : E3;
	13147 : E3;
	13148 : E3;
	13149 : E3;
	13150 : E3;
	13151 : E3;
	13152 : E3;
	13153 : E3;
	13154 : E3;
	13155 : E3;
	13156 : 92;
	13157 : BB;
	13158 : 6E;
	13159 : 92;
	13160 : E3;
	13161 : E3;
	13162 : E3;
	13163 : E3;
	13164 : E3;
	13165 : E3;
	13166 : E3;
	13167 : E3;
	13168 : E3;
	13169 : E3;
	13170 : E3;
	13171 : E3;
	13172 : E3;
	13173 : E3;
	13174 : E3;
	13175 : E3;
	13176 : E3;
	13177 : E3;
	13178 : E3;
	13179 : E3;
	13180 : E3;
	13181 : E3;
	13182 : E3;
	13183 : E3;
	13184 : E3;
	13185 : E3;
	13186 : E3;
	13187 : E3;
	13188 : E3;
	13189 : E3;
	13190 : E3;
	13191 : E3;
	13192 : E3;
	13193 : E3;
	13194 : E3;
	13195 : E3;
	13196 : E3;
	13197 : E3;
	13198 : E3;
	13199 : E3;
	13200 : E3;
	13201 : E3;
	13202 : E3;
	13203 : E3;
	13204 : 2A;
	13205 : 09;
	13206 : 46;
	13207 : E3;
	13208 : E3;
	13209 : E3;
	13210 : E3;
	13211 : E3;
	13212 : E3;
	13213 : E3;
	13214 : E3;
	13215 : E3;
	13216 : E3;
	13217 : E3;
	13218 : E3;
	13219 : E3;
	13220 : E3;
	13221 : 92;
	13222 : B6;
	13223 : 8E;
	13224 : B2;
	13225 : B6;
	13226 : E3;
	13227 : E3;
	13228 : E3;
	13229 : E3;
	13230 : E3;
	13231 : E3;
	13232 : E3;
	13233 : E3;
	13234 : E3;
	13235 : E3;
	13236 : E3;
	13237 : E3;
	13238 : E3;
	13239 : E3;
	13240 : E3;
	13241 : E3;
	13242 : E3;
	13243 : E3;
	13244 : E3;
	13245 : E3;
	13246 : E3;
	13247 : E3;
	13248 : E3;
	13249 : E3;
	13250 : E3;
	13251 : E3;
	13252 : E3;
	13253 : E3;
	13254 : E3;
	13255 : E3;
	13256 : E3;
	13257 : E3;
	13258 : E3;
	13259 : E3;
	13260 : E3;
	13261 : E3;
	13262 : E3;
	13263 : E3;
	13264 : E3;
	13265 : E3;
	13266 : E3;
	13267 : E3;
	13268 : 92;
	13269 : B6;
	13270 : E3;
	13271 : E3;
	13272 : E3;
	13273 : E3;
	13274 : E3;
	13275 : E3;
	13276 : E3;
	13277 : E3;
	13278 : E3;
	13279 : E3;
	13280 : E3;
	13281 : E3;
	13282 : E3;
	13283 : E3;
	13284 : E3;
	13285 : E3;
	13286 : E3;
	13287 : E3;
	13288 : E3;
	13289 : E3;
	13290 : E3;
	13291 : E3;
	13292 : E3;
	13293 : E3;
	13294 : E3;
	13295 : E3;
	13296 : E3;
	13297 : E3;
	13298 : E3;
	13299 : E3;
	13300 : E3;
	13301 : E3;
	13302 : E3;
	13303 : E3;
	13304 : E3;
	13305 : E3;
	13306 : E3;
	13307 : E3;
	13308 : E3;
	13309 : E3;
	13310 : E3;
	13311 : E3;
	13312 : E3;
	13313 : E3;
	13314 : E3;
	13315 : E3;
	13316 : E3;
	13317 : E3;
	13318 : E3;
	13319 : E3;
	13320 : E3;
	13321 : E3;
	13322 : E3;
	13323 : E3;
	13324 : E3;
	13325 : E3;
	13326 : E3;
	13327 : E3;
	13328 : E3;
	13329 : E3;
	13330 : E3;
	13331 : 92;
	13332 : 92;
	13333 : B7;
	13334 : 92;
	13335 : E3;
	13336 : E3;
	13337 : E3;
	13338 : E3;
	13339 : E3;
	13340 : E3;
	13341 : E3;
	13342 : E3;
	13343 : E3;
	13344 : E3;
	13345 : E3;
	13346 : E3;
	13347 : E3;
	13348 : E3;
	13349 : E3;
	13350 : E3;
	13351 : E3;
	13352 : E3;
	13353 : E3;
	13354 : E3;
	13355 : E3;
	13356 : E3;
	13357 : E3;
	13358 : E3;
	13359 : E3;
	13360 : E3;
	13361 : E3;
	13362 : E3;
	13363 : E3;
	13364 : E3;
	13365 : E3;
	13366 : E3;
	13367 : E3;
	13368 : E3;
	13369 : E3;
	13370 : E3;
	13371 : E3;
	13372 : E3;
	13373 : E3;
	13374 : E3;
	13375 : E3;
	13376 : E3;
	13377 : E3;
	13378 : E3;
	13379 : E3;
	13380 : E3;
	13381 : E3;
	13382 : E3;
	13383 : E3;
	13384 : E3;
	13385 : E3;
	13386 : E3;
	13387 : E3;
	13388 : E3;
	13389 : E3;
	13390 : E3;
	13391 : E3;
	13392 : E3;
	13393 : E3;
	13394 : E3;
	13395 : 6D;
	13396 : 6E;
	13397 : 6E;
	13398 : 6E;
	13399 : 6E;
	13400 : E3;
	13401 : E3;
	13402 : E3;
	13403 : E3;
	13404 : E3;
	13405 : E3;
	13406 : E3;
	13407 : E3;
	13408 : E3;
	13409 : E3;
	13410 : E3;
	13411 : E3;
	13412 : E3;
	13413 : E3;
	13414 : E3;
	13415 : E3;
	13416 : E3;
	13417 : E3;
	13418 : E3;
	13419 : E3;
	13420 : E3;
	13421 : E3;
	13422 : E3;
	13423 : E3;
	13424 : E3;
	13425 : E3;
	13426 : E3;
	13427 : E3;
	13428 : E3;
	13429 : E3;
	13430 : E3;
	13431 : E3;
	13432 : E3;
	13433 : E3;
	13434 : E3;
	13435 : E3;
	13436 : E3;
	13437 : E3;
	13438 : E3;
	13439 : E3;
	13440 : E3;
	13441 : E3;
	13442 : E3;
	13443 : E3;
	13444 : E3;
	13445 : E3;
	13446 : E3;
	13447 : E3;
	13448 : E3;
	13449 : E3;
	13450 : E3;
	13451 : E3;
	13452 : E3;
	13453 : E3;
	13454 : E3;
	13455 : E3;
	13456 : E3;
	13457 : E3;
	13458 : E3;
	13459 : E3;
	13460 : E3;
	13461 : E3;
	13462 : E3;
	13463 : E3;
	13464 : E3;
	13465 : E3;
	13466 : E3;
	13467 : E3;
	13468 : E3;
	13469 : E3;
	13470 : E3;
	13471 : E3;
	13472 : E3;
	13473 : E3;
	13474 : E3;
	13475 : E3;
	13476 : E3;
	13477 : E3;
	13478 : E3;
	13479 : E3;
	13480 : E3;
	13481 : E3;
	13482 : E3;
	13483 : E3;
	13484 : E3;
	13485 : E3;
	13486 : E3;
	13487 : E3;
	13488 : E3;
	13489 : E3;
	13490 : E3;
	13491 : E3;
	13492 : E3;
	13493 : E3;
	13494 : E3;
	13495 : E3;
	13496 : E3;
	13497 : E3;
	13498 : E3;
	13499 : E3;
	13500 : E3;
	13501 : E3;
	13502 : E3;
	13503 : E3;
	13504 : E3;
	13505 : E3;
	13506 : E3;
	13507 : E3;
	13508 : E3;
	13509 : E3;
	13510 : E3;
	13511 : E3;
	13512 : E3;
	13513 : E3;
	13514 : E3;
	13515 : E3;
	13516 : E3;
	13517 : E3;
	13518 : E3;
	13519 : E3;
	13520 : E3;
	13521 : E3;
	13522 : E3;
	13523 : E3;
	13524 : E3;
	13525 : E3;
	13526 : E3;
	13527 : E3;
	13528 : E3;
	13529 : E3;
	13530 : E3;
	13531 : E3;
	13532 : E3;
	13533 : E3;
	13534 : E3;
	13535 : E3;
	13536 : E3;
	13537 : E3;
	13538 : E3;
	13539 : E3;
	13540 : E3;
	13541 : E3;
	13542 : E3;
	13543 : E3;
	13544 : E3;
	13545 : E3;
	13546 : E3;
	13547 : E3;
	13548 : E3;
	13549 : E3;
	13550 : E3;
	13551 : E3;
	13552 : E3;
	13553 : E3;
	13554 : E3;
	13555 : E3;
	13556 : E3;
	13557 : E3;
	13558 : E3;
	13559 : E3;
	13560 : E3;
	13561 : E3;
	13562 : E3;
	13563 : E3;
	13564 : E3;
	13565 : E3;
	13566 : E3;
	13567 : E3;
	13568 : E3;
	13569 : E3;
	13570 : E3;
	13571 : E3;
	13572 : E3;
	13573 : E3;
	13574 : E3;
	13575 : E3;
	13576 : E3;
	13577 : E3;
	13578 : E3;
	13579 : E3;
	13580 : E3;
	13581 : E3;
	13582 : E3;
	13583 : E3;
	13584 : E3;
	13585 : E3;
	13586 : E3;
	13587 : E3;
	13588 : E3;
	13589 : E3;
	13590 : E3;
	13591 : E3;
	13592 : E3;
	13593 : E3;
	13594 : E3;
	13595 : E3;
	13596 : E3;
	13597 : E3;
	13598 : E3;
	13599 : E3;
	13600 : E3;
	13601 : E3;
	13602 : E3;
	13603 : E3;
	13604 : E3;
	13605 : E3;
	13606 : E3;
	13607 : E3;
	13608 : E3;
	13609 : E3;
	13610 : E3;
	13611 : E3;
	13612 : E3;
	13613 : E3;
	13614 : E3;
	13615 : E3;
	13616 : E3;
	13617 : E3;
	13618 : E3;
	13619 : E3;
	13620 : E3;
	13621 : E3;
	13622 : E3;
	13623 : E3;
	13624 : E3;
	13625 : E3;
	13626 : E3;
	13627 : E3;
	13628 : E3;
	13629 : E3;
	13630 : E3;
	13631 : E3;
	13632 : E3;
	13633 : E3;
	13634 : E3;
	13635 : E3;
	13636 : E3;
	13637 : E3;
	13638 : E3;
	13639 : E3;
	13640 : E3;
	13641 : E3;
	13642 : E3;
	13643 : E3;
	13644 : E3;
	13645 : E3;
	13646 : E3;
	13647 : E3;
	13648 : E3;
	13649 : E3;
	13650 : E3;
	13651 : E3;
	13652 : E3;
	13653 : E3;
	13654 : E3;
	13655 : E3;
	13656 : E3;
	13657 : E3;
	13658 : E3;
	13659 : E3;
	13660 : E3;
	13661 : E3;
	13662 : E3;
	13663 : E3;
	13664 : E3;
	13665 : E3;
	13666 : E3;
	13667 : E3;
	13668 : E3;
	13669 : E3;
	13670 : E3;
	13671 : E3;
	13672 : E3;
	13673 : E3;
	13674 : E3;
	13675 : E3;
	13676 : E3;
	13677 : E3;
	13678 : E3;
	13679 : E3;
	13680 : E3;
	13681 : E3;
	13682 : E3;
	13683 : E3;
	13684 : E3;
	13685 : E3;
	13686 : E3;
	13687 : E3;
	13688 : E3;
	13689 : E3;
	13690 : E3;
	13691 : E3;
	13692 : E3;
	13693 : E3;
	13694 : E3;
	13695 : E3;
	13696 : E3;
	13697 : E3;
	13698 : E3;
	13699 : E3;
	13700 : E3;
	13701 : E3;
	13702 : E3;
	13703 : E3;
	13704 : E3;
	13705 : E3;
	13706 : E3;
	13707 : E3;
	13708 : E3;
	13709 : E3;
	13710 : E3;
	13711 : E3;
	13712 : E3;
	13713 : E3;
	13714 : E3;
	13715 : E3;
	13716 : E3;
	13717 : E3;
	13718 : E3;
	13719 : E3;
	13720 : E3;
	13721 : E3;
	13722 : E3;
	13723 : E3;
	13724 : E3;
	13725 : E3;
	13726 : E3;
	13727 : E3;
	13728 : E3;
	13729 : E3;
	13730 : E3;
	13731 : E3;
	13732 : E3;
	13733 : E3;
	13734 : E3;
	13735 : E3;
	13736 : E3;
	13737 : E3;
	13738 : E3;
	13739 : E3;
	13740 : E3;
	13741 : E3;
	13742 : E3;
	13743 : E3;
	13744 : E3;
	13745 : E3;
	13746 : E3;
	13747 : E3;
	13748 : E3;
	13749 : E3;
	13750 : E3;
	13751 : E3;
	13752 : E3;
	13753 : E3;
	13754 : E3;
	13755 : E3;
	13756 : E3;
	13757 : E3;
	13758 : E3;
	13759 : E3;
	13760 : E3;
	13761 : E3;
	13762 : E3;
	13763 : E3;
	13764 : E3;
	13765 : E3;
	13766 : E3;
	13767 : E3;
	13768 : E3;
	13769 : E3;
	13770 : E3;
	13771 : E3;
	13772 : E3;
	13773 : E3;
	13774 : E3;
	13775 : E3;
	13776 : E3;
	13777 : E3;
	13778 : E3;
	13779 : E3;
	13780 : E3;
	13781 : E3;
	13782 : E3;
	13783 : E3;
	13784 : E3;
	13785 : E3;
	13786 : E3;
	13787 : E3;
	13788 : E3;
	13789 : E3;
	13790 : E3;
	13791 : E3;
	13792 : E3;
	13793 : E3;
	13794 : E3;
	13795 : E3;
	13796 : E3;
	13797 : E3;
	13798 : E3;
	13799 : E3;
	13800 : E3;
	13801 : E3;
	13802 : E3;
	13803 : E3;
	13804 : E3;
	13805 : E3;
	13806 : E3;
	13807 : E3;
	13808 : E3;
	13809 : E3;
	13810 : E3;
	13811 : E3;
	13812 : E3;
	13813 : E3;
	13814 : E3;
	13815 : E3;
	13816 : E3;
	13817 : E3;
	13818 : E3;
	13819 : E3;
	13820 : E3;
	13821 : E3;
	13822 : E3;
	13823 : E3;
	13824 : E3;
	13825 : E3;
	13826 : E3;
	13827 : E3;
	13828 : E3;
	13829 : E3;
	13830 : E3;
	13831 : E3;
	13832 : E3;
	13833 : E3;
	13834 : E3;
	13835 : E3;
	13836 : E3;
	13837 : E3;
	13838 : E3;
	13839 : E3;
	13840 : E3;
	13841 : E3;
	13842 : E3;
	13843 : E3;
	13844 : E3;
	13845 : E3;
	13846 : E3;
	13847 : E3;
	13848 : E3;
	13849 : E3;
	13850 : E3;
	13851 : E3;
	13852 : E3;
	13853 : E3;
	13854 : E3;
	13855 : E3;
	13856 : E3;
	13857 : E3;
	13858 : E3;
	13859 : E3;
	13860 : E3;
	13861 : E3;
	13862 : E3;
	13863 : E3;
	13864 : E3;
	13865 : E3;
	13866 : E3;
	13867 : E3;
	13868 : E3;
	13869 : E3;
	13870 : E3;
	13871 : E3;
	13872 : E3;
	13873 : E3;
	13874 : E3;
	13875 : E3;
	13876 : E3;
	13877 : E3;
	13878 : E3;
	13879 : E3;
	13880 : E3;
	13881 : E3;
	13882 : E3;
	13883 : E3;
	13884 : E3;
	13885 : E3;
	13886 : E3;
	13887 : E3;
	13888 : E3;
	13889 : E3;
	13890 : E3;
	13891 : E3;
	13892 : E3;
	13893 : E3;
	13894 : E3;
	13895 : E3;
	13896 : E3;
	13897 : E3;
	13898 : E3;
	13899 : E3;
	13900 : E3;
	13901 : E3;
	13902 : E3;
	13903 : E3;
	13904 : E3;
	13905 : E3;
	13906 : E3;
	13907 : E3;
	13908 : E3;
	13909 : E3;
	13910 : E3;
	13911 : E3;
	13912 : E3;
	13913 : E3;
	13914 : E3;
	13915 : E3;
	13916 : E3;
	13917 : E3;
	13918 : E3;
	13919 : E3;
	13920 : E3;
	13921 : E3;
	13922 : E3;
	13923 : E3;
	13924 : E3;
	13925 : E3;
	13926 : E3;
	13927 : E3;
	13928 : E3;
	13929 : E3;
	13930 : E3;
	13931 : E3;
	13932 : E3;
	13933 : E3;
	13934 : E3;
	13935 : E3;
	13936 : E3;
	13937 : E3;
	13938 : E3;
	13939 : E3;
	13940 : E3;
	13941 : E3;
	13942 : E3;
	13943 : E3;
	13944 : E3;
	13945 : E3;
	13946 : E3;
	13947 : E3;
	13948 : E3;
	13949 : E3;
	13950 : E3;
	13951 : E3;
	13952 : E3;
	13953 : E3;
	13954 : E3;
	13955 : E3;
	13956 : E3;
	13957 : E3;
	13958 : E3;
	13959 : E3;
	13960 : E3;
	13961 : E3;
	13962 : E3;
	13963 : E3;
	13964 : E3;
	13965 : E3;
	13966 : E3;
	13967 : E3;
	13968 : E3;
	13969 : E3;
	13970 : E3;
	13971 : E3;
	13972 : E3;
	13973 : E3;
	13974 : E3;
	13975 : E3;
	13976 : E3;
	13977 : E3;
	13978 : E3;
	13979 : E3;
	13980 : E3;
	13981 : E3;
	13982 : E3;
	13983 : E3;
	13984 : E3;
	13985 : E3;
	13986 : E3;
	13987 : E3;
	13988 : E3;
	13989 : E3;
	13990 : E3;
	13991 : E3;
	13992 : E3;
	13993 : E3;
	13994 : E3;
	13995 : E3;
	13996 : E3;
	13997 : E3;
	13998 : E3;
	13999 : E3;
	14000 : E3;
	14001 : E3;
	14002 : E3;
	14003 : E3;
	14004 : E3;
	14005 : E3;
	14006 : E3;
	14007 : E3;
	14008 : E3;
	14009 : E3;
	14010 : E3;
	14011 : E3;
	14012 : E3;
	14013 : E3;
	14014 : E3;
	14015 : E3;
	14016 : E3;
	14017 : E3;
	14018 : E3;
	14019 : E3;
	14020 : E3;
	14021 : E3;
	14022 : E3;
	14023 : E3;
	14024 : E3;
	14025 : E3;
	14026 : E3;
	14027 : E3;
	14028 : E3;
	14029 : E3;
	14030 : E3;
	14031 : E3;
	14032 : E3;
	14033 : E3;
	14034 : E3;
	14035 : E3;
	14036 : E3;
	14037 : E3;
	14038 : E3;
	14039 : E3;
	14040 : E3;
	14041 : E3;
	14042 : E3;
	14043 : E3;
	14044 : E3;
	14045 : E3;
	14046 : E3;
	14047 : E3;
	14048 : E3;
	14049 : E3;
	14050 : E3;
	14051 : E3;
	14052 : E3;
	14053 : E3;
	14054 : E3;
	14055 : E3;
	14056 : E3;
	14057 : E3;
	14058 : E3;
	14059 : E3;
	14060 : E3;
	14061 : E3;
	14062 : E3;
	14063 : E3;
	14064 : E3;
	14065 : E3;
	14066 : E3;
	14067 : E3;
	14068 : E3;
	14069 : E3;
	14070 : E3;
	14071 : E3;
	14072 : E3;
	14073 : E3;
	14074 : E3;
	14075 : E3;
	14076 : E3;
	14077 : E3;
	14078 : E3;
	14079 : E3;
	14080 : E3;
	14081 : E3;
	14082 : E3;
	14083 : E3;
	14084 : E3;
	14085 : E3;
	14086 : E3;
	14087 : E3;
	14088 : E3;
	14089 : E3;
	14090 : E3;
	14091 : E3;
	14092 : E3;
	14093 : E3;
	14094 : E3;
	14095 : E3;
	14096 : E3;
	14097 : E3;
	14098 : E3;
	14099 : E3;
	14100 : E3;
	14101 : E3;
	14102 : E3;
	14103 : E3;
	14104 : E3;
	14105 : E3;
	14106 : E3;
	14107 : E3;
	14108 : E3;
	14109 : E3;
	14110 : E3;
	14111 : E3;
	14112 : E3;
	14113 : E3;
	14114 : E3;
	14115 : E3;
	14116 : E3;
	14117 : E3;
	14118 : E3;
	14119 : E3;
	14120 : E3;
	14121 : E3;
	14122 : E3;
	14123 : E3;
	14124 : E3;
	14125 : E3;
	14126 : E3;
	14127 : E3;
	14128 : E3;
	14129 : E3;
	14130 : E3;
	14131 : E3;
	14132 : E3;
	14133 : E3;
	14134 : E3;
	14135 : E3;
	14136 : E3;
	14137 : E3;
	14138 : E3;
	14139 : E3;
	14140 : E3;
	14141 : E3;
	14142 : E3;
	14143 : E3;
	14144 : E3;
	14145 : E3;
	14146 : E3;
	14147 : E3;
	14148 : E3;
	14149 : E3;
	14150 : E3;
	14151 : E3;
	14152 : E3;
	14153 : E3;
	14154 : E3;
	14155 : E3;
	14156 : E3;
	14157 : E3;
	14158 : E3;
	14159 : E3;
	14160 : E3;
	14161 : E3;
	14162 : E3;
	14163 : E3;
	14164 : E3;
	14165 : E3;
	14166 : E3;
	14167 : E3;
	14168 : E3;
	14169 : E3;
	14170 : E3;
	14171 : E3;
	14172 : E3;
	14173 : E3;
	14174 : E3;
	14175 : E3;
	14176 : E3;
	14177 : E3;
	14178 : E3;
	14179 : E3;
	14180 : E3;
	14181 : E3;
	14182 : E3;
	14183 : E3;
	14184 : E3;
	14185 : E3;
	14186 : E3;
	14187 : E3;
	14188 : E3;
	14189 : E3;
	14190 : E3;
	14191 : E3;
	14192 : E3;
	14193 : E3;
	14194 : E3;
	14195 : E3;
	14196 : E3;
	14197 : E3;
	14198 : E3;
	14199 : E3;
	14200 : E3;
	14201 : E3;
	14202 : E3;
	14203 : E3;
	14204 : E3;
	14205 : E3;
	14206 : E3;
	14207 : E3;
	14208 : E3;
	14209 : E3;
	14210 : E3;
	14211 : E3;
	14212 : E3;
	14213 : E3;
	14214 : E3;
	14215 : E3;
	14216 : E3;
	14217 : E3;
	14218 : E3;
	14219 : E3;
	14220 : E3;
	14221 : E3;
	14222 : E3;
	14223 : E3;
	14224 : E3;
	14225 : E3;
	14226 : E3;
	14227 : E3;
	14228 : E3;
	14229 : E3;
	14230 : E3;
	14231 : E3;
	14232 : E3;
	14233 : E3;
	14234 : E3;
	14235 : E3;
	14236 : E3;
	14237 : E3;
	14238 : E3;
	14239 : E3;
	14240 : E3;
	14241 : E3;
	14242 : E3;
	14243 : E3;
	14244 : E3;
	14245 : E3;
	14246 : E3;
	14247 : E3;
	14248 : E3;
	14249 : E3;
	14250 : E3;
	14251 : E3;
	14252 : E3;
	14253 : E3;
	14254 : E3;
	14255 : E3;
	14256 : E3;
	14257 : E3;
	14258 : E3;
	14259 : E3;
	14260 : E3;
	14261 : E3;
	14262 : E3;
	14263 : E3;
	14264 : E3;
	14265 : E3;
	14266 : E3;
	14267 : E3;
	14268 : E3;
	14269 : E3;
	14270 : E3;
	14271 : E3;
	14272 : E3;
	14273 : E3;
	14274 : E3;
	14275 : E3;
	14276 : E3;
	14277 : E3;
	14278 : E3;
	14279 : E3;
	14280 : E3;
	14281 : E3;
	14282 : E3;
	14283 : E3;
	14284 : E3;
	14285 : E3;
	14286 : E3;
	14287 : E3;
	14288 : E3;
	14289 : E3;
	14290 : E3;
	14291 : E3;
	14292 : E3;
	14293 : E3;
	14294 : E3;
	14295 : E3;
	14296 : E3;
	14297 : E3;
	14298 : E3;
	14299 : E3;
	14300 : E3;
	14301 : E3;
	14302 : E3;
	14303 : E3;
	14304 : E3;
	14305 : E3;
	14306 : E3;
	14307 : E3;
	14308 : E3;
	14309 : E3;
	14310 : E3;
	14311 : E3;
	14312 : E3;
	14313 : E3;
	14314 : E3;
	14315 : E3;
	14316 : E3;
	14317 : E3;
	14318 : E3;
	14319 : E3;
	14320 : E3;
	14321 : E3;
	14322 : E3;
	14323 : E3;
	14324 : E3;
	14325 : E3;
	14326 : E3;
	14327 : E3;
	14328 : E3;
	14329 : E3;
	14330 : E3;
	14331 : E3;
	14332 : E3;
	14333 : E3;
	14334 : E3;
	14335 : E3;
	14336 : E3;
	14337 : E3;
	14338 : E3;
	14339 : E3;
	14340 : E3;
	14341 : E3;
	14342 : E3;
	14343 : E3;
	14344 : E3;
	14345 : E3;
	14346 : E3;
	14347 : E3;
	14348 : E3;
	14349 : E3;
	14350 : E3;
	14351 : E3;
	14352 : E3;
	14353 : E3;
	14354 : E3;
	14355 : E3;
	14356 : E3;
	14357 : E3;
	14358 : E3;
	14359 : E3;
	14360 : E3;
	14361 : E3;
	14362 : E3;
	14363 : E3;
	14364 : E3;
	14365 : E3;
	14366 : E3;
	14367 : E3;
	14368 : E3;
	14369 : E3;
	14370 : E3;
	14371 : E3;
	14372 : E3;
	14373 : E3;
	14374 : E3;
	14375 : E3;
	14376 : E3;
	14377 : E3;
	14378 : E3;
	14379 : E3;
	14380 : E3;
	14381 : E3;
	14382 : E3;
	14383 : E3;
	14384 : E3;
	14385 : E3;
	14386 : E3;
	14387 : E3;
	14388 : E3;
	14389 : E3;
	14390 : E3;
	14391 : E3;
	14392 : E3;
	14393 : E3;
	14394 : E3;
	14395 : E3;
	14396 : E3;
	14397 : E3;
	14398 : E3;
	14399 : E3;
	14400 : E3;
	14401 : E3;
	14402 : E3;
	14403 : E3;
	14404 : E3;
	14405 : E3;
	14406 : E3;
	14407 : E3;
	14408 : E3;
	14409 : E3;
	14410 : E3;
	14411 : E3;
	14412 : E3;
	14413 : E3;
	14414 : E3;
	14415 : E3;
	14416 : E3;
	14417 : E3;
	14418 : E3;
	14419 : E3;
	14420 : E3;
	14421 : E3;
	14422 : E3;
	14423 : E3;
	14424 : E3;
	14425 : E3;
	14426 : E3;
	14427 : E3;
	14428 : E3;
	14429 : E3;
	14430 : E3;
	14431 : E3;
	14432 : E3;
	14433 : E3;
	14434 : E3;
	14435 : E3;
	14436 : E3;
	14437 : E3;
	14438 : E3;
	14439 : E3;
	14440 : E3;
	14441 : E3;
	14442 : E3;
	14443 : E3;
	14444 : E3;
	14445 : E3;
	14446 : E3;
	14447 : E3;
	14448 : E3;
	14449 : E3;
	14450 : E3;
	14451 : E3;
	14452 : E3;
	14453 : E3;
	14454 : E3;
	14455 : E3;
	14456 : E3;
	14457 : E3;
	14458 : E3;
	14459 : E3;
	14460 : E3;
	14461 : E3;
	14462 : E3;
	14463 : E3;
	14464 : E3;
	14465 : E3;
	14466 : E3;
	14467 : E3;
	14468 : E3;
	14469 : E3;
	14470 : E3;
	14471 : E3;
	14472 : E3;
	14473 : E3;
	14474 : E3;
	14475 : E3;
	14476 : E3;
	14477 : E3;
	14478 : E3;
	14479 : E3;
	14480 : E3;
	14481 : E3;
	14482 : E3;
	14483 : E3;
	14484 : E3;
	14485 : E3;
	14486 : E3;
	14487 : E3;
	14488 : E3;
	14489 : E3;
	14490 : E3;
	14491 : E3;
	14492 : E3;
	14493 : E3;
	14494 : E3;
	14495 : E3;
	14496 : E3;
	14497 : E3;
	14498 : E3;
	14499 : E3;
	14500 : 24;
	14501 : 24;
	14502 : 24;
	14503 : E3;
	14504 : E3;
	14505 : E3;
	14506 : E3;
	14507 : E3;
	14508 : E3;
	14509 : E3;
	14510 : E3;
	14511 : E3;
	14512 : E3;
	14513 : E3;
	14514 : E3;
	14515 : E3;
	14516 : E3;
	14517 : E3;
	14518 : E3;
	14519 : E3;
	14520 : E3;
	14521 : E3;
	14522 : E3;
	14523 : E3;
	14524 : E3;
	14525 : E3;
	14526 : E3;
	14527 : E3;
	14528 : E3;
	14529 : E3;
	14530 : E3;
	14531 : E3;
	14532 : E3;
	14533 : E3;
	14534 : E3;
	14535 : E3;
	14536 : E3;
	14537 : E3;
	14538 : E3;
	14539 : E3;
	14540 : E3;
	14541 : E3;
	14542 : E3;
	14543 : E3;
	14544 : E3;
	14545 : E3;
	14546 : E3;
	14547 : E3;
	14548 : E3;
	14549 : E3;
	14550 : E3;
	14551 : E3;
	14552 : E3;
	14553 : E3;
	14554 : E3;
	14555 : E3;
	14556 : E3;
	14557 : E3;
	14558 : E3;
	14559 : E3;
	14560 : E3;
	14561 : E3;
	14562 : E3;
	14563 : 24;
	14564 : 24;
	14565 : 44;
	14566 : 64;
	14567 : 24;
	14568 : 24;
	14569 : E3;
	14570 : E3;
	14571 : E3;
	14572 : E3;
	14573 : E3;
	14574 : E3;
	14575 : E3;
	14576 : E3;
	14577 : E3;
	14578 : E3;
	14579 : E3;
	14580 : E3;
	14581 : E3;
	14582 : E3;
	14583 : E3;
	14584 : E3;
	14585 : E3;
	14586 : E3;
	14587 : E3;
	14588 : E3;
	14589 : E3;
	14590 : E3;
	14591 : E3;
	14592 : E3;
	14593 : E3;
	14594 : E3;
	14595 : E3;
	14596 : E3;
	14597 : E3;
	14598 : E3;
	14599 : E3;
	14600 : E3;
	14601 : E3;
	14602 : E3;
	14603 : E3;
	14604 : E3;
	14605 : E3;
	14606 : E3;
	14607 : E3;
	14608 : E3;
	14609 : E3;
	14610 : E3;
	14611 : E3;
	14612 : E3;
	14613 : E3;
	14614 : E3;
	14615 : E3;
	14616 : E3;
	14617 : E3;
	14618 : E3;
	14619 : E3;
	14620 : E3;
	14621 : E3;
	14622 : E3;
	14623 : E3;
	14624 : E3;
	14625 : E3;
	14626 : 24;
	14627 : 44;
	14628 : 24;
	14629 : 88;
	14630 : C8;
	14631 : A8;
	14632 : A8;
	14633 : E3;
	14634 : E3;
	14635 : E3;
	14636 : E3;
	14637 : E3;
	14638 : E3;
	14639 : E3;
	14640 : E3;
	14641 : E3;
	14642 : E3;
	14643 : E3;
	14644 : E3;
	14645 : E3;
	14646 : E3;
	14647 : E3;
	14648 : E3;
	14649 : E3;
	14650 : E3;
	14651 : E3;
	14652 : E3;
	14653 : E3;
	14654 : E3;
	14655 : E3;
	14656 : E3;
	14657 : E3;
	14658 : E3;
	14659 : E3;
	14660 : E3;
	14661 : E3;
	14662 : E3;
	14663 : E3;
	14664 : E3;
	14665 : E3;
	14666 : E3;
	14667 : E3;
	14668 : E3;
	14669 : E3;
	14670 : E3;
	14671 : E3;
	14672 : E3;
	14673 : E3;
	14674 : E3;
	14675 : E3;
	14676 : E3;
	14677 : E3;
	14678 : E3;
	14679 : E3;
	14680 : E3;
	14681 : E3;
	14682 : E3;
	14683 : E3;
	14684 : E3;
	14685 : 60;
	14686 : 60;
	14687 : 60;
	14688 : 80;
	14689 : A8;
	14690 : 64;
	14691 : 64;
	14692 : 88;
	14693 : A8;
	14694 : 69;
	14695 : 89;
	14696 : A8;
	14697 : E3;
	14698 : E3;
	14699 : E3;
	14700 : E3;
	14701 : E3;
	14702 : E3;
	14703 : E3;
	14704 : E3;
	14705 : E3;
	14706 : E3;
	14707 : E3;
	14708 : E3;
	14709 : E3;
	14710 : E3;
	14711 : E3;
	14712 : E3;
	14713 : E3;
	14714 : E3;
	14715 : E3;
	14716 : E3;
	14717 : E3;
	14718 : E3;
	14719 : E3;
	14720 : E3;
	14721 : E3;
	14722 : E3;
	14723 : E3;
	14724 : E3;
	14725 : E3;
	14726 : E3;
	14727 : E3;
	14728 : E3;
	14729 : E3;
	14730 : E3;
	14731 : E3;
	14732 : E3;
	14733 : E3;
	14734 : E3;
	14735 : E3;
	14736 : E3;
	14737 : E3;
	14738 : E3;
	14739 : E3;
	14740 : E3;
	14741 : E3;
	14742 : E3;
	14743 : E3;
	14744 : E3;
	14745 : E3;
	14746 : 80;
	14747 : C0;
	14748 : A0;
	14749 : C0;
	14750 : C0;
	14751 : A0;
	14752 : A0;
	14753 : A4;
	14754 : 88;
	14755 : 84;
	14756 : A8;
	14757 : CC;
	14758 : 88;
	14759 : 88;
	14760 : A8;
	14761 : E3;
	14762 : E3;
	14763 : E3;
	14764 : E3;
	14765 : E3;
	14766 : E3;
	14767 : E3;
	14768 : E3;
	14769 : E3;
	14770 : E3;
	14771 : E3;
	14772 : E3;
	14773 : E3;
	14774 : E3;
	14775 : E3;
	14776 : E3;
	14777 : E3;
	14778 : E3;
	14779 : E3;
	14780 : E3;
	14781 : E3;
	14782 : E3;
	14783 : E3;
	14784 : E3;
	14785 : E3;
	14786 : E3;
	14787 : E3;
	14788 : E3;
	14789 : E3;
	14790 : E3;
	14791 : E3;
	14792 : E3;
	14793 : E3;
	14794 : E3;
	14795 : E3;
	14796 : E3;
	14797 : E3;
	14798 : E3;
	14799 : E3;
	14800 : E3;
	14801 : E3;
	14802 : E3;
	14803 : E3;
	14804 : E3;
	14805 : E3;
	14806 : E3;
	14807 : E3;
	14808 : E3;
	14809 : 80;
	14810 : A0;
	14811 : E0;
	14812 : E0;
	14813 : E0;
	14814 : E0;
	14815 : C0;
	14816 : A0;
	14817 : 80;
	14818 : A8;
	14819 : 68;
	14820 : A8;
	14821 : AD;
	14822 : B1;
	14823 : B1;
	14824 : 8D;
	14825 : C0;
	14826 : E3;
	14827 : E3;
	14828 : E3;
	14829 : E3;
	14830 : E3;
	14831 : E3;
	14832 : E3;
	14833 : E3;
	14834 : E3;
	14835 : E3;
	14836 : E3;
	14837 : E3;
	14838 : E3;
	14839 : E3;
	14840 : E3;
	14841 : E3;
	14842 : E3;
	14843 : E3;
	14844 : E3;
	14845 : E3;
	14846 : E3;
	14847 : E3;
	14848 : E3;
	14849 : E3;
	14850 : E3;
	14851 : E3;
	14852 : E3;
	14853 : E3;
	14854 : E3;
	14855 : E3;
	14856 : E3;
	14857 : E3;
	14858 : E3;
	14859 : E3;
	14860 : E3;
	14861 : E3;
	14862 : E3;
	14863 : E3;
	14864 : E3;
	14865 : E3;
	14866 : E3;
	14867 : E3;
	14868 : E3;
	14869 : E3;
	14870 : E3;
	14871 : E3;
	14872 : 80;
	14873 : 80;
	14874 : C0;
	14875 : E0;
	14876 : E0;
	14877 : E0;
	14878 : E0;
	14879 : E0;
	14880 : A0;
	14881 : 80;
	14882 : 84;
	14883 : A8;
	14884 : 64;
	14885 : B1;
	14886 : DA;
	14887 : DA;
	14888 : B6;
	14889 : A4;
	14890 : E0;
	14891 : E3;
	14892 : E3;
	14893 : E3;
	14894 : E3;
	14895 : E3;
	14896 : E3;
	14897 : E3;
	14898 : E3;
	14899 : E3;
	14900 : E3;
	14901 : E3;
	14902 : E3;
	14903 : E3;
	14904 : E3;
	14905 : E3;
	14906 : E3;
	14907 : E3;
	14908 : E3;
	14909 : E3;
	14910 : E3;
	14911 : E3;
	14912 : E3;
	14913 : E3;
	14914 : E3;
	14915 : E3;
	14916 : E3;
	14917 : E3;
	14918 : E3;
	14919 : E3;
	14920 : E3;
	14921 : E3;
	14922 : E3;
	14923 : E3;
	14924 : E3;
	14925 : E3;
	14926 : E3;
	14927 : E3;
	14928 : E3;
	14929 : E3;
	14930 : E3;
	14931 : E3;
	14932 : E3;
	14933 : E3;
	14934 : E3;
	14935 : E3;
	14936 : A0;
	14937 : 60;
	14938 : A0;
	14939 : A0;
	14940 : C0;
	14941 : C0;
	14942 : C0;
	14943 : C0;
	14944 : A0;
	14945 : 80;
	14946 : 80;
	14947 : 84;
	14948 : B6;
	14949 : DA;
	14950 : DA;
	14951 : DA;
	14952 : DA;
	14953 : D1;
	14954 : C0;
	14955 : A1;
	14956 : E3;
	14957 : E3;
	14958 : 84;
	14959 : 84;
	14960 : E3;
	14961 : E3;
	14962 : E3;
	14963 : E3;
	14964 : E3;
	14965 : E3;
	14966 : E3;
	14967 : E3;
	14968 : E3;
	14969 : E3;
	14970 : E3;
	14971 : E3;
	14972 : E3;
	14973 : E3;
	14974 : E3;
	14975 : E3;
	14976 : E3;
	14977 : E3;
	14978 : E3;
	14979 : E3;
	14980 : E3;
	14981 : E3;
	14982 : E3;
	14983 : E3;
	14984 : E3;
	14985 : E3;
	14986 : E3;
	14987 : E3;
	14988 : E3;
	14989 : E3;
	14990 : E3;
	14991 : E3;
	14992 : E3;
	14993 : E3;
	14994 : E3;
	14995 : E3;
	14996 : E3;
	14997 : E3;
	14998 : E3;
	14999 : E3;
	15000 : A0;
	15001 : 80;
	15002 : 80;
	15003 : A0;
	15004 : C0;
	15005 : A0;
	15006 : C4;
	15007 : C4;
	15008 : C4;
	15009 : 80;
	15010 : 80;
	15011 : A8;
	15012 : D1;
	15013 : D6;
	15014 : DA;
	15015 : DA;
	15016 : 91;
	15017 : 88;
	15018 : A0;
	15019 : A0;
	15020 : 88;
	15021 : 8D;
	15022 : 68;
	15023 : 68;
	15024 : A8;
	15025 : E3;
	15026 : E3;
	15027 : E3;
	15028 : E3;
	15029 : E3;
	15030 : E3;
	15031 : E3;
	15032 : E3;
	15033 : E3;
	15034 : E3;
	15035 : E3;
	15036 : E3;
	15037 : E3;
	15038 : E3;
	15039 : E3;
	15040 : E3;
	15041 : E3;
	15042 : E3;
	15043 : E3;
	15044 : E3;
	15045 : E3;
	15046 : E3;
	15047 : E3;
	15048 : E3;
	15049 : E3;
	15050 : E3;
	15051 : E3;
	15052 : E3;
	15053 : E3;
	15054 : E3;
	15055 : E3;
	15056 : E3;
	15057 : E3;
	15058 : E3;
	15059 : E3;
	15060 : E3;
	15061 : E3;
	15062 : E3;
	15063 : E3;
	15064 : A0;
	15065 : 80;
	15066 : 80;
	15067 : A0;
	15068 : C4;
	15069 : C8;
	15070 : ED;
	15071 : ED;
	15072 : CC;
	15073 : A8;
	15074 : A8;
	15075 : CD;
	15076 : C8;
	15077 : AD;
	15078 : B6;
	15079 : 89;
	15080 : A0;
	15081 : A0;
	15082 : A0;
	15083 : 84;
	15084 : 6D;
	15085 : B6;
	15086 : B6;
	15087 : 91;
	15088 : 88;
	15089 : A5;
	15090 : E3;
	15091 : E3;
	15092 : E3;
	15093 : E3;
	15094 : E3;
	15095 : E3;
	15096 : E3;
	15097 : E3;
	15098 : E3;
	15099 : E3;
	15100 : E3;
	15101 : E3;
	15102 : E3;
	15103 : E3;
	15104 : E3;
	15105 : E3;
	15106 : E3;
	15107 : E3;
	15108 : E3;
	15109 : E3;
	15110 : E3;
	15111 : E3;
	15112 : E3;
	15113 : E3;
	15114 : E3;
	15115 : E3;
	15116 : E3;
	15117 : E3;
	15118 : E3;
	15119 : E3;
	15120 : E3;
	15121 : E3;
	15122 : E3;
	15123 : E3;
	15124 : E3;
	15125 : E3;
	15126 : E3;
	15127 : E3;
	15128 : 80;
	15129 : A0;
	15130 : 80;
	15131 : A4;
	15132 : ED;
	15133 : CC;
	15134 : A8;
	15135 : A9;
	15136 : CD;
	15137 : CD;
	15138 : CD;
	15139 : CC;
	15140 : C8;
	15141 : A8;
	15142 : 60;
	15143 : 80;
	15144 : 80;
	15145 : 84;
	15146 : 88;
	15147 : 88;
	15148 : 91;
	15149 : 91;
	15150 : 91;
	15151 : B6;
	15152 : B2;
	15153 : E3;
	15154 : E3;
	15155 : E3;
	15156 : E3;
	15157 : E3;
	15158 : E3;
	15159 : E3;
	15160 : E3;
	15161 : E3;
	15162 : E3;
	15163 : E3;
	15164 : E3;
	15165 : E3;
	15166 : E3;
	15167 : E3;
	15168 : E3;
	15169 : E3;
	15170 : E3;
	15171 : E3;
	15172 : E3;
	15173 : E3;
	15174 : E3;
	15175 : E3;
	15176 : E3;
	15177 : E3;
	15178 : E3;
	15179 : E3;
	15180 : E3;
	15181 : E3;
	15182 : E3;
	15183 : E3;
	15184 : E3;
	15185 : E3;
	15186 : E3;
	15187 : E3;
	15188 : E3;
	15189 : E3;
	15190 : E3;
	15191 : E3;
	15192 : E3;
	15193 : 80;
	15194 : 80;
	15195 : A8;
	15196 : CC;
	15197 : CD;
	15198 : ED;
	15199 : ED;
	15200 : ED;
	15201 : CD;
	15202 : CD;
	15203 : CC;
	15204 : A8;
	15205 : 80;
	15206 : E3;
	15207 : 84;
	15208 : 64;
	15209 : 84;
	15210 : 84;
	15211 : 88;
	15212 : B6;
	15213 : 91;
	15214 : 91;
	15215 : 8D;
	15216 : E3;
	15217 : E3;
	15218 : E3;
	15219 : E3;
	15220 : E3;
	15221 : E3;
	15222 : E3;
	15223 : E3;
	15224 : E3;
	15225 : E3;
	15226 : E3;
	15227 : E3;
	15228 : E3;
	15229 : E3;
	15230 : E3;
	15231 : E3;
	15232 : E3;
	15233 : E3;
	15234 : E3;
	15235 : E3;
	15236 : E3;
	15237 : E3;
	15238 : E3;
	15239 : E3;
	15240 : E3;
	15241 : E3;
	15242 : E3;
	15243 : E3;
	15244 : E3;
	15245 : E3;
	15246 : E3;
	15247 : E3;
	15248 : E3;
	15249 : E3;
	15250 : E3;
	15251 : E3;
	15252 : E3;
	15253 : E3;
	15254 : E3;
	15255 : E3;
	15256 : E3;
	15257 : 80;
	15258 : 80;
	15259 : 84;
	15260 : A8;
	15261 : CD;
	15262 : CD;
	15263 : CD;
	15264 : CD;
	15265 : CD;
	15266 : CC;
	15267 : A8;
	15268 : 80;
	15269 : E3;
	15270 : E3;
	15271 : E3;
	15272 : 84;
	15273 : 64;
	15274 : 88;
	15275 : 84;
	15276 : 89;
	15277 : 91;
	15278 : 6D;
	15279 : E3;
	15280 : E3;
	15281 : E3;
	15282 : E3;
	15283 : E3;
	15284 : E3;
	15285 : E3;
	15286 : E3;
	15287 : E3;
	15288 : E3;
	15289 : E3;
	15290 : E3;
	15291 : E3;
	15292 : E3;
	15293 : E3;
	15294 : E3;
	15295 : E3;
	15296 : E3;
	15297 : E3;
	15298 : E3;
	15299 : E3;
	15300 : E3;
	15301 : E3;
	15302 : E3;
	15303 : E3;
	15304 : E3;
	15305 : E3;
	15306 : E3;
	15307 : E3;
	15308 : E3;
	15309 : E3;
	15310 : E3;
	15311 : E3;
	15312 : E3;
	15313 : E3;
	15314 : E3;
	15315 : E3;
	15316 : E3;
	15317 : E3;
	15318 : E3;
	15319 : E3;
	15320 : E3;
	15321 : 84;
	15322 : 65;
	15323 : 60;
	15324 : 84;
	15325 : A8;
	15326 : CD;
	15327 : CD;
	15328 : CD;
	15329 : A8;
	15330 : A8;
	15331 : A5;
	15332 : E3;
	15333 : E3;
	15334 : E3;
	15335 : E3;
	15336 : E3;
	15337 : 84;
	15338 : 88;
	15339 : 88;
	15340 : 84;
	15341 : 84;
	15342 : E3;
	15343 : E3;
	15344 : E3;
	15345 : E3;
	15346 : E3;
	15347 : E3;
	15348 : E3;
	15349 : E3;
	15350 : E3;
	15351 : E3;
	15352 : E3;
	15353 : E3;
	15354 : E3;
	15355 : E3;
	15356 : E3;
	15357 : E3;
	15358 : E3;
	15359 : E3;
	15360 : E3;
	15361 : E3;
	15362 : E3;
	15363 : E3;
	15364 : E3;
	15365 : E3;
	15366 : E3;
	15367 : E3;
	15368 : E3;
	15369 : E3;
	15370 : E3;
	15371 : E3;
	15372 : E3;
	15373 : E3;
	15374 : E3;
	15375 : E3;
	15376 : E3;
	15377 : E3;
	15378 : E3;
	15379 : E3;
	15380 : E3;
	15381 : E3;
	15382 : E3;
	15383 : E3;
	15384 : 0D;
	15385 : 29;
	15386 : 29;
	15387 : 69;
	15388 : 29;
	15389 : 68;
	15390 : 84;
	15391 : A8;
	15392 : A8;
	15393 : 88;
	15394 : 69;
	15395 : E3;
	15396 : E3;
	15397 : E3;
	15398 : E3;
	15399 : E3;
	15400 : E3;
	15401 : E3;
	15402 : 84;
	15403 : 84;
	15404 : 84;
	15405 : 85;
	15406 : E3;
	15407 : E3;
	15408 : E3;
	15409 : E3;
	15410 : E3;
	15411 : E3;
	15412 : E3;
	15413 : E3;
	15414 : E3;
	15415 : E3;
	15416 : E3;
	15417 : E3;
	15418 : E3;
	15419 : E3;
	15420 : E3;
	15421 : E3;
	15422 : E3;
	15423 : E3;
	15424 : E3;
	15425 : E3;
	15426 : E3;
	15427 : E3;
	15428 : E3;
	15429 : E3;
	15430 : E3;
	15431 : E3;
	15432 : E3;
	15433 : E3;
	15434 : E3;
	15435 : E3;
	15436 : E3;
	15437 : E3;
	15438 : E3;
	15439 : E3;
	15440 : E3;
	15441 : E3;
	15442 : E3;
	15443 : E3;
	15444 : E3;
	15445 : E3;
	15446 : E3;
	15447 : 0D;
	15448 : 0E;
	15449 : 12;
	15450 : 12;
	15451 : 0E;
	15452 : 0D;
	15453 : 2D;
	15454 : 2D;
	15455 : 2D;
	15456 : 2D;
	15457 : 12;
	15458 : 12;
	15459 : 0E;
	15460 : E3;
	15461 : E3;
	15462 : E3;
	15463 : E3;
	15464 : E3;
	15465 : E3;
	15466 : E3;
	15467 : E3;
	15468 : E3;
	15469 : E3;
	15470 : E3;
	15471 : E3;
	15472 : E3;
	15473 : E3;
	15474 : E3;
	15475 : E3;
	15476 : E3;
	15477 : E3;
	15478 : E3;
	15479 : E3;
	15480 : E3;
	15481 : E3;
	15482 : E3;
	15483 : E3;
	15484 : E3;
	15485 : E3;
	15486 : E3;
	15487 : E3;
	15488 : E3;
	15489 : E3;
	15490 : E3;
	15491 : E3;
	15492 : E3;
	15493 : E3;
	15494 : E3;
	15495 : E3;
	15496 : E3;
	15497 : E3;
	15498 : E3;
	15499 : E3;
	15500 : E3;
	15501 : E3;
	15502 : E3;
	15503 : E3;
	15504 : E3;
	15505 : E3;
	15506 : E3;
	15507 : E3;
	15508 : E3;
	15509 : E3;
	15510 : E3;
	15511 : 0E;
	15512 : 0E;
	15513 : 0E;
	15514 : 0E;
	15515 : 0E;
	15516 : 0E;
	15517 : 0E;
	15518 : 0E;
	15519 : 0E;
	15520 : 0E;
	15521 : 0E;
	15522 : 0E;
	15523 : 12;
	15524 : 1B;
	15525 : 4F;
	15526 : E3;
	15527 : E3;
	15528 : E3;
	15529 : E3;
	15530 : E3;
	15531 : E3;
	15532 : E3;
	15533 : E3;
	15534 : E3;
	15535 : E3;
	15536 : E3;
	15537 : E3;
	15538 : E3;
	15539 : E3;
	15540 : E3;
	15541 : E3;
	15542 : E3;
	15543 : E3;
	15544 : E3;
	15545 : E3;
	15546 : E3;
	15547 : E3;
	15548 : E3;
	15549 : E3;
	15550 : E3;
	15551 : E3;
	15552 : E3;
	15553 : E3;
	15554 : E3;
	15555 : E3;
	15556 : E3;
	15557 : E3;
	15558 : E3;
	15559 : E3;
	15560 : E3;
	15561 : E3;
	15562 : E3;
	15563 : E3;
	15564 : E3;
	15565 : E3;
	15566 : E3;
	15567 : E3;
	15568 : E3;
	15569 : E3;
	15570 : E3;
	15571 : E3;
	15572 : E3;
	15573 : E3;
	15574 : E3;
	15575 : 0E;
	15576 : 0E;
	15577 : 16;
	15578 : 17;
	15579 : 1B;
	15580 : 17;
	15581 : 17;
	15582 : 12;
	15583 : 0E;
	15584 : 0E;
	15585 : 0E;
	15586 : 0E;
	15587 : 12;
	15588 : 1B;
	15589 : 1B;
	15590 : 17;
	15591 : E3;
	15592 : E3;
	15593 : E3;
	15594 : E3;
	15595 : E3;
	15596 : E3;
	15597 : E3;
	15598 : E3;
	15599 : E3;
	15600 : E3;
	15601 : E3;
	15602 : E3;
	15603 : E3;
	15604 : E3;
	15605 : E3;
	15606 : E3;
	15607 : E3;
	15608 : E3;
	15609 : E3;
	15610 : E3;
	15611 : E3;
	15612 : E3;
	15613 : E3;
	15614 : E3;
	15615 : E3;
	15616 : E3;
	15617 : E3;
	15618 : E3;
	15619 : E3;
	15620 : E3;
	15621 : E3;
	15622 : E3;
	15623 : E3;
	15624 : E3;
	15625 : E3;
	15626 : E3;
	15627 : E3;
	15628 : E3;
	15629 : E3;
	15630 : E3;
	15631 : E3;
	15632 : E3;
	15633 : E3;
	15634 : E3;
	15635 : E3;
	15636 : E3;
	15637 : E3;
	15638 : E3;
	15639 : 0D;
	15640 : 0E;
	15641 : 17;
	15642 : 1B;
	15643 : 1B;
	15644 : 1B;
	15645 : 1B;
	15646 : 17;
	15647 : 0E;
	15648 : 0E;
	15649 : 0E;
	15650 : 0E;
	15651 : 0E;
	15652 : 17;
	15653 : 1B;
	15654 : 1B;
	15655 : 17;
	15656 : E3;
	15657 : E3;
	15658 : E3;
	15659 : E3;
	15660 : E3;
	15661 : E3;
	15662 : E3;
	15663 : E3;
	15664 : E3;
	15665 : E3;
	15666 : E3;
	15667 : E3;
	15668 : E3;
	15669 : E3;
	15670 : E3;
	15671 : E3;
	15672 : E3;
	15673 : E3;
	15674 : E3;
	15675 : E3;
	15676 : E3;
	15677 : E3;
	15678 : E3;
	15679 : E3;
	15680 : E3;
	15681 : E3;
	15682 : E3;
	15683 : E3;
	15684 : E3;
	15685 : E3;
	15686 : E3;
	15687 : E3;
	15688 : E3;
	15689 : E3;
	15690 : E3;
	15691 : E3;
	15692 : E3;
	15693 : E3;
	15694 : E3;
	15695 : E3;
	15696 : E3;
	15697 : E3;
	15698 : E3;
	15699 : E3;
	15700 : E3;
	15701 : E3;
	15702 : E3;
	15703 : E3;
	15704 : 0E;
	15705 : 16;
	15706 : 1B;
	15707 : 1B;
	15708 : 1B;
	15709 : 1B;
	15710 : 1B;
	15711 : 0E;
	15712 : 0D;
	15713 : 0E;
	15714 : 0E;
	15715 : 0E;
	15716 : 0E;
	15717 : 17;
	15718 : 1B;
	15719 : 1B;
	15720 : 17;
	15721 : E3;
	15722 : E3;
	15723 : E3;
	15724 : E3;
	15725 : E3;
	15726 : E3;
	15727 : E3;
	15728 : E3;
	15729 : E3;
	15730 : E3;
	15731 : E3;
	15732 : E3;
	15733 : E3;
	15734 : E3;
	15735 : E3;
	15736 : E3;
	15737 : E3;
	15738 : E3;
	15739 : E3;
	15740 : E3;
	15741 : E3;
	15742 : E3;
	15743 : E3;
	15744 : E3;
	15745 : E3;
	15746 : E3;
	15747 : E3;
	15748 : E3;
	15749 : E3;
	15750 : E3;
	15751 : E3;
	15752 : E3;
	15753 : E3;
	15754 : E3;
	15755 : E3;
	15756 : E3;
	15757 : E3;
	15758 : E3;
	15759 : E3;
	15760 : E3;
	15761 : E3;
	15762 : E3;
	15763 : E3;
	15764 : E3;
	15765 : E3;
	15766 : E3;
	15767 : E3;
	15768 : 0E;
	15769 : 12;
	15770 : 1B;
	15771 : 1B;
	15772 : 1B;
	15773 : 1B;
	15774 : 1B;
	15775 : 0E;
	15776 : E3;
	15777 : 0E;
	15778 : 0E;
	15779 : 0E;
	15780 : 0E;
	15781 : 12;
	15782 : 1B;
	15783 : 1B;
	15784 : 1B;
	15785 : 4F;
	15786 : E3;
	15787 : E3;
	15788 : E3;
	15789 : E3;
	15790 : E3;
	15791 : E3;
	15792 : E3;
	15793 : E3;
	15794 : E3;
	15795 : E3;
	15796 : E3;
	15797 : E3;
	15798 : E3;
	15799 : E3;
	15800 : E3;
	15801 : E3;
	15802 : E3;
	15803 : E3;
	15804 : E3;
	15805 : E3;
	15806 : E3;
	15807 : E3;
	15808 : E3;
	15809 : E3;
	15810 : E3;
	15811 : E3;
	15812 : E3;
	15813 : E3;
	15814 : E3;
	15815 : E3;
	15816 : E3;
	15817 : E3;
	15818 : E3;
	15819 : E3;
	15820 : E3;
	15821 : E3;
	15822 : E3;
	15823 : E3;
	15824 : E3;
	15825 : E3;
	15826 : E3;
	15827 : E3;
	15828 : E3;
	15829 : E3;
	15830 : E3;
	15831 : E3;
	15832 : 2A;
	15833 : 0E;
	15834 : 17;
	15835 : 1B;
	15836 : 1B;
	15837 : 1B;
	15838 : 1B;
	15839 : 12;
	15840 : E3;
	15841 : E3;
	15842 : 4A;
	15843 : 0E;
	15844 : 0D;
	15845 : 0E;
	15846 : 17;
	15847 : 1B;
	15848 : 1B;
	15849 : 13;
	15850 : E3;
	15851 : E3;
	15852 : E3;
	15853 : E3;
	15854 : E3;
	15855 : E3;
	15856 : E3;
	15857 : E3;
	15858 : E3;
	15859 : E3;
	15860 : E3;
	15861 : E3;
	15862 : E3;
	15863 : E3;
	15864 : E3;
	15865 : E3;
	15866 : E3;
	15867 : E3;
	15868 : E3;
	15869 : E3;
	15870 : E3;
	15871 : E3;
	15872 : E3;
	15873 : E3;
	15874 : E3;
	15875 : E3;
	15876 : E3;
	15877 : E3;
	15878 : E3;
	15879 : E3;
	15880 : E3;
	15881 : E3;
	15882 : E3;
	15883 : E3;
	15884 : E3;
	15885 : E3;
	15886 : E3;
	15887 : E3;
	15888 : E3;
	15889 : E3;
	15890 : E3;
	15891 : E3;
	15892 : E3;
	15893 : E3;
	15894 : E3;
	15895 : E3;
	15896 : 6A;
	15897 : 0E;
	15898 : 16;
	15899 : 1B;
	15900 : 1B;
	15901 : 1B;
	15902 : 1B;
	15903 : 16;
	15904 : E3;
	15905 : E3;
	15906 : E3;
	15907 : E3;
	15908 : E3;
	15909 : 0E;
	15910 : 0E;
	15911 : 12;
	15912 : 12;
	15913 : 17;
	15914 : 13;
	15915 : E3;
	15916 : E3;
	15917 : E3;
	15918 : E3;
	15919 : E3;
	15920 : E3;
	15921 : E3;
	15922 : E3;
	15923 : E3;
	15924 : E3;
	15925 : E3;
	15926 : E3;
	15927 : E3;
	15928 : E3;
	15929 : E3;
	15930 : E3;
	15931 : E3;
	15932 : E3;
	15933 : E3;
	15934 : E3;
	15935 : E3;
	15936 : E3;
	15937 : E3;
	15938 : E3;
	15939 : E3;
	15940 : E3;
	15941 : E3;
	15942 : E3;
	15943 : E3;
	15944 : E3;
	15945 : E3;
	15946 : E3;
	15947 : E3;
	15948 : E3;
	15949 : E3;
	15950 : E3;
	15951 : E3;
	15952 : E3;
	15953 : E3;
	15954 : E3;
	15955 : E3;
	15956 : E3;
	15957 : E3;
	15958 : E3;
	15959 : E3;
	15960 : E3;
	15961 : 0E;
	15962 : 0E;
	15963 : 17;
	15964 : 17;
	15965 : 1B;
	15966 : 1B;
	15967 : 16;
	15968 : E3;
	15969 : E3;
	15970 : E3;
	15971 : E3;
	15972 : E3;
	15973 : 0E;
	15974 : 0E;
	15975 : 0E;
	15976 : 0E;
	15977 : 16;
	15978 : 17;
	15979 : E3;
	15980 : E3;
	15981 : E3;
	15982 : E3;
	15983 : E3;
	15984 : E3;
	15985 : E3;
	15986 : E3;
	15987 : E3;
	15988 : E3;
	15989 : E3;
	15990 : E3;
	15991 : E3;
	15992 : E3;
	15993 : E3;
	15994 : E3;
	15995 : E3;
	15996 : E3;
	15997 : E3;
	15998 : E3;
	15999 : E3;
	16000 : E3;
	16001 : E3;
	16002 : E3;
	16003 : E3;
	16004 : E3;
	16005 : E3;
	16006 : E3;
	16007 : E3;
	16008 : E3;
	16009 : E3;
	16010 : E3;
	16011 : E3;
	16012 : E3;
	16013 : E3;
	16014 : E3;
	16015 : E3;
	16016 : E3;
	16017 : E3;
	16018 : E3;
	16019 : E3;
	16020 : E3;
	16021 : E3;
	16022 : E3;
	16023 : E3;
	16024 : E3;
	16025 : E3;
	16026 : 0E;
	16027 : 0E;
	16028 : 12;
	16029 : 1B;
	16030 : 17;
	16031 : 12;
	16032 : E3;
	16033 : E3;
	16034 : E3;
	16035 : E3;
	16036 : 0E;
	16037 : 0E;
	16038 : 0E;
	16039 : 0E;
	16040 : 0E;
	16041 : 0E;
	16042 : 2A;
	16043 : E3;
	16044 : E3;
	16045 : E3;
	16046 : E3;
	16047 : E3;
	16048 : E3;
	16049 : E3;
	16050 : E3;
	16051 : E3;
	16052 : E3;
	16053 : E3;
	16054 : E3;
	16055 : E3;
	16056 : E3;
	16057 : E3;
	16058 : E3;
	16059 : E3;
	16060 : E3;
	16061 : E3;
	16062 : E3;
	16063 : E3;
	16064 : E3;
	16065 : E3;
	16066 : E3;
	16067 : E3;
	16068 : E3;
	16069 : E3;
	16070 : E3;
	16071 : E3;
	16072 : E3;
	16073 : E3;
	16074 : E3;
	16075 : E3;
	16076 : E3;
	16077 : E3;
	16078 : E3;
	16079 : E3;
	16080 : E3;
	16081 : E3;
	16082 : E3;
	16083 : E3;
	16084 : E3;
	16085 : E3;
	16086 : E3;
	16087 : E3;
	16088 : E3;
	16089 : E3;
	16090 : 0E;
	16091 : 0E;
	16092 : 0E;
	16093 : 17;
	16094 : 12;
	16095 : 4A;
	16096 : E3;
	16097 : E3;
	16098 : E3;
	16099 : 2E;
	16100 : 0E;
	16101 : 0E;
	16102 : 0E;
	16103 : 0E;
	16104 : 0E;
	16105 : E3;
	16106 : E3;
	16107 : E3;
	16108 : E3;
	16109 : E3;
	16110 : E3;
	16111 : E3;
	16112 : E3;
	16113 : E3;
	16114 : E3;
	16115 : E3;
	16116 : E3;
	16117 : E3;
	16118 : E3;
	16119 : E3;
	16120 : E3;
	16121 : E3;
	16122 : E3;
	16123 : E3;
	16124 : E3;
	16125 : E3;
	16126 : E3;
	16127 : E3;
	16128 : E3;
	16129 : E3;
	16130 : E3;
	16131 : E3;
	16132 : E3;
	16133 : E3;
	16134 : E3;
	16135 : E3;
	16136 : E3;
	16137 : E3;
	16138 : E3;
	16139 : E3;
	16140 : E3;
	16141 : E3;
	16142 : E3;
	16143 : E3;
	16144 : E3;
	16145 : E3;
	16146 : E3;
	16147 : E3;
	16148 : E3;
	16149 : E3;
	16150 : E3;
	16151 : E3;
	16152 : E3;
	16153 : E3;
	16154 : 12;
	16155 : 0E;
	16156 : 0E;
	16157 : 0E;
	16158 : 0E;
	16159 : 4A;
	16160 : E3;
	16161 : E3;
	16162 : E3;
	16163 : 0E;
	16164 : 0E;
	16165 : 0E;
	16166 : 0E;
	16167 : 2A;
	16168 : E3;
	16169 : E3;
	16170 : E3;
	16171 : E3;
	16172 : E3;
	16173 : E3;
	16174 : E3;
	16175 : E3;
	16176 : E3;
	16177 : E3;
	16178 : E3;
	16179 : E3;
	16180 : E3;
	16181 : E3;
	16182 : E3;
	16183 : E3;
	16184 : E3;
	16185 : E3;
	16186 : E3;
	16187 : E3;
	16188 : E3;
	16189 : E3;
	16190 : E3;
	16191 : E3;
	16192 : E3;
	16193 : E3;
	16194 : E3;
	16195 : E3;
	16196 : E3;
	16197 : E3;
	16198 : E3;
	16199 : E3;
	16200 : E3;
	16201 : E3;
	16202 : E3;
	16203 : E3;
	16204 : E3;
	16205 : E3;
	16206 : E3;
	16207 : E3;
	16208 : E3;
	16209 : E3;
	16210 : E3;
	16211 : E3;
	16212 : E3;
	16213 : E3;
	16214 : E3;
	16215 : E3;
	16216 : E3;
	16217 : 0E;
	16218 : 12;
	16219 : 0E;
	16220 : 0E;
	16221 : 0E;
	16222 : 0E;
	16223 : 0E;
	16224 : E3;
	16225 : E3;
	16226 : E3;
	16227 : 0E;
	16228 : 0E;
	16229 : 0E;
	16230 : E3;
	16231 : E3;
	16232 : E3;
	16233 : E3;
	16234 : E3;
	16235 : E3;
	16236 : E3;
	16237 : E3;
	16238 : E3;
	16239 : E3;
	16240 : E3;
	16241 : E3;
	16242 : E3;
	16243 : E3;
	16244 : E3;
	16245 : E3;
	16246 : E3;
	16247 : E3;
	16248 : E3;
	16249 : E3;
	16250 : E3;
	16251 : E3;
	16252 : E3;
	16253 : E3;
	16254 : E3;
	16255 : E3;
	16256 : E3;
	16257 : E3;
	16258 : E3;
	16259 : E3;
	16260 : E3;
	16261 : E3;
	16262 : E3;
	16263 : E3;
	16264 : E3;
	16265 : E3;
	16266 : E3;
	16267 : E3;
	16268 : E3;
	16269 : E3;
	16270 : E3;
	16271 : E3;
	16272 : E3;
	16273 : E3;
	16274 : E3;
	16275 : E3;
	16276 : E3;
	16277 : E3;
	16278 : E3;
	16279 : E3;
	16280 : E3;
	16281 : 09;
	16282 : 0E;
	16283 : 0E;
	16284 : 0E;
	16285 : 0E;
	16286 : 0E;
	16287 : 4A;
	16288 : E3;
	16289 : B6;
	16290 : B7;
	16291 : 4E;
	16292 : 0E;
	16293 : E3;
	16294 : E3;
	16295 : E3;
	16296 : E3;
	16297 : E3;
	16298 : E3;
	16299 : E3;
	16300 : E3;
	16301 : E3;
	16302 : E3;
	16303 : E3;
	16304 : E3;
	16305 : E3;
	16306 : E3;
	16307 : E3;
	16308 : E3;
	16309 : E3;
	16310 : E3;
	16311 : E3;
	16312 : E3;
	16313 : E3;
	16314 : E3;
	16315 : E3;
	16316 : E3;
	16317 : E3;
	16318 : E3;
	16319 : E3;
	16320 : E3;
	16321 : E3;
	16322 : E3;
	16323 : E3;
	16324 : E3;
	16325 : E3;
	16326 : E3;
	16327 : E3;
	16328 : E3;
	16329 : E3;
	16330 : E3;
	16331 : E3;
	16332 : E3;
	16333 : E3;
	16334 : E3;
	16335 : E3;
	16336 : E3;
	16337 : E3;
	16338 : E3;
	16339 : E3;
	16340 : E3;
	16341 : E3;
	16342 : E3;
	16343 : E3;
	16344 : E3;
	16345 : E3;
	16346 : 0E;
	16347 : 0E;
	16348 : 0E;
	16349 : 0E;
	16350 : 0E;
	16351 : E3;
	16352 : 6E;
	16353 : B6;
	16354 : B7;
	16355 : B6;
	16356 : 6E;
	16357 : E3;
	16358 : E3;
	16359 : E3;
	16360 : E3;
	16361 : E3;
	16362 : E3;
	16363 : E3;
	16364 : E3;
	16365 : E3;
	16366 : E3;
	16367 : E3;
	16368 : E3;
	16369 : E3;
	16370 : E3;
	16371 : E3;
	16372 : E3;
	16373 : E3;
	16374 : E3;
	16375 : E3;
	16376 : E3;
	16377 : E3;
	16378 : E3;
	16379 : E3;
	16380 : E3;
	16381 : E3;
	16382 : E3;
	16383 : E3;
	16384 : E3;
	16385 : E3;
	16386 : E3;
	16387 : E3;
	16388 : E3;
	16389 : E3;
	16390 : E3;
	16391 : E3;
	16392 : E3;
	16393 : E3;
	16394 : E3;
	16395 : E3;
	16396 : E3;
	16397 : E3;
	16398 : E3;
	16399 : E3;
	16400 : E3;
	16401 : E3;
	16402 : E3;
	16403 : E3;
	16404 : E3;
	16405 : E3;
	16406 : E3;
	16407 : E3;
	16408 : E3;
	16409 : E3;
	16410 : 0E;
	16411 : 0E;
	16412 : 0E;
	16413 : 0E;
	16414 : 0E;
	16415 : E3;
	16416 : E3;
	16417 : 92;
	16418 : BB;
	16419 : B6;
	16420 : E3;
	16421 : E3;
	16422 : E3;
	16423 : E3;
	16424 : E3;
	16425 : E3;
	16426 : E3;
	16427 : E3;
	16428 : E3;
	16429 : E3;
	16430 : E3;
	16431 : E3;
	16432 : E3;
	16433 : E3;
	16434 : E3;
	16435 : E3;
	16436 : E3;
	16437 : E3;
	16438 : E3;
	16439 : E3;
	16440 : E3;
	16441 : E3;
	16442 : E3;
	16443 : E3;
	16444 : E3;
	16445 : E3;
	16446 : E3;
	16447 : E3;
	16448 : E3;
	16449 : E3;
	16450 : E3;
	16451 : E3;
	16452 : E3;
	16453 : E3;
	16454 : E3;
	16455 : E3;
	16456 : E3;
	16457 : E3;
	16458 : E3;
	16459 : E3;
	16460 : E3;
	16461 : E3;
	16462 : E3;
	16463 : E3;
	16464 : E3;
	16465 : E3;
	16466 : E3;
	16467 : E3;
	16468 : E3;
	16469 : E3;
	16470 : E3;
	16471 : E3;
	16472 : E3;
	16473 : E3;
	16474 : 4A;
	16475 : 0E;
	16476 : 0E;
	16477 : 0E;
	16478 : 2E;
	16479 : E3;
	16480 : E3;
	16481 : E3;
	16482 : BB;
	16483 : 8E;
	16484 : E3;
	16485 : E3;
	16486 : E3;
	16487 : E3;
	16488 : E3;
	16489 : E3;
	16490 : E3;
	16491 : E3;
	16492 : E3;
	16493 : E3;
	16494 : E3;
	16495 : E3;
	16496 : E3;
	16497 : E3;
	16498 : E3;
	16499 : E3;
	16500 : E3;
	16501 : E3;
	16502 : E3;
	16503 : E3;
	16504 : E3;
	16505 : E3;
	16506 : E3;
	16507 : E3;
	16508 : E3;
	16509 : E3;
	16510 : E3;
	16511 : E3;
	16512 : E3;
	16513 : E3;
	16514 : E3;
	16515 : E3;
	16516 : E3;
	16517 : E3;
	16518 : E3;
	16519 : E3;
	16520 : E3;
	16521 : E3;
	16522 : E3;
	16523 : E3;
	16524 : E3;
	16525 : E3;
	16526 : E3;
	16527 : E3;
	16528 : E3;
	16529 : E3;
	16530 : E3;
	16531 : E3;
	16532 : E3;
	16533 : E3;
	16534 : E3;
	16535 : E3;
	16536 : E3;
	16537 : E3;
	16538 : E3;
	16539 : 0E;
	16540 : 0E;
	16541 : 0E;
	16542 : 4A;
	16543 : E3;
	16544 : E3;
	16545 : E3;
	16546 : BB;
	16547 : BB;
	16548 : DB;
	16549 : E3;
	16550 : E3;
	16551 : E3;
	16552 : E3;
	16553 : E3;
	16554 : E3;
	16555 : E3;
	16556 : E3;
	16557 : E3;
	16558 : E3;
	16559 : E3;
	16560 : E3;
	16561 : E3;
	16562 : E3;
	16563 : E3;
	16564 : E3;
	16565 : E3;
	16566 : E3;
	16567 : E3;
	16568 : E3;
	16569 : E3;
	16570 : E3;
	16571 : E3;
	16572 : E3;
	16573 : E3;
	16574 : E3;
	16575 : E3;
	16576 : E3;
	16577 : E3;
	16578 : E3;
	16579 : E3;
	16580 : E3;
	16581 : E3;
	16582 : E3;
	16583 : E3;
	16584 : E3;
	16585 : E3;
	16586 : E3;
	16587 : E3;
	16588 : E3;
	16589 : E3;
	16590 : E3;
	16591 : E3;
	16592 : E3;
	16593 : E3;
	16594 : E3;
	16595 : E3;
	16596 : E3;
	16597 : E3;
	16598 : E3;
	16599 : E3;
	16600 : E3;
	16601 : E3;
	16602 : E3;
	16603 : 29;
	16604 : 0D;
	16605 : 0D;
	16606 : E3;
	16607 : E3;
	16608 : E3;
	16609 : E3;
	16610 : 6E;
	16611 : 92;
	16612 : DB;
	16613 : B7;
	16614 : E3;
	16615 : E3;
	16616 : E3;
	16617 : E3;
	16618 : E3;
	16619 : E3;
	16620 : E3;
	16621 : E3;
	16622 : E3;
	16623 : E3;
	16624 : E3;
	16625 : E3;
	16626 : E3;
	16627 : E3;
	16628 : E3;
	16629 : E3;
	16630 : E3;
	16631 : E3;
	16632 : E3;
	16633 : E3;
	16634 : E3;
	16635 : E3;
	16636 : E3;
	16637 : E3;
	16638 : E3;
	16639 : E3;
	16640 : E3;
	16641 : E3;
	16642 : E3;
	16643 : E3;
	16644 : E3;
	16645 : E3;
	16646 : E3;
	16647 : E3;
	16648 : E3;
	16649 : E3;
	16650 : E3;
	16651 : E3;
	16652 : E3;
	16653 : E3;
	16654 : E3;
	16655 : E3;
	16656 : E3;
	16657 : E3;
	16658 : E3;
	16659 : E3;
	16660 : E3;
	16661 : E3;
	16662 : E3;
	16663 : E3;
	16664 : E3;
	16665 : E3;
	16666 : E3;
	16667 : 4A;
	16668 : 4E;
	16669 : 4E;
	16670 : E3;
	16671 : E3;
	16672 : E3;
	16673 : E3;
	16674 : E3;
	16675 : E3;
	16676 : E3;
	16677 : E3;
	16678 : E3;
	16679 : E3;
	16680 : E3;
	16681 : E3;
	16682 : E3;
	16683 : E3;
	16684 : E3;
	16685 : E3;
	16686 : E3;
	16687 : E3;
	16688 : E3;
	16689 : E3;
	16690 : E3;
	16691 : E3;
	16692 : E3;
	16693 : E3;
	16694 : E3;
	16695 : E3;
	16696 : E3;
	16697 : E3;
	16698 : E3;
	16699 : E3;
	16700 : E3;
	16701 : E3;
	16702 : E3;
	16703 : E3;
	16704 : E3;
	16705 : E3;
	16706 : E3;
	16707 : E3;
	16708 : E3;
	16709 : E3;
	16710 : E3;
	16711 : E3;
	16712 : E3;
	16713 : E3;
	16714 : E3;
	16715 : E3;
	16716 : E3;
	16717 : E3;
	16718 : E3;
	16719 : E3;
	16720 : E3;
	16721 : E3;
	16722 : E3;
	16723 : E3;
	16724 : E3;
	16725 : E3;
	16726 : E3;
	16727 : E3;
	16728 : E3;
	16729 : E3;
	16730 : E3;
	16731 : 92;
	16732 : B6;
	16733 : 92;
	16734 : E3;
	16735 : E3;
	16736 : E3;
	16737 : E3;
	16738 : E3;
	16739 : E3;
	16740 : E3;
	16741 : E3;
	16742 : E3;
	16743 : E3;
	16744 : E3;
	16745 : E3;
	16746 : E3;
	16747 : E3;
	16748 : E3;
	16749 : E3;
	16750 : E3;
	16751 : E3;
	16752 : E3;
	16753 : E3;
	16754 : E3;
	16755 : E3;
	16756 : E3;
	16757 : E3;
	16758 : E3;
	16759 : E3;
	16760 : E3;
	16761 : E3;
	16762 : E3;
	16763 : E3;
	16764 : E3;
	16765 : E3;
	16766 : E3;
	16767 : E3;
	16768 : E3;
	16769 : E3;
	16770 : E3;
	16771 : E3;
	16772 : E3;
	16773 : E3;
	16774 : E3;
	16775 : E3;
	16776 : E3;
	16777 : E3;
	16778 : E3;
	16779 : E3;
	16780 : E3;
	16781 : E3;
	16782 : E3;
	16783 : E3;
	16784 : E3;
	16785 : E3;
	16786 : E3;
	16787 : E3;
	16788 : E3;
	16789 : E3;
	16790 : E3;
	16791 : E3;
	16792 : E3;
	16793 : E3;
	16794 : E3;
	16795 : B7;
	16796 : B7;
	16797 : B7;
	16798 : 92;
	16799 : E3;
	16800 : E3;
	16801 : E3;
	16802 : E3;
	16803 : E3;
	16804 : E3;
	16805 : E3;
	16806 : E3;
	16807 : E3;
	16808 : E3;
	16809 : E3;
	16810 : E3;
	16811 : E3;
	16812 : E3;
	16813 : E3;
	16814 : E3;
	16815 : E3;
	16816 : E3;
	16817 : E3;
	16818 : E3;
	16819 : E3;
	16820 : E3;
	16821 : E3;
	16822 : E3;
	16823 : E3;
	16824 : E3;
	16825 : E3;
	16826 : E3;
	16827 : E3;
	16828 : E3;
	16829 : E3;
	16830 : E3;
	16831 : E3;
	16832 : E3;
	16833 : E3;
	16834 : E3;
	16835 : E3;
	16836 : E3;
	16837 : E3;
	16838 : E3;
	16839 : E3;
	16840 : E3;
	16841 : E3;
	16842 : E3;
	16843 : E3;
	16844 : E3;
	16845 : E3;
	16846 : E3;
	16847 : E3;
	16848 : E3;
	16849 : E3;
	16850 : E3;
	16851 : E3;
	16852 : E3;
	16853 : E3;
	16854 : E3;
	16855 : E3;
	16856 : E3;
	16857 : E3;
	16858 : E3;
	16859 : 6D;
	16860 : 6D;
	16861 : 6D;
	16862 : 69;
	16863 : E3;
	16864 : E3;
	16865 : E3;
	16866 : E3;
	16867 : E3;
	16868 : E3;
	16869 : E3;
	16870 : E3;
	16871 : E3;
	16872 : E3;
	16873 : E3;
	16874 : E3;
	16875 : E3;
	16876 : E3;
	16877 : E3;
	16878 : E3;
	16879 : E3;
	16880 : E3;
	16881 : E3;
	16882 : E3;
	16883 : E3;
	16884 : E3;
	16885 : E3;
	16886 : E3;
	16887 : E3;
	16888 : E3;
	16889 : E3;
	16890 : E3;
	16891 : E3;
	16892 : E3;
	16893 : E3;
	16894 : E3;
	16895 : E3;
	16896 : E3;
	16897 : E3;
	16898 : E3;
	16899 : E3;
	16900 : E3;
	16901 : E3;
	16902 : E3;
	16903 : E3;
	16904 : E3;
	16905 : E3;
	16906 : E3;
	16907 : E3;
	16908 : E3;
	16909 : E3;
	16910 : E3;
	16911 : E3;
	16912 : E3;
	16913 : E3;
	16914 : E3;
	16915 : E3;
	16916 : E3;
	16917 : E3;
	16918 : E3;
	16919 : E3;
	16920 : E3;
	16921 : E3;
	16922 : E3;
	16923 : E3;
	16924 : E3;
	16925 : E3;
	16926 : E3;
	16927 : E3;
	16928 : E3;
	16929 : E3;
	16930 : E3;
	16931 : E3;
	16932 : E3;
	16933 : E3;
	16934 : E3;
	16935 : E3;
	16936 : E3;
	16937 : E3;
	16938 : E3;
	16939 : E3;
	16940 : E3;
	16941 : E3;
	16942 : E3;
	16943 : E3;
	16944 : E3;
	16945 : E3;
	16946 : E3;
	16947 : E3;
	16948 : E3;
	16949 : E3;
	16950 : E3;
	16951 : E3;
	16952 : E3;
	16953 : E3;
	16954 : E3;
	16955 : E3;
	16956 : E3;
	16957 : E3;
	16958 : E3;
	16959 : E3;
	16960 : E3;
	16961 : E3;
	16962 : E3;
	16963 : E3;
	16964 : E3;
	16965 : E3;
	16966 : E3;
	16967 : E3;
	16968 : E3;
	16969 : E3;
	16970 : E3;
	16971 : E3;
	16972 : E3;
	16973 : E3;
	16974 : E3;
	16975 : E3;
	16976 : E3;
	16977 : E3;
	16978 : E3;
	16979 : E3;
	16980 : E3;
	16981 : E3;
	16982 : E3;
	16983 : E3;
	16984 : E3;
	16985 : E3;
	16986 : E3;
	16987 : E3;
	16988 : E3;
	16989 : E3;
	16990 : E3;
	16991 : E3;
	16992 : E3;
	16993 : E3;
	16994 : E3;
	16995 : E3;
	16996 : E3;
	16997 : E3;
	16998 : E3;
	16999 : E3;
	17000 : E3;
	17001 : E3;
	17002 : E3;
	17003 : E3;
	17004 : E3;
	17005 : E3;
	17006 : E3;
	17007 : E3;
	17008 : E3;
	17009 : E3;
	17010 : E3;
	17011 : E3;
	17012 : E3;
	17013 : E3;
	17014 : E3;
	17015 : E3;
	17016 : E3;
	17017 : E3;
	17018 : E3;
	17019 : E3;
	17020 : E3;
	17021 : E3;
	17022 : E3;
	17023 : E3;
	17024 : E3;
	17025 : E3;
	17026 : E3;
	17027 : E3;
	17028 : E3;
	17029 : E3;
	17030 : E3;
	17031 : E3;
	17032 : E3;
	17033 : E3;
	17034 : E3;
	17035 : E3;
	17036 : E3;
	17037 : E3;
	17038 : E3;
	17039 : E3;
	17040 : E3;
	17041 : E3;
	17042 : E3;
	17043 : E3;
	17044 : E3;
	17045 : E3;
	17046 : E3;
	17047 : E3;
	17048 : E3;
	17049 : E3;
	17050 : E3;
	17051 : E3;
	17052 : E3;
	17053 : E3;
	17054 : E3;
	17055 : E3;
	17056 : E3;
	17057 : E3;
	17058 : E3;
	17059 : E3;
	17060 : E3;
	17061 : E3;
	17062 : E3;
	17063 : E3;
	17064 : E3;
	17065 : E3;
	17066 : E3;
	17067 : E3;
	17068 : E3;
	17069 : E3;
	17070 : E3;
	17071 : E3;
	17072 : E3;
	17073 : E3;
	17074 : E3;
	17075 : E3;
	17076 : E3;
	17077 : E3;
	17078 : E3;
	17079 : E3;
	17080 : E3;
	17081 : E3;
	17082 : E3;
	17083 : E3;
	17084 : E3;
	17085 : E3;
	17086 : E3;
	17087 : E3;
	17088 : E3;
	17089 : E3;
	17090 : E3;
	17091 : E3;
	17092 : E3;
	17093 : E3;
	17094 : E3;
	17095 : E3;
	17096 : E3;
	17097 : E3;
	17098 : E3;
	17099 : E3;
	17100 : E3;
	17101 : E3;
	17102 : E3;
	17103 : E3;
	17104 : E3;
	17105 : E3;
	17106 : E3;
	17107 : E3;
	17108 : E3;
	17109 : E3;
	17110 : E3;
	17111 : E3;
	17112 : E3;
	17113 : E3;
	17114 : E3;
	17115 : E3;
	17116 : E3;
	17117 : E3;
	17118 : E3;
	17119 : E3;
	17120 : E3;
	17121 : E3;
	17122 : E3;
	17123 : E3;
	17124 : E3;
	17125 : E3;
	17126 : E3;
	17127 : E3;
	17128 : E3;
	17129 : E3;
	17130 : E3;
	17131 : E3;
	17132 : E3;
	17133 : E3;
	17134 : E3;
	17135 : E3;
	17136 : E3;
	17137 : E3;
	17138 : E3;
	17139 : E3;
	17140 : E3;
	17141 : E3;
	17142 : E3;
	17143 : E3;
	17144 : E3;
	17145 : E3;
	17146 : E3;
	17147 : E3;
	17148 : E3;
	17149 : E3;
	17150 : E3;
	17151 : E3;
	17152 : E3;
	17153 : E3;
	17154 : E3;
	17155 : E3;
	17156 : E3;
	17157 : E3;
	17158 : E3;
	17159 : E3;
	17160 : E3;
	17161 : E3;
	17162 : E3;
	17163 : E3;
	17164 : E3;
	17165 : E3;
	17166 : E3;
	17167 : E3;
	17168 : E3;
	17169 : E3;
	17170 : E3;
	17171 : E3;
	17172 : E3;
	17173 : E3;
	17174 : E3;
	17175 : E3;
	17176 : E3;
	17177 : E3;
	17178 : E3;
	17179 : E3;
	17180 : E3;
	17181 : E3;
	17182 : E3;
	17183 : E3;
	17184 : E3;
	17185 : E3;
	17186 : E3;
	17187 : E3;
	17188 : E3;
	17189 : E3;
	17190 : E3;
	17191 : E3;
	17192 : E3;
	17193 : E3;
	17194 : E3;
	17195 : E3;
	17196 : E3;
	17197 : E3;
	17198 : E3;
	17199 : E3;
	17200 : E3;
	17201 : E3;
	17202 : E3;
	17203 : E3;
	17204 : E3;
	17205 : E3;
	17206 : E3;
	17207 : E3;
	17208 : E3;
	17209 : E3;
	17210 : E3;
	17211 : E3;
	17212 : E3;
	17213 : E3;
	17214 : E3;
	17215 : E3;
	17216 : E3;
	17217 : E3;
	17218 : E3;
	17219 : E3;
	17220 : E3;
	17221 : E3;
	17222 : E3;
	17223 : E3;
	17224 : E3;
	17225 : E3;
	17226 : E3;
	17227 : E3;
	17228 : E3;
	17229 : E3;
	17230 : E3;
	17231 : E3;
	17232 : E3;
	17233 : E3;
	17234 : E3;
	17235 : E3;
	17236 : E3;
	17237 : E3;
	17238 : E3;
	17239 : E3;
	17240 : E3;
	17241 : E3;
	17242 : E3;
	17243 : E3;
	17244 : E3;
	17245 : E3;
	17246 : E3;
	17247 : E3;
	17248 : E3;
	17249 : E3;
	17250 : E3;
	17251 : E3;
	17252 : E3;
	17253 : E3;
	17254 : E3;
	17255 : E3;
	17256 : E3;
	17257 : E3;
	17258 : E3;
	17259 : E3;
	17260 : E3;
	17261 : E3;
	17262 : E3;
	17263 : E3;
	17264 : E3;
	17265 : E3;
	17266 : E3;
	17267 : E3;
	17268 : E3;
	17269 : E3;
	17270 : E3;
	17271 : E3;
	17272 : E3;
	17273 : E3;
	17274 : E3;
	17275 : E3;
	17276 : E3;
	17277 : E3;
	17278 : E3;
	17279 : E3;
	17280 : E3;
	17281 : E3;
	17282 : E3;
	17283 : E3;
	17284 : E3;
	17285 : E3;
	17286 : E3;
	17287 : E3;
	17288 : E3;
	17289 : E3;
	17290 : E3;
	17291 : E3;
	17292 : E3;
	17293 : E3;
	17294 : E3;
	17295 : E3;
	17296 : E3;
	17297 : E3;
	17298 : E3;
	17299 : E3;
	17300 : E3;
	17301 : E3;
	17302 : E3;
	17303 : E3;
	17304 : E3;
	17305 : E3;
	17306 : E3;
	17307 : E3;
	17308 : E3;
	17309 : E3;
	17310 : E3;
	17311 : E3;
	17312 : E3;
	17313 : E3;
	17314 : E3;
	17315 : E3;
	17316 : E3;
	17317 : E3;
	17318 : E3;
	17319 : E3;
	17320 : E3;
	17321 : E3;
	17322 : E3;
	17323 : E3;
	17324 : E3;
	17325 : E3;
	17326 : E3;
	17327 : E3;
	17328 : E3;
	17329 : E3;
	17330 : E3;
	17331 : E3;
	17332 : E3;
	17333 : E3;
	17334 : E3;
	17335 : E3;
	17336 : E3;
	17337 : E3;
	17338 : E3;
	17339 : E3;
	17340 : E3;
	17341 : E3;
	17342 : E3;
	17343 : E3;
	17344 : E3;
	17345 : E3;
	17346 : E3;
	17347 : E3;
	17348 : E3;
	17349 : E3;
	17350 : E3;
	17351 : E3;
	17352 : E3;
	17353 : E3;
	17354 : E3;
	17355 : E3;
	17356 : E3;
	17357 : E3;
	17358 : E3;
	17359 : E3;
	17360 : E3;
	17361 : E3;
	17362 : E3;
	17363 : E3;
	17364 : E3;
	17365 : E3;
	17366 : E3;
	17367 : E3;
	17368 : E3;
	17369 : E3;
	17370 : E3;
	17371 : E3;
	17372 : E3;
	17373 : E3;
	17374 : E3;
	17375 : E3;
	17376 : E3;
	17377 : E3;
	17378 : E3;
	17379 : E3;
	17380 : E3;
	17381 : E3;
	17382 : E3;
	17383 : E3;
	17384 : E3;
	17385 : E3;
	17386 : E3;
	17387 : E3;
	17388 : E3;
	17389 : E3;
	17390 : E3;
	17391 : E3;
	17392 : E3;
	17393 : E3;
	17394 : E3;
	17395 : E3;
	17396 : E3;
	17397 : E3;
	17398 : E3;
	17399 : E3;
	17400 : E3;
	17401 : E3;
	17402 : E3;
	17403 : E3;
	17404 : E3;
	17405 : E3;
	17406 : E3;
	17407 : E3;
	17408 : E3;
	17409 : E3;
	17410 : E3;
	17411 : E3;
	17412 : E3;
	17413 : E3;
	17414 : E3;
	17415 : E3;
	17416 : E3;
	17417 : E3;
	17418 : E3;
	17419 : E3;
	17420 : E3;
	17421 : E3;
	17422 : E3;
	17423 : E3;
	17424 : E3;
	17425 : E3;
	17426 : E3;
	17427 : E3;
	17428 : E3;
	17429 : E3;
	17430 : E3;
	17431 : E3;
	17432 : E3;
	17433 : E3;
	17434 : E3;
	17435 : E3;
	17436 : E3;
	17437 : E3;
	17438 : E3;
	17439 : E3;
	17440 : E3;
	17441 : E3;
	17442 : E3;
	17443 : E3;
	17444 : E3;
	17445 : E3;
	17446 : E3;
	17447 : E3;
	17448 : E3;
	17449 : E3;
	17450 : E3;
	17451 : E3;
	17452 : E3;
	17453 : E3;
	17454 : E3;
	17455 : E3;
	17456 : E3;
	17457 : E3;
	17458 : E3;
	17459 : E3;
	17460 : E3;
	17461 : E3;
	17462 : E3;
	17463 : E3;
	17464 : E3;
	17465 : E3;
	17466 : E3;
	17467 : E3;
	17468 : E3;
	17469 : E3;
	17470 : E3;
	17471 : E3;
	17472 : E3;
	17473 : E3;
	17474 : E3;
	17475 : E3;
	17476 : E3;
	17477 : E3;
	17478 : E3;
	17479 : E3;
	17480 : E3;
	17481 : E3;
	17482 : E3;
	17483 : E3;
	17484 : E3;
	17485 : E3;
	17486 : E3;
	17487 : E3;
	17488 : E3;
	17489 : E3;
	17490 : E3;
	17491 : E3;
	17492 : E3;
	17493 : E3;
	17494 : E3;
	17495 : E3;
	17496 : E3;
	17497 : E3;
	17498 : E3;
	17499 : E3;
	17500 : E3;
	17501 : E3;
	17502 : E3;
	17503 : E3;
	17504 : E3;
	17505 : E3;
	17506 : E3;
	17507 : E3;
	17508 : E3;
	17509 : E3;
	17510 : E3;
	17511 : E3;
	17512 : E3;
	17513 : E3;
	17514 : E3;
	17515 : E3;
	17516 : E3;
	17517 : E3;
	17518 : E3;
	17519 : E3;
	17520 : E3;
	17521 : E3;
	17522 : E3;
	17523 : E3;
	17524 : E3;
	17525 : E3;
	17526 : E3;
	17527 : E3;
	17528 : E3;
	17529 : E3;
	17530 : E3;
	17531 : E3;
	17532 : E3;
	17533 : E3;
	17534 : E3;
	17535 : E3;
	17536 : E3;
	17537 : E3;
	17538 : E3;
	17539 : E3;
	17540 : E3;
	17541 : E3;
	17542 : E3;
	17543 : E3;
	17544 : E3;
	17545 : E3;
	17546 : E3;
	17547 : E3;
	17548 : E3;
	17549 : E3;
	17550 : E3;
	17551 : E3;
	17552 : E3;
	17553 : E3;
	17554 : E3;
	17555 : E3;
	17556 : E3;
	17557 : E3;
	17558 : E3;
	17559 : E3;
	17560 : E3;
	17561 : E3;
	17562 : E3;
	17563 : E3;
	17564 : E3;
	17565 : E3;
	17566 : E3;
	17567 : E3;
	17568 : E3;
	17569 : E3;
	17570 : E3;
	17571 : E3;
	17572 : E3;
	17573 : E3;
	17574 : E3;
	17575 : E3;
	17576 : E3;
	17577 : E3;
	17578 : E3;
	17579 : E3;
	17580 : E3;
	17581 : E3;
	17582 : E3;
	17583 : E3;
	17584 : E3;
	17585 : E3;
	17586 : E3;
	17587 : E3;
	17588 : E3;
	17589 : E3;
	17590 : E3;
	17591 : E3;
	17592 : E3;
	17593 : E3;
	17594 : E3;
	17595 : E3;
	17596 : E3;
	17597 : E3;
	17598 : E3;
	17599 : E3;
	17600 : E3;
	17601 : E3;
	17602 : E3;
	17603 : E3;
	17604 : E3;
	17605 : E3;
	17606 : E3;
	17607 : E3;
	17608 : E3;
	17609 : E3;
	17610 : E3;
	17611 : E3;
	17612 : E3;
	17613 : E3;
	17614 : E3;
	17615 : E3;
	17616 : E3;
	17617 : E3;
	17618 : E3;
	17619 : E3;
	17620 : E3;
	17621 : E3;
	17622 : E3;
	17623 : E3;
	17624 : E3;
	17625 : E3;
	17626 : E3;
	17627 : E3;
	17628 : E3;
	17629 : E3;
	17630 : E3;
	17631 : E3;
	17632 : E3;
	17633 : E3;
	17634 : E3;
	17635 : E3;
	17636 : E3;
	17637 : E3;
	17638 : E3;
	17639 : E3;
	17640 : E3;
	17641 : E3;
	17642 : E3;
	17643 : E3;
	17644 : E3;
	17645 : E3;
	17646 : E3;
	17647 : E3;
	17648 : E3;
	17649 : E3;
	17650 : E3;
	17651 : E3;
	17652 : E3;
	17653 : E3;
	17654 : E3;
	17655 : E3;
	17656 : E3;
	17657 : E3;
	17658 : E3;
	17659 : E3;
	17660 : E3;
	17661 : E3;
	17662 : E3;
	17663 : E3;
	17664 : E3;
	17665 : E3;
	17666 : E3;
	17667 : E3;
	17668 : E3;
	17669 : E3;
	17670 : E3;
	17671 : E3;
	17672 : E3;
	17673 : E3;
	17674 : E3;
	17675 : E3;
	17676 : E3;
	17677 : E3;
	17678 : E3;
	17679 : E3;
	17680 : E3;
	17681 : E3;
	17682 : E3;
	17683 : E3;
	17684 : E3;
	17685 : E3;
	17686 : E3;
	17687 : E3;
	17688 : E3;
	17689 : E3;
	17690 : E3;
	17691 : E3;
	17692 : E3;
	17693 : E3;
	17694 : E3;
	17695 : E3;
	17696 : E3;
	17697 : E3;
	17698 : E3;
	17699 : E3;
	17700 : E3;
	17701 : E3;
	17702 : E3;
	17703 : E3;
	17704 : E3;
	17705 : E3;
	17706 : E3;
	17707 : E3;
	17708 : E3;
	17709 : E3;
	17710 : E3;
	17711 : E3;
	17712 : E3;
	17713 : E3;
	17714 : E3;
	17715 : E3;
	17716 : E3;
	17717 : E3;
	17718 : E3;
	17719 : E3;
	17720 : E3;
	17721 : E3;
	17722 : E3;
	17723 : E3;
	17724 : E3;
	17725 : E3;
	17726 : E3;
	17727 : E3;
	17728 : E3;
	17729 : E3;
	17730 : E3;
	17731 : E3;
	17732 : E3;
	17733 : E3;
	17734 : E3;
	17735 : E3;
	17736 : E3;
	17737 : E3;
	17738 : E3;
	17739 : E3;
	17740 : E3;
	17741 : E3;
	17742 : E3;
	17743 : E3;
	17744 : E3;
	17745 : E3;
	17746 : E3;
	17747 : E3;
	17748 : E3;
	17749 : E3;
	17750 : E3;
	17751 : E3;
	17752 : E3;
	17753 : E3;
	17754 : E3;
	17755 : E3;
	17756 : E3;
	17757 : E3;
	17758 : E3;
	17759 : E3;
	17760 : E3;
	17761 : E3;
	17762 : E3;
	17763 : E3;
	17764 : E3;
	17765 : E3;
	17766 : E3;
	17767 : E3;
	17768 : E3;
	17769 : E3;
	17770 : E3;
	17771 : E3;
	17772 : E3;
	17773 : E3;
	17774 : E3;
	17775 : E3;
	17776 : E3;
	17777 : E3;
	17778 : E3;
	17779 : E3;
	17780 : E3;
	17781 : E3;
	17782 : E3;
	17783 : E3;
	17784 : E3;
	17785 : E3;
	17786 : E3;
	17787 : E3;
	17788 : E3;
	17789 : E3;
	17790 : E3;
	17791 : E3;
	17792 : E3;
	17793 : E3;
	17794 : E3;
	17795 : E3;
	17796 : E3;
	17797 : E3;
	17798 : E3;
	17799 : E3;
	17800 : E3;
	17801 : E3;
	17802 : E3;
	17803 : E3;
	17804 : E3;
	17805 : E3;
	17806 : E3;
	17807 : E3;
	17808 : E3;
	17809 : E3;
	17810 : E3;
	17811 : E3;
	17812 : E3;
	17813 : E3;
	17814 : E3;
	17815 : E3;
	17816 : E3;
	17817 : E3;
	17818 : E3;
	17819 : E3;
	17820 : E3;
	17821 : E3;
	17822 : E3;
	17823 : E3;
	17824 : E3;
	17825 : E3;
	17826 : E3;
	17827 : E3;
	17828 : E3;
	17829 : E3;
	17830 : E3;
	17831 : E3;
	17832 : E3;
	17833 : E3;
	17834 : E3;
	17835 : E3;
	17836 : E3;
	17837 : E3;
	17838 : E3;
	17839 : E3;
	17840 : E3;
	17841 : E3;
	17842 : E3;
	17843 : E3;
	17844 : E3;
	17845 : E3;
	17846 : E3;
	17847 : E3;
	17848 : E3;
	17849 : E3;
	17850 : E3;
	17851 : E3;
	17852 : E3;
	17853 : E3;
	17854 : E3;
	17855 : E3;
	17856 : E3;
	17857 : E3;
	17858 : E3;
	17859 : E3;
	17860 : E3;
	17861 : E3;
	17862 : E3;
	17863 : E3;
	17864 : E3;
	17865 : E3;
	17866 : E3;
	17867 : E3;
	17868 : E3;
	17869 : E3;
	17870 : E3;
	17871 : E3;
	17872 : E3;
	17873 : E3;
	17874 : E3;
	17875 : E3;
	17876 : E3;
	17877 : E3;
	17878 : E3;
	17879 : E3;
	17880 : E3;
	17881 : E3;
	17882 : E3;
	17883 : E3;
	17884 : E3;
	17885 : E3;
	17886 : E3;
	17887 : E3;
	17888 : E3;
	17889 : E3;
	17890 : E3;
	17891 : E3;
	17892 : E3;
	17893 : E3;
	17894 : E3;
	17895 : E3;
	17896 : E3;
	17897 : E3;
	17898 : E3;
	17899 : E3;
	17900 : E3;
	17901 : E3;
	17902 : E3;
	17903 : E3;
	17904 : E3;
	17905 : E3;
	17906 : E3;
	17907 : E3;
	17908 : E3;
	17909 : E3;
	17910 : E3;
	17911 : E3;
	17912 : E3;
	17913 : E3;
	17914 : E3;
	17915 : E3;
	17916 : E3;
	17917 : E3;
	17918 : E3;
	17919 : E3;
	17920 : E3;
	17921 : E3;
	17922 : E3;
	17923 : E3;
	17924 : E3;
	17925 : E3;
	17926 : E3;
	17927 : E3;
	17928 : E3;
	17929 : E3;
	17930 : E3;
	17931 : E3;
	17932 : E3;
	17933 : E3;
	17934 : E3;
	17935 : E3;
	17936 : E3;
	17937 : E3;
	17938 : E3;
	17939 : E3;
	17940 : E3;
	17941 : E3;
	17942 : E3;
	17943 : E3;
	17944 : E3;
	17945 : E3;
	17946 : E3;
	17947 : E3;
	17948 : E3;
	17949 : E3;
	17950 : E3;
	17951 : E3;
	17952 : E3;
	17953 : E3;
	17954 : 24;
	17955 : 24;
	17956 : 24;
	17957 : 24;
	17958 : E3;
	17959 : E3;
	17960 : E3;
	17961 : E3;
	17962 : E3;
	17963 : E3;
	17964 : E3;
	17965 : E3;
	17966 : E3;
	17967 : E3;
	17968 : E3;
	17969 : E3;
	17970 : E3;
	17971 : E3;
	17972 : E3;
	17973 : E3;
	17974 : E3;
	17975 : E3;
	17976 : E3;
	17977 : E3;
	17978 : E3;
	17979 : E3;
	17980 : E3;
	17981 : E3;
	17982 : E3;
	17983 : E3;
	17984 : E3;
	17985 : E3;
	17986 : E3;
	17987 : E3;
	17988 : E3;
	17989 : E3;
	17990 : E3;
	17991 : E3;
	17992 : E3;
	17993 : E3;
	17994 : E3;
	17995 : E3;
	17996 : E3;
	17997 : E3;
	17998 : E3;
	17999 : E3;
	18000 : E3;
	18001 : E3;
	18002 : E3;
	18003 : E3;
	18004 : E3;
	18005 : E3;
	18006 : E3;
	18007 : E3;
	18008 : E3;
	18009 : E3;
	18010 : E3;
	18011 : E3;
	18012 : E3;
	18013 : E3;
	18014 : E3;
	18015 : E3;
	18016 : E3;
	18017 : E3;
	18018 : 24;
	18019 : 44;
	18020 : 44;
	18021 : 44;
	18022 : 24;
	18023 : E3;
	18024 : E3;
	18025 : E3;
	18026 : E3;
	18027 : E3;
	18028 : E3;
	18029 : E3;
	18030 : E3;
	18031 : E3;
	18032 : E3;
	18033 : E3;
	18034 : E3;
	18035 : E3;
	18036 : E3;
	18037 : E3;
	18038 : E3;
	18039 : E3;
	18040 : E3;
	18041 : E3;
	18042 : E3;
	18043 : E3;
	18044 : E3;
	18045 : E3;
	18046 : E3;
	18047 : E3;
	18048 : E3;
	18049 : E3;
	18050 : E3;
	18051 : E3;
	18052 : E3;
	18053 : E3;
	18054 : E3;
	18055 : E3;
	18056 : E3;
	18057 : E3;
	18058 : E3;
	18059 : E3;
	18060 : E3;
	18061 : E3;
	18062 : E3;
	18063 : E3;
	18064 : E3;
	18065 : E3;
	18066 : E3;
	18067 : E3;
	18068 : E3;
	18069 : E3;
	18070 : E3;
	18071 : E3;
	18072 : E3;
	18073 : E3;
	18074 : E3;
	18075 : E3;
	18076 : E3;
	18077 : E3;
	18078 : E3;
	18079 : E3;
	18080 : E3;
	18081 : 44;
	18082 : 24;
	18083 : 64;
	18084 : A8;
	18085 : A8;
	18086 : A8;
	18087 : E3;
	18088 : E3;
	18089 : E3;
	18090 : E3;
	18091 : E3;
	18092 : E3;
	18093 : E3;
	18094 : E3;
	18095 : E3;
	18096 : E3;
	18097 : E3;
	18098 : E3;
	18099 : E3;
	18100 : E3;
	18101 : E3;
	18102 : E3;
	18103 : E3;
	18104 : E3;
	18105 : E3;
	18106 : E3;
	18107 : E3;
	18108 : E3;
	18109 : E3;
	18110 : E3;
	18111 : E3;
	18112 : E3;
	18113 : E3;
	18114 : E3;
	18115 : E3;
	18116 : E3;
	18117 : E3;
	18118 : E3;
	18119 : E3;
	18120 : E3;
	18121 : E3;
	18122 : E3;
	18123 : E3;
	18124 : E3;
	18125 : E3;
	18126 : E3;
	18127 : E3;
	18128 : E3;
	18129 : E3;
	18130 : E3;
	18131 : E3;
	18132 : E3;
	18133 : E3;
	18134 : E3;
	18135 : E3;
	18136 : E3;
	18137 : E3;
	18138 : E3;
	18139 : E3;
	18140 : E3;
	18141 : E3;
	18142 : 80;
	18143 : 84;
	18144 : 88;
	18145 : 88;
	18146 : 84;
	18147 : 88;
	18148 : 88;
	18149 : A9;
	18150 : CC;
	18151 : A9;
	18152 : E3;
	18153 : E3;
	18154 : E3;
	18155 : E3;
	18156 : E3;
	18157 : E3;
	18158 : E3;
	18159 : E3;
	18160 : E3;
	18161 : E3;
	18162 : E3;
	18163 : E3;
	18164 : E3;
	18165 : E3;
	18166 : E3;
	18167 : E3;
	18168 : E3;
	18169 : E3;
	18170 : E3;
	18171 : E3;
	18172 : E3;
	18173 : E3;
	18174 : E3;
	18175 : E3;
	18176 : E3;
	18177 : E3;
	18178 : E3;
	18179 : E3;
	18180 : E3;
	18181 : E3;
	18182 : E3;
	18183 : E3;
	18184 : E3;
	18185 : E3;
	18186 : E3;
	18187 : E3;
	18188 : E3;
	18189 : E3;
	18190 : E3;
	18191 : E3;
	18192 : E3;
	18193 : E3;
	18194 : E3;
	18195 : E3;
	18196 : E3;
	18197 : E3;
	18198 : E3;
	18199 : E3;
	18200 : 80;
	18201 : 80;
	18202 : A0;
	18203 : A0;
	18204 : A0;
	18205 : A0;
	18206 : A0;
	18207 : A4;
	18208 : 88;
	18209 : 88;
	18210 : 88;
	18211 : CD;
	18212 : A8;
	18213 : 88;
	18214 : CD;
	18215 : E3;
	18216 : E3;
	18217 : E3;
	18218 : E3;
	18219 : E3;
	18220 : E3;
	18221 : E3;
	18222 : E3;
	18223 : E3;
	18224 : E3;
	18225 : E3;
	18226 : E3;
	18227 : E3;
	18228 : E3;
	18229 : E3;
	18230 : E3;
	18231 : E3;
	18232 : E3;
	18233 : E3;
	18234 : E3;
	18235 : E3;
	18236 : E3;
	18237 : E3;
	18238 : E3;
	18239 : E3;
	18240 : E3;
	18241 : E3;
	18242 : E3;
	18243 : E3;
	18244 : E3;
	18245 : E3;
	18246 : E3;
	18247 : E3;
	18248 : E3;
	18249 : E3;
	18250 : E3;
	18251 : E3;
	18252 : E3;
	18253 : E3;
	18254 : E3;
	18255 : E3;
	18256 : E3;
	18257 : E3;
	18258 : E3;
	18259 : E3;
	18260 : E3;
	18261 : E3;
	18262 : E3;
	18263 : 80;
	18264 : 80;
	18265 : C0;
	18266 : C0;
	18267 : C0;
	18268 : E0;
	18269 : C0;
	18270 : A0;
	18271 : 80;
	18272 : 88;
	18273 : A8;
	18274 : 88;
	18275 : A8;
	18276 : B1;
	18277 : B1;
	18278 : 88;
	18279 : 84;
	18280 : E3;
	18281 : E3;
	18282 : E3;
	18283 : E3;
	18284 : E3;
	18285 : E3;
	18286 : E3;
	18287 : E3;
	18288 : E3;
	18289 : E3;
	18290 : E3;
	18291 : E3;
	18292 : E3;
	18293 : E3;
	18294 : E3;
	18295 : E3;
	18296 : E3;
	18297 : E3;
	18298 : E3;
	18299 : E3;
	18300 : E3;
	18301 : E3;
	18302 : E3;
	18303 : E3;
	18304 : E3;
	18305 : E3;
	18306 : E3;
	18307 : E3;
	18308 : E3;
	18309 : E3;
	18310 : E3;
	18311 : E3;
	18312 : E3;
	18313 : E3;
	18314 : E3;
	18315 : E3;
	18316 : E3;
	18317 : E3;
	18318 : E3;
	18319 : E3;
	18320 : E3;
	18321 : E3;
	18322 : E3;
	18323 : E3;
	18324 : E3;
	18325 : E3;
	18326 : E3;
	18327 : 80;
	18328 : A0;
	18329 : E0;
	18330 : E0;
	18331 : E0;
	18332 : E0;
	18333 : E0;
	18334 : C0;
	18335 : A0;
	18336 : 84;
	18337 : A8;
	18338 : 88;
	18339 : B1;
	18340 : DA;
	18341 : DA;
	18342 : DA;
	18343 : AD;
	18344 : C0;
	18345 : E3;
	18346 : E3;
	18347 : E3;
	18348 : E3;
	18349 : E3;
	18350 : E3;
	18351 : E3;
	18352 : E3;
	18353 : E3;
	18354 : E3;
	18355 : E3;
	18356 : E3;
	18357 : E3;
	18358 : E3;
	18359 : E3;
	18360 : E3;
	18361 : E3;
	18362 : E3;
	18363 : E3;
	18364 : E3;
	18365 : E3;
	18366 : E3;
	18367 : E3;
	18368 : E3;
	18369 : E3;
	18370 : E3;
	18371 : E3;
	18372 : E3;
	18373 : E3;
	18374 : E3;
	18375 : E3;
	18376 : E3;
	18377 : E3;
	18378 : E3;
	18379 : E3;
	18380 : E3;
	18381 : E3;
	18382 : E3;
	18383 : E3;
	18384 : E3;
	18385 : E3;
	18386 : E3;
	18387 : E3;
	18388 : E3;
	18389 : E3;
	18390 : A0;
	18391 : A0;
	18392 : A0;
	18393 : C0;
	18394 : E0;
	18395 : E0;
	18396 : E0;
	18397 : E0;
	18398 : C0;
	18399 : A0;
	18400 : 80;
	18401 : 84;
	18402 : 91;
	18403 : DA;
	18404 : DA;
	18405 : DA;
	18406 : DA;
	18407 : B6;
	18408 : C0;
	18409 : A1;
	18410 : E3;
	18411 : E3;
	18412 : A8;
	18413 : E3;
	18414 : E3;
	18415 : E3;
	18416 : E3;
	18417 : E3;
	18418 : E3;
	18419 : E3;
	18420 : E3;
	18421 : E3;
	18422 : E3;
	18423 : E3;
	18424 : E3;
	18425 : E3;
	18426 : E3;
	18427 : E3;
	18428 : E3;
	18429 : E3;
	18430 : E3;
	18431 : E3;
	18432 : E3;
	18433 : E3;
	18434 : E3;
	18435 : E3;
	18436 : E3;
	18437 : E3;
	18438 : E3;
	18439 : E3;
	18440 : E3;
	18441 : E3;
	18442 : E3;
	18443 : E3;
	18444 : E3;
	18445 : E3;
	18446 : E3;
	18447 : E3;
	18448 : E3;
	18449 : E3;
	18450 : E3;
	18451 : E3;
	18452 : E3;
	18453 : E3;
	18454 : A0;
	18455 : A0;
	18456 : 80;
	18457 : A0;
	18458 : A0;
	18459 : C0;
	18460 : C0;
	18461 : C0;
	18462 : A0;
	18463 : A0;
	18464 : 80;
	18465 : 84;
	18466 : CD;
	18467 : B1;
	18468 : DA;
	18469 : DA;
	18470 : 91;
	18471 : 84;
	18472 : A0;
	18473 : A0;
	18474 : AD;
	18475 : 88;
	18476 : 68;
	18477 : 84;
	18478 : E3;
	18479 : E3;
	18480 : E3;
	18481 : E3;
	18482 : E3;
	18483 : E3;
	18484 : E3;
	18485 : E3;
	18486 : E3;
	18487 : E3;
	18488 : E3;
	18489 : E3;
	18490 : E3;
	18491 : E3;
	18492 : E3;
	18493 : E3;
	18494 : E3;
	18495 : E3;
	18496 : E3;
	18497 : E3;
	18498 : E3;
	18499 : E3;
	18500 : E3;
	18501 : E3;
	18502 : E3;
	18503 : E3;
	18504 : E3;
	18505 : E3;
	18506 : E3;
	18507 : E3;
	18508 : E3;
	18509 : E3;
	18510 : E3;
	18511 : E3;
	18512 : E3;
	18513 : E3;
	18514 : E3;
	18515 : E3;
	18516 : E3;
	18517 : E3;
	18518 : A0;
	18519 : A0;
	18520 : 80;
	18521 : A0;
	18522 : C0;
	18523 : A0;
	18524 : C8;
	18525 : CD;
	18526 : CD;
	18527 : A4;
	18528 : 84;
	18529 : CD;
	18530 : CD;
	18531 : A8;
	18532 : B1;
	18533 : 89;
	18534 : A0;
	18535 : A0;
	18536 : A0;
	18537 : 84;
	18538 : 91;
	18539 : B6;
	18540 : 91;
	18541 : 8D;
	18542 : 64;
	18543 : C9;
	18544 : E3;
	18545 : E3;
	18546 : E3;
	18547 : E3;
	18548 : E3;
	18549 : E3;
	18550 : E3;
	18551 : E3;
	18552 : E3;
	18553 : E3;
	18554 : E3;
	18555 : E3;
	18556 : E3;
	18557 : E3;
	18558 : E3;
	18559 : E3;
	18560 : E3;
	18561 : E3;
	18562 : E3;
	18563 : E3;
	18564 : E3;
	18565 : E3;
	18566 : E3;
	18567 : E3;
	18568 : E3;
	18569 : E3;
	18570 : E3;
	18571 : E3;
	18572 : E3;
	18573 : E3;
	18574 : E3;
	18575 : E3;
	18576 : E3;
	18577 : E3;
	18578 : E3;
	18579 : E3;
	18580 : E3;
	18581 : E3;
	18582 : E3;
	18583 : 80;
	18584 : 80;
	18585 : A0;
	18586 : C8;
	18587 : ED;
	18588 : C8;
	18589 : CD;
	18590 : A8;
	18591 : CD;
	18592 : CD;
	18593 : CD;
	18594 : C8;
	18595 : A8;
	18596 : 80;
	18597 : A0;
	18598 : A0;
	18599 : A0;
	18600 : 84;
	18601 : 8D;
	18602 : 91;
	18603 : 91;
	18604 : B6;
	18605 : B6;
	18606 : AD;
	18607 : E3;
	18608 : E3;
	18609 : E3;
	18610 : E3;
	18611 : E3;
	18612 : E3;
	18613 : E3;
	18614 : E3;
	18615 : E3;
	18616 : E3;
	18617 : E3;
	18618 : E3;
	18619 : E3;
	18620 : E3;
	18621 : E3;
	18622 : E3;
	18623 : E3;
	18624 : E3;
	18625 : E3;
	18626 : E3;
	18627 : E3;
	18628 : E3;
	18629 : E3;
	18630 : E3;
	18631 : E3;
	18632 : E3;
	18633 : E3;
	18634 : E3;
	18635 : E3;
	18636 : E3;
	18637 : E3;
	18638 : E3;
	18639 : E3;
	18640 : E3;
	18641 : E3;
	18642 : E3;
	18643 : E3;
	18644 : E3;
	18645 : E3;
	18646 : E3;
	18647 : 80;
	18648 : 80;
	18649 : A4;
	18650 : CD;
	18651 : CD;
	18652 : CD;
	18653 : ED;
	18654 : ED;
	18655 : CD;
	18656 : CD;
	18657 : CC;
	18658 : A8;
	18659 : 80;
	18660 : E3;
	18661 : A0;
	18662 : 84;
	18663 : 84;
	18664 : 64;
	18665 : 8D;
	18666 : 91;
	18667 : B6;
	18668 : 91;
	18669 : 8D;
	18670 : E3;
	18671 : E3;
	18672 : E3;
	18673 : E3;
	18674 : E3;
	18675 : E3;
	18676 : E3;
	18677 : E3;
	18678 : E3;
	18679 : E3;
	18680 : E3;
	18681 : E3;
	18682 : E3;
	18683 : E3;
	18684 : E3;
	18685 : E3;
	18686 : E3;
	18687 : E3;
	18688 : E3;
	18689 : E3;
	18690 : E3;
	18691 : E3;
	18692 : E3;
	18693 : E3;
	18694 : E3;
	18695 : E3;
	18696 : E3;
	18697 : E3;
	18698 : E3;
	18699 : E3;
	18700 : E3;
	18701 : E3;
	18702 : E3;
	18703 : E3;
	18704 : E3;
	18705 : E3;
	18706 : E3;
	18707 : E3;
	18708 : E3;
	18709 : E3;
	18710 : E3;
	18711 : A0;
	18712 : 80;
	18713 : 80;
	18714 : A8;
	18715 : CD;
	18716 : CD;
	18717 : CD;
	18718 : CD;
	18719 : CD;
	18720 : CD;
	18721 : A8;
	18722 : 84;
	18723 : E3;
	18724 : E3;
	18725 : E3;
	18726 : 64;
	18727 : 64;
	18728 : 84;
	18729 : 88;
	18730 : 91;
	18731 : 91;
	18732 : E3;
	18733 : E3;
	18734 : E3;
	18735 : E3;
	18736 : E3;
	18737 : E3;
	18738 : E3;
	18739 : E3;
	18740 : E3;
	18741 : E3;
	18742 : E3;
	18743 : E3;
	18744 : E3;
	18745 : E3;
	18746 : E3;
	18747 : E3;
	18748 : E3;
	18749 : E3;
	18750 : E3;
	18751 : E3;
	18752 : E3;
	18753 : E3;
	18754 : E3;
	18755 : E3;
	18756 : E3;
	18757 : E3;
	18758 : E3;
	18759 : E3;
	18760 : E3;
	18761 : E3;
	18762 : E3;
	18763 : E3;
	18764 : E3;
	18765 : E3;
	18766 : E3;
	18767 : E3;
	18768 : E3;
	18769 : E3;
	18770 : E3;
	18771 : E3;
	18772 : E3;
	18773 : E3;
	18774 : E3;
	18775 : 64;
	18776 : 60;
	18777 : 80;
	18778 : 80;
	18779 : C8;
	18780 : CD;
	18781 : CC;
	18782 : CD;
	18783 : CD;
	18784 : A8;
	18785 : 88;
	18786 : E3;
	18787 : E3;
	18788 : E3;
	18789 : E3;
	18790 : E3;
	18791 : 84;
	18792 : 88;
	18793 : 88;
	18794 : 84;
	18795 : 64;
	18796 : E3;
	18797 : E3;
	18798 : E3;
	18799 : E3;
	18800 : E3;
	18801 : E3;
	18802 : E3;
	18803 : E3;
	18804 : E3;
	18805 : E3;
	18806 : E3;
	18807 : E3;
	18808 : E3;
	18809 : E3;
	18810 : E3;
	18811 : E3;
	18812 : E3;
	18813 : E3;
	18814 : E3;
	18815 : E3;
	18816 : E3;
	18817 : E3;
	18818 : E3;
	18819 : E3;
	18820 : E3;
	18821 : E3;
	18822 : E3;
	18823 : E3;
	18824 : E3;
	18825 : E3;
	18826 : E3;
	18827 : E3;
	18828 : E3;
	18829 : E3;
	18830 : E3;
	18831 : E3;
	18832 : E3;
	18833 : E3;
	18834 : E3;
	18835 : E3;
	18836 : E3;
	18837 : E3;
	18838 : 4A;
	18839 : 4D;
	18840 : 29;
	18841 : 69;
	18842 : 49;
	18843 : 64;
	18844 : 88;
	18845 : C8;
	18846 : C8;
	18847 : 88;
	18848 : 69;
	18849 : E3;
	18850 : E3;
	18851 : E3;
	18852 : E3;
	18853 : E3;
	18854 : E3;
	18855 : A5;
	18856 : 88;
	18857 : 88;
	18858 : 84;
	18859 : E3;
	18860 : E3;
	18861 : E3;
	18862 : E3;
	18863 : E3;
	18864 : E3;
	18865 : E3;
	18866 : E3;
	18867 : E3;
	18868 : E3;
	18869 : E3;
	18870 : E3;
	18871 : E3;
	18872 : E3;
	18873 : E3;
	18874 : E3;
	18875 : E3;
	18876 : E3;
	18877 : E3;
	18878 : E3;
	18879 : E3;
	18880 : E3;
	18881 : E3;
	18882 : E3;
	18883 : E3;
	18884 : E3;
	18885 : E3;
	18886 : E3;
	18887 : E3;
	18888 : E3;
	18889 : E3;
	18890 : E3;
	18891 : E3;
	18892 : E3;
	18893 : E3;
	18894 : E3;
	18895 : E3;
	18896 : E3;
	18897 : E3;
	18898 : E3;
	18899 : E3;
	18900 : E3;
	18901 : E3;
	18902 : 0E;
	18903 : 0E;
	18904 : 0E;
	18905 : 0E;
	18906 : 0E;
	18907 : 0D;
	18908 : 09;
	18909 : 29;
	18910 : 49;
	18911 : 0E;
	18912 : 12;
	18913 : 12;
	18914 : E3;
	18915 : E3;
	18916 : E3;
	18917 : E3;
	18918 : E3;
	18919 : E3;
	18920 : 85;
	18921 : 85;
	18922 : E3;
	18923 : E3;
	18924 : E3;
	18925 : E3;
	18926 : E3;
	18927 : E3;
	18928 : E3;
	18929 : E3;
	18930 : E3;
	18931 : E3;
	18932 : E3;
	18933 : E3;
	18934 : E3;
	18935 : E3;
	18936 : E3;
	18937 : E3;
	18938 : E3;
	18939 : E3;
	18940 : E3;
	18941 : E3;
	18942 : E3;
	18943 : E3;
	18944 : E3;
	18945 : E3;
	18946 : E3;
	18947 : E3;
	18948 : E3;
	18949 : E3;
	18950 : E3;
	18951 : E3;
	18952 : E3;
	18953 : E3;
	18954 : E3;
	18955 : E3;
	18956 : E3;
	18957 : E3;
	18958 : E3;
	18959 : E3;
	18960 : E3;
	18961 : E3;
	18962 : E3;
	18963 : E3;
	18964 : E3;
	18965 : E3;
	18966 : 0E;
	18967 : 16;
	18968 : 12;
	18969 : 0E;
	18970 : 0E;
	18971 : 0E;
	18972 : 0E;
	18973 : 0E;
	18974 : 0E;
	18975 : 0E;
	18976 : 0E;
	18977 : 12;
	18978 : 17;
	18979 : 4F;
	18980 : 6B;
	18981 : E3;
	18982 : E3;
	18983 : E3;
	18984 : E3;
	18985 : E3;
	18986 : E3;
	18987 : E3;
	18988 : E3;
	18989 : E3;
	18990 : E3;
	18991 : E3;
	18992 : E3;
	18993 : E3;
	18994 : E3;
	18995 : E3;
	18996 : E3;
	18997 : E3;
	18998 : E3;
	18999 : E3;
	19000 : E3;
	19001 : E3;
	19002 : E3;
	19003 : E3;
	19004 : E3;
	19005 : E3;
	19006 : E3;
	19007 : E3;
	19008 : E3;
	19009 : E3;
	19010 : E3;
	19011 : E3;
	19012 : E3;
	19013 : E3;
	19014 : E3;
	19015 : E3;
	19016 : E3;
	19017 : E3;
	19018 : E3;
	19019 : E3;
	19020 : E3;
	19021 : E3;
	19022 : E3;
	19023 : E3;
	19024 : E3;
	19025 : E3;
	19026 : E3;
	19027 : E3;
	19028 : E3;
	19029 : 4A;
	19030 : 0E;
	19031 : 17;
	19032 : 17;
	19033 : 17;
	19034 : 17;
	19035 : 12;
	19036 : 0E;
	19037 : 0E;
	19038 : 0E;
	19039 : 0E;
	19040 : 0E;
	19041 : 0E;
	19042 : 12;
	19043 : 17;
	19044 : 17;
	19045 : 17;
	19046 : 32;
	19047 : E3;
	19048 : E3;
	19049 : E3;
	19050 : E3;
	19051 : E3;
	19052 : E3;
	19053 : E3;
	19054 : E3;
	19055 : E3;
	19056 : E3;
	19057 : E3;
	19058 : E3;
	19059 : E3;
	19060 : E3;
	19061 : E3;
	19062 : E3;
	19063 : E3;
	19064 : E3;
	19065 : E3;
	19066 : E3;
	19067 : E3;
	19068 : E3;
	19069 : E3;
	19070 : E3;
	19071 : E3;
	19072 : E3;
	19073 : E3;
	19074 : E3;
	19075 : E3;
	19076 : E3;
	19077 : E3;
	19078 : E3;
	19079 : E3;
	19080 : E3;
	19081 : E3;
	19082 : E3;
	19083 : E3;
	19084 : E3;
	19085 : E3;
	19086 : E3;
	19087 : E3;
	19088 : E3;
	19089 : E3;
	19090 : E3;
	19091 : E3;
	19092 : E3;
	19093 : 0D;
	19094 : 12;
	19095 : 1B;
	19096 : 1B;
	19097 : 1B;
	19098 : 1B;
	19099 : 1B;
	19100 : 0E;
	19101 : 0E;
	19102 : 0E;
	19103 : 0E;
	19104 : 0E;
	19105 : 0E;
	19106 : 0E;
	19107 : 12;
	19108 : 17;
	19109 : 1B;
	19110 : 1B;
	19111 : 17;
	19112 : E3;
	19113 : E3;
	19114 : E3;
	19115 : E3;
	19116 : E3;
	19117 : E3;
	19118 : E3;
	19119 : E3;
	19120 : E3;
	19121 : E3;
	19122 : E3;
	19123 : E3;
	19124 : E3;
	19125 : E3;
	19126 : E3;
	19127 : E3;
	19128 : E3;
	19129 : E3;
	19130 : E3;
	19131 : E3;
	19132 : E3;
	19133 : E3;
	19134 : E3;
	19135 : E3;
	19136 : E3;
	19137 : E3;
	19138 : E3;
	19139 : E3;
	19140 : E3;
	19141 : E3;
	19142 : E3;
	19143 : E3;
	19144 : E3;
	19145 : E3;
	19146 : E3;
	19147 : E3;
	19148 : E3;
	19149 : E3;
	19150 : E3;
	19151 : E3;
	19152 : E3;
	19153 : E3;
	19154 : E3;
	19155 : E3;
	19156 : E3;
	19157 : 0D;
	19158 : 12;
	19159 : 1B;
	19160 : 1B;
	19161 : 1B;
	19162 : 1B;
	19163 : 1B;
	19164 : 12;
	19165 : 09;
	19166 : 09;
	19167 : 0E;
	19168 : 0E;
	19169 : 0E;
	19170 : 0E;
	19171 : 0E;
	19172 : 0E;
	19173 : 17;
	19174 : 1B;
	19175 : 1B;
	19176 : 17;
	19177 : 6B;
	19178 : E3;
	19179 : E3;
	19180 : E3;
	19181 : E3;
	19182 : E3;
	19183 : E3;
	19184 : E3;
	19185 : E3;
	19186 : E3;
	19187 : E3;
	19188 : E3;
	19189 : E3;
	19190 : E3;
	19191 : E3;
	19192 : E3;
	19193 : E3;
	19194 : E3;
	19195 : E3;
	19196 : E3;
	19197 : E3;
	19198 : E3;
	19199 : E3;
	19200 : E3;
	19201 : E3;
	19202 : E3;
	19203 : E3;
	19204 : E3;
	19205 : E3;
	19206 : E3;
	19207 : E3;
	19208 : E3;
	19209 : E3;
	19210 : E3;
	19211 : E3;
	19212 : E3;
	19213 : E3;
	19214 : E3;
	19215 : E3;
	19216 : E3;
	19217 : E3;
	19218 : E3;
	19219 : E3;
	19220 : E3;
	19221 : 0D;
	19222 : 12;
	19223 : 1B;
	19224 : 1B;
	19225 : 1B;
	19226 : 1B;
	19227 : 1B;
	19228 : 12;
	19229 : 4A;
	19230 : 4A;
	19231 : 2E;
	19232 : 0E;
	19233 : 0E;
	19234 : 0E;
	19235 : 0E;
	19236 : 0E;
	19237 : 12;
	19238 : 17;
	19239 : 1B;
	19240 : 1B;
	19241 : 17;
	19242 : E3;
	19243 : E3;
	19244 : E3;
	19245 : E3;
	19246 : E3;
	19247 : E3;
	19248 : E3;
	19249 : E3;
	19250 : E3;
	19251 : E3;
	19252 : E3;
	19253 : E3;
	19254 : E3;
	19255 : E3;
	19256 : E3;
	19257 : E3;
	19258 : E3;
	19259 : E3;
	19260 : E3;
	19261 : E3;
	19262 : E3;
	19263 : E3;
	19264 : E3;
	19265 : E3;
	19266 : E3;
	19267 : E3;
	19268 : E3;
	19269 : E3;
	19270 : E3;
	19271 : E3;
	19272 : E3;
	19273 : E3;
	19274 : E3;
	19275 : E3;
	19276 : E3;
	19277 : E3;
	19278 : E3;
	19279 : E3;
	19280 : E3;
	19281 : E3;
	19282 : E3;
	19283 : E3;
	19284 : E3;
	19285 : 4A;
	19286 : 0E;
	19287 : 1B;
	19288 : 1B;
	19289 : 1B;
	19290 : 1B;
	19291 : 1B;
	19292 : 2E;
	19293 : E3;
	19294 : E3;
	19295 : E3;
	19296 : E3;
	19297 : E3;
	19298 : 0D;
	19299 : 0E;
	19300 : 0E;
	19301 : 0E;
	19302 : 0E;
	19303 : 12;
	19304 : 17;
	19305 : 16;
	19306 : 17;
	19307 : 4F;
	19308 : E3;
	19309 : E3;
	19310 : E3;
	19311 : E3;
	19312 : E3;
	19313 : E3;
	19314 : E3;
	19315 : E3;
	19316 : E3;
	19317 : E3;
	19318 : E3;
	19319 : E3;
	19320 : E3;
	19321 : E3;
	19322 : E3;
	19323 : E3;
	19324 : E3;
	19325 : E3;
	19326 : E3;
	19327 : E3;
	19328 : E3;
	19329 : E3;
	19330 : E3;
	19331 : E3;
	19332 : E3;
	19333 : E3;
	19334 : E3;
	19335 : E3;
	19336 : E3;
	19337 : E3;
	19338 : E3;
	19339 : E3;
	19340 : E3;
	19341 : E3;
	19342 : E3;
	19343 : E3;
	19344 : E3;
	19345 : E3;
	19346 : E3;
	19347 : E3;
	19348 : E3;
	19349 : E3;
	19350 : 0E;
	19351 : 1B;
	19352 : 1B;
	19353 : 1B;
	19354 : 1B;
	19355 : 1B;
	19356 : 2E;
	19357 : E3;
	19358 : E3;
	19359 : E3;
	19360 : E3;
	19361 : E3;
	19362 : E3;
	19363 : E3;
	19364 : E3;
	19365 : 4A;
	19366 : 0E;
	19367 : 0E;
	19368 : 0E;
	19369 : 0E;
	19370 : 12;
	19371 : 2E;
	19372 : E3;
	19373 : E3;
	19374 : E3;
	19375 : E3;
	19376 : E3;
	19377 : E3;
	19378 : E3;
	19379 : E3;
	19380 : E3;
	19381 : E3;
	19382 : E3;
	19383 : E3;
	19384 : E3;
	19385 : E3;
	19386 : E3;
	19387 : E3;
	19388 : E3;
	19389 : E3;
	19390 : E3;
	19391 : E3;
	19392 : E3;
	19393 : E3;
	19394 : E3;
	19395 : E3;
	19396 : E3;
	19397 : E3;
	19398 : E3;
	19399 : E3;
	19400 : E3;
	19401 : E3;
	19402 : E3;
	19403 : E3;
	19404 : E3;
	19405 : E3;
	19406 : E3;
	19407 : E3;
	19408 : E3;
	19409 : E3;
	19410 : E3;
	19411 : E3;
	19412 : E3;
	19413 : E3;
	19414 : 0E;
	19415 : 12;
	19416 : 17;
	19417 : 17;
	19418 : 17;
	19419 : 17;
	19420 : 4E;
	19421 : E3;
	19422 : E3;
	19423 : E3;
	19424 : E3;
	19425 : E3;
	19426 : E3;
	19427 : E3;
	19428 : E3;
	19429 : E3;
	19430 : 0E;
	19431 : 0E;
	19432 : 0E;
	19433 : 0E;
	19434 : 0E;
	19435 : 4A;
	19436 : E3;
	19437 : E3;
	19438 : E3;
	19439 : E3;
	19440 : E3;
	19441 : E3;
	19442 : E3;
	19443 : E3;
	19444 : E3;
	19445 : E3;
	19446 : E3;
	19447 : E3;
	19448 : E3;
	19449 : E3;
	19450 : E3;
	19451 : E3;
	19452 : E3;
	19453 : E3;
	19454 : E3;
	19455 : E3;
	19456 : E3;
	19457 : E3;
	19458 : E3;
	19459 : E3;
	19460 : E3;
	19461 : E3;
	19462 : E3;
	19463 : E3;
	19464 : E3;
	19465 : E3;
	19466 : E3;
	19467 : E3;
	19468 : E3;
	19469 : E3;
	19470 : E3;
	19471 : E3;
	19472 : E3;
	19473 : E3;
	19474 : E3;
	19475 : E3;
	19476 : E3;
	19477 : E3;
	19478 : 4A;
	19479 : 09;
	19480 : 0E;
	19481 : 17;
	19482 : 1B;
	19483 : 12;
	19484 : 6A;
	19485 : E3;
	19486 : E3;
	19487 : E3;
	19488 : E3;
	19489 : E3;
	19490 : E3;
	19491 : E3;
	19492 : E3;
	19493 : E3;
	19494 : 0E;
	19495 : 0E;
	19496 : 0E;
	19497 : 0E;
	19498 : 0E;
	19499 : E3;
	19500 : E3;
	19501 : E3;
	19502 : E3;
	19503 : E3;
	19504 : E3;
	19505 : E3;
	19506 : E3;
	19507 : E3;
	19508 : E3;
	19509 : E3;
	19510 : E3;
	19511 : E3;
	19512 : E3;
	19513 : E3;
	19514 : E3;
	19515 : E3;
	19516 : E3;
	19517 : E3;
	19518 : E3;
	19519 : E3;
	19520 : E3;
	19521 : E3;
	19522 : E3;
	19523 : E3;
	19524 : E3;
	19525 : E3;
	19526 : E3;
	19527 : E3;
	19528 : E3;
	19529 : E3;
	19530 : E3;
	19531 : E3;
	19532 : E3;
	19533 : E3;
	19534 : E3;
	19535 : E3;
	19536 : E3;
	19537 : E3;
	19538 : E3;
	19539 : E3;
	19540 : E3;
	19541 : E3;
	19542 : E3;
	19543 : 0E;
	19544 : 0E;
	19545 : 17;
	19546 : 17;
	19547 : 0E;
	19548 : E3;
	19549 : E3;
	19550 : E3;
	19551 : E3;
	19552 : E3;
	19553 : E3;
	19554 : E3;
	19555 : E3;
	19556 : E3;
	19557 : E3;
	19558 : 0E;
	19559 : 0E;
	19560 : 0E;
	19561 : 0E;
	19562 : 2A;
	19563 : E3;
	19564 : E3;
	19565 : E3;
	19566 : E3;
	19567 : E3;
	19568 : E3;
	19569 : E3;
	19570 : E3;
	19571 : E3;
	19572 : E3;
	19573 : E3;
	19574 : E3;
	19575 : E3;
	19576 : E3;
	19577 : E3;
	19578 : E3;
	19579 : E3;
	19580 : E3;
	19581 : E3;
	19582 : E3;
	19583 : E3;
	19584 : E3;
	19585 : E3;
	19586 : E3;
	19587 : E3;
	19588 : E3;
	19589 : E3;
	19590 : E3;
	19591 : E3;
	19592 : E3;
	19593 : E3;
	19594 : E3;
	19595 : E3;
	19596 : E3;
	19597 : E3;
	19598 : E3;
	19599 : E3;
	19600 : E3;
	19601 : E3;
	19602 : E3;
	19603 : E3;
	19604 : E3;
	19605 : E3;
	19606 : 4A;
	19607 : 0E;
	19608 : 0E;
	19609 : 0E;
	19610 : 0E;
	19611 : 09;
	19612 : E3;
	19613 : E3;
	19614 : E3;
	19615 : E3;
	19616 : E3;
	19617 : E3;
	19618 : E3;
	19619 : E3;
	19620 : E3;
	19621 : E3;
	19622 : 0E;
	19623 : 0E;
	19624 : 0E;
	19625 : 0E;
	19626 : E3;
	19627 : E3;
	19628 : E3;
	19629 : E3;
	19630 : E3;
	19631 : E3;
	19632 : E3;
	19633 : E3;
	19634 : E3;
	19635 : E3;
	19636 : E3;
	19637 : E3;
	19638 : E3;
	19639 : E3;
	19640 : E3;
	19641 : E3;
	19642 : E3;
	19643 : E3;
	19644 : E3;
	19645 : E3;
	19646 : E3;
	19647 : E3;
	19648 : E3;
	19649 : E3;
	19650 : E3;
	19651 : E3;
	19652 : E3;
	19653 : E3;
	19654 : E3;
	19655 : E3;
	19656 : E3;
	19657 : E3;
	19658 : E3;
	19659 : E3;
	19660 : E3;
	19661 : E3;
	19662 : E3;
	19663 : E3;
	19664 : E3;
	19665 : E3;
	19666 : E3;
	19667 : E3;
	19668 : E3;
	19669 : E3;
	19670 : 12;
	19671 : 0E;
	19672 : 0E;
	19673 : 0E;
	19674 : 0E;
	19675 : 0D;
	19676 : E3;
	19677 : E3;
	19678 : E3;
	19679 : E3;
	19680 : E3;
	19681 : E3;
	19682 : E3;
	19683 : E3;
	19684 : E3;
	19685 : E3;
	19686 : 0E;
	19687 : 0E;
	19688 : 0E;
	19689 : 4A;
	19690 : E3;
	19691 : E3;
	19692 : E3;
	19693 : E3;
	19694 : E3;
	19695 : E3;
	19696 : E3;
	19697 : E3;
	19698 : E3;
	19699 : E3;
	19700 : E3;
	19701 : E3;
	19702 : E3;
	19703 : E3;
	19704 : E3;
	19705 : E3;
	19706 : E3;
	19707 : E3;
	19708 : E3;
	19709 : E3;
	19710 : E3;
	19711 : E3;
	19712 : E3;
	19713 : E3;
	19714 : E3;
	19715 : E3;
	19716 : E3;
	19717 : E3;
	19718 : E3;
	19719 : E3;
	19720 : E3;
	19721 : E3;
	19722 : E3;
	19723 : E3;
	19724 : E3;
	19725 : E3;
	19726 : E3;
	19727 : E3;
	19728 : E3;
	19729 : E3;
	19730 : E3;
	19731 : E3;
	19732 : E3;
	19733 : E3;
	19734 : 12;
	19735 : 0E;
	19736 : 0E;
	19737 : 0E;
	19738 : 0E;
	19739 : 0D;
	19740 : E3;
	19741 : E3;
	19742 : E3;
	19743 : E3;
	19744 : E3;
	19745 : E3;
	19746 : E3;
	19747 : E3;
	19748 : E3;
	19749 : E3;
	19750 : 29;
	19751 : 0D;
	19752 : 0D;
	19753 : E3;
	19754 : E3;
	19755 : E3;
	19756 : E3;
	19757 : E3;
	19758 : E3;
	19759 : E3;
	19760 : E3;
	19761 : E3;
	19762 : E3;
	19763 : E3;
	19764 : E3;
	19765 : E3;
	19766 : E3;
	19767 : E3;
	19768 : E3;
	19769 : E3;
	19770 : E3;
	19771 : E3;
	19772 : E3;
	19773 : E3;
	19774 : E3;
	19775 : E3;
	19776 : E3;
	19777 : E3;
	19778 : E3;
	19779 : E3;
	19780 : E3;
	19781 : E3;
	19782 : E3;
	19783 : E3;
	19784 : E3;
	19785 : E3;
	19786 : E3;
	19787 : E3;
	19788 : E3;
	19789 : E3;
	19790 : E3;
	19791 : E3;
	19792 : E3;
	19793 : E3;
	19794 : E3;
	19795 : E3;
	19796 : E3;
	19797 : E3;
	19798 : 0E;
	19799 : 0E;
	19800 : 0E;
	19801 : 0E;
	19802 : 0E;
	19803 : 4A;
	19804 : E3;
	19805 : E3;
	19806 : E3;
	19807 : E3;
	19808 : E3;
	19809 : E3;
	19810 : E3;
	19811 : E3;
	19812 : E3;
	19813 : B7;
	19814 : B7;
	19815 : B7;
	19816 : 92;
	19817 : E3;
	19818 : E3;
	19819 : E3;
	19820 : E3;
	19821 : E3;
	19822 : E3;
	19823 : E3;
	19824 : E3;
	19825 : E3;
	19826 : E3;
	19827 : E3;
	19828 : E3;
	19829 : E3;
	19830 : E3;
	19831 : E3;
	19832 : E3;
	19833 : E3;
	19834 : E3;
	19835 : E3;
	19836 : E3;
	19837 : E3;
	19838 : E3;
	19839 : E3;
	19840 : E3;
	19841 : E3;
	19842 : E3;
	19843 : E3;
	19844 : E3;
	19845 : E3;
	19846 : E3;
	19847 : E3;
	19848 : E3;
	19849 : E3;
	19850 : E3;
	19851 : E3;
	19852 : E3;
	19853 : E3;
	19854 : E3;
	19855 : E3;
	19856 : E3;
	19857 : E3;
	19858 : E3;
	19859 : E3;
	19860 : E3;
	19861 : E3;
	19862 : 4A;
	19863 : 0E;
	19864 : 0E;
	19865 : 0E;
	19866 : 0E;
	19867 : E3;
	19868 : E3;
	19869 : E3;
	19870 : E3;
	19871 : E3;
	19872 : E3;
	19873 : E3;
	19874 : E3;
	19875 : E3;
	19876 : E3;
	19877 : 92;
	19878 : B7;
	19879 : DB;
	19880 : 92;
	19881 : E3;
	19882 : E3;
	19883 : E3;
	19884 : E3;
	19885 : E3;
	19886 : E3;
	19887 : E3;
	19888 : E3;
	19889 : E3;
	19890 : E3;
	19891 : E3;
	19892 : E3;
	19893 : E3;
	19894 : E3;
	19895 : E3;
	19896 : E3;
	19897 : E3;
	19898 : E3;
	19899 : E3;
	19900 : E3;
	19901 : E3;
	19902 : E3;
	19903 : E3;
	19904 : E3;
	19905 : E3;
	19906 : E3;
	19907 : E3;
	19908 : E3;
	19909 : E3;
	19910 : E3;
	19911 : E3;
	19912 : E3;
	19913 : E3;
	19914 : E3;
	19915 : E3;
	19916 : E3;
	19917 : E3;
	19918 : E3;
	19919 : E3;
	19920 : E3;
	19921 : E3;
	19922 : E3;
	19923 : E3;
	19924 : E3;
	19925 : E3;
	19926 : E3;
	19927 : 0E;
	19928 : 0E;
	19929 : 0E;
	19930 : 4A;
	19931 : E3;
	19932 : E3;
	19933 : E3;
	19934 : E3;
	19935 : E3;
	19936 : E3;
	19937 : E3;
	19938 : E3;
	19939 : E3;
	19940 : E3;
	19941 : E3;
	19942 : 92;
	19943 : DB;
	19944 : BB;
	19945 : 92;
	19946 : E3;
	19947 : E3;
	19948 : E3;
	19949 : E3;
	19950 : E3;
	19951 : E3;
	19952 : E3;
	19953 : E3;
	19954 : E3;
	19955 : E3;
	19956 : E3;
	19957 : E3;
	19958 : E3;
	19959 : E3;
	19960 : E3;
	19961 : E3;
	19962 : E3;
	19963 : E3;
	19964 : E3;
	19965 : E3;
	19966 : E3;
	19967 : E3;
	19968 : E3;
	19969 : E3;
	19970 : E3;
	19971 : E3;
	19972 : E3;
	19973 : E3;
	19974 : E3;
	19975 : E3;
	19976 : E3;
	19977 : E3;
	19978 : E3;
	19979 : E3;
	19980 : E3;
	19981 : E3;
	19982 : E3;
	19983 : E3;
	19984 : E3;
	19985 : E3;
	19986 : E3;
	19987 : E3;
	19988 : E3;
	19989 : E3;
	19990 : E3;
	19991 : 0E;
	19992 : 0E;
	19993 : 0E;
	19994 : E3;
	19995 : E3;
	19996 : E3;
	19997 : E3;
	19998 : E3;
	19999 : E3;
	20000 : E3;
	20001 : E3;
	20002 : E3;
	20003 : E3;
	20004 : E3;
	20005 : E3;
	20006 : E3;
	20007 : B7;
	20008 : DB;
	20009 : B7;
	20010 : DB;
	20011 : E3;
	20012 : E3;
	20013 : E3;
	20014 : E3;
	20015 : E3;
	20016 : E3;
	20017 : E3;
	20018 : E3;
	20019 : E3;
	20020 : E3;
	20021 : E3;
	20022 : E3;
	20023 : E3;
	20024 : E3;
	20025 : E3;
	20026 : E3;
	20027 : E3;
	20028 : E3;
	20029 : E3;
	20030 : E3;
	20031 : E3;
	20032 : E3;
	20033 : E3;
	20034 : E3;
	20035 : E3;
	20036 : E3;
	20037 : E3;
	20038 : E3;
	20039 : E3;
	20040 : E3;
	20041 : E3;
	20042 : E3;
	20043 : E3;
	20044 : E3;
	20045 : E3;
	20046 : E3;
	20047 : E3;
	20048 : E3;
	20049 : E3;
	20050 : E3;
	20051 : E3;
	20052 : E3;
	20053 : E3;
	20054 : E3;
	20055 : 6E;
	20056 : 4E;
	20057 : 6A;
	20058 : E3;
	20059 : E3;
	20060 : E3;
	20061 : E3;
	20062 : E3;
	20063 : E3;
	20064 : E3;
	20065 : E3;
	20066 : E3;
	20067 : E3;
	20068 : E3;
	20069 : E3;
	20070 : E3;
	20071 : E3;
	20072 : 92;
	20073 : 96;
	20074 : B7;
	20075 : E3;
	20076 : E3;
	20077 : E3;
	20078 : E3;
	20079 : E3;
	20080 : E3;
	20081 : E3;
	20082 : E3;
	20083 : E3;
	20084 : E3;
	20085 : E3;
	20086 : E3;
	20087 : E3;
	20088 : E3;
	20089 : E3;
	20090 : E3;
	20091 : E3;
	20092 : E3;
	20093 : E3;
	20094 : E3;
	20095 : E3;
	20096 : E3;
	20097 : E3;
	20098 : E3;
	20099 : E3;
	20100 : E3;
	20101 : E3;
	20102 : E3;
	20103 : E3;
	20104 : E3;
	20105 : E3;
	20106 : E3;
	20107 : E3;
	20108 : E3;
	20109 : E3;
	20110 : E3;
	20111 : E3;
	20112 : E3;
	20113 : E3;
	20114 : E3;
	20115 : E3;
	20116 : E3;
	20117 : E3;
	20118 : E3;
	20119 : B6;
	20120 : 92;
	20121 : E3;
	20122 : E3;
	20123 : E3;
	20124 : E3;
	20125 : E3;
	20126 : E3;
	20127 : E3;
	20128 : E3;
	20129 : E3;
	20130 : E3;
	20131 : E3;
	20132 : E3;
	20133 : E3;
	20134 : E3;
	20135 : E3;
	20136 : E3;
	20137 : E3;
	20138 : E3;
	20139 : E3;
	20140 : E3;
	20141 : E3;
	20142 : E3;
	20143 : E3;
	20144 : E3;
	20145 : E3;
	20146 : E3;
	20147 : E3;
	20148 : E3;
	20149 : E3;
	20150 : E3;
	20151 : E3;
	20152 : E3;
	20153 : E3;
	20154 : E3;
	20155 : E3;
	20156 : E3;
	20157 : E3;
	20158 : E3;
	20159 : E3;
	20160 : E3;
	20161 : E3;
	20162 : E3;
	20163 : E3;
	20164 : E3;
	20165 : E3;
	20166 : E3;
	20167 : E3;
	20168 : E3;
	20169 : E3;
	20170 : E3;
	20171 : E3;
	20172 : E3;
	20173 : E3;
	20174 : E3;
	20175 : E3;
	20176 : E3;
	20177 : E3;
	20178 : E3;
	20179 : E3;
	20180 : E3;
	20181 : E3;
	20182 : B6;
	20183 : B6;
	20184 : 92;
	20185 : B7;
	20186 : E3;
	20187 : E3;
	20188 : E3;
	20189 : E3;
	20190 : E3;
	20191 : E3;
	20192 : E3;
	20193 : E3;
	20194 : E3;
	20195 : E3;
	20196 : E3;
	20197 : E3;
	20198 : E3;
	20199 : E3;
	20200 : E3;
	20201 : E3;
	20202 : E3;
	20203 : E3;
	20204 : E3;
	20205 : E3;
	20206 : E3;
	20207 : E3;
	20208 : E3;
	20209 : E3;
	20210 : E3;
	20211 : E3;
	20212 : E3;
	20213 : E3;
	20214 : E3;
	20215 : E3;
	20216 : E3;
	20217 : E3;
	20218 : E3;
	20219 : E3;
	20220 : E3;
	20221 : E3;
	20222 : E3;
	20223 : E3;
	20224 : E3;
	20225 : E3;
	20226 : E3;
	20227 : E3;
	20228 : E3;
	20229 : E3;
	20230 : E3;
	20231 : E3;
	20232 : E3;
	20233 : E3;
	20234 : E3;
	20235 : E3;
	20236 : E3;
	20237 : E3;
	20238 : E3;
	20239 : E3;
	20240 : E3;
	20241 : E3;
	20242 : E3;
	20243 : E3;
	20244 : E3;
	20245 : 92;
	20246 : 92;
	20247 : 92;
	20248 : 92;
	20249 : 8E;
	20250 : E3;
	20251 : E3;
	20252 : E3;
	20253 : E3;
	20254 : E3;
	20255 : E3;
	20256 : E3;
	20257 : E3;
	20258 : E3;
	20259 : E3;
	20260 : E3;
	20261 : E3;
	20262 : E3;
	20263 : E3;
	20264 : E3;
	20265 : E3;
	20266 : E3;
	20267 : E3;
	20268 : E3;
	20269 : E3;
	20270 : E3;
	20271 : E3;
	20272 : E3;
	20273 : E3;
	20274 : E3;
	20275 : E3;
	20276 : E3;
	20277 : E3;
	20278 : E3;
	20279 : E3;
	20280 : E3;
	20281 : E3;
	20282 : E3;
	20283 : E3;
	20284 : E3;
	20285 : E3;
	20286 : E3;
	20287 : E3;
	20288 : E3;
	20289 : E3;
	20290 : E3;
	20291 : E3;
	20292 : E3;
	20293 : E3;
	20294 : E3;
	20295 : E3;
	20296 : E3;
	20297 : E3;
	20298 : E3;
	20299 : E3;
	20300 : E3;
	20301 : E3;
	20302 : E3;
	20303 : E3;
	20304 : E3;
	20305 : E3;
	20306 : E3;
	20307 : E3;
	20308 : E3;
	20309 : E3;
	20310 : E3;
	20311 : E3;
	20312 : E3;
	20313 : E3;
	20314 : E3;
	20315 : E3;
	20316 : E3;
	20317 : E3;
	20318 : E3;
	20319 : E3;
	20320 : E3;
	20321 : E3;
	20322 : E3;
	20323 : E3;
	20324 : E3;
	20325 : E3;
	20326 : E3;
	20327 : E3;
	20328 : E3;
	20329 : E3;
	20330 : E3;
	20331 : E3;
	20332 : E3;
	20333 : E3;
	20334 : E3;
	20335 : E3;
	20336 : E3;
	20337 : E3;
	20338 : E3;
	20339 : E3;
	20340 : E3;
	20341 : E3;
	20342 : E3;
	20343 : E3;
	20344 : E3;
	20345 : E3;
	20346 : E3;
	20347 : E3;
	20348 : E3;
	20349 : E3;
	20350 : E3;
	20351 : E3;
	20352 : E3;
	20353 : E3;
	20354 : E3;
	20355 : E3;
	20356 : E3;
	20357 : E3;
	20358 : E3;
	20359 : E3;
	20360 : E3;
	20361 : E3;
	20362 : E3;
	20363 : E3;
	20364 : E3;
	20365 : E3;
	20366 : E3;
	20367 : E3;
	20368 : E3;
	20369 : E3;
	20370 : E3;
	20371 : E3;
	20372 : E3;
	20373 : E3;
	20374 : E3;
	20375 : E3;
	20376 : E3;
	20377 : E3;
	20378 : E3;
	20379 : E3;
	20380 : E3;
	20381 : E3;
	20382 : E3;
	20383 : E3;
	20384 : E3;
	20385 : E3;
	20386 : E3;
	20387 : E3;
	20388 : E3;
	20389 : E3;
	20390 : E3;
	20391 : E3;
	20392 : E3;
	20393 : E3;
	20394 : E3;
	20395 : E3;
	20396 : E3;
	20397 : E3;
	20398 : E3;
	20399 : E3;
	20400 : E3;
	20401 : E3;
	20402 : E3;
	20403 : E3;
	20404 : E3;
	20405 : E3;
	20406 : E3;
	20407 : E3;
	20408 : E3;
	20409 : E3;
	20410 : E3;
	20411 : E3;
	20412 : E3;
	20413 : E3;
	20414 : E3;
	20415 : E3;
	20416 : E3;
	20417 : E3;
	20418 : E3;
	20419 : E3;
	20420 : E3;
	20421 : E3;
	20422 : E3;
	20423 : E3;
	20424 : E3;
	20425 : E3;
	20426 : E3;
	20427 : E3;
	20428 : E3;
	20429 : E3;
	20430 : E3;
	20431 : E3;
	20432 : E3;
	20433 : E3;
	20434 : E3;
	20435 : E3;
	20436 : E3;
	20437 : E3;
	20438 : E3;
	20439 : E3;
	20440 : E3;
	20441 : E3;
	20442 : E3;
	20443 : E3;
	20444 : E3;
	20445 : E3;
	20446 : E3;
	20447 : E3;
	20448 : E3;
	20449 : E3;
	20450 : E3;
	20451 : E3;
	20452 : E3;
	20453 : E3;
	20454 : E3;
	20455 : E3;
	20456 : E3;
	20457 : E3;
	20458 : E3;
	20459 : E3;
	20460 : E3;
	20461 : E3;
	20462 : E3;
	20463 : E3;
	20464 : E3;
	20465 : E3;
	20466 : E3;
	20467 : E3;
	20468 : E3;
	20469 : E3;
	20470 : E3;
	20471 : E3;
	20472 : E3;
	20473 : E3;
	20474 : E3;
	20475 : E3;
	20476 : E3;
	20477 : E3;
	20478 : E3;
	20479 : E3;
	20480 : E3;
	20481 : E3;
	20482 : E3;
	20483 : E3;
	20484 : E3;
	20485 : E3;
	20486 : E3;
	20487 : E3;
	20488 : E3;
	20489 : E3;
	20490 : E3;
	20491 : E3;
	20492 : E3;
	20493 : E3;
	20494 : E3;
	20495 : E3;
	20496 : E3;
	20497 : E3;
	20498 : E3;
	20499 : E3;
	20500 : E3;
	20501 : E3;
	20502 : E3;
	20503 : E3;
	20504 : E3;
	20505 : E3;
	20506 : E3;
	20507 : E3;
	20508 : E3;
	20509 : E3;
	20510 : E3;
	20511 : E3;
	20512 : E3;
	20513 : E3;
	20514 : E3;
	20515 : E3;
	20516 : E3;
	20517 : E3;
	20518 : E3;
	20519 : E3;
	20520 : E3;
	20521 : E3;
	20522 : E3;
	20523 : E3;
	20524 : E3;
	20525 : E3;
	20526 : E3;
	20527 : E3;
	20528 : E3;
	20529 : E3;
	20530 : E3;
	20531 : E3;
	20532 : E3;
	20533 : E3;
	20534 : E3;
	20535 : E3;
	20536 : E3;
	20537 : E3;
	20538 : E3;
	20539 : E3;
	20540 : E3;
	20541 : E3;
	20542 : E3;
	20543 : E3;
	20544 : E3;
	20545 : E3;
	20546 : E3;
	20547 : E3;
	20548 : E3;
	20549 : E3;
	20550 : E3;
	20551 : E3;
	20552 : E3;
	20553 : E3;
	20554 : E3;
	20555 : E3;
	20556 : E3;
	20557 : E3;
	20558 : E3;
	20559 : E3;
	20560 : E3;
	20561 : E3;
	20562 : E3;
	20563 : E3;
	20564 : E3;
	20565 : E3;
	20566 : E3;
	20567 : E3;
	20568 : E3;
	20569 : E3;
	20570 : E3;
	20571 : E3;
	20572 : E3;
	20573 : E3;
	20574 : E3;
	20575 : E3;
	20576 : E3;
	20577 : E3;
	20578 : E3;
	20579 : E3;
	20580 : E3;
	20581 : E3;
	20582 : E3;
	20583 : E3;
	20584 : E3;
	20585 : E3;
	20586 : E3;
	20587 : E3;
	20588 : E3;
	20589 : E3;
	20590 : E3;
	20591 : E3;
	20592 : E3;
	20593 : E3;
	20594 : E3;
	20595 : E3;
	20596 : E3;
	20597 : E3;
	20598 : E3;
	20599 : E3;
	20600 : E3;
	20601 : E3;
	20602 : E3;
	20603 : E3;
	20604 : E3;
	20605 : E3;
	20606 : E3;
	20607 : E3;
	20608 : E3;
	20609 : E3;
	20610 : E3;
	20611 : E3;
	20612 : E3;
	20613 : E3;
	20614 : E3;
	20615 : E3;
	20616 : E3;
	20617 : E3;
	20618 : E3;
	20619 : E3;
	20620 : E3;
	20621 : E3;
	20622 : E3;
	20623 : E3;
	20624 : E3;
	20625 : E3;
	20626 : E3;
	20627 : E3;
	20628 : E3;
	20629 : E3;
	20630 : E3;
	20631 : E3;
	20632 : E3;
	20633 : E3;
	20634 : E3;
	20635 : E3;
	20636 : E3;
	20637 : E3;
	20638 : E3;
	20639 : E3;
	20640 : E3;
	20641 : E3;
	20642 : E3;
	20643 : E3;
	20644 : E3;
	20645 : E3;
	20646 : E3;
	20647 : E3;
	20648 : E3;
	20649 : E3;
	20650 : E3;
	20651 : E3;
	20652 : E3;
	20653 : E3;
	20654 : E3;
	20655 : E3;
	20656 : E3;
	20657 : E3;
	20658 : E3;
	20659 : E3;
	20660 : E3;
	20661 : E3;
	20662 : E3;
	20663 : E3;
	20664 : E3;
	20665 : E3;
	20666 : E3;
	20667 : E3;
	20668 : E3;
	20669 : E3;
	20670 : E3;
	20671 : E3;
	20672 : E3;
	20673 : E3;
	20674 : E3;
	20675 : E3;
	20676 : E3;
	20677 : E3;
	20678 : E3;
	20679 : E3;
	20680 : E3;
	20681 : E3;
	20682 : E3;
	20683 : E3;
	20684 : E3;
	20685 : E3;
	20686 : E3;
	20687 : E3;
	20688 : E3;
	20689 : E3;
	20690 : E3;
	20691 : E3;
	20692 : E3;
	20693 : E3;
	20694 : E3;
	20695 : E3;
	20696 : E3;
	20697 : E3;
	20698 : E3;
	20699 : E3;
	20700 : E3;
	20701 : E3;
	20702 : E3;
	20703 : E3;
	20704 : E3;
	20705 : E3;
	20706 : E3;
	20707 : E3;
	20708 : E3;
	20709 : E3;
	20710 : E3;
	20711 : E3;
	20712 : E3;
	20713 : E3;
	20714 : E3;
	20715 : E3;
	20716 : E3;
	20717 : E3;
	20718 : E3;
	20719 : E3;
	20720 : E3;
	20721 : E3;
	20722 : E3;
	20723 : E3;
	20724 : E3;
	20725 : E3;
	20726 : E3;
	20727 : E3;
	20728 : E3;
	20729 : E3;
	20730 : E3;
	20731 : E3;
	20732 : E3;
	20733 : E3;
	20734 : E3;
	20735 : E3;
	20736 : E3;
	20737 : E3;
	20738 : E3;
	20739 : E3;
	20740 : E3;
	20741 : E3;
	20742 : E3;
	20743 : E3;
	20744 : E3;
	20745 : E3;
	20746 : E3;
	20747 : E3;
	20748 : E3;
	20749 : E3;
	20750 : E3;
	20751 : E3;
	20752 : E3;
	20753 : E3;
	20754 : E3;
	20755 : E3;
	20756 : E3;
	20757 : E3;
	20758 : E3;
	20759 : E3;
	20760 : E3;
	20761 : E3;
	20762 : E3;
	20763 : E3;
	20764 : E3;
	20765 : E3;
	20766 : E3;
	20767 : E3;
	20768 : E3;
	20769 : E3;
	20770 : E3;
	20771 : E3;
	20772 : E3;
	20773 : E3;
	20774 : E3;
	20775 : E3;
	20776 : E3;
	20777 : E3;
	20778 : E3;
	20779 : E3;
	20780 : E3;
	20781 : E3;
	20782 : E3;
	20783 : E3;
	20784 : E3;
	20785 : E3;
	20786 : E3;
	20787 : E3;
	20788 : E3;
	20789 : E3;
	20790 : E3;
	20791 : E3;
	20792 : E3;
	20793 : E3;
	20794 : E3;
	20795 : E3;
	20796 : E3;
	20797 : E3;
	20798 : E3;
	20799 : E3;
	20800 : E3;
	20801 : E3;
	20802 : E3;
	20803 : E3;
	20804 : E3;
	20805 : E3;
	20806 : E3;
	20807 : E3;
	20808 : E3;
	20809 : E3;
	20810 : E3;
	20811 : E3;
	20812 : E3;
	20813 : E3;
	20814 : E3;
	20815 : E3;
	20816 : E3;
	20817 : E3;
	20818 : E3;
	20819 : E3;
	20820 : E3;
	20821 : E3;
	20822 : E3;
	20823 : E3;
	20824 : E3;
	20825 : E3;
	20826 : E3;
	20827 : E3;
	20828 : E3;
	20829 : E3;
	20830 : E3;
	20831 : E3;
	20832 : E3;
	20833 : E3;
	20834 : E3;
	20835 : E3;
	20836 : E3;
	20837 : E3;
	20838 : E3;
	20839 : E3;
	20840 : E3;
	20841 : E3;
	20842 : E3;
	20843 : E3;
	20844 : E3;
	20845 : E3;
	20846 : E3;
	20847 : E3;
	20848 : E3;
	20849 : E3;
	20850 : E3;
	20851 : E3;
	20852 : E3;
	20853 : E3;
	20854 : E3;
	20855 : E3;
	20856 : E3;
	20857 : E3;
	20858 : E3;
	20859 : E3;
	20860 : E3;
	20861 : E3;
	20862 : E3;
	20863 : E3;
	20864 : E3;
	20865 : E3;
	20866 : E3;
	20867 : E3;
	20868 : E3;
	20869 : E3;
	20870 : E3;
	20871 : E3;
	20872 : E3;
	20873 : E3;
	20874 : E3;
	20875 : E3;
	20876 : E3;
	20877 : E3;
	20878 : E3;
	20879 : E3;
	20880 : E3;
	20881 : E3;
	20882 : E3;
	20883 : E3;
	20884 : E3;
	20885 : E3;
	20886 : E3;
	20887 : E3;
	20888 : E3;
	20889 : E3;
	20890 : E3;
	20891 : E3;
	20892 : E3;
	20893 : E3;
	20894 : E3;
	20895 : E3;
	20896 : E3;
	20897 : E3;
	20898 : E3;
	20899 : E3;
	20900 : E3;
	20901 : E3;
	20902 : E3;
	20903 : E3;
	20904 : E3;
	20905 : E3;
	20906 : E3;
	20907 : E3;
	20908 : E3;
	20909 : E3;
	20910 : E3;
	20911 : E3;
	20912 : E3;
	20913 : E3;
	20914 : E3;
	20915 : E3;
	20916 : E3;
	20917 : E3;
	20918 : E3;
	20919 : E3;
	20920 : E3;
	20921 : E3;
	20922 : E3;
	20923 : E3;
	20924 : E3;
	20925 : E3;
	20926 : E3;
	20927 : E3;
	20928 : E3;
	20929 : E3;
	20930 : E3;
	20931 : E3;
	20932 : E3;
	20933 : E3;
	20934 : E3;
	20935 : E3;
	20936 : E3;
	20937 : E3;
	20938 : E3;
	20939 : E3;
	20940 : E3;
	20941 : E3;
	20942 : E3;
	20943 : E3;
	20944 : E3;
	20945 : E3;
	20946 : E3;
	20947 : E3;
	20948 : E3;
	20949 : E3;
	20950 : E3;
	20951 : E3;
	20952 : E3;
	20953 : E3;
	20954 : E3;
	20955 : E3;
	20956 : E3;
	20957 : E3;
	20958 : E3;
	20959 : E3;
	20960 : E3;
	20961 : E3;
	20962 : E3;
	20963 : E3;
	20964 : E3;
	20965 : E3;
	20966 : E3;
	20967 : E3;
	20968 : E3;
	20969 : E3;
	20970 : E3;
	20971 : E3;
	20972 : E3;
	20973 : E3;
	20974 : E3;
	20975 : E3;
	20976 : E3;
	20977 : E3;
	20978 : E3;
	20979 : E3;
	20980 : E3;
	20981 : E3;
	20982 : E3;
	20983 : E3;
	20984 : E3;
	20985 : E3;
	20986 : E3;
	20987 : E3;
	20988 : E3;
	20989 : E3;
	20990 : E3;
	20991 : E3;
	20992 : E3;
	20993 : E3;
	20994 : E3;
	20995 : E3;
	20996 : E3;
	20997 : E3;
	20998 : E3;
	20999 : E3;
	21000 : E3;
	21001 : E3;
	21002 : E3;
	21003 : E3;
	21004 : E3;
	21005 : E3;
	21006 : E3;
	21007 : E3;
	21008 : E3;
	21009 : E3;
	21010 : E3;
	21011 : E3;
	21012 : E3;
	21013 : E3;
	21014 : E3;
	21015 : E3;
	21016 : E3;
	21017 : E3;
	21018 : E3;
	21019 : E3;
	21020 : E3;
	21021 : E3;
	21022 : E3;
	21023 : E3;
	21024 : E3;
	21025 : E3;
	21026 : E3;
	21027 : E3;
	21028 : E3;
	21029 : E3;
	21030 : E3;
	21031 : E3;
	21032 : E3;
	21033 : E3;
	21034 : E3;
	21035 : E3;
	21036 : E3;
	21037 : E3;
	21038 : E3;
	21039 : E3;
	21040 : E3;
	21041 : E3;
	21042 : E3;
	21043 : E3;
	21044 : E3;
	21045 : E3;
	21046 : E3;
	21047 : E3;
	21048 : E3;
	21049 : E3;
	21050 : E3;
	21051 : E3;
	21052 : E3;
	21053 : E3;
	21054 : E3;
	21055 : E3;
	21056 : E3;
	21057 : E3;
	21058 : E3;
	21059 : E3;
	21060 : E3;
	21061 : E3;
	21062 : E3;
	21063 : E3;
	21064 : E3;
	21065 : E3;
	21066 : E3;
	21067 : E3;
	21068 : E3;
	21069 : E3;
	21070 : E3;
	21071 : E3;
	21072 : E3;
	21073 : E3;
	21074 : E3;
	21075 : E3;
	21076 : E3;
	21077 : E3;
	21078 : E3;
	21079 : E3;
	21080 : E3;
	21081 : E3;
	21082 : E3;
	21083 : E3;
	21084 : E3;
	21085 : E3;
	21086 : E3;
	21087 : E3;
	21088 : E3;
	21089 : E3;
	21090 : E3;
	21091 : E3;
	21092 : E3;
	21093 : E3;
	21094 : E3;
	21095 : E3;
	21096 : E3;
	21097 : E3;
	21098 : E3;
	21099 : E3;
	21100 : E3;
	21101 : E3;
	21102 : E3;
	21103 : E3;
	21104 : E3;
	21105 : E3;
	21106 : E3;
	21107 : E3;
	21108 : E3;
	21109 : E3;
	21110 : E3;
	21111 : E3;
	21112 : E3;
	21113 : E3;
	21114 : E3;
	21115 : E3;
	21116 : E3;
	21117 : E3;
	21118 : E3;
	21119 : E3;
	21120 : E3;
	21121 : E3;
	21122 : E3;
	21123 : E3;
	21124 : E3;
	21125 : E3;
	21126 : E3;
	21127 : E3;
	21128 : E3;
	21129 : E3;
	21130 : E3;
	21131 : E3;
	21132 : E3;
	21133 : E3;
	21134 : E3;
	21135 : E3;
	21136 : E3;
	21137 : E3;
	21138 : E3;
	21139 : E3;
	21140 : E3;
	21141 : E3;
	21142 : E3;
	21143 : E3;
	21144 : E3;
	21145 : E3;
	21146 : E3;
	21147 : E3;
	21148 : E3;
	21149 : E3;
	21150 : E3;
	21151 : E3;
	21152 : E3;
	21153 : E3;
	21154 : E3;
	21155 : E3;
	21156 : E3;
	21157 : E3;
	21158 : E3;
	21159 : E3;
	21160 : E3;
	21161 : E3;
	21162 : E3;
	21163 : E3;
	21164 : E3;
	21165 : E3;
	21166 : E3;
	21167 : E3;
	21168 : E3;
	21169 : E3;
	21170 : E3;
	21171 : E3;
	21172 : E3;
	21173 : E3;
	21174 : E3;
	21175 : E3;
	21176 : E3;
	21177 : E3;
	21178 : E3;
	21179 : E3;
	21180 : E3;
	21181 : E3;
	21182 : E3;
	21183 : E3;
	21184 : E3;
	21185 : E3;
	21186 : E3;
	21187 : E3;
	21188 : E3;
	21189 : E3;
	21190 : E3;
	21191 : E3;
	21192 : E3;
	21193 : E3;
	21194 : E3;
	21195 : E3;
	21196 : E3;
	21197 : E3;
	21198 : E3;
	21199 : E3;
	21200 : E3;
	21201 : E3;
	21202 : E3;
	21203 : E3;
	21204 : E3;
	21205 : E3;
	21206 : E3;
	21207 : E3;
	21208 : E3;
	21209 : E3;
	21210 : E3;
	21211 : E3;
	21212 : E3;
	21213 : E3;
	21214 : E3;
	21215 : E3;
	21216 : E3;
	21217 : E3;
	21218 : E3;
	21219 : E3;
	21220 : E3;
	21221 : E3;
	21222 : E3;
	21223 : E3;
	21224 : E3;
	21225 : E3;
	21226 : E3;
	21227 : E3;
	21228 : E3;
	21229 : E3;
	21230 : E3;
	21231 : E3;
	21232 : E3;
	21233 : E3;
	21234 : E3;
	21235 : E3;
	21236 : E3;
	21237 : E3;
	21238 : E3;
	21239 : E3;
	21240 : E3;
	21241 : E3;
	21242 : E3;
	21243 : E3;
	21244 : E3;
	21245 : E3;
	21246 : E3;
	21247 : E3;
	21248 : E3;
	21249 : E3;
	21250 : E3;
	21251 : E3;
	21252 : E3;
	21253 : E3;
	21254 : E3;
	21255 : E3;
	21256 : E3;
	21257 : E3;
	21258 : E3;
	21259 : E3;
	21260 : E3;
	21261 : E3;
	21262 : E3;
	21263 : E3;
	21264 : E3;
	21265 : E3;
	21266 : E3;
	21267 : E3;
	21268 : E3;
	21269 : E3;
	21270 : E3;
	21271 : E3;
	21272 : E3;
	21273 : E3;
	21274 : E3;
	21275 : E3;
	21276 : E3;
	21277 : E3;
	21278 : E3;
	21279 : E3;
	21280 : E3;
	21281 : E3;
	21282 : E3;
	21283 : E3;
	21284 : E3;
	21285 : E3;
	21286 : E3;
	21287 : E3;
	21288 : E3;
	21289 : E3;
	21290 : E3;
	21291 : E3;
	21292 : E3;
	21293 : E3;
	21294 : E3;
	21295 : E3;
	21296 : E3;
	21297 : E3;
	21298 : E3;
	21299 : E3;
	21300 : E3;
	21301 : E3;
	21302 : E3;
	21303 : E3;
	21304 : E3;
	21305 : E3;
	21306 : E3;
	21307 : E3;
	21308 : E3;
	21309 : E3;
	21310 : E3;
	21311 : E3;
	21312 : E3;
	21313 : E3;
	21314 : E3;
	21315 : E3;
	21316 : E3;
	21317 : E3;
	21318 : E3;
	21319 : E3;
	21320 : E3;
	21321 : E3;
	21322 : E3;
	21323 : E3;
	21324 : E3;
	21325 : E3;
	21326 : E3;
	21327 : E3;
	21328 : E3;
	21329 : E3;
	21330 : E3;
	21331 : E3;
	21332 : E3;
	21333 : E3;
	21334 : E3;
	21335 : E3;
	21336 : E3;
	21337 : E3;
	21338 : E3;
	21339 : E3;
	21340 : E3;
	21341 : E3;
	21342 : E3;
	21343 : E3;
	21344 : E3;
	21345 : E3;
	21346 : E3;
	21347 : E3;
	21348 : E3;
	21349 : E3;
	21350 : 24;
	21351 : 24;
	21352 : E3;
	21353 : E3;
	21354 : E3;
	21355 : E3;
	21356 : E3;
	21357 : E3;
	21358 : E3;
	21359 : E3;
	21360 : E3;
	21361 : E3;
	21362 : E3;
	21363 : E3;
	21364 : E3;
	21365 : E3;
	21366 : E3;
	21367 : E3;
	21368 : E3;
	21369 : E3;
	21370 : E3;
	21371 : E3;
	21372 : E3;
	21373 : E3;
	21374 : E3;
	21375 : E3;
	21376 : E3;
	21377 : E3;
	21378 : E3;
	21379 : E3;
	21380 : E3;
	21381 : E3;
	21382 : E3;
	21383 : E3;
	21384 : E3;
	21385 : E3;
	21386 : E3;
	21387 : E3;
	21388 : E3;
	21389 : E3;
	21390 : E3;
	21391 : E3;
	21392 : E3;
	21393 : E3;
	21394 : E3;
	21395 : E3;
	21396 : E3;
	21397 : E3;
	21398 : E3;
	21399 : E3;
	21400 : E3;
	21401 : E3;
	21402 : E3;
	21403 : E3;
	21404 : E3;
	21405 : E3;
	21406 : E3;
	21407 : E3;
	21408 : E3;
	21409 : E3;
	21410 : E3;
	21411 : E3;
	21412 : 24;
	21413 : 24;
	21414 : 24;
	21415 : 44;
	21416 : 24;
	21417 : 24;
	21418 : E3;
	21419 : E3;
	21420 : E3;
	21421 : E3;
	21422 : E3;
	21423 : E3;
	21424 : E3;
	21425 : E3;
	21426 : E3;
	21427 : E3;
	21428 : E3;
	21429 : E3;
	21430 : E3;
	21431 : E3;
	21432 : E3;
	21433 : E3;
	21434 : E3;
	21435 : E3;
	21436 : E3;
	21437 : E3;
	21438 : E3;
	21439 : E3;
	21440 : E3;
	21441 : E3;
	21442 : E3;
	21443 : E3;
	21444 : E3;
	21445 : E3;
	21446 : E3;
	21447 : E3;
	21448 : E3;
	21449 : E3;
	21450 : E3;
	21451 : E3;
	21452 : E3;
	21453 : E3;
	21454 : E3;
	21455 : E3;
	21456 : E3;
	21457 : E3;
	21458 : E3;
	21459 : E3;
	21460 : E3;
	21461 : E3;
	21462 : E3;
	21463 : E3;
	21464 : E3;
	21465 : E3;
	21466 : E3;
	21467 : E3;
	21468 : E3;
	21469 : E3;
	21470 : E3;
	21471 : E3;
	21472 : E3;
	21473 : E3;
	21474 : E3;
	21475 : E3;
	21476 : 24;
	21477 : 24;
	21478 : 44;
	21479 : A8;
	21480 : A8;
	21481 : A8;
	21482 : E3;
	21483 : E3;
	21484 : E3;
	21485 : E3;
	21486 : E3;
	21487 : E3;
	21488 : E3;
	21489 : E3;
	21490 : E3;
	21491 : E3;
	21492 : E3;
	21493 : E3;
	21494 : E3;
	21495 : E3;
	21496 : E3;
	21497 : E3;
	21498 : E3;
	21499 : E3;
	21500 : E3;
	21501 : E3;
	21502 : E3;
	21503 : E3;
	21504 : E3;
	21505 : E3;
	21506 : E3;
	21507 : E3;
	21508 : E3;
	21509 : E3;
	21510 : E3;
	21511 : E3;
	21512 : E3;
	21513 : E3;
	21514 : E3;
	21515 : E3;
	21516 : E3;
	21517 : E3;
	21518 : E3;
	21519 : E3;
	21520 : E3;
	21521 : E3;
	21522 : E3;
	21523 : E3;
	21524 : E3;
	21525 : E3;
	21526 : E3;
	21527 : E3;
	21528 : E3;
	21529 : E3;
	21530 : E3;
	21531 : E3;
	21532 : E3;
	21533 : E3;
	21534 : E3;
	21535 : E3;
	21536 : E3;
	21537 : E3;
	21538 : 64;
	21539 : 64;
	21540 : 68;
	21541 : 64;
	21542 : 88;
	21543 : 88;
	21544 : A9;
	21545 : CD;
	21546 : A9;
	21547 : E3;
	21548 : E3;
	21549 : E3;
	21550 : E3;
	21551 : E3;
	21552 : E3;
	21553 : E3;
	21554 : E3;
	21555 : E3;
	21556 : E3;
	21557 : E3;
	21558 : E3;
	21559 : E3;
	21560 : E3;
	21561 : E3;
	21562 : E3;
	21563 : E3;
	21564 : E3;
	21565 : E3;
	21566 : E3;
	21567 : E3;
	21568 : E3;
	21569 : E3;
	21570 : E3;
	21571 : E3;
	21572 : E3;
	21573 : E3;
	21574 : E3;
	21575 : E3;
	21576 : E3;
	21577 : E3;
	21578 : E3;
	21579 : E3;
	21580 : E3;
	21581 : E3;
	21582 : E3;
	21583 : E3;
	21584 : E3;
	21585 : E3;
	21586 : E3;
	21587 : E3;
	21588 : E3;
	21589 : E3;
	21590 : E3;
	21591 : E3;
	21592 : E3;
	21593 : E3;
	21594 : E3;
	21595 : E3;
	21596 : 60;
	21597 : A0;
	21598 : A0;
	21599 : A0;
	21600 : A0;
	21601 : A0;
	21602 : A4;
	21603 : 88;
	21604 : 88;
	21605 : 88;
	21606 : CD;
	21607 : A8;
	21608 : 68;
	21609 : A8;
	21610 : E3;
	21611 : E3;
	21612 : E3;
	21613 : E3;
	21614 : E3;
	21615 : E3;
	21616 : E3;
	21617 : E3;
	21618 : E3;
	21619 : E3;
	21620 : E3;
	21621 : E3;
	21622 : E3;
	21623 : E3;
	21624 : E3;
	21625 : E3;
	21626 : E3;
	21627 : E3;
	21628 : E3;
	21629 : E3;
	21630 : E3;
	21631 : E3;
	21632 : E3;
	21633 : E3;
	21634 : E3;
	21635 : E3;
	21636 : E3;
	21637 : E3;
	21638 : E3;
	21639 : E3;
	21640 : E3;
	21641 : E3;
	21642 : E3;
	21643 : E3;
	21644 : E3;
	21645 : E3;
	21646 : E3;
	21647 : E3;
	21648 : E3;
	21649 : E3;
	21650 : E3;
	21651 : E3;
	21652 : E3;
	21653 : E3;
	21654 : E3;
	21655 : E3;
	21656 : E3;
	21657 : E3;
	21658 : 80;
	21659 : 80;
	21660 : C0;
	21661 : C0;
	21662 : C0;
	21663 : E0;
	21664 : A0;
	21665 : A0;
	21666 : A0;
	21667 : A4;
	21668 : A8;
	21669 : 88;
	21670 : AD;
	21671 : D1;
	21672 : 88;
	21673 : 84;
	21674 : 84;
	21675 : E3;
	21676 : E3;
	21677 : E3;
	21678 : E3;
	21679 : E3;
	21680 : E3;
	21681 : E3;
	21682 : E3;
	21683 : E3;
	21684 : E3;
	21685 : E3;
	21686 : E3;
	21687 : E3;
	21688 : E3;
	21689 : E3;
	21690 : E3;
	21691 : E3;
	21692 : E3;
	21693 : E3;
	21694 : E3;
	21695 : E3;
	21696 : E3;
	21697 : E3;
	21698 : E3;
	21699 : E3;
	21700 : E3;
	21701 : E3;
	21702 : E3;
	21703 : E3;
	21704 : E3;
	21705 : E3;
	21706 : E3;
	21707 : E3;
	21708 : E3;
	21709 : E3;
	21710 : E3;
	21711 : E3;
	21712 : E3;
	21713 : E3;
	21714 : E3;
	21715 : E3;
	21716 : E3;
	21717 : E3;
	21718 : E3;
	21719 : E3;
	21720 : E3;
	21721 : E3;
	21722 : 80;
	21723 : A0;
	21724 : E0;
	21725 : E0;
	21726 : E0;
	21727 : E0;
	21728 : E0;
	21729 : A0;
	21730 : A0;
	21731 : 84;
	21732 : 88;
	21733 : 8D;
	21734 : DA;
	21735 : DA;
	21736 : DA;
	21737 : B1;
	21738 : C0;
	21739 : C0;
	21740 : E3;
	21741 : E3;
	21742 : E3;
	21743 : E3;
	21744 : E3;
	21745 : E3;
	21746 : E3;
	21747 : E3;
	21748 : E3;
	21749 : E3;
	21750 : E3;
	21751 : E3;
	21752 : E3;
	21753 : E3;
	21754 : E3;
	21755 : E3;
	21756 : E3;
	21757 : E3;
	21758 : E3;
	21759 : E3;
	21760 : E3;
	21761 : E3;
	21762 : E3;
	21763 : E3;
	21764 : E3;
	21765 : E3;
	21766 : E3;
	21767 : E3;
	21768 : E3;
	21769 : E3;
	21770 : E3;
	21771 : E3;
	21772 : E3;
	21773 : E3;
	21774 : E3;
	21775 : E3;
	21776 : E3;
	21777 : E3;
	21778 : E3;
	21779 : E3;
	21780 : E3;
	21781 : E3;
	21782 : E3;
	21783 : E3;
	21784 : E3;
	21785 : A0;
	21786 : 80;
	21787 : A0;
	21788 : C0;
	21789 : E0;
	21790 : E0;
	21791 : E0;
	21792 : E0;
	21793 : C0;
	21794 : A0;
	21795 : 80;
	21796 : 68;
	21797 : B6;
	21798 : DA;
	21799 : DA;
	21800 : FF;
	21801 : DA;
	21802 : A9;
	21803 : C0;
	21804 : E3;
	21805 : E3;
	21806 : 84;
	21807 : 84;
	21808 : E3;
	21809 : E3;
	21810 : E3;
	21811 : E3;
	21812 : E3;
	21813 : E3;
	21814 : E3;
	21815 : E3;
	21816 : E3;
	21817 : E3;
	21818 : E3;
	21819 : E3;
	21820 : E3;
	21821 : E3;
	21822 : E3;
	21823 : E3;
	21824 : E3;
	21825 : E3;
	21826 : E3;
	21827 : E3;
	21828 : E3;
	21829 : E3;
	21830 : E3;
	21831 : E3;
	21832 : E3;
	21833 : E3;
	21834 : E3;
	21835 : E3;
	21836 : E3;
	21837 : E3;
	21838 : E3;
	21839 : E3;
	21840 : E3;
	21841 : E3;
	21842 : E3;
	21843 : E3;
	21844 : E3;
	21845 : E3;
	21846 : E3;
	21847 : E3;
	21848 : E3;
	21849 : A0;
	21850 : A0;
	21851 : 80;
	21852 : A0;
	21853 : A0;
	21854 : C0;
	21855 : C0;
	21856 : C0;
	21857 : A0;
	21858 : 80;
	21859 : 80;
	21860 : AD;
	21861 : D1;
	21862 : DA;
	21863 : DA;
	21864 : B6;
	21865 : 89;
	21866 : A4;
	21867 : A0;
	21868 : 84;
	21869 : AD;
	21870 : 69;
	21871 : 68;
	21872 : 84;
	21873 : E3;
	21874 : E3;
	21875 : E3;
	21876 : E3;
	21877 : E3;
	21878 : E3;
	21879 : E3;
	21880 : E3;
	21881 : E3;
	21882 : E3;
	21883 : E3;
	21884 : E3;
	21885 : E3;
	21886 : E3;
	21887 : E3;
	21888 : E3;
	21889 : E3;
	21890 : E3;
	21891 : E3;
	21892 : E3;
	21893 : E3;
	21894 : E3;
	21895 : E3;
	21896 : E3;
	21897 : E3;
	21898 : E3;
	21899 : E3;
	21900 : E3;
	21901 : E3;
	21902 : E3;
	21903 : E3;
	21904 : E3;
	21905 : E3;
	21906 : E3;
	21907 : E3;
	21908 : E3;
	21909 : E3;
	21910 : E3;
	21911 : E3;
	21912 : E3;
	21913 : A0;
	21914 : A0;
	21915 : 80;
	21916 : A0;
	21917 : C0;
	21918 : A0;
	21919 : C4;
	21920 : CD;
	21921 : CD;
	21922 : 84;
	21923 : A8;
	21924 : CD;
	21925 : C8;
	21926 : AD;
	21927 : 8D;
	21928 : 84;
	21929 : A0;
	21930 : A0;
	21931 : A0;
	21932 : 89;
	21933 : 91;
	21934 : B6;
	21935 : B6;
	21936 : 8D;
	21937 : 84;
	21938 : E3;
	21939 : E3;
	21940 : E3;
	21941 : E3;
	21942 : E3;
	21943 : E3;
	21944 : E3;
	21945 : E3;
	21946 : E3;
	21947 : E3;
	21948 : E3;
	21949 : E3;
	21950 : E3;
	21951 : E3;
	21952 : E3;
	21953 : E3;
	21954 : E3;
	21955 : E3;
	21956 : E3;
	21957 : E3;
	21958 : E3;
	21959 : E3;
	21960 : E3;
	21961 : E3;
	21962 : E3;
	21963 : E3;
	21964 : E3;
	21965 : E3;
	21966 : E3;
	21967 : E3;
	21968 : E3;
	21969 : E3;
	21970 : E3;
	21971 : E3;
	21972 : E3;
	21973 : E3;
	21974 : E3;
	21975 : E3;
	21976 : E3;
	21977 : A0;
	21978 : A0;
	21979 : 80;
	21980 : 80;
	21981 : C8;
	21982 : CD;
	21983 : CD;
	21984 : CD;
	21985 : A9;
	21986 : CD;
	21987 : ED;
	21988 : CC;
	21989 : C8;
	21990 : 84;
	21991 : 80;
	21992 : A0;
	21993 : A0;
	21994 : 84;
	21995 : 84;
	21996 : 91;
	21997 : 91;
	21998 : 91;
	21999 : B6;
	22000 : B6;
	22001 : E3;
	22002 : E3;
	22003 : E3;
	22004 : E3;
	22005 : E3;
	22006 : E3;
	22007 : E3;
	22008 : E3;
	22009 : E3;
	22010 : E3;
	22011 : E3;
	22012 : E3;
	22013 : E3;
	22014 : E3;
	22015 : E3;
	22016 : E3;
	22017 : E3;
	22018 : E3;
	22019 : E3;
	22020 : E3;
	22021 : E3;
	22022 : E3;
	22023 : E3;
	22024 : E3;
	22025 : E3;
	22026 : E3;
	22027 : E3;
	22028 : E3;
	22029 : E3;
	22030 : E3;
	22031 : E3;
	22032 : E3;
	22033 : E3;
	22034 : E3;
	22035 : E3;
	22036 : E3;
	22037 : E3;
	22038 : E3;
	22039 : E3;
	22040 : E3;
	22041 : E3;
	22042 : 80;
	22043 : 80;
	22044 : 84;
	22045 : CD;
	22046 : CD;
	22047 : CD;
	22048 : CD;
	22049 : ED;
	22050 : CD;
	22051 : CD;
	22052 : CC;
	22053 : 84;
	22054 : 80;
	22055 : 80;
	22056 : 84;
	22057 : 84;
	22058 : 84;
	22059 : 64;
	22060 : B1;
	22061 : B5;
	22062 : B5;
	22063 : 8D;
	22064 : E3;
	22065 : E3;
	22066 : E3;
	22067 : E3;
	22068 : E3;
	22069 : E3;
	22070 : E3;
	22071 : E3;
	22072 : E3;
	22073 : E3;
	22074 : E3;
	22075 : E3;
	22076 : E3;
	22077 : E3;
	22078 : E3;
	22079 : E3;
	22080 : E3;
	22081 : E3;
	22082 : E3;
	22083 : E3;
	22084 : E3;
	22085 : E3;
	22086 : E3;
	22087 : E3;
	22088 : E3;
	22089 : E3;
	22090 : E3;
	22091 : E3;
	22092 : E3;
	22093 : E3;
	22094 : E3;
	22095 : E3;
	22096 : E3;
	22097 : E3;
	22098 : E3;
	22099 : E3;
	22100 : E3;
	22101 : E3;
	22102 : E3;
	22103 : E3;
	22104 : E3;
	22105 : E3;
	22106 : 80;
	22107 : 80;
	22108 : 80;
	22109 : A8;
	22110 : CD;
	22111 : ED;
	22112 : CD;
	22113 : CD;
	22114 : CD;
	22115 : CC;
	22116 : A8;
	22117 : 80;
	22118 : E3;
	22119 : E3;
	22120 : 84;
	22121 : 64;
	22122 : 84;
	22123 : 84;
	22124 : 84;
	22125 : 8D;
	22126 : 6D;
	22127 : E3;
	22128 : E3;
	22129 : E3;
	22130 : E3;
	22131 : E3;
	22132 : E3;
	22133 : E3;
	22134 : E3;
	22135 : E3;
	22136 : E3;
	22137 : E3;
	22138 : E3;
	22139 : E3;
	22140 : E3;
	22141 : E3;
	22142 : E3;
	22143 : E3;
	22144 : E3;
	22145 : E3;
	22146 : E3;
	22147 : E3;
	22148 : E3;
	22149 : E3;
	22150 : E3;
	22151 : E3;
	22152 : E3;
	22153 : E3;
	22154 : E3;
	22155 : E3;
	22156 : E3;
	22157 : E3;
	22158 : E3;
	22159 : E3;
	22160 : E3;
	22161 : E3;
	22162 : E3;
	22163 : E3;
	22164 : E3;
	22165 : E3;
	22166 : E3;
	22167 : E3;
	22168 : E3;
	22169 : 64;
	22170 : 80;
	22171 : 60;
	22172 : 80;
	22173 : 80;
	22174 : A8;
	22175 : CD;
	22176 : CD;
	22177 : CD;
	22178 : CD;
	22179 : A8;
	22180 : A8;
	22181 : E3;
	22182 : E3;
	22183 : E3;
	22184 : E3;
	22185 : 84;
	22186 : 88;
	22187 : 88;
	22188 : 88;
	22189 : 84;
	22190 : 85;
	22191 : E3;
	22192 : E3;
	22193 : E3;
	22194 : E3;
	22195 : E3;
	22196 : E3;
	22197 : E3;
	22198 : E3;
	22199 : E3;
	22200 : E3;
	22201 : E3;
	22202 : E3;
	22203 : E3;
	22204 : E3;
	22205 : E3;
	22206 : E3;
	22207 : E3;
	22208 : E3;
	22209 : E3;
	22210 : E3;
	22211 : E3;
	22212 : E3;
	22213 : E3;
	22214 : E3;
	22215 : E3;
	22216 : E3;
	22217 : E3;
	22218 : E3;
	22219 : E3;
	22220 : E3;
	22221 : E3;
	22222 : E3;
	22223 : E3;
	22224 : E3;
	22225 : E3;
	22226 : E3;
	22227 : E3;
	22228 : E3;
	22229 : E3;
	22230 : E3;
	22231 : E3;
	22232 : E3;
	22233 : 29;
	22234 : 49;
	22235 : 2D;
	22236 : 64;
	22237 : 45;
	22238 : 64;
	22239 : 88;
	22240 : C8;
	22241 : CC;
	22242 : A8;
	22243 : 89;
	22244 : E3;
	22245 : E3;
	22246 : E3;
	22247 : E3;
	22248 : E3;
	22249 : E3;
	22250 : 84;
	22251 : 88;
	22252 : 88;
	22253 : 84;
	22254 : E3;
	22255 : E3;
	22256 : E3;
	22257 : E3;
	22258 : E3;
	22259 : E3;
	22260 : E3;
	22261 : E3;
	22262 : E3;
	22263 : E3;
	22264 : E3;
	22265 : E3;
	22266 : E3;
	22267 : E3;
	22268 : E3;
	22269 : E3;
	22270 : E3;
	22271 : E3;
	22272 : E3;
	22273 : E3;
	22274 : E3;
	22275 : E3;
	22276 : E3;
	22277 : E3;
	22278 : E3;
	22279 : E3;
	22280 : E3;
	22281 : E3;
	22282 : E3;
	22283 : E3;
	22284 : E3;
	22285 : E3;
	22286 : E3;
	22287 : E3;
	22288 : E3;
	22289 : E3;
	22290 : E3;
	22291 : E3;
	22292 : E3;
	22293 : E3;
	22294 : E3;
	22295 : E3;
	22296 : 09;
	22297 : 0D;
	22298 : 0E;
	22299 : 0E;
	22300 : 0D;
	22301 : 0D;
	22302 : 29;
	22303 : 29;
	22304 : 49;
	22305 : 49;
	22306 : 2E;
	22307 : 0E;
	22308 : 4A;
	22309 : E3;
	22310 : E3;
	22311 : E3;
	22312 : E3;
	22313 : E3;
	22314 : E3;
	22315 : 84;
	22316 : E3;
	22317 : E3;
	22318 : E3;
	22319 : E3;
	22320 : E3;
	22321 : E3;
	22322 : E3;
	22323 : E3;
	22324 : E3;
	22325 : E3;
	22326 : E3;
	22327 : E3;
	22328 : E3;
	22329 : E3;
	22330 : E3;
	22331 : E3;
	22332 : E3;
	22333 : E3;
	22334 : E3;
	22335 : E3;
	22336 : E3;
	22337 : E3;
	22338 : E3;
	22339 : E3;
	22340 : E3;
	22341 : E3;
	22342 : E3;
	22343 : E3;
	22344 : E3;
	22345 : E3;
	22346 : E3;
	22347 : E3;
	22348 : E3;
	22349 : E3;
	22350 : E3;
	22351 : E3;
	22352 : E3;
	22353 : E3;
	22354 : E3;
	22355 : E3;
	22356 : E3;
	22357 : E3;
	22358 : E3;
	22359 : E3;
	22360 : 09;
	22361 : 0E;
	22362 : 12;
	22363 : 12;
	22364 : 0E;
	22365 : 0E;
	22366 : 0E;
	22367 : 0E;
	22368 : 0E;
	22369 : 0E;
	22370 : 0E;
	22371 : 12;
	22372 : 12;
	22373 : 2E;
	22374 : E3;
	22375 : E3;
	22376 : E3;
	22377 : E3;
	22378 : E3;
	22379 : E3;
	22380 : E3;
	22381 : E3;
	22382 : E3;
	22383 : E3;
	22384 : E3;
	22385 : E3;
	22386 : E3;
	22387 : E3;
	22388 : E3;
	22389 : E3;
	22390 : E3;
	22391 : E3;
	22392 : E3;
	22393 : E3;
	22394 : E3;
	22395 : E3;
	22396 : E3;
	22397 : E3;
	22398 : E3;
	22399 : E3;
	22400 : E3;
	22401 : E3;
	22402 : E3;
	22403 : E3;
	22404 : E3;
	22405 : E3;
	22406 : E3;
	22407 : E3;
	22408 : E3;
	22409 : E3;
	22410 : E3;
	22411 : E3;
	22412 : E3;
	22413 : E3;
	22414 : E3;
	22415 : E3;
	22416 : E3;
	22417 : E3;
	22418 : E3;
	22419 : E3;
	22420 : E3;
	22421 : E3;
	22422 : E3;
	22423 : 2A;
	22424 : 0E;
	22425 : 0E;
	22426 : 12;
	22427 : 17;
	22428 : 17;
	22429 : 12;
	22430 : 0E;
	22431 : 0E;
	22432 : 0E;
	22433 : 0E;
	22434 : 0E;
	22435 : 12;
	22436 : 1B;
	22437 : 1B;
	22438 : 17;
	22439 : 6B;
	22440 : E3;
	22441 : E3;
	22442 : E3;
	22443 : E3;
	22444 : E3;
	22445 : E3;
	22446 : E3;
	22447 : E3;
	22448 : E3;
	22449 : E3;
	22450 : E3;
	22451 : E3;
	22452 : E3;
	22453 : E3;
	22454 : E3;
	22455 : E3;
	22456 : E3;
	22457 : E3;
	22458 : E3;
	22459 : E3;
	22460 : E3;
	22461 : E3;
	22462 : E3;
	22463 : E3;
	22464 : E3;
	22465 : E3;
	22466 : E3;
	22467 : E3;
	22468 : E3;
	22469 : E3;
	22470 : E3;
	22471 : E3;
	22472 : E3;
	22473 : E3;
	22474 : E3;
	22475 : E3;
	22476 : E3;
	22477 : E3;
	22478 : E3;
	22479 : E3;
	22480 : E3;
	22481 : E3;
	22482 : E3;
	22483 : E3;
	22484 : E3;
	22485 : E3;
	22486 : E3;
	22487 : 0E;
	22488 : 0E;
	22489 : 12;
	22490 : 1B;
	22491 : 1B;
	22492 : 1B;
	22493 : 1B;
	22494 : 12;
	22495 : 0D;
	22496 : 0E;
	22497 : 09;
	22498 : 0E;
	22499 : 0E;
	22500 : 17;
	22501 : 1B;
	22502 : 1B;
	22503 : 1B;
	22504 : 16;
	22505 : E3;
	22506 : E3;
	22507 : E3;
	22508 : E3;
	22509 : E3;
	22510 : E3;
	22511 : E3;
	22512 : E3;
	22513 : E3;
	22514 : E3;
	22515 : E3;
	22516 : E3;
	22517 : E3;
	22518 : E3;
	22519 : E3;
	22520 : E3;
	22521 : E3;
	22522 : E3;
	22523 : E3;
	22524 : E3;
	22525 : E3;
	22526 : E3;
	22527 : E3;
	22528 : E3;
	22529 : E3;
	22530 : E3;
	22531 : E3;
	22532 : E3;
	22533 : E3;
	22534 : E3;
	22535 : E3;
	22536 : E3;
	22537 : E3;
	22538 : E3;
	22539 : E3;
	22540 : E3;
	22541 : E3;
	22542 : E3;
	22543 : E3;
	22544 : E3;
	22545 : E3;
	22546 : E3;
	22547 : E3;
	22548 : E3;
	22549 : E3;
	22550 : E3;
	22551 : 0E;
	22552 : 12;
	22553 : 17;
	22554 : 1B;
	22555 : 1B;
	22556 : 1B;
	22557 : 1B;
	22558 : 0E;
	22559 : 09;
	22560 : 0D;
	22561 : 0E;
	22562 : 0E;
	22563 : 0E;
	22564 : 0E;
	22565 : 17;
	22566 : 1B;
	22567 : 1B;
	22568 : 1B;
	22569 : 37;
	22570 : E3;
	22571 : E3;
	22572 : E3;
	22573 : E3;
	22574 : E3;
	22575 : E3;
	22576 : E3;
	22577 : E3;
	22578 : E3;
	22579 : E3;
	22580 : E3;
	22581 : E3;
	22582 : E3;
	22583 : E3;
	22584 : E3;
	22585 : E3;
	22586 : E3;
	22587 : E3;
	22588 : E3;
	22589 : E3;
	22590 : E3;
	22591 : E3;
	22592 : E3;
	22593 : E3;
	22594 : E3;
	22595 : E3;
	22596 : E3;
	22597 : E3;
	22598 : E3;
	22599 : E3;
	22600 : E3;
	22601 : E3;
	22602 : E3;
	22603 : E3;
	22604 : E3;
	22605 : E3;
	22606 : E3;
	22607 : E3;
	22608 : E3;
	22609 : E3;
	22610 : E3;
	22611 : E3;
	22612 : E3;
	22613 : E3;
	22614 : E3;
	22615 : 0E;
	22616 : 12;
	22617 : 1B;
	22618 : 1B;
	22619 : 1B;
	22620 : 1B;
	22621 : 17;
	22622 : 0E;
	22623 : E3;
	22624 : E3;
	22625 : 0E;
	22626 : 0E;
	22627 : 0E;
	22628 : 0E;
	22629 : 0E;
	22630 : 17;
	22631 : 1B;
	22632 : 1B;
	22633 : 1B;
	22634 : 17;
	22635 : E3;
	22636 : E3;
	22637 : E3;
	22638 : E3;
	22639 : E3;
	22640 : E3;
	22641 : E3;
	22642 : E3;
	22643 : E3;
	22644 : E3;
	22645 : E3;
	22646 : E3;
	22647 : E3;
	22648 : E3;
	22649 : E3;
	22650 : E3;
	22651 : E3;
	22652 : E3;
	22653 : E3;
	22654 : E3;
	22655 : E3;
	22656 : E3;
	22657 : E3;
	22658 : E3;
	22659 : E3;
	22660 : E3;
	22661 : E3;
	22662 : E3;
	22663 : E3;
	22664 : E3;
	22665 : E3;
	22666 : E3;
	22667 : E3;
	22668 : E3;
	22669 : E3;
	22670 : E3;
	22671 : E3;
	22672 : E3;
	22673 : E3;
	22674 : E3;
	22675 : E3;
	22676 : E3;
	22677 : E3;
	22678 : E3;
	22679 : 0E;
	22680 : 12;
	22681 : 1B;
	22682 : 1B;
	22683 : 1B;
	22684 : 1B;
	22685 : 12;
	22686 : 4A;
	22687 : E3;
	22688 : E3;
	22689 : E3;
	22690 : 4A;
	22691 : 0E;
	22692 : 0E;
	22693 : 0E;
	22694 : 0E;
	22695 : 17;
	22696 : 1B;
	22697 : 1B;
	22698 : 17;
	22699 : 6F;
	22700 : E3;
	22701 : E3;
	22702 : E3;
	22703 : E3;
	22704 : E3;
	22705 : E3;
	22706 : E3;
	22707 : E3;
	22708 : E3;
	22709 : E3;
	22710 : E3;
	22711 : E3;
	22712 : E3;
	22713 : E3;
	22714 : E3;
	22715 : E3;
	22716 : E3;
	22717 : E3;
	22718 : E3;
	22719 : E3;
	22720 : E3;
	22721 : E3;
	22722 : E3;
	22723 : E3;
	22724 : E3;
	22725 : E3;
	22726 : E3;
	22727 : E3;
	22728 : E3;
	22729 : E3;
	22730 : E3;
	22731 : E3;
	22732 : E3;
	22733 : E3;
	22734 : E3;
	22735 : E3;
	22736 : E3;
	22737 : E3;
	22738 : E3;
	22739 : E3;
	22740 : E3;
	22741 : E3;
	22742 : E3;
	22743 : 0E;
	22744 : 12;
	22745 : 1B;
	22746 : 1B;
	22747 : 1B;
	22748 : 1B;
	22749 : 12;
	22750 : E3;
	22751 : E3;
	22752 : E3;
	22753 : E3;
	22754 : E3;
	22755 : E3;
	22756 : 0E;
	22757 : 0E;
	22758 : 0E;
	22759 : 0E;
	22760 : 17;
	22761 : 1B;
	22762 : 12;
	22763 : 17;
	22764 : E3;
	22765 : E3;
	22766 : E3;
	22767 : E3;
	22768 : E3;
	22769 : E3;
	22770 : E3;
	22771 : E3;
	22772 : E3;
	22773 : E3;
	22774 : E3;
	22775 : E3;
	22776 : E3;
	22777 : E3;
	22778 : E3;
	22779 : E3;
	22780 : E3;
	22781 : E3;
	22782 : E3;
	22783 : E3;
	22784 : E3;
	22785 : E3;
	22786 : E3;
	22787 : E3;
	22788 : E3;
	22789 : E3;
	22790 : E3;
	22791 : E3;
	22792 : E3;
	22793 : E3;
	22794 : E3;
	22795 : E3;
	22796 : E3;
	22797 : E3;
	22798 : E3;
	22799 : E3;
	22800 : E3;
	22801 : E3;
	22802 : E3;
	22803 : E3;
	22804 : E3;
	22805 : E3;
	22806 : E3;
	22807 : 0E;
	22808 : 12;
	22809 : 17;
	22810 : 17;
	22811 : 1B;
	22812 : 17;
	22813 : 2E;
	22814 : E3;
	22815 : E3;
	22816 : E3;
	22817 : E3;
	22818 : E3;
	22819 : E3;
	22820 : E3;
	22821 : E3;
	22822 : 4A;
	22823 : 0E;
	22824 : 0E;
	22825 : 12;
	22826 : 0E;
	22827 : 12;
	22828 : 0E;
	22829 : E3;
	22830 : E3;
	22831 : E3;
	22832 : E3;
	22833 : E3;
	22834 : E3;
	22835 : E3;
	22836 : E3;
	22837 : E3;
	22838 : E3;
	22839 : E3;
	22840 : E3;
	22841 : E3;
	22842 : E3;
	22843 : E3;
	22844 : E3;
	22845 : E3;
	22846 : E3;
	22847 : E3;
	22848 : E3;
	22849 : E3;
	22850 : E3;
	22851 : E3;
	22852 : E3;
	22853 : E3;
	22854 : E3;
	22855 : E3;
	22856 : E3;
	22857 : E3;
	22858 : E3;
	22859 : E3;
	22860 : E3;
	22861 : E3;
	22862 : E3;
	22863 : E3;
	22864 : E3;
	22865 : E3;
	22866 : E3;
	22867 : E3;
	22868 : E3;
	22869 : E3;
	22870 : E3;
	22871 : 0E;
	22872 : 09;
	22873 : 12;
	22874 : 1B;
	22875 : 12;
	22876 : 12;
	22877 : E3;
	22878 : E3;
	22879 : E3;
	22880 : E3;
	22881 : E3;
	22882 : E3;
	22883 : E3;
	22884 : E3;
	22885 : E3;
	22886 : E3;
	22887 : 2E;
	22888 : 0E;
	22889 : 0E;
	22890 : 0E;
	22891 : 0E;
	22892 : 0D;
	22893 : E3;
	22894 : E3;
	22895 : E3;
	22896 : E3;
	22897 : E3;
	22898 : E3;
	22899 : E3;
	22900 : E3;
	22901 : E3;
	22902 : E3;
	22903 : E3;
	22904 : E3;
	22905 : E3;
	22906 : E3;
	22907 : E3;
	22908 : E3;
	22909 : E3;
	22910 : E3;
	22911 : E3;
	22912 : E3;
	22913 : E3;
	22914 : E3;
	22915 : E3;
	22916 : E3;
	22917 : E3;
	22918 : E3;
	22919 : E3;
	22920 : E3;
	22921 : E3;
	22922 : E3;
	22923 : E3;
	22924 : E3;
	22925 : E3;
	22926 : E3;
	22927 : E3;
	22928 : E3;
	22929 : E3;
	22930 : E3;
	22931 : E3;
	22932 : E3;
	22933 : E3;
	22934 : E3;
	22935 : 0E;
	22936 : 0E;
	22937 : 12;
	22938 : 17;
	22939 : 0E;
	22940 : E3;
	22941 : E3;
	22942 : E3;
	22943 : E3;
	22944 : E3;
	22945 : E3;
	22946 : E3;
	22947 : E3;
	22948 : E3;
	22949 : E3;
	22950 : E3;
	22951 : 0E;
	22952 : 0E;
	22953 : 0E;
	22954 : 0E;
	22955 : 0E;
	22956 : E3;
	22957 : E3;
	22958 : E3;
	22959 : E3;
	22960 : E3;
	22961 : E3;
	22962 : E3;
	22963 : E3;
	22964 : E3;
	22965 : E3;
	22966 : E3;
	22967 : E3;
	22968 : E3;
	22969 : E3;
	22970 : E3;
	22971 : E3;
	22972 : E3;
	22973 : E3;
	22974 : E3;
	22975 : E3;
	22976 : E3;
	22977 : E3;
	22978 : E3;
	22979 : E3;
	22980 : E3;
	22981 : E3;
	22982 : E3;
	22983 : E3;
	22984 : E3;
	22985 : E3;
	22986 : E3;
	22987 : E3;
	22988 : E3;
	22989 : E3;
	22990 : E3;
	22991 : E3;
	22992 : E3;
	22993 : E3;
	22994 : E3;
	22995 : E3;
	22996 : E3;
	22997 : E3;
	22998 : 4A;
	22999 : 0E;
	23000 : 0E;
	23001 : 0E;
	23002 : 0E;
	23003 : E3;
	23004 : E3;
	23005 : E3;
	23006 : E3;
	23007 : E3;
	23008 : E3;
	23009 : E3;
	23010 : E3;
	23011 : E3;
	23012 : E3;
	23013 : E3;
	23014 : E3;
	23015 : 0E;
	23016 : 0E;
	23017 : 0E;
	23018 : 0E;
	23019 : 2A;
	23020 : E3;
	23021 : E3;
	23022 : E3;
	23023 : E3;
	23024 : E3;
	23025 : E3;
	23026 : E3;
	23027 : E3;
	23028 : E3;
	23029 : E3;
	23030 : E3;
	23031 : E3;
	23032 : E3;
	23033 : E3;
	23034 : E3;
	23035 : E3;
	23036 : E3;
	23037 : E3;
	23038 : E3;
	23039 : E3;
	23040 : E3;
	23041 : E3;
	23042 : E3;
	23043 : E3;
	23044 : E3;
	23045 : E3;
	23046 : E3;
	23047 : E3;
	23048 : E3;
	23049 : E3;
	23050 : E3;
	23051 : E3;
	23052 : E3;
	23053 : E3;
	23054 : E3;
	23055 : E3;
	23056 : E3;
	23057 : E3;
	23058 : E3;
	23059 : E3;
	23060 : E3;
	23061 : 2A;
	23062 : 0E;
	23063 : 0E;
	23064 : 0E;
	23065 : 0E;
	23066 : 0E;
	23067 : E3;
	23068 : E3;
	23069 : E3;
	23070 : E3;
	23071 : E3;
	23072 : E3;
	23073 : E3;
	23074 : E3;
	23075 : E3;
	23076 : E3;
	23077 : E3;
	23078 : E3;
	23079 : 0E;
	23080 : 0E;
	23081 : 0E;
	23082 : 0E;
	23083 : E3;
	23084 : E3;
	23085 : E3;
	23086 : E3;
	23087 : E3;
	23088 : E3;
	23089 : E3;
	23090 : E3;
	23091 : E3;
	23092 : E3;
	23093 : E3;
	23094 : E3;
	23095 : E3;
	23096 : E3;
	23097 : E3;
	23098 : E3;
	23099 : E3;
	23100 : E3;
	23101 : E3;
	23102 : E3;
	23103 : E3;
	23104 : E3;
	23105 : E3;
	23106 : E3;
	23107 : E3;
	23108 : E3;
	23109 : E3;
	23110 : E3;
	23111 : E3;
	23112 : E3;
	23113 : E3;
	23114 : E3;
	23115 : E3;
	23116 : E3;
	23117 : E3;
	23118 : E3;
	23119 : E3;
	23120 : E3;
	23121 : E3;
	23122 : E3;
	23123 : E3;
	23124 : 4A;
	23125 : 0E;
	23126 : 0E;
	23127 : 0E;
	23128 : 0E;
	23129 : 0E;
	23130 : 2A;
	23131 : E3;
	23132 : E3;
	23133 : E3;
	23134 : E3;
	23135 : E3;
	23136 : E3;
	23137 : E3;
	23138 : E3;
	23139 : E3;
	23140 : E3;
	23141 : E3;
	23142 : E3;
	23143 : 0E;
	23144 : 0E;
	23145 : 0E;
	23146 : 0E;
	23147 : E3;
	23148 : E3;
	23149 : E3;
	23150 : E3;
	23151 : E3;
	23152 : E3;
	23153 : E3;
	23154 : E3;
	23155 : E3;
	23156 : E3;
	23157 : E3;
	23158 : E3;
	23159 : E3;
	23160 : E3;
	23161 : E3;
	23162 : E3;
	23163 : E3;
	23164 : E3;
	23165 : E3;
	23166 : E3;
	23167 : E3;
	23168 : E3;
	23169 : E3;
	23170 : E3;
	23171 : E3;
	23172 : E3;
	23173 : E3;
	23174 : E3;
	23175 : E3;
	23176 : E3;
	23177 : E3;
	23178 : E3;
	23179 : E3;
	23180 : E3;
	23181 : E3;
	23182 : E3;
	23183 : E3;
	23184 : E3;
	23185 : E3;
	23186 : E3;
	23187 : E3;
	23188 : 2E;
	23189 : 0E;
	23190 : 0E;
	23191 : 0E;
	23192 : 0E;
	23193 : 0E;
	23194 : E3;
	23195 : E3;
	23196 : E3;
	23197 : E3;
	23198 : E3;
	23199 : E3;
	23200 : E3;
	23201 : E3;
	23202 : E3;
	23203 : E3;
	23204 : E3;
	23205 : E3;
	23206 : E3;
	23207 : 2A;
	23208 : 0E;
	23209 : 0E;
	23210 : 2A;
	23211 : E3;
	23212 : E3;
	23213 : E3;
	23214 : E3;
	23215 : E3;
	23216 : E3;
	23217 : E3;
	23218 : E3;
	23219 : E3;
	23220 : E3;
	23221 : E3;
	23222 : E3;
	23223 : E3;
	23224 : E3;
	23225 : E3;
	23226 : E3;
	23227 : E3;
	23228 : E3;
	23229 : E3;
	23230 : E3;
	23231 : E3;
	23232 : E3;
	23233 : E3;
	23234 : E3;
	23235 : E3;
	23236 : E3;
	23237 : E3;
	23238 : E3;
	23239 : E3;
	23240 : E3;
	23241 : E3;
	23242 : E3;
	23243 : E3;
	23244 : E3;
	23245 : E3;
	23246 : E3;
	23247 : E3;
	23248 : E3;
	23249 : E3;
	23250 : E3;
	23251 : E3;
	23252 : 0E;
	23253 : 0E;
	23254 : 0E;
	23255 : 0E;
	23256 : 0E;
	23257 : 2A;
	23258 : E3;
	23259 : E3;
	23260 : E3;
	23261 : E3;
	23262 : E3;
	23263 : E3;
	23264 : E3;
	23265 : E3;
	23266 : E3;
	23267 : E3;
	23268 : E3;
	23269 : E3;
	23270 : E3;
	23271 : 4A;
	23272 : 0D;
	23273 : 0E;
	23274 : E3;
	23275 : E3;
	23276 : E3;
	23277 : E3;
	23278 : E3;
	23279 : E3;
	23280 : E3;
	23281 : E3;
	23282 : E3;
	23283 : E3;
	23284 : E3;
	23285 : E3;
	23286 : E3;
	23287 : E3;
	23288 : E3;
	23289 : E3;
	23290 : E3;
	23291 : E3;
	23292 : E3;
	23293 : E3;
	23294 : E3;
	23295 : E3;
	23296 : E3;
	23297 : E3;
	23298 : E3;
	23299 : E3;
	23300 : E3;
	23301 : E3;
	23302 : E3;
	23303 : E3;
	23304 : E3;
	23305 : E3;
	23306 : E3;
	23307 : E3;
	23308 : E3;
	23309 : E3;
	23310 : E3;
	23311 : E3;
	23312 : E3;
	23313 : E3;
	23314 : E3;
	23315 : E3;
	23316 : 0E;
	23317 : 0E;
	23318 : 0E;
	23319 : 2A;
	23320 : E3;
	23321 : E3;
	23322 : E3;
	23323 : E3;
	23324 : E3;
	23325 : E3;
	23326 : E3;
	23327 : E3;
	23328 : E3;
	23329 : E3;
	23330 : E3;
	23331 : E3;
	23332 : E3;
	23333 : E3;
	23334 : E3;
	23335 : B7;
	23336 : DB;
	23337 : 92;
	23338 : E3;
	23339 : E3;
	23340 : E3;
	23341 : E3;
	23342 : E3;
	23343 : E3;
	23344 : E3;
	23345 : E3;
	23346 : E3;
	23347 : E3;
	23348 : E3;
	23349 : E3;
	23350 : E3;
	23351 : E3;
	23352 : E3;
	23353 : E3;
	23354 : E3;
	23355 : E3;
	23356 : E3;
	23357 : E3;
	23358 : E3;
	23359 : E3;
	23360 : E3;
	23361 : E3;
	23362 : E3;
	23363 : E3;
	23364 : E3;
	23365 : E3;
	23366 : E3;
	23367 : E3;
	23368 : E3;
	23369 : E3;
	23370 : E3;
	23371 : E3;
	23372 : E3;
	23373 : E3;
	23374 : E3;
	23375 : E3;
	23376 : E3;
	23377 : E3;
	23378 : E3;
	23379 : 92;
	23380 : 2E;
	23381 : 09;
	23382 : E3;
	23383 : E3;
	23384 : E3;
	23385 : E3;
	23386 : E3;
	23387 : E3;
	23388 : E3;
	23389 : E3;
	23390 : E3;
	23391 : E3;
	23392 : E3;
	23393 : E3;
	23394 : E3;
	23395 : E3;
	23396 : E3;
	23397 : E3;
	23398 : BB;
	23399 : B7;
	23400 : DB;
	23401 : BB;
	23402 : B6;
	23403 : E3;
	23404 : E3;
	23405 : E3;
	23406 : E3;
	23407 : E3;
	23408 : E3;
	23409 : E3;
	23410 : E3;
	23411 : E3;
	23412 : E3;
	23413 : E3;
	23414 : E3;
	23415 : E3;
	23416 : E3;
	23417 : E3;
	23418 : E3;
	23419 : E3;
	23420 : E3;
	23421 : E3;
	23422 : E3;
	23423 : E3;
	23424 : E3;
	23425 : E3;
	23426 : E3;
	23427 : E3;
	23428 : E3;
	23429 : E3;
	23430 : E3;
	23431 : E3;
	23432 : E3;
	23433 : E3;
	23434 : E3;
	23435 : E3;
	23436 : E3;
	23437 : E3;
	23438 : E3;
	23439 : E3;
	23440 : E3;
	23441 : E3;
	23442 : E3;
	23443 : BB;
	23444 : 92;
	23445 : E3;
	23446 : E3;
	23447 : E3;
	23448 : E3;
	23449 : E3;
	23450 : E3;
	23451 : E3;
	23452 : E3;
	23453 : E3;
	23454 : E3;
	23455 : E3;
	23456 : E3;
	23457 : E3;
	23458 : E3;
	23459 : E3;
	23460 : E3;
	23461 : E3;
	23462 : E3;
	23463 : E3;
	23464 : E3;
	23465 : B6;
	23466 : BB;
	23467 : B7;
	23468 : B7;
	23469 : BB;
	23470 : E3;
	23471 : E3;
	23472 : E3;
	23473 : E3;
	23474 : E3;
	23475 : E3;
	23476 : E3;
	23477 : E3;
	23478 : E3;
	23479 : E3;
	23480 : E3;
	23481 : E3;
	23482 : E3;
	23483 : E3;
	23484 : E3;
	23485 : E3;
	23486 : E3;
	23487 : E3;
	23488 : E3;
	23489 : E3;
	23490 : E3;
	23491 : E3;
	23492 : E3;
	23493 : E3;
	23494 : E3;
	23495 : E3;
	23496 : E3;
	23497 : E3;
	23498 : E3;
	23499 : E3;
	23500 : E3;
	23501 : E3;
	23502 : E3;
	23503 : E3;
	23504 : E3;
	23505 : E3;
	23506 : DB;
	23507 : 92;
	23508 : B6;
	23509 : E3;
	23510 : E3;
	23511 : E3;
	23512 : E3;
	23513 : E3;
	23514 : E3;
	23515 : E3;
	23516 : E3;
	23517 : E3;
	23518 : E3;
	23519 : E3;
	23520 : E3;
	23521 : E3;
	23522 : E3;
	23523 : E3;
	23524 : E3;
	23525 : E3;
	23526 : E3;
	23527 : E3;
	23528 : E3;
	23529 : E3;
	23530 : 6E;
	23531 : 6E;
	23532 : 6E;
	23533 : 6E;
	23534 : E3;
	23535 : E3;
	23536 : E3;
	23537 : E3;
	23538 : E3;
	23539 : E3;
	23540 : E3;
	23541 : E3;
	23542 : E3;
	23543 : E3;
	23544 : E3;
	23545 : E3;
	23546 : E3;
	23547 : E3;
	23548 : E3;
	23549 : E3;
	23550 : E3;
	23551 : E3;
	23552 : E3;
	23553 : E3;
	23554 : E3;
	23555 : E3;
	23556 : E3;
	23557 : E3;
	23558 : E3;
	23559 : E3;
	23560 : E3;
	23561 : E3;
	23562 : E3;
	23563 : E3;
	23564 : E3;
	23565 : E3;
	23566 : E3;
	23567 : E3;
	23568 : E3;
	23569 : 8E;
	23570 : BB;
	23571 : 92;
	23572 : BB;
	23573 : 92;
	23574 : E3;
	23575 : E3;
	23576 : E3;
	23577 : E3;
	23578 : E3;
	23579 : E3;
	23580 : E3;
	23581 : E3;
	23582 : E3;
	23583 : E3;
	23584 : E3;
	23585 : E3;
	23586 : E3;
	23587 : E3;
	23588 : E3;
	23589 : E3;
	23590 : E3;
	23591 : E3;
	23592 : E3;
	23593 : E3;
	23594 : E3;
	23595 : E3;
	23596 : E3;
	23597 : E3;
	23598 : E3;
	23599 : E3;
	23600 : E3;
	23601 : E3;
	23602 : E3;
	23603 : E3;
	23604 : E3;
	23605 : E3;
	23606 : E3;
	23607 : E3;
	23608 : E3;
	23609 : E3;
	23610 : E3;
	23611 : E3;
	23612 : E3;
	23613 : E3;
	23614 : E3;
	23615 : E3;
	23616 : E3;
	23617 : E3;
	23618 : E3;
	23619 : E3;
	23620 : E3;
	23621 : E3;
	23622 : E3;
	23623 : E3;
	23624 : E3;
	23625 : E3;
	23626 : E3;
	23627 : E3;
	23628 : E3;
	23629 : E3;
	23630 : E3;
	23631 : E3;
	23632 : E3;
	23633 : E3;
	23634 : E3;
	23635 : E3;
	23636 : E3;
	23637 : E3;
	23638 : E3;
	23639 : E3;
	23640 : E3;
	23641 : E3;
	23642 : E3;
	23643 : E3;
	23644 : E3;
	23645 : E3;
	23646 : E3;
	23647 : E3;
	23648 : E3;
	23649 : E3;
	23650 : E3;
	23651 : E3;
	23652 : E3;
	23653 : E3;
	23654 : E3;
	23655 : E3;
	23656 : E3;
	23657 : E3;
	23658 : E3;
	23659 : E3;
	23660 : E3;
	23661 : E3;
	23662 : E3;
	23663 : E3;
	23664 : E3;
	23665 : E3;
	23666 : E3;
	23667 : E3;
	23668 : E3;
	23669 : E3;
	23670 : E3;
	23671 : E3;
	23672 : E3;
	23673 : E3;
	23674 : E3;
	23675 : E3;
	23676 : E3;
	23677 : E3;
	23678 : E3;
	23679 : E3;
	23680 : E3;
	23681 : E3;
	23682 : E3;
	23683 : E3;
	23684 : E3;
	23685 : E3;
	23686 : E3;
	23687 : E3;
	23688 : E3;
	23689 : E3;
	23690 : E3;
	23691 : E3;
	23692 : E3;
	23693 : E3;
	23694 : E3;
	23695 : E3;
	23696 : E3;
	23697 : E3;
	23698 : E3;
	23699 : E3;
	23700 : E3;
	23701 : E3;
	23702 : E3;
	23703 : E3;
	23704 : E3;
	23705 : E3;
	23706 : E3;
	23707 : E3;
	23708 : E3;
	23709 : E3;
	23710 : E3;
	23711 : E3;
	23712 : E3;
	23713 : E3;
	23714 : E3;
	23715 : E3;
	23716 : E3;
	23717 : E3;
	23718 : E3;
	23719 : E3;
	23720 : E3;
	23721 : E3;
	23722 : E3;
	23723 : E3;
	23724 : E3;
	23725 : E3;
	23726 : E3;
	23727 : E3;
	23728 : E3;
	23729 : E3;
	23730 : E3;
	23731 : E3;
	23732 : E3;
	23733 : E3;
	23734 : E3;
	23735 : E3;
	23736 : E3;
	23737 : E3;
	23738 : E3;
	23739 : E3;
	23740 : E3;
	23741 : E3;
	23742 : E3;
	23743 : E3;
	23744 : E3;
	23745 : E3;
	23746 : E3;
	23747 : E3;
	23748 : E3;
	23749 : E3;
	23750 : E3;
	23751 : E3;
	23752 : E3;
	23753 : E3;
	23754 : E3;
	23755 : E3;
	23756 : E3;
	23757 : E3;
	23758 : E3;
	23759 : E3;
	23760 : E3;
	23761 : E3;
	23762 : E3;
	23763 : E3;
	23764 : E3;
	23765 : E3;
	23766 : E3;
	23767 : E3;
	23768 : E3;
	23769 : E3;
	23770 : E3;
	23771 : E3;
	23772 : E3;
	23773 : E3;
	23774 : E3;
	23775 : E3;
	23776 : E3;
	23777 : E3;
	23778 : E3;
	23779 : E3;
	23780 : E3;
	23781 : E3;
	23782 : E3;
	23783 : E3;
	23784 : E3;
	23785 : E3;
	23786 : E3;
	23787 : E3;
	23788 : E3;
	23789 : E3;
	23790 : E3;
	23791 : E3;
	23792 : E3;
	23793 : E3;
	23794 : E3;
	23795 : E3;
	23796 : E3;
	23797 : E3;
	23798 : E3;
	23799 : E3;
	23800 : E3;
	23801 : E3;
	23802 : E3;
	23803 : E3;
	23804 : E3;
	23805 : E3;
	23806 : E3;
	23807 : E3;
	23808 : E3;
	23809 : E3;
	23810 : E3;
	23811 : E3;
	23812 : E3;
	23813 : E3;
	23814 : E3;
	23815 : E3;
	23816 : E3;
	23817 : E3;
	23818 : E3;
	23819 : E3;
	23820 : E3;
	23821 : E3;
	23822 : E3;
	23823 : E3;
	23824 : E3;
	23825 : E3;
	23826 : E3;
	23827 : E3;
	23828 : E3;
	23829 : E3;
	23830 : E3;
	23831 : E3;
	23832 : E3;
	23833 : E3;
	23834 : E3;
	23835 : E3;
	23836 : E3;
	23837 : E3;
	23838 : E3;
	23839 : E3;
	23840 : E3;
	23841 : E3;
	23842 : E3;
	23843 : E3;
	23844 : E3;
	23845 : E3;
	23846 : E3;
	23847 : E3;
	23848 : E3;
	23849 : E3;
	23850 : E3;
	23851 : E3;
	23852 : E3;
	23853 : E3;
	23854 : E3;
	23855 : E3;
	23856 : E3;
	23857 : E3;
	23858 : E3;
	23859 : E3;
	23860 : E3;
	23861 : E3;
	23862 : E3;
	23863 : E3;
	23864 : E3;
	23865 : E3;
	23866 : E3;
	23867 : E3;
	23868 : E3;
	23869 : E3;
	23870 : E3;
	23871 : E3;
	23872 : E3;
	23873 : E3;
	23874 : E3;
	23875 : E3;
	23876 : E3;
	23877 : E3;
	23878 : E3;
	23879 : E3;
	23880 : E3;
	23881 : E3;
	23882 : E3;
	23883 : E3;
	23884 : E3;
	23885 : E3;
	23886 : E3;
	23887 : E3;
	23888 : E3;
	23889 : E3;
	23890 : E3;
	23891 : E3;
	23892 : E3;
	23893 : E3;
	23894 : E3;
	23895 : E3;
	23896 : E3;
	23897 : E3;
	23898 : E3;
	23899 : E3;
	23900 : E3;
	23901 : E3;
	23902 : E3;
	23903 : E3;
	23904 : E3;
	23905 : E3;
	23906 : E3;
	23907 : E3;
	23908 : E3;
	23909 : E3;
	23910 : E3;
	23911 : E3;
	23912 : E3;
	23913 : E3;
	23914 : E3;
	23915 : E3;
	23916 : E3;
	23917 : E3;
	23918 : E3;
	23919 : E3;
	23920 : E3;
	23921 : E3;
	23922 : E3;
	23923 : E3;
	23924 : E3;
	23925 : E3;
	23926 : E3;
	23927 : E3;
	23928 : E3;
	23929 : E3;
	23930 : E3;
	23931 : E3;
	23932 : E3;
	23933 : E3;
	23934 : E3;
	23935 : E3;
	23936 : E3;
	23937 : E3;
	23938 : E3;
	23939 : E3;
	23940 : E3;
	23941 : E3;
	23942 : E3;
	23943 : E3;
	23944 : E3;
	23945 : E3;
	23946 : E3;
	23947 : E3;
	23948 : E3;
	23949 : E3;
	23950 : E3;
	23951 : E3;
	23952 : E3;
	23953 : E3;
	23954 : E3;
	23955 : E3;
	23956 : E3;
	23957 : E3;
	23958 : E3;
	23959 : E3;
	23960 : E3;
	23961 : E3;
	23962 : E3;
	23963 : E3;
	23964 : E3;
	23965 : E3;
	23966 : E3;
	23967 : E3;
	23968 : E3;
	23969 : E3;
	23970 : E3;
	23971 : E3;
	23972 : E3;
	23973 : E3;
	23974 : E3;
	23975 : E3;
	23976 : E3;
	23977 : E3;
	23978 : E3;
	23979 : E3;
	23980 : E3;
	23981 : E3;
	23982 : E3;
	23983 : E3;
	23984 : E3;
	23985 : E3;
	23986 : E3;
	23987 : E3;
	23988 : E3;
	23989 : E3;
	23990 : E3;
	23991 : E3;
	23992 : E3;
	23993 : E3;
	23994 : E3;
	23995 : E3;
	23996 : E3;
	23997 : E3;
	23998 : E3;
	23999 : E3;
	24000 : E3;
	24001 : E3;
	24002 : E3;
	24003 : E3;
	24004 : E3;
	24005 : E3;
	24006 : E3;
	24007 : E3;
	24008 : E3;
	24009 : E3;
	24010 : E3;
	24011 : E3;
	24012 : E3;
	24013 : E3;
	24014 : E3;
	24015 : E3;
	24016 : E3;
	24017 : E3;
	24018 : E3;
	24019 : E3;
	24020 : E3;
	24021 : E3;
	24022 : E3;
	24023 : E3;
	24024 : E3;
	24025 : E3;
	24026 : E3;
	24027 : E3;
	24028 : E3;
	24029 : E3;
	24030 : E3;
	24031 : E3;
	24032 : E3;
	24033 : E3;
	24034 : E3;
	24035 : E3;
	24036 : E3;
	24037 : E3;
	24038 : E3;
	24039 : E3;
	24040 : E3;
	24041 : E3;
	24042 : E3;
	24043 : E3;
	24044 : E3;
	24045 : E3;
	24046 : E3;
	24047 : E3;
	24048 : E3;
	24049 : E3;
	24050 : E3;
	24051 : E3;
	24052 : E3;
	24053 : E3;
	24054 : E3;
	24055 : E3;
	24056 : E3;
	24057 : E3;
	24058 : E3;
	24059 : E3;
	24060 : E3;
	24061 : E3;
	24062 : E3;
	24063 : E3;
	24064 : E3;
	24065 : E3;
	24066 : E3;
	24067 : E3;
	24068 : E3;
	24069 : E3;
	24070 : E3;
	24071 : E3;
	24072 : E3;
	24073 : E3;
	24074 : E3;
	24075 : E3;
	24076 : E3;
	24077 : E3;
	24078 : E3;
	24079 : E3;
	24080 : E3;
	24081 : E3;
	24082 : E3;
	24083 : E3;
	24084 : E3;
	24085 : E3;
	24086 : E3;
	24087 : E3;
	24088 : E3;
	24089 : E3;
	24090 : E3;
	24091 : E3;
	24092 : E3;
	24093 : E3;
	24094 : E3;
	24095 : E3;
	24096 : E3;
	24097 : E3;
	24098 : E3;
	24099 : E3;
	24100 : E3;
	24101 : E3;
	24102 : E3;
	24103 : E3;
	24104 : E3;
	24105 : E3;
	24106 : E3;
	24107 : E3;
	24108 : E3;
	24109 : E3;
	24110 : E3;
	24111 : E3;
	24112 : E3;
	24113 : E3;
	24114 : E3;
	24115 : E3;
	24116 : E3;
	24117 : E3;
	24118 : E3;
	24119 : E3;
	24120 : E3;
	24121 : E3;
	24122 : E3;
	24123 : E3;
	24124 : E3;
	24125 : E3;
	24126 : E3;
	24127 : E3;
	24128 : E3;
	24129 : E3;
	24130 : E3;
	24131 : E3;
	24132 : E3;
	24133 : E3;
	24134 : E3;
	24135 : E3;
	24136 : E3;
	24137 : E3;
	24138 : E3;
	24139 : E3;
	24140 : E3;
	24141 : E3;
	24142 : E3;
	24143 : E3;
	24144 : E3;
	24145 : E3;
	24146 : E3;
	24147 : E3;
	24148 : E3;
	24149 : E3;
	24150 : E3;
	24151 : E3;
	24152 : E3;
	24153 : E3;
	24154 : E3;
	24155 : E3;
	24156 : E3;
	24157 : E3;
	24158 : E3;
	24159 : E3;
	24160 : E3;
	24161 : E3;
	24162 : E3;
	24163 : E3;
	24164 : E3;
	24165 : E3;
	24166 : E3;
	24167 : E3;
	24168 : E3;
	24169 : E3;
	24170 : E3;
	24171 : E3;
	24172 : E3;
	24173 : E3;
	24174 : E3;
	24175 : E3;
	24176 : E3;
	24177 : E3;
	24178 : E3;
	24179 : E3;
	24180 : E3;
	24181 : E3;
	24182 : E3;
	24183 : E3;
	24184 : E3;
	24185 : E3;
	24186 : E3;
	24187 : E3;
	24188 : E3;
	24189 : E3;
	24190 : E3;
	24191 : E3;
	24192 : E3;
	24193 : E3;
	24194 : E3;
	24195 : E3;
	24196 : E3;
	24197 : E3;
	24198 : E3;
	24199 : E3;
	24200 : E3;
	24201 : E3;
	24202 : E3;
	24203 : E3;
	24204 : E3;
	24205 : E3;
	24206 : E3;
	24207 : E3;
	24208 : E3;
	24209 : E3;
	24210 : E3;
	24211 : E3;
	24212 : E3;
	24213 : E3;
	24214 : E3;
	24215 : E3;
	24216 : E3;
	24217 : E3;
	24218 : E3;
	24219 : E3;
	24220 : E3;
	24221 : E3;
	24222 : E3;
	24223 : E3;
	24224 : E3;
	24225 : E3;
	24226 : E3;
	24227 : E3;
	24228 : E3;
	24229 : E3;
	24230 : E3;
	24231 : E3;
	24232 : E3;
	24233 : E3;
	24234 : E3;
	24235 : E3;
	24236 : E3;
	24237 : E3;
	24238 : E3;
	24239 : E3;
	24240 : E3;
	24241 : E3;
	24242 : E3;
	24243 : E3;
	24244 : E3;
	24245 : E3;
	24246 : E3;
	24247 : E3;
	24248 : E3;
	24249 : E3;
	24250 : E3;
	24251 : E3;
	24252 : E3;
	24253 : E3;
	24254 : E3;
	24255 : E3;
	24256 : E3;
	24257 : E3;
	24258 : E3;
	24259 : E3;
	24260 : E3;
	24261 : E3;
	24262 : E3;
	24263 : E3;
	24264 : E3;
	24265 : E3;
	24266 : E3;
	24267 : E3;
	24268 : E3;
	24269 : E3;
	24270 : E3;
	24271 : E3;
	24272 : E3;
	24273 : E3;
	24274 : E3;
	24275 : E3;
	24276 : E3;
	24277 : E3;
	24278 : E3;
	24279 : E3;
	24280 : E3;
	24281 : E3;
	24282 : E3;
	24283 : E3;
	24284 : E3;
	24285 : E3;
	24286 : E3;
	24287 : E3;
	24288 : E3;
	24289 : E3;
	24290 : E3;
	24291 : E3;
	24292 : E3;
	24293 : E3;
	24294 : E3;
	24295 : E3;
	24296 : E3;
	24297 : E3;
	24298 : E3;
	24299 : E3;
	24300 : E3;
	24301 : E3;
	24302 : E3;
	24303 : E3;
	24304 : E3;
	24305 : E3;
	24306 : E3;
	24307 : E3;
	24308 : E3;
	24309 : E3;
	24310 : E3;
	24311 : E3;
	24312 : E3;
	24313 : E3;
	24314 : E3;
	24315 : E3;
	24316 : E3;
	24317 : E3;
	24318 : E3;
	24319 : E3;
	24320 : E3;
	24321 : E3;
	24322 : E3;
	24323 : E3;
	24324 : E3;
	24325 : E3;
	24326 : E3;
	24327 : E3;
	24328 : E3;
	24329 : E3;
	24330 : E3;
	24331 : E3;
	24332 : E3;
	24333 : E3;
	24334 : E3;
	24335 : E3;
	24336 : E3;
	24337 : E3;
	24338 : E3;
	24339 : E3;
	24340 : E3;
	24341 : E3;
	24342 : E3;
	24343 : E3;
	24344 : E3;
	24345 : E3;
	24346 : E3;
	24347 : E3;
	24348 : E3;
	24349 : E3;
	24350 : E3;
	24351 : E3;
	24352 : E3;
	24353 : E3;
	24354 : E3;
	24355 : E3;
	24356 : E3;
	24357 : E3;
	24358 : E3;
	24359 : E3;
	24360 : E3;
	24361 : E3;
	24362 : E3;
	24363 : E3;
	24364 : E3;
	24365 : E3;
	24366 : E3;
	24367 : E3;
	24368 : E3;
	24369 : E3;
	24370 : E3;
	24371 : E3;
	24372 : E3;
	24373 : E3;
	24374 : E3;
	24375 : E3;
	24376 : E3;
	24377 : E3;
	24378 : E3;
	24379 : E3;
	24380 : E3;
	24381 : E3;
	24382 : E3;
	24383 : E3;
	24384 : E3;
	24385 : E3;
	24386 : E3;
	24387 : E3;
	24388 : E3;
	24389 : E3;
	24390 : E3;
	24391 : E3;
	24392 : E3;
	24393 : E3;
	24394 : E3;
	24395 : E3;
	24396 : E3;
	24397 : E3;
	24398 : E3;
	24399 : E3;
	24400 : E3;
	24401 : E3;
	24402 : E3;
	24403 : E3;
	24404 : E3;
	24405 : E3;
	24406 : E3;
	24407 : E3;
	24408 : E3;
	24409 : E3;
	24410 : E3;
	24411 : E3;
	24412 : E3;
	24413 : E3;
	24414 : E3;
	24415 : E3;
	24416 : E3;
	24417 : E3;
	24418 : E3;
	24419 : E3;
	24420 : E3;
	24421 : E3;
	24422 : E3;
	24423 : E3;
	24424 : E3;
	24425 : E3;
	24426 : E3;
	24427 : E3;
	24428 : E3;
	24429 : E3;
	24430 : E3;
	24431 : E3;
	24432 : E3;
	24433 : E3;
	24434 : E3;
	24435 : E3;
	24436 : E3;
	24437 : E3;
	24438 : E3;
	24439 : E3;
	24440 : E3;
	24441 : E3;
	24442 : E3;
	24443 : E3;
	24444 : E3;
	24445 : E3;
	24446 : E3;
	24447 : E3;
	24448 : E3;
	24449 : E3;
	24450 : E3;
	24451 : E3;
	24452 : E3;
	24453 : E3;
	24454 : E3;
	24455 : E3;
	24456 : E3;
	24457 : E3;
	24458 : E3;
	24459 : E3;
	24460 : E3;
	24461 : E3;
	24462 : E3;
	24463 : E3;
	24464 : E3;
	24465 : E3;
	24466 : E3;
	24467 : E3;
	24468 : E3;
	24469 : E3;
	24470 : E3;
	24471 : E3;
	24472 : E3;
	24473 : E3;
	24474 : E3;
	24475 : E3;
	24476 : E3;
	24477 : E3;
	24478 : E3;
	24479 : E3;
	24480 : E3;
	24481 : E3;
	24482 : E3;
	24483 : E3;
	24484 : E3;
	24485 : E3;
	24486 : E3;
	24487 : E3;
	24488 : E3;
	24489 : E3;
	24490 : E3;
	24491 : E3;
	24492 : E3;
	24493 : E3;
	24494 : E3;
	24495 : E3;
	24496 : E3;
	24497 : E3;
	24498 : E3;
	24499 : E3;
	24500 : E3;
	24501 : E3;
	24502 : E3;
	24503 : E3;
	24504 : E3;
	24505 : E3;
	24506 : E3;
	24507 : E3;
	24508 : E3;
	24509 : E3;
	24510 : E3;
	24511 : E3;
	24512 : E3;
	24513 : E3;
	24514 : E3;
	24515 : E3;
	24516 : E3;
	24517 : E3;
	24518 : E3;
	24519 : E3;
	24520 : E3;
	24521 : E3;
	24522 : E3;
	24523 : E3;
	24524 : E3;
	24525 : E3;
	24526 : E3;
	24527 : E3;
	24528 : E3;
	24529 : E3;
	24530 : E3;
	24531 : E3;
	24532 : E3;
	24533 : E3;
	24534 : E3;
	24535 : E3;
	24536 : E3;
	24537 : E3;
	24538 : E3;
	24539 : E3;
	24540 : E3;
	24541 : E3;
	24542 : E3;
	24543 : E3;
	24544 : E3;
	24545 : E3;
	24546 : E3;
	24547 : E3;
	24548 : E3;
	24549 : E3;
	24550 : E3;
	24551 : E3;
	24552 : E3;
	24553 : E3;
	24554 : E3;
	24555 : E3;
	24556 : E3;
	24557 : E3;
	24558 : E3;
	24559 : E3;
	24560 : E3;
	24561 : E3;
	24562 : E3;
	24563 : E3;
	24564 : E3;
	24565 : E3;
	24566 : E3;
	24567 : E3;
	24568 : E3;
	24569 : E3;
	24570 : E3;
	24571 : E3;
	24572 : E3;
	24573 : E3;
	24574 : E3;
	24575 : E3;
	24576 : E3;
	24577 : E3;
	24578 : E3;
	24579 : E3;
	24580 : E3;
	24581 : E3;
	24582 : E3;
	24583 : E3;
	24584 : E3;
	24585 : E3;
	24586 : E3;
	24587 : E3;
	24588 : E3;
	24589 : E3;
	24590 : E3;
	24591 : E3;
	24592 : E3;
	24593 : E3;
	24594 : E3;
	24595 : E3;
	24596 : E3;
	24597 : E3;
	24598 : E3;
	24599 : E3;
	24600 : E3;
	24601 : E3;
	24602 : E3;
	24603 : E3;
	24604 : E3;
	24605 : E3;
	24606 : E3;
	24607 : E3;
	24608 : E3;
	24609 : E3;
	24610 : E3;
	24611 : E3;
	24612 : E3;
	24613 : E3;
	24614 : E3;
	24615 : E3;
	24616 : E3;
	24617 : E3;
	24618 : E3;
	24619 : E3;
	24620 : E3;
	24621 : E3;
	24622 : E3;
	24623 : E3;
	24624 : E3;
	24625 : E3;
	24626 : E3;
	24627 : E3;
	24628 : E3;
	24629 : E3;
	24630 : E3;
	24631 : E3;
	24632 : E3;
	24633 : E3;
	24634 : E3;
	24635 : E3;
	24636 : E3;
	24637 : E3;
	24638 : E3;
	24639 : E3;
	24640 : E3;
	24641 : E3;
	24642 : E3;
	24643 : E3;
	24644 : E3;
	24645 : E3;
	24646 : E3;
	24647 : E3;
	24648 : E3;
	24649 : E3;
	24650 : E3;
	24651 : E3;
	24652 : E3;
	24653 : E3;
	24654 : E3;
	24655 : E3;
	24656 : E3;
	24657 : E3;
	24658 : E3;
	24659 : E3;
	24660 : E3;
	24661 : E3;
	24662 : E3;
	24663 : E3;
	24664 : E3;
	24665 : E3;
	24666 : E3;
	24667 : E3;
	24668 : E3;
	24669 : E3;
	24670 : E3;
	24671 : E3;
	24672 : E3;
	24673 : E3;
	24674 : E3;
	24675 : E3;
	24676 : E3;
	24677 : E3;
	24678 : E3;
	24679 : E3;
	24680 : E3;
	24681 : E3;
	24682 : E3;
	24683 : E3;
	24684 : E3;
	24685 : E3;
	24686 : E3;
	24687 : E3;
	24688 : E3;
	24689 : E3;
	24690 : E3;
	24691 : E3;
	24692 : E3;
	24693 : E3;
	24694 : E3;
	24695 : E3;
	24696 : E3;
	24697 : E3;
	24698 : E3;
	24699 : E3;
	24700 : E3;
	24701 : E3;
	24702 : E3;
	24703 : E3;
	24704 : E3;
	24705 : E3;
	24706 : E3;
	24707 : E3;
	24708 : E3;
	24709 : E3;
	24710 : E3;
	24711 : E3;
	24712 : E3;
	24713 : E3;
	24714 : E3;
	24715 : E3;
	24716 : E3;
	24717 : E3;
	24718 : E3;
	24719 : E3;
	24720 : E3;
	24721 : E3;
	24722 : E3;
	24723 : E3;
	24724 : E3;
	24725 : E3;
	24726 : E3;
	24727 : E3;
	24728 : E3;
	24729 : E3;
	24730 : E3;
	24731 : E3;
	24732 : E3;
	24733 : E3;
	24734 : E3;
	24735 : E3;
	24736 : E3;
	24737 : E3;
	24738 : E3;
	24739 : E3;
	24740 : E3;
	24741 : E3;
	24742 : E3;
	24743 : E3;
	24744 : E3;
	24745 : E3;
	24746 : E3;
	24747 : E3;
	24748 : E3;
	24749 : E3;
	24750 : E3;
	24751 : E3;
	24752 : E3;
	24753 : E3;
	24754 : E3;
	24755 : E3;
	24756 : E3;
	24757 : E3;
	24758 : E3;
	24759 : E3;
	24760 : E3;
	24761 : E3;
	24762 : E3;
	24763 : E3;
	24764 : E3;
	24765 : E3;
	24766 : E3;
	24767 : E3;
	24768 : E3;
	24769 : E3;
	24770 : E3;
	24771 : E3;
	24772 : E3;
	24773 : E3;
	24774 : E3;
	24775 : E3;
	24776 : E3;
	24777 : E3;
	24778 : E3;
	24779 : E3;
	24780 : E3;
	24781 : E3;
	24782 : E3;
	24783 : E3;
	24784 : E3;
	24785 : E3;
	24786 : E3;
	24787 : E3;
	24788 : E3;
	24789 : E3;
	24790 : E3;
	24791 : E3;
	24792 : E3;
	24793 : E3;
	24794 : E3;
	24795 : E3;
	24796 : E3;
	24797 : E3;
	24798 : E3;
	24799 : E3;
	24800 : E3;
	24801 : E3;
	24802 : E3;
	24803 : E3;
	24804 : E3;
	24805 : E3;
	24806 : E3;
	24807 : 24;
	24808 : 24;
	24809 : 24;
	24810 : 24;
	24811 : 24;
	24812 : E3;
	24813 : E3;
	24814 : E3;
	24815 : E3;
	24816 : E3;
	24817 : E3;
	24818 : E3;
	24819 : E3;
	24820 : E3;
	24821 : E3;
	24822 : E3;
	24823 : E3;
	24824 : E3;
	24825 : E3;
	24826 : E3;
	24827 : E3;
	24828 : E3;
	24829 : E3;
	24830 : E3;
	24831 : E3;
	24832 : E3;
	24833 : E3;
	24834 : E3;
	24835 : E3;
	24836 : E3;
	24837 : E3;
	24838 : E3;
	24839 : E3;
	24840 : E3;
	24841 : E3;
	24842 : E3;
	24843 : E3;
	24844 : E3;
	24845 : E3;
	24846 : E3;
	24847 : E3;
	24848 : E3;
	24849 : E3;
	24850 : E3;
	24851 : E3;
	24852 : E3;
	24853 : E3;
	24854 : E3;
	24855 : E3;
	24856 : E3;
	24857 : E3;
	24858 : E3;
	24859 : E3;
	24860 : E3;
	24861 : E3;
	24862 : E3;
	24863 : E3;
	24864 : E3;
	24865 : E3;
	24866 : E3;
	24867 : E3;
	24868 : E3;
	24869 : E3;
	24870 : 24;
	24871 : 24;
	24872 : 24;
	24873 : 88;
	24874 : 88;
	24875 : 64;
	24876 : 64;
	24877 : E3;
	24878 : E3;
	24879 : E3;
	24880 : E3;
	24881 : E3;
	24882 : E3;
	24883 : E3;
	24884 : E3;
	24885 : E3;
	24886 : E3;
	24887 : E3;
	24888 : E3;
	24889 : E3;
	24890 : E3;
	24891 : E3;
	24892 : E3;
	24893 : E3;
	24894 : E3;
	24895 : E3;
	24896 : E3;
	24897 : E3;
	24898 : E3;
	24899 : E3;
	24900 : E3;
	24901 : E3;
	24902 : E3;
	24903 : E3;
	24904 : E3;
	24905 : E3;
	24906 : E3;
	24907 : E3;
	24908 : E3;
	24909 : E3;
	24910 : E3;
	24911 : E3;
	24912 : E3;
	24913 : E3;
	24914 : E3;
	24915 : E3;
	24916 : E3;
	24917 : E3;
	24918 : E3;
	24919 : E3;
	24920 : E3;
	24921 : E3;
	24922 : E3;
	24923 : E3;
	24924 : E3;
	24925 : E3;
	24926 : E3;
	24927 : E3;
	24928 : E3;
	24929 : E3;
	24930 : E3;
	24931 : E3;
	24932 : E3;
	24933 : E3;
	24934 : 24;
	24935 : 64;
	24936 : 24;
	24937 : 88;
	24938 : A8;
	24939 : CC;
	24940 : A8;
	24941 : E3;
	24942 : E3;
	24943 : E3;
	24944 : E3;
	24945 : E3;
	24946 : E3;
	24947 : E3;
	24948 : E3;
	24949 : E3;
	24950 : E3;
	24951 : E3;
	24952 : E3;
	24953 : E3;
	24954 : E3;
	24955 : E3;
	24956 : E3;
	24957 : E3;
	24958 : E3;
	24959 : E3;
	24960 : E3;
	24961 : E3;
	24962 : E3;
	24963 : E3;
	24964 : E3;
	24965 : E3;
	24966 : E3;
	24967 : E3;
	24968 : E3;
	24969 : E3;
	24970 : E3;
	24971 : E3;
	24972 : E3;
	24973 : E3;
	24974 : E3;
	24975 : E3;
	24976 : E3;
	24977 : E3;
	24978 : E3;
	24979 : E3;
	24980 : E3;
	24981 : E3;
	24982 : E3;
	24983 : E3;
	24984 : E3;
	24985 : E3;
	24986 : E3;
	24987 : E3;
	24988 : E3;
	24989 : E3;
	24990 : E3;
	24991 : E3;
	24992 : 80;
	24993 : 80;
	24994 : 80;
	24995 : 80;
	24996 : 80;
	24997 : A8;
	24998 : 64;
	24999 : 88;
	25000 : A8;
	25001 : A8;
	25002 : 89;
	25003 : 88;
	25004 : 88;
	25005 : E3;
	25006 : E3;
	25007 : E3;
	25008 : E3;
	25009 : E3;
	25010 : E3;
	25011 : E3;
	25012 : E3;
	25013 : E3;
	25014 : E3;
	25015 : E3;
	25016 : E3;
	25017 : E3;
	25018 : E3;
	25019 : E3;
	25020 : E3;
	25021 : E3;
	25022 : E3;
	25023 : E3;
	25024 : E3;
	25025 : E3;
	25026 : E3;
	25027 : E3;
	25028 : E3;
	25029 : E3;
	25030 : E3;
	25031 : E3;
	25032 : E3;
	25033 : E3;
	25034 : E3;
	25035 : E3;
	25036 : E3;
	25037 : E3;
	25038 : E3;
	25039 : E3;
	25040 : E3;
	25041 : E3;
	25042 : E3;
	25043 : E3;
	25044 : E3;
	25045 : E3;
	25046 : E3;
	25047 : E3;
	25048 : E3;
	25049 : E3;
	25050 : E3;
	25051 : E3;
	25052 : E3;
	25053 : 80;
	25054 : A0;
	25055 : C0;
	25056 : C0;
	25057 : E0;
	25058 : C0;
	25059 : A0;
	25060 : A0;
	25061 : 84;
	25062 : C8;
	25063 : 88;
	25064 : A8;
	25065 : A8;
	25066 : A8;
	25067 : 88;
	25068 : 64;
	25069 : E3;
	25070 : E3;
	25071 : E3;
	25072 : E3;
	25073 : E3;
	25074 : E3;
	25075 : E3;
	25076 : E3;
	25077 : E3;
	25078 : E3;
	25079 : E3;
	25080 : E3;
	25081 : E3;
	25082 : E3;
	25083 : E3;
	25084 : E3;
	25085 : E3;
	25086 : E3;
	25087 : E3;
	25088 : E3;
	25089 : E3;
	25090 : E3;
	25091 : E3;
	25092 : E3;
	25093 : E3;
	25094 : E3;
	25095 : E3;
	25096 : E3;
	25097 : E3;
	25098 : E3;
	25099 : E3;
	25100 : E3;
	25101 : E3;
	25102 : E3;
	25103 : E3;
	25104 : E3;
	25105 : E3;
	25106 : E3;
	25107 : E3;
	25108 : E3;
	25109 : E3;
	25110 : E3;
	25111 : E3;
	25112 : E3;
	25113 : E3;
	25114 : E3;
	25115 : E3;
	25116 : 80;
	25117 : 80;
	25118 : C0;
	25119 : E0;
	25120 : E0;
	25121 : E0;
	25122 : E0;
	25123 : C0;
	25124 : A0;
	25125 : 80;
	25126 : C8;
	25127 : 84;
	25128 : A8;
	25129 : B1;
	25130 : DA;
	25131 : B1;
	25132 : 88;
	25133 : C0;
	25134 : E3;
	25135 : E3;
	25136 : E3;
	25137 : E3;
	25138 : E3;
	25139 : E3;
	25140 : E3;
	25141 : E3;
	25142 : E3;
	25143 : E3;
	25144 : E3;
	25145 : E3;
	25146 : E3;
	25147 : E3;
	25148 : E3;
	25149 : E3;
	25150 : E3;
	25151 : E3;
	25152 : E3;
	25153 : E3;
	25154 : E3;
	25155 : E3;
	25156 : E3;
	25157 : E3;
	25158 : E3;
	25159 : E3;
	25160 : E3;
	25161 : E3;
	25162 : E3;
	25163 : E3;
	25164 : E3;
	25165 : E3;
	25166 : E3;
	25167 : E3;
	25168 : E3;
	25169 : E3;
	25170 : E3;
	25171 : E3;
	25172 : E3;
	25173 : E3;
	25174 : E3;
	25175 : E3;
	25176 : E3;
	25177 : E3;
	25178 : E3;
	25179 : E3;
	25180 : 80;
	25181 : A0;
	25182 : C0;
	25183 : E0;
	25184 : E0;
	25185 : E0;
	25186 : E0;
	25187 : C0;
	25188 : A0;
	25189 : 80;
	25190 : 84;
	25191 : 88;
	25192 : 69;
	25193 : DA;
	25194 : DA;
	25195 : DA;
	25196 : D6;
	25197 : A4;
	25198 : E0;
	25199 : E3;
	25200 : E3;
	25201 : E3;
	25202 : E3;
	25203 : E3;
	25204 : E3;
	25205 : E3;
	25206 : E3;
	25207 : E3;
	25208 : E3;
	25209 : E3;
	25210 : E3;
	25211 : E3;
	25212 : E3;
	25213 : E3;
	25214 : E3;
	25215 : E3;
	25216 : E3;
	25217 : E3;
	25218 : E3;
	25219 : E3;
	25220 : E3;
	25221 : E3;
	25222 : E3;
	25223 : E3;
	25224 : E3;
	25225 : E3;
	25226 : E3;
	25227 : E3;
	25228 : E3;
	25229 : E3;
	25230 : E3;
	25231 : E3;
	25232 : E3;
	25233 : E3;
	25234 : E3;
	25235 : E3;
	25236 : E3;
	25237 : E3;
	25238 : E3;
	25239 : E3;
	25240 : E3;
	25241 : E3;
	25242 : E3;
	25243 : 80;
	25244 : A0;
	25245 : 80;
	25246 : A0;
	25247 : A0;
	25248 : C0;
	25249 : C0;
	25250 : C0;
	25251 : A0;
	25252 : A0;
	25253 : 80;
	25254 : 80;
	25255 : 89;
	25256 : D6;
	25257 : DA;
	25258 : DA;
	25259 : DA;
	25260 : B6;
	25261 : AD;
	25262 : C0;
	25263 : A1;
	25264 : E3;
	25265 : E3;
	25266 : 64;
	25267 : 84;
	25268 : E3;
	25269 : E3;
	25270 : E3;
	25271 : E3;
	25272 : E3;
	25273 : E3;
	25274 : E3;
	25275 : E3;
	25276 : E3;
	25277 : E3;
	25278 : E3;
	25279 : E3;
	25280 : E3;
	25281 : E3;
	25282 : E3;
	25283 : E3;
	25284 : E3;
	25285 : E3;
	25286 : E3;
	25287 : E3;
	25288 : E3;
	25289 : E3;
	25290 : E3;
	25291 : E3;
	25292 : E3;
	25293 : E3;
	25294 : E3;
	25295 : E3;
	25296 : E3;
	25297 : E3;
	25298 : E3;
	25299 : E3;
	25300 : E3;
	25301 : E3;
	25302 : E3;
	25303 : E3;
	25304 : E3;
	25305 : E3;
	25306 : E3;
	25307 : 80;
	25308 : A0;
	25309 : 80;
	25310 : 80;
	25311 : C0;
	25312 : C0;
	25313 : C4;
	25314 : C8;
	25315 : CD;
	25316 : CD;
	25317 : 84;
	25318 : 80;
	25319 : CD;
	25320 : CD;
	25321 : B6;
	25322 : DA;
	25323 : B6;
	25324 : 84;
	25325 : A4;
	25326 : A0;
	25327 : A0;
	25328 : 91;
	25329 : 8D;
	25330 : 6D;
	25331 : 68;
	25332 : 84;
	25333 : E3;
	25334 : E3;
	25335 : E3;
	25336 : E3;
	25337 : E3;
	25338 : E3;
	25339 : E3;
	25340 : E3;
	25341 : E3;
	25342 : E3;
	25343 : E3;
	25344 : E3;
	25345 : E3;
	25346 : E3;
	25347 : E3;
	25348 : E3;
	25349 : E3;
	25350 : E3;
	25351 : E3;
	25352 : E3;
	25353 : E3;
	25354 : E3;
	25355 : E3;
	25356 : E3;
	25357 : E3;
	25358 : E3;
	25359 : E3;
	25360 : E3;
	25361 : E3;
	25362 : E3;
	25363 : E3;
	25364 : E3;
	25365 : E3;
	25366 : E3;
	25367 : E3;
	25368 : E3;
	25369 : E3;
	25370 : E3;
	25371 : E3;
	25372 : A0;
	25373 : 80;
	25374 : 80;
	25375 : C4;
	25376 : C9;
	25377 : CD;
	25378 : CD;
	25379 : CD;
	25380 : A8;
	25381 : A8;
	25382 : CC;
	25383 : CD;
	25384 : A8;
	25385 : AD;
	25386 : 8D;
	25387 : 84;
	25388 : A0;
	25389 : A0;
	25390 : 84;
	25391 : 88;
	25392 : 6D;
	25393 : B6;
	25394 : B6;
	25395 : B6;
	25396 : 88;
	25397 : A5;
	25398 : E3;
	25399 : E3;
	25400 : E3;
	25401 : E3;
	25402 : E3;
	25403 : E3;
	25404 : E3;
	25405 : E3;
	25406 : E3;
	25407 : E3;
	25408 : E3;
	25409 : E3;
	25410 : E3;
	25411 : E3;
	25412 : E3;
	25413 : E3;
	25414 : E3;
	25415 : E3;
	25416 : E3;
	25417 : E3;
	25418 : E3;
	25419 : E3;
	25420 : E3;
	25421 : E3;
	25422 : E3;
	25423 : E3;
	25424 : E3;
	25425 : E3;
	25426 : E3;
	25427 : E3;
	25428 : E3;
	25429 : E3;
	25430 : E3;
	25431 : E3;
	25432 : E3;
	25433 : E3;
	25434 : E3;
	25435 : E3;
	25436 : 80;
	25437 : 80;
	25438 : 80;
	25439 : C8;
	25440 : CD;
	25441 : CD;
	25442 : CD;
	25443 : CD;
	25444 : ED;
	25445 : CD;
	25446 : CD;
	25447 : C8;
	25448 : C8;
	25449 : 84;
	25450 : 60;
	25451 : 80;
	25452 : 84;
	25453 : 84;
	25454 : 84;
	25455 : 8D;
	25456 : B6;
	25457 : 91;
	25458 : B6;
	25459 : B6;
	25460 : E3;
	25461 : E3;
	25462 : E3;
	25463 : E3;
	25464 : E3;
	25465 : E3;
	25466 : E3;
	25467 : E3;
	25468 : E3;
	25469 : E3;
	25470 : E3;
	25471 : E3;
	25472 : E3;
	25473 : E3;
	25474 : E3;
	25475 : E3;
	25476 : E3;
	25477 : E3;
	25478 : E3;
	25479 : E3;
	25480 : E3;
	25481 : E3;
	25482 : E3;
	25483 : E3;
	25484 : E3;
	25485 : E3;
	25486 : E3;
	25487 : E3;
	25488 : E3;
	25489 : E3;
	25490 : E3;
	25491 : E3;
	25492 : E3;
	25493 : E3;
	25494 : E3;
	25495 : E3;
	25496 : E3;
	25497 : E3;
	25498 : E3;
	25499 : E3;
	25500 : E3;
	25501 : 80;
	25502 : 80;
	25503 : A8;
	25504 : CC;
	25505 : ED;
	25506 : CD;
	25507 : ED;
	25508 : CD;
	25509 : CD;
	25510 : CD;
	25511 : C8;
	25512 : 84;
	25513 : E3;
	25514 : E3;
	25515 : 84;
	25516 : 64;
	25517 : 84;
	25518 : 84;
	25519 : 88;
	25520 : 91;
	25521 : 91;
	25522 : 8D;
	25523 : E3;
	25524 : E3;
	25525 : E3;
	25526 : E3;
	25527 : E3;
	25528 : E3;
	25529 : E3;
	25530 : E3;
	25531 : E3;
	25532 : E3;
	25533 : E3;
	25534 : E3;
	25535 : E3;
	25536 : E3;
	25537 : E3;
	25538 : E3;
	25539 : E3;
	25540 : E3;
	25541 : E3;
	25542 : E3;
	25543 : E3;
	25544 : E3;
	25545 : E3;
	25546 : E3;
	25547 : E3;
	25548 : E3;
	25549 : E3;
	25550 : E3;
	25551 : E3;
	25552 : E3;
	25553 : E3;
	25554 : E3;
	25555 : E3;
	25556 : E3;
	25557 : E3;
	25558 : E3;
	25559 : E3;
	25560 : E3;
	25561 : E3;
	25562 : E3;
	25563 : E3;
	25564 : E3;
	25565 : 80;
	25566 : 80;
	25567 : 84;
	25568 : A8;
	25569 : CD;
	25570 : CD;
	25571 : CC;
	25572 : CD;
	25573 : CD;
	25574 : A8;
	25575 : 84;
	25576 : E3;
	25577 : E3;
	25578 : E3;
	25579 : E3;
	25580 : 84;
	25581 : 84;
	25582 : 88;
	25583 : 84;
	25584 : 88;
	25585 : 8D;
	25586 : E3;
	25587 : E3;
	25588 : E3;
	25589 : E3;
	25590 : E3;
	25591 : E3;
	25592 : E3;
	25593 : E3;
	25594 : E3;
	25595 : E3;
	25596 : E3;
	25597 : E3;
	25598 : E3;
	25599 : E3;
	25600 : E3;
	25601 : E3;
	25602 : E3;
	25603 : E3;
	25604 : E3;
	25605 : E3;
	25606 : E3;
	25607 : E3;
	25608 : E3;
	25609 : E3;
	25610 : E3;
	25611 : E3;
	25612 : E3;
	25613 : E3;
	25614 : E3;
	25615 : E3;
	25616 : E3;
	25617 : E3;
	25618 : E3;
	25619 : E3;
	25620 : E3;
	25621 : E3;
	25622 : E3;
	25623 : E3;
	25624 : E3;
	25625 : E3;
	25626 : E3;
	25627 : E3;
	25628 : E3;
	25629 : 68;
	25630 : 29;
	25631 : 60;
	25632 : 64;
	25633 : 88;
	25634 : CC;
	25635 : CD;
	25636 : CC;
	25637 : A8;
	25638 : A8;
	25639 : E3;
	25640 : E3;
	25641 : E3;
	25642 : E3;
	25643 : E3;
	25644 : E3;
	25645 : 84;
	25646 : 88;
	25647 : 88;
	25648 : 84;
	25649 : 84;
	25650 : E3;
	25651 : E3;
	25652 : E3;
	25653 : E3;
	25654 : E3;
	25655 : E3;
	25656 : E3;
	25657 : E3;
	25658 : E3;
	25659 : E3;
	25660 : E3;
	25661 : E3;
	25662 : E3;
	25663 : E3;
	25664 : E3;
	25665 : E3;
	25666 : E3;
	25667 : E3;
	25668 : E3;
	25669 : E3;
	25670 : E3;
	25671 : E3;
	25672 : E3;
	25673 : E3;
	25674 : E3;
	25675 : E3;
	25676 : E3;
	25677 : E3;
	25678 : E3;
	25679 : E3;
	25680 : E3;
	25681 : E3;
	25682 : E3;
	25683 : E3;
	25684 : E3;
	25685 : E3;
	25686 : E3;
	25687 : E3;
	25688 : E3;
	25689 : E3;
	25690 : E3;
	25691 : 4A;
	25692 : 0E;
	25693 : 2D;
	25694 : 0D;
	25695 : 29;
	25696 : 29;
	25697 : 48;
	25698 : 68;
	25699 : 89;
	25700 : 89;
	25701 : 49;
	25702 : 2D;
	25703 : E3;
	25704 : E3;
	25705 : E3;
	25706 : E3;
	25707 : E3;
	25708 : E3;
	25709 : E3;
	25710 : A5;
	25711 : 84;
	25712 : E3;
	25713 : E3;
	25714 : E3;
	25715 : E3;
	25716 : E3;
	25717 : E3;
	25718 : E3;
	25719 : E3;
	25720 : E3;
	25721 : E3;
	25722 : E3;
	25723 : E3;
	25724 : E3;
	25725 : E3;
	25726 : E3;
	25727 : E3;
	25728 : E3;
	25729 : E3;
	25730 : E3;
	25731 : E3;
	25732 : E3;
	25733 : E3;
	25734 : E3;
	25735 : E3;
	25736 : E3;
	25737 : E3;
	25738 : E3;
	25739 : E3;
	25740 : E3;
	25741 : E3;
	25742 : E3;
	25743 : E3;
	25744 : E3;
	25745 : E3;
	25746 : E3;
	25747 : E3;
	25748 : E3;
	25749 : E3;
	25750 : E3;
	25751 : E3;
	25752 : E3;
	25753 : E3;
	25754 : E3;
	25755 : 2E;
	25756 : 0E;
	25757 : 12;
	25758 : 12;
	25759 : 0E;
	25760 : 0E;
	25761 : 0E;
	25762 : 0E;
	25763 : 0E;
	25764 : 0E;
	25765 : 0E;
	25766 : 0E;
	25767 : 2E;
	25768 : E3;
	25769 : E3;
	25770 : E3;
	25771 : E3;
	25772 : E3;
	25773 : E3;
	25774 : E3;
	25775 : E3;
	25776 : E3;
	25777 : E3;
	25778 : E3;
	25779 : E3;
	25780 : E3;
	25781 : E3;
	25782 : E3;
	25783 : E3;
	25784 : E3;
	25785 : E3;
	25786 : E3;
	25787 : E3;
	25788 : E3;
	25789 : E3;
	25790 : E3;
	25791 : E3;
	25792 : E3;
	25793 : E3;
	25794 : E3;
	25795 : E3;
	25796 : E3;
	25797 : E3;
	25798 : E3;
	25799 : E3;
	25800 : E3;
	25801 : E3;
	25802 : E3;
	25803 : E3;
	25804 : E3;
	25805 : E3;
	25806 : E3;
	25807 : E3;
	25808 : E3;
	25809 : E3;
	25810 : E3;
	25811 : E3;
	25812 : E3;
	25813 : E3;
	25814 : E3;
	25815 : E3;
	25816 : E3;
	25817 : E3;
	25818 : E3;
	25819 : 0E;
	25820 : 12;
	25821 : 12;
	25822 : 16;
	25823 : 12;
	25824 : 0E;
	25825 : 0E;
	25826 : 0E;
	25827 : 0E;
	25828 : 0E;
	25829 : 0E;
	25830 : 0E;
	25831 : 12;
	25832 : 4A;
	25833 : E3;
	25834 : E3;
	25835 : E3;
	25836 : E3;
	25837 : E3;
	25838 : E3;
	25839 : E3;
	25840 : E3;
	25841 : E3;
	25842 : E3;
	25843 : E3;
	25844 : E3;
	25845 : E3;
	25846 : E3;
	25847 : E3;
	25848 : E3;
	25849 : E3;
	25850 : E3;
	25851 : E3;
	25852 : E3;
	25853 : E3;
	25854 : E3;
	25855 : E3;
	25856 : E3;
	25857 : E3;
	25858 : E3;
	25859 : E3;
	25860 : E3;
	25861 : E3;
	25862 : E3;
	25863 : E3;
	25864 : E3;
	25865 : E3;
	25866 : E3;
	25867 : E3;
	25868 : E3;
	25869 : E3;
	25870 : E3;
	25871 : E3;
	25872 : E3;
	25873 : E3;
	25874 : E3;
	25875 : E3;
	25876 : E3;
	25877 : E3;
	25878 : E3;
	25879 : E3;
	25880 : E3;
	25881 : E3;
	25882 : E3;
	25883 : 0E;
	25884 : 17;
	25885 : 1B;
	25886 : 1B;
	25887 : 1B;
	25888 : 17;
	25889 : 0E;
	25890 : 0E;
	25891 : 0E;
	25892 : 0D;
	25893 : 0E;
	25894 : 12;
	25895 : 1B;
	25896 : 1B;
	25897 : E3;
	25898 : E3;
	25899 : E3;
	25900 : E3;
	25901 : E3;
	25902 : E3;
	25903 : E3;
	25904 : E3;
	25905 : E3;
	25906 : E3;
	25907 : E3;
	25908 : E3;
	25909 : E3;
	25910 : E3;
	25911 : E3;
	25912 : E3;
	25913 : E3;
	25914 : E3;
	25915 : E3;
	25916 : E3;
	25917 : E3;
	25918 : E3;
	25919 : E3;
	25920 : E3;
	25921 : E3;
	25922 : E3;
	25923 : E3;
	25924 : E3;
	25925 : E3;
	25926 : E3;
	25927 : E3;
	25928 : E3;
	25929 : E3;
	25930 : E3;
	25931 : E3;
	25932 : E3;
	25933 : E3;
	25934 : E3;
	25935 : E3;
	25936 : E3;
	25937 : E3;
	25938 : E3;
	25939 : E3;
	25940 : E3;
	25941 : E3;
	25942 : E3;
	25943 : E3;
	25944 : E3;
	25945 : E3;
	25946 : E3;
	25947 : 0E;
	25948 : 17;
	25949 : 1B;
	25950 : 1B;
	25951 : 1B;
	25952 : 1B;
	25953 : 17;
	25954 : 0E;
	25955 : 0D;
	25956 : 0D;
	25957 : 0E;
	25958 : 16;
	25959 : 1B;
	25960 : 1B;
	25961 : 53;
	25962 : E3;
	25963 : E3;
	25964 : E3;
	25965 : E3;
	25966 : E3;
	25967 : E3;
	25968 : E3;
	25969 : E3;
	25970 : E3;
	25971 : E3;
	25972 : E3;
	25973 : E3;
	25974 : E3;
	25975 : E3;
	25976 : E3;
	25977 : E3;
	25978 : E3;
	25979 : E3;
	25980 : E3;
	25981 : E3;
	25982 : E3;
	25983 : E3;
	25984 : E3;
	25985 : E3;
	25986 : E3;
	25987 : E3;
	25988 : E3;
	25989 : E3;
	25990 : E3;
	25991 : E3;
	25992 : E3;
	25993 : E3;
	25994 : E3;
	25995 : E3;
	25996 : E3;
	25997 : E3;
	25998 : E3;
	25999 : E3;
	26000 : E3;
	26001 : E3;
	26002 : E3;
	26003 : E3;
	26004 : E3;
	26005 : E3;
	26006 : E3;
	26007 : E3;
	26008 : E3;
	26009 : E3;
	26010 : E3;
	26011 : 0E;
	26012 : 1B;
	26013 : 1B;
	26014 : 1B;
	26015 : 1B;
	26016 : 1B;
	26017 : 1B;
	26018 : 0D;
	26019 : 0D;
	26020 : 0E;
	26021 : 0E;
	26022 : 12;
	26023 : 1B;
	26024 : 1B;
	26025 : 1B;
	26026 : E3;
	26027 : E3;
	26028 : E3;
	26029 : E3;
	26030 : E3;
	26031 : E3;
	26032 : E3;
	26033 : E3;
	26034 : E3;
	26035 : E3;
	26036 : E3;
	26037 : E3;
	26038 : E3;
	26039 : E3;
	26040 : E3;
	26041 : E3;
	26042 : E3;
	26043 : E3;
	26044 : E3;
	26045 : E3;
	26046 : E3;
	26047 : E3;
	26048 : E3;
	26049 : E3;
	26050 : E3;
	26051 : E3;
	26052 : E3;
	26053 : E3;
	26054 : E3;
	26055 : E3;
	26056 : E3;
	26057 : E3;
	26058 : E3;
	26059 : E3;
	26060 : E3;
	26061 : E3;
	26062 : E3;
	26063 : E3;
	26064 : E3;
	26065 : E3;
	26066 : E3;
	26067 : E3;
	26068 : E3;
	26069 : E3;
	26070 : E3;
	26071 : E3;
	26072 : E3;
	26073 : E3;
	26074 : E3;
	26075 : 0E;
	26076 : 17;
	26077 : 1B;
	26078 : 1B;
	26079 : 1B;
	26080 : 1B;
	26081 : 17;
	26082 : 2A;
	26083 : 4A;
	26084 : 0E;
	26085 : 0E;
	26086 : 0E;
	26087 : 17;
	26088 : 1B;
	26089 : 1B;
	26090 : 17;
	26091 : E3;
	26092 : E3;
	26093 : E3;
	26094 : E3;
	26095 : E3;
	26096 : E3;
	26097 : E3;
	26098 : E3;
	26099 : E3;
	26100 : E3;
	26101 : E3;
	26102 : E3;
	26103 : E3;
	26104 : E3;
	26105 : E3;
	26106 : E3;
	26107 : E3;
	26108 : E3;
	26109 : E3;
	26110 : E3;
	26111 : E3;
	26112 : E3;
	26113 : E3;
	26114 : E3;
	26115 : E3;
	26116 : E3;
	26117 : E3;
	26118 : E3;
	26119 : E3;
	26120 : E3;
	26121 : E3;
	26122 : E3;
	26123 : E3;
	26124 : E3;
	26125 : E3;
	26126 : E3;
	26127 : E3;
	26128 : E3;
	26129 : E3;
	26130 : E3;
	26131 : E3;
	26132 : E3;
	26133 : E3;
	26134 : E3;
	26135 : E3;
	26136 : E3;
	26137 : E3;
	26138 : E3;
	26139 : 0E;
	26140 : 17;
	26141 : 1B;
	26142 : 1B;
	26143 : 1B;
	26144 : 1B;
	26145 : 17;
	26146 : E3;
	26147 : E3;
	26148 : 0E;
	26149 : 0E;
	26150 : 0E;
	26151 : 16;
	26152 : 1B;
	26153 : 1B;
	26154 : 1B;
	26155 : 6A;
	26156 : E3;
	26157 : E3;
	26158 : E3;
	26159 : E3;
	26160 : E3;
	26161 : E3;
	26162 : E3;
	26163 : E3;
	26164 : E3;
	26165 : E3;
	26166 : E3;
	26167 : E3;
	26168 : E3;
	26169 : E3;
	26170 : E3;
	26171 : E3;
	26172 : E3;
	26173 : E3;
	26174 : E3;
	26175 : E3;
	26176 : E3;
	26177 : E3;
	26178 : E3;
	26179 : E3;
	26180 : E3;
	26181 : E3;
	26182 : E3;
	26183 : E3;
	26184 : E3;
	26185 : E3;
	26186 : E3;
	26187 : E3;
	26188 : E3;
	26189 : E3;
	26190 : E3;
	26191 : E3;
	26192 : E3;
	26193 : E3;
	26194 : E3;
	26195 : E3;
	26196 : E3;
	26197 : E3;
	26198 : E3;
	26199 : E3;
	26200 : E3;
	26201 : E3;
	26202 : E3;
	26203 : 2E;
	26204 : 12;
	26205 : 17;
	26206 : 1B;
	26207 : 1B;
	26208 : 1B;
	26209 : 17;
	26210 : E3;
	26211 : E3;
	26212 : E3;
	26213 : 2A;
	26214 : 0E;
	26215 : 12;
	26216 : 1B;
	26217 : 1B;
	26218 : 17;
	26219 : 6F;
	26220 : E3;
	26221 : E3;
	26222 : E3;
	26223 : E3;
	26224 : E3;
	26225 : E3;
	26226 : E3;
	26227 : E3;
	26228 : E3;
	26229 : E3;
	26230 : E3;
	26231 : E3;
	26232 : E3;
	26233 : E3;
	26234 : E3;
	26235 : E3;
	26236 : E3;
	26237 : E3;
	26238 : E3;
	26239 : E3;
	26240 : E3;
	26241 : E3;
	26242 : E3;
	26243 : E3;
	26244 : E3;
	26245 : E3;
	26246 : E3;
	26247 : E3;
	26248 : E3;
	26249 : E3;
	26250 : E3;
	26251 : E3;
	26252 : E3;
	26253 : E3;
	26254 : E3;
	26255 : E3;
	26256 : E3;
	26257 : E3;
	26258 : E3;
	26259 : E3;
	26260 : E3;
	26261 : E3;
	26262 : E3;
	26263 : E3;
	26264 : E3;
	26265 : E3;
	26266 : E3;
	26267 : 4A;
	26268 : 0E;
	26269 : 12;
	26270 : 12;
	26271 : 1B;
	26272 : 17;
	26273 : 0E;
	26274 : E3;
	26275 : E3;
	26276 : E3;
	26277 : E3;
	26278 : 0E;
	26279 : 0E;
	26280 : 1B;
	26281 : 1B;
	26282 : 16;
	26283 : 53;
	26284 : E3;
	26285 : E3;
	26286 : E3;
	26287 : E3;
	26288 : E3;
	26289 : E3;
	26290 : E3;
	26291 : E3;
	26292 : E3;
	26293 : E3;
	26294 : E3;
	26295 : E3;
	26296 : E3;
	26297 : E3;
	26298 : E3;
	26299 : E3;
	26300 : E3;
	26301 : E3;
	26302 : E3;
	26303 : E3;
	26304 : E3;
	26305 : E3;
	26306 : E3;
	26307 : E3;
	26308 : E3;
	26309 : E3;
	26310 : E3;
	26311 : E3;
	26312 : E3;
	26313 : E3;
	26314 : E3;
	26315 : E3;
	26316 : E3;
	26317 : E3;
	26318 : E3;
	26319 : E3;
	26320 : E3;
	26321 : E3;
	26322 : E3;
	26323 : E3;
	26324 : E3;
	26325 : E3;
	26326 : E3;
	26327 : E3;
	26328 : E3;
	26329 : E3;
	26330 : E3;
	26331 : 4A;
	26332 : 0E;
	26333 : 0E;
	26334 : 12;
	26335 : 17;
	26336 : 12;
	26337 : E3;
	26338 : E3;
	26339 : E3;
	26340 : E3;
	26341 : E3;
	26342 : 0E;
	26343 : 0E;
	26344 : 12;
	26345 : 17;
	26346 : 12;
	26347 : 17;
	26348 : E3;
	26349 : E3;
	26350 : E3;
	26351 : E3;
	26352 : E3;
	26353 : E3;
	26354 : E3;
	26355 : E3;
	26356 : E3;
	26357 : E3;
	26358 : E3;
	26359 : E3;
	26360 : E3;
	26361 : E3;
	26362 : E3;
	26363 : E3;
	26364 : E3;
	26365 : E3;
	26366 : E3;
	26367 : E3;
	26368 : E3;
	26369 : E3;
	26370 : E3;
	26371 : E3;
	26372 : E3;
	26373 : E3;
	26374 : E3;
	26375 : E3;
	26376 : E3;
	26377 : E3;
	26378 : E3;
	26379 : E3;
	26380 : E3;
	26381 : E3;
	26382 : E3;
	26383 : E3;
	26384 : E3;
	26385 : E3;
	26386 : E3;
	26387 : E3;
	26388 : E3;
	26389 : E3;
	26390 : E3;
	26391 : E3;
	26392 : E3;
	26393 : E3;
	26394 : 6A;
	26395 : 17;
	26396 : 12;
	26397 : 0E;
	26398 : 0E;
	26399 : 0E;
	26400 : 2A;
	26401 : E3;
	26402 : E3;
	26403 : E3;
	26404 : E3;
	26405 : E3;
	26406 : 4A;
	26407 : 0E;
	26408 : 0E;
	26409 : 0E;
	26410 : 0E;
	26411 : 12;
	26412 : E3;
	26413 : E3;
	26414 : E3;
	26415 : E3;
	26416 : E3;
	26417 : E3;
	26418 : E3;
	26419 : E3;
	26420 : E3;
	26421 : E3;
	26422 : E3;
	26423 : E3;
	26424 : E3;
	26425 : E3;
	26426 : E3;
	26427 : E3;
	26428 : E3;
	26429 : E3;
	26430 : E3;
	26431 : E3;
	26432 : E3;
	26433 : E3;
	26434 : E3;
	26435 : E3;
	26436 : E3;
	26437 : E3;
	26438 : E3;
	26439 : E3;
	26440 : E3;
	26441 : E3;
	26442 : E3;
	26443 : E3;
	26444 : E3;
	26445 : E3;
	26446 : E3;
	26447 : E3;
	26448 : E3;
	26449 : E3;
	26450 : E3;
	26451 : E3;
	26452 : E3;
	26453 : E3;
	26454 : E3;
	26455 : E3;
	26456 : E3;
	26457 : E3;
	26458 : 2E;
	26459 : 12;
	26460 : 0E;
	26461 : 0E;
	26462 : 0E;
	26463 : 0E;
	26464 : 2A;
	26465 : E3;
	26466 : E3;
	26467 : E3;
	26468 : E3;
	26469 : 4A;
	26470 : 0E;
	26471 : 0E;
	26472 : 0E;
	26473 : 0E;
	26474 : 0E;
	26475 : 0E;
	26476 : E3;
	26477 : E3;
	26478 : E3;
	26479 : E3;
	26480 : E3;
	26481 : E3;
	26482 : E3;
	26483 : E3;
	26484 : E3;
	26485 : E3;
	26486 : E3;
	26487 : E3;
	26488 : E3;
	26489 : E3;
	26490 : E3;
	26491 : E3;
	26492 : E3;
	26493 : E3;
	26494 : E3;
	26495 : E3;
	26496 : E3;
	26497 : E3;
	26498 : E3;
	26499 : E3;
	26500 : E3;
	26501 : E3;
	26502 : E3;
	26503 : E3;
	26504 : E3;
	26505 : E3;
	26506 : E3;
	26507 : E3;
	26508 : E3;
	26509 : E3;
	26510 : E3;
	26511 : E3;
	26512 : E3;
	26513 : E3;
	26514 : E3;
	26515 : E3;
	26516 : E3;
	26517 : E3;
	26518 : E3;
	26519 : E3;
	26520 : E3;
	26521 : E3;
	26522 : 0E;
	26523 : 0E;
	26524 : 0E;
	26525 : 0E;
	26526 : 0E;
	26527 : 0E;
	26528 : E3;
	26529 : E3;
	26530 : E3;
	26531 : E3;
	26532 : E3;
	26533 : 0E;
	26534 : 0E;
	26535 : 0E;
	26536 : 0E;
	26537 : 0E;
	26538 : 2A;
	26539 : E3;
	26540 : E3;
	26541 : E3;
	26542 : E3;
	26543 : E3;
	26544 : E3;
	26545 : E3;
	26546 : E3;
	26547 : E3;
	26548 : E3;
	26549 : E3;
	26550 : E3;
	26551 : E3;
	26552 : E3;
	26553 : E3;
	26554 : E3;
	26555 : E3;
	26556 : E3;
	26557 : E3;
	26558 : E3;
	26559 : E3;
	26560 : E3;
	26561 : E3;
	26562 : E3;
	26563 : E3;
	26564 : E3;
	26565 : E3;
	26566 : E3;
	26567 : E3;
	26568 : E3;
	26569 : E3;
	26570 : E3;
	26571 : E3;
	26572 : E3;
	26573 : E3;
	26574 : E3;
	26575 : E3;
	26576 : E3;
	26577 : E3;
	26578 : E3;
	26579 : E3;
	26580 : E3;
	26581 : E3;
	26582 : E3;
	26583 : E3;
	26584 : E3;
	26585 : E3;
	26586 : 0E;
	26587 : 0E;
	26588 : 0E;
	26589 : 0E;
	26590 : 4A;
	26591 : E3;
	26592 : E3;
	26593 : E3;
	26594 : E3;
	26595 : E3;
	26596 : 0D;
	26597 : 0E;
	26598 : 0E;
	26599 : 0E;
	26600 : 0E;
	26601 : 2A;
	26602 : E3;
	26603 : E3;
	26604 : E3;
	26605 : E3;
	26606 : E3;
	26607 : E3;
	26608 : E3;
	26609 : E3;
	26610 : E3;
	26611 : E3;
	26612 : E3;
	26613 : E3;
	26614 : E3;
	26615 : E3;
	26616 : E3;
	26617 : E3;
	26618 : E3;
	26619 : E3;
	26620 : E3;
	26621 : E3;
	26622 : E3;
	26623 : E3;
	26624 : E3;
	26625 : E3;
	26626 : E3;
	26627 : E3;
	26628 : E3;
	26629 : E3;
	26630 : E3;
	26631 : E3;
	26632 : E3;
	26633 : E3;
	26634 : E3;
	26635 : E3;
	26636 : E3;
	26637 : E3;
	26638 : E3;
	26639 : E3;
	26640 : E3;
	26641 : E3;
	26642 : E3;
	26643 : E3;
	26644 : E3;
	26645 : E3;
	26646 : E3;
	26647 : E3;
	26648 : 92;
	26649 : 72;
	26650 : 0E;
	26651 : 0E;
	26652 : E3;
	26653 : E3;
	26654 : E3;
	26655 : E3;
	26656 : E3;
	26657 : E3;
	26658 : E3;
	26659 : E3;
	26660 : 0D;
	26661 : 0E;
	26662 : 0E;
	26663 : 0E;
	26664 : 2A;
	26665 : E3;
	26666 : E3;
	26667 : E3;
	26668 : E3;
	26669 : E3;
	26670 : E3;
	26671 : E3;
	26672 : E3;
	26673 : E3;
	26674 : E3;
	26675 : E3;
	26676 : E3;
	26677 : E3;
	26678 : E3;
	26679 : E3;
	26680 : E3;
	26681 : E3;
	26682 : E3;
	26683 : E3;
	26684 : E3;
	26685 : E3;
	26686 : E3;
	26687 : E3;
	26688 : E3;
	26689 : E3;
	26690 : E3;
	26691 : E3;
	26692 : E3;
	26693 : E3;
	26694 : E3;
	26695 : E3;
	26696 : E3;
	26697 : E3;
	26698 : E3;
	26699 : E3;
	26700 : E3;
	26701 : E3;
	26702 : E3;
	26703 : E3;
	26704 : E3;
	26705 : E3;
	26706 : E3;
	26707 : E3;
	26708 : E3;
	26709 : E3;
	26710 : E3;
	26711 : E3;
	26712 : B7;
	26713 : 92;
	26714 : 72;
	26715 : E3;
	26716 : E3;
	26717 : E3;
	26718 : E3;
	26719 : E3;
	26720 : E3;
	26721 : E3;
	26722 : E3;
	26723 : E3;
	26724 : 0E;
	26725 : 0D;
	26726 : 0E;
	26727 : 2A;
	26728 : E3;
	26729 : E3;
	26730 : E3;
	26731 : E3;
	26732 : E3;
	26733 : E3;
	26734 : E3;
	26735 : E3;
	26736 : E3;
	26737 : E3;
	26738 : E3;
	26739 : E3;
	26740 : E3;
	26741 : E3;
	26742 : E3;
	26743 : E3;
	26744 : E3;
	26745 : E3;
	26746 : E3;
	26747 : E3;
	26748 : E3;
	26749 : E3;
	26750 : E3;
	26751 : E3;
	26752 : E3;
	26753 : E3;
	26754 : E3;
	26755 : E3;
	26756 : E3;
	26757 : E3;
	26758 : E3;
	26759 : E3;
	26760 : E3;
	26761 : E3;
	26762 : E3;
	26763 : E3;
	26764 : E3;
	26765 : E3;
	26766 : E3;
	26767 : E3;
	26768 : E3;
	26769 : E3;
	26770 : E3;
	26771 : E3;
	26772 : E3;
	26773 : E3;
	26774 : E3;
	26775 : E3;
	26776 : B7;
	26777 : 92;
	26778 : 92;
	26779 : E3;
	26780 : E3;
	26781 : E3;
	26782 : E3;
	26783 : E3;
	26784 : E3;
	26785 : E3;
	26786 : E3;
	26787 : 92;
	26788 : BB;
	26789 : 4E;
	26790 : E3;
	26791 : E3;
	26792 : E3;
	26793 : E3;
	26794 : E3;
	26795 : E3;
	26796 : E3;
	26797 : E3;
	26798 : E3;
	26799 : E3;
	26800 : E3;
	26801 : E3;
	26802 : E3;
	26803 : E3;
	26804 : E3;
	26805 : E3;
	26806 : E3;
	26807 : E3;
	26808 : E3;
	26809 : E3;
	26810 : E3;
	26811 : E3;
	26812 : E3;
	26813 : E3;
	26814 : E3;
	26815 : E3;
	26816 : E3;
	26817 : E3;
	26818 : E3;
	26819 : E3;
	26820 : E3;
	26821 : E3;
	26822 : E3;
	26823 : E3;
	26824 : E3;
	26825 : E3;
	26826 : E3;
	26827 : E3;
	26828 : E3;
	26829 : E3;
	26830 : E3;
	26831 : E3;
	26832 : E3;
	26833 : E3;
	26834 : E3;
	26835 : E3;
	26836 : E3;
	26837 : E3;
	26838 : E3;
	26839 : 25;
	26840 : DB;
	26841 : B6;
	26842 : 92;
	26843 : E3;
	26844 : E3;
	26845 : E3;
	26846 : E3;
	26847 : E3;
	26848 : E3;
	26849 : E3;
	26850 : B7;
	26851 : BB;
	26852 : B7;
	26853 : 92;
	26854 : E3;
	26855 : E3;
	26856 : E3;
	26857 : E3;
	26858 : E3;
	26859 : E3;
	26860 : E3;
	26861 : E3;
	26862 : E3;
	26863 : E3;
	26864 : E3;
	26865 : E3;
	26866 : E3;
	26867 : E3;
	26868 : E3;
	26869 : E3;
	26870 : E3;
	26871 : E3;
	26872 : E3;
	26873 : E3;
	26874 : E3;
	26875 : E3;
	26876 : E3;
	26877 : E3;
	26878 : E3;
	26879 : E3;
	26880 : E3;
	26881 : E3;
	26882 : E3;
	26883 : E3;
	26884 : E3;
	26885 : E3;
	26886 : E3;
	26887 : E3;
	26888 : E3;
	26889 : E3;
	26890 : E3;
	26891 : E3;
	26892 : E3;
	26893 : E3;
	26894 : E3;
	26895 : E3;
	26896 : E3;
	26897 : E3;
	26898 : E3;
	26899 : E3;
	26900 : E3;
	26901 : E3;
	26902 : E3;
	26903 : 49;
	26904 : DB;
	26905 : B6;
	26906 : DB;
	26907 : 6E;
	26908 : E3;
	26909 : E3;
	26910 : E3;
	26911 : E3;
	26912 : E3;
	26913 : E3;
	26914 : E3;
	26915 : 92;
	26916 : DB;
	26917 : B7;
	26918 : 92;
	26919 : E3;
	26920 : E3;
	26921 : E3;
	26922 : E3;
	26923 : E3;
	26924 : E3;
	26925 : E3;
	26926 : E3;
	26927 : E3;
	26928 : E3;
	26929 : E3;
	26930 : E3;
	26931 : E3;
	26932 : E3;
	26933 : E3;
	26934 : E3;
	26935 : E3;
	26936 : E3;
	26937 : E3;
	26938 : E3;
	26939 : E3;
	26940 : E3;
	26941 : E3;
	26942 : E3;
	26943 : E3;
	26944 : E3;
	26945 : E3;
	26946 : E3;
	26947 : E3;
	26948 : E3;
	26949 : E3;
	26950 : E3;
	26951 : E3;
	26952 : E3;
	26953 : E3;
	26954 : E3;
	26955 : E3;
	26956 : E3;
	26957 : E3;
	26958 : E3;
	26959 : E3;
	26960 : E3;
	26961 : E3;
	26962 : E3;
	26963 : E3;
	26964 : E3;
	26965 : E3;
	26966 : E3;
	26967 : E3;
	26968 : 92;
	26969 : B6;
	26970 : DB;
	26971 : 6E;
	26972 : E3;
	26973 : E3;
	26974 : E3;
	26975 : E3;
	26976 : E3;
	26977 : E3;
	26978 : E3;
	26979 : E3;
	26980 : 92;
	26981 : DB;
	26982 : DB;
	26983 : B7;
	26984 : DB;
	26985 : E3;
	26986 : E3;
	26987 : E3;
	26988 : E3;
	26989 : E3;
	26990 : E3;
	26991 : E3;
	26992 : E3;
	26993 : E3;
	26994 : E3;
	26995 : E3;
	26996 : E3;
	26997 : E3;
	26998 : E3;
	26999 : E3;
	27000 : E3;
	27001 : E3;
	27002 : E3;
	27003 : E3;
	27004 : E3;
	27005 : E3;
	27006 : E3;
	27007 : E3;
	27008 : E3;
	27009 : E3;
	27010 : E3;
	27011 : E3;
	27012 : E3;
	27013 : E3;
	27014 : E3;
	27015 : E3;
	27016 : E3;
	27017 : E3;
	27018 : E3;
	27019 : E3;
	27020 : E3;
	27021 : E3;
	27022 : E3;
	27023 : E3;
	27024 : E3;
	27025 : E3;
	27026 : E3;
	27027 : E3;
	27028 : E3;
	27029 : E3;
	27030 : E3;
	27031 : E3;
	27032 : E3;
	27033 : E3;
	27034 : E3;
	27035 : E3;
	27036 : E3;
	27037 : E3;
	27038 : E3;
	27039 : E3;
	27040 : E3;
	27041 : E3;
	27042 : E3;
	27043 : E3;
	27044 : E3;
	27045 : E3;
	27046 : E3;
	27047 : E3;
	27048 : E3;
	27049 : E3;
	27050 : E3;
	27051 : E3;
	27052 : E3;
	27053 : E3;
	27054 : E3;
	27055 : E3;
	27056 : E3;
	27057 : E3;
	27058 : E3;
	27059 : E3;
	27060 : E3;
	27061 : E3;
	27062 : E3;
	27063 : E3;
	27064 : E3;
	27065 : E3;
	27066 : E3;
	27067 : E3;
	27068 : E3;
	27069 : E3;
	27070 : E3;
	27071 : E3;
	27072 : E3;
	27073 : E3;
	27074 : E3;
	27075 : E3;
	27076 : E3;
	27077 : E3;
	27078 : E3;
	27079 : E3;
	27080 : E3;
	27081 : E3;
	27082 : E3;
	27083 : E3;
	27084 : E3;
	27085 : E3;
	27086 : E3;
	27087 : E3;
	27088 : E3;
	27089 : E3;
	27090 : E3;
	27091 : E3;
	27092 : E3;
	27093 : E3;
	27094 : E3;
	27095 : E3;
	27096 : E3;
	27097 : E3;
	27098 : E3;
	27099 : E3;
	27100 : E3;
	27101 : E3;
	27102 : E3;
	27103 : E3;
	27104 : E3;
	27105 : E3;
	27106 : E3;
	27107 : E3;
	27108 : E3;
	27109 : E3;
	27110 : E3;
	27111 : E3;
	27112 : E3;
	27113 : E3;
	27114 : E3;
	27115 : E3;
	27116 : E3;
	27117 : E3;
	27118 : E3;
	27119 : E3;
	27120 : E3;
	27121 : E3;
	27122 : E3;
	27123 : E3;
	27124 : E3;
	27125 : E3;
	27126 : E3;
	27127 : E3;
	27128 : E3;
	27129 : E3;
	27130 : E3;
	27131 : E3;
	27132 : E3;
	27133 : E3;
	27134 : E3;
	27135 : E3;
	27136 : E3;
	27137 : E3;
	27138 : E3;
	27139 : E3;
	27140 : E3;
	27141 : E3;
	27142 : E3;
	27143 : E3;
	27144 : E3;
	27145 : E3;
	27146 : E3;
	27147 : E3;
	27148 : E3;
	27149 : E3;
	27150 : E3;
	27151 : E3;
	27152 : E3;
	27153 : E3;
	27154 : E3;
	27155 : E3;
	27156 : E3;
	27157 : E3;
	27158 : E3;
	27159 : E3;
	27160 : E3;
	27161 : E3;
	27162 : E3;
	27163 : E3;
	27164 : E3;
	27165 : E3;
	27166 : E3;
	27167 : E3;
	27168 : E3;
	27169 : E3;
	27170 : E3;
	27171 : E3;
	27172 : E3;
	27173 : E3;
	27174 : E3;
	27175 : E3;
	27176 : E3;
	27177 : E3;
	27178 : E3;
	27179 : E3;
	27180 : E3;
	27181 : E3;
	27182 : E3;
	27183 : E3;
	27184 : E3;
	27185 : E3;
	27186 : E3;
	27187 : E3;
	27188 : E3;
	27189 : E3;
	27190 : E3;
	27191 : E3;
	27192 : E3;
	27193 : E3;
	27194 : E3;
	27195 : E3;
	27196 : E3;
	27197 : E3;
	27198 : E3;
	27199 : E3;
	27200 : E3;
	27201 : E3;
	27202 : E3;
	27203 : E3;
	27204 : E3;
	27205 : E3;
	27206 : E3;
	27207 : E3;
	27208 : E3;
	27209 : E3;
	27210 : E3;
	27211 : E3;
	27212 : E3;
	27213 : E3;
	27214 : E3;
	27215 : E3;
	27216 : E3;
	27217 : E3;
	27218 : E3;
	27219 : E3;
	27220 : E3;
	27221 : E3;
	27222 : E3;
	27223 : E3;
	27224 : E3;
	27225 : E3;
	27226 : E3;
	27227 : E3;
	27228 : E3;
	27229 : E3;
	27230 : E3;
	27231 : E3;
	27232 : E3;
	27233 : E3;
	27234 : E3;
	27235 : E3;
	27236 : E3;
	27237 : E3;
	27238 : E3;
	27239 : E3;
	27240 : E3;
	27241 : E3;
	27242 : E3;
	27243 : E3;
	27244 : E3;
	27245 : E3;
	27246 : E3;
	27247 : E3;
	27248 : E3;
	27249 : E3;
	27250 : E3;
	27251 : E3;
	27252 : E3;
	27253 : E3;
	27254 : E3;
	27255 : E3;
	27256 : E3;
	27257 : E3;
	27258 : E3;
	27259 : E3;
	27260 : E3;
	27261 : E3;
	27262 : E3;
	27263 : E3;
	27264 : E3;
	27265 : E3;
	27266 : E3;
	27267 : E3;
	27268 : E3;
	27269 : E3;
	27270 : E3;
	27271 : E3;
	27272 : E3;
	27273 : E3;
	27274 : E3;
	27275 : E3;
	27276 : E3;
	27277 : E3;
	27278 : E3;
	27279 : E3;
	27280 : E3;
	27281 : E3;
	27282 : E3;
	27283 : E3;
	27284 : E3;
	27285 : E3;
	27286 : E3;
	27287 : E3;
	27288 : E3;
	27289 : E3;
	27290 : E3;
	27291 : E3;
	27292 : E3;
	27293 : E3;
	27294 : E3;
	27295 : E3;
	27296 : E3;
	27297 : E3;
	27298 : E3;
	27299 : E3;
	27300 : E3;
	27301 : E3;
	27302 : E3;
	27303 : E3;
	27304 : E3;
	27305 : E3;
	27306 : E3;
	27307 : E3;
	27308 : E3;
	27309 : E3;
	27310 : E3;
	27311 : E3;
	27312 : E3;
	27313 : E3;
	27314 : E3;
	27315 : E3;
	27316 : E3;
	27317 : E3;
	27318 : E3;
	27319 : E3;
	27320 : E3;
	27321 : E3;
	27322 : E3;
	27323 : E3;
	27324 : E3;
	27325 : E3;
	27326 : E3;
	27327 : E3;
	27328 : E3;
	27329 : E3;
	27330 : E3;
	27331 : E3;
	27332 : E3;
	27333 : E3;
	27334 : E3;
	27335 : E3;
	27336 : E3;
	27337 : E3;
	27338 : E3;
	27339 : E3;
	27340 : E3;
	27341 : E3;
	27342 : E3;
	27343 : E3;
	27344 : E3;
	27345 : E3;
	27346 : E3;
	27347 : E3;
	27348 : E3;
	27349 : E3;
	27350 : E3;
	27351 : E3;
	27352 : E3;
	27353 : E3;
	27354 : E3;
	27355 : E3;
	27356 : E3;
	27357 : E3;
	27358 : E3;
	27359 : E3;
	27360 : E3;
	27361 : E3;
	27362 : E3;
	27363 : E3;
	27364 : E3;
	27365 : E3;
	27366 : E3;
	27367 : E3;
	27368 : E3;
	27369 : E3;
	27370 : E3;
	27371 : E3;
	27372 : E3;
	27373 : E3;
	27374 : E3;
	27375 : E3;
	27376 : E3;
	27377 : E3;
	27378 : E3;
	27379 : E3;
	27380 : E3;
	27381 : E3;
	27382 : E3;
	27383 : E3;
	27384 : E3;
	27385 : E3;
	27386 : E3;
	27387 : E3;
	27388 : E3;
	27389 : E3;
	27390 : E3;
	27391 : E3;
	27392 : E3;
	27393 : E3;
	27394 : E3;
	27395 : E3;
	27396 : E3;
	27397 : E3;
	27398 : E3;
	27399 : E3;
	27400 : E3;
	27401 : E3;
	27402 : E3;
	27403 : E3;
	27404 : E3;
	27405 : E3;
	27406 : E3;
	27407 : E3;
	27408 : E3;
	27409 : E3;
	27410 : E3;
	27411 : E3;
	27412 : E3;
	27413 : E3;
	27414 : E3;
	27415 : E3;
	27416 : E3;
	27417 : E3;
	27418 : E3;
	27419 : E3;
	27420 : E3;
	27421 : E3;
	27422 : E3;
	27423 : E3;
	27424 : E3;
	27425 : E3;
	27426 : E3;
	27427 : E3;
	27428 : E3;
	27429 : E3;
	27430 : E3;
	27431 : E3;
	27432 : E3;
	27433 : E3;
	27434 : E3;
	27435 : E3;
	27436 : E3;
	27437 : E3;
	27438 : E3;
	27439 : E3;
	27440 : E3;
	27441 : E3;
	27442 : E3;
	27443 : E3;
	27444 : E3;
	27445 : E3;
	27446 : E3;
	27447 : E3;
	27448 : E3;
	27449 : E3;
	27450 : E3;
	27451 : E3;
	27452 : E3;
	27453 : E3;
	27454 : E3;
	27455 : E3;
	27456 : E3;
	27457 : E3;
	27458 : E3;
	27459 : E3;
	27460 : E3;
	27461 : E3;
	27462 : E3;
	27463 : E3;
	27464 : E3;
	27465 : E3;
	27466 : E3;
	27467 : E3;
	27468 : E3;
	27469 : E3;
	27470 : E3;
	27471 : E3;
	27472 : E3;
	27473 : E3;
	27474 : E3;
	27475 : E3;
	27476 : E3;
	27477 : E3;
	27478 : E3;
	27479 : E3;
	27480 : E3;
	27481 : E3;
	27482 : E3;
	27483 : E3;
	27484 : E3;
	27485 : E3;
	27486 : E3;
	27487 : E3;
	27488 : E3;
	27489 : E3;
	27490 : E3;
	27491 : E3;
	27492 : E3;
	27493 : E3;
	27494 : E3;
	27495 : E3;
	27496 : E3;
	27497 : E3;
	27498 : E3;
	27499 : E3;
	27500 : E3;
	27501 : E3;
	27502 : E3;
	27503 : E3;
	27504 : E3;
	27505 : E3;
	27506 : E3;
	27507 : E3;
	27508 : E3;
	27509 : E3;
	27510 : E3;
	27511 : E3;
	27512 : E3;
	27513 : E3;
	27514 : E3;
	27515 : E3;
	27516 : E3;
	27517 : E3;
	27518 : E3;
	27519 : E3;
	27520 : E3;
	27521 : E3;
	27522 : E3;
	27523 : E3;
	27524 : E3;
	27525 : E3;
	27526 : E3;
	27527 : E3;
	27528 : E3;
	27529 : E3;
	27530 : E3;
	27531 : E3;
	27532 : E3;
	27533 : E3;
	27534 : E3;
	27535 : E3;
	27536 : E3;
	27537 : E3;
	27538 : E3;
	27539 : E3;
	27540 : E3;
	27541 : E3;
	27542 : E3;
	27543 : E3;
	27544 : E3;
	27545 : E3;
	27546 : E3;
	27547 : E3;
	27548 : E3;
	27549 : E3;
	27550 : E3;
	27551 : E3;
	27552 : E3;
	27553 : E3;
	27554 : E3;
	27555 : E3;
	27556 : E3;
	27557 : E3;
	27558 : E3;
	27559 : E3;
	27560 : E3;
	27561 : E3;
	27562 : E3;
	27563 : E3;
	27564 : E3;
	27565 : E3;
	27566 : E3;
	27567 : E3;
	27568 : E3;
	27569 : E3;
	27570 : E3;
	27571 : E3;
	27572 : E3;
	27573 : E3;
	27574 : E3;
	27575 : E3;
	27576 : E3;
	27577 : E3;
	27578 : E3;
	27579 : E3;
	27580 : E3;
	27581 : E3;
	27582 : E3;
	27583 : E3;
	27584 : E3;
	27585 : E3;
	27586 : E3;
	27587 : E3;
	27588 : E3;
	27589 : E3;
	27590 : E3;
	27591 : E3;
	27592 : E3;
	27593 : E3;
	27594 : E3;
	27595 : E3;
	27596 : E3;
	27597 : E3;
	27598 : E3;
	27599 : E3;
	27600 : E3;
	27601 : E3;
	27602 : E3;
	27603 : E3;
	27604 : E3;
	27605 : E3;
	27606 : E3;
	27607 : E3;
	27608 : E3;
	27609 : E3;
	27610 : E3;
	27611 : E3;
	27612 : E3;
	27613 : E3;
	27614 : E3;
	27615 : E3;
	27616 : E3;
	27617 : E3;
	27618 : E3;
	27619 : E3;
	27620 : E3;
	27621 : E3;
	27622 : E3;
	27623 : E3;
	27624 : E3;
	27625 : E3;
	27626 : E3;
	27627 : E3;
	27628 : E3;
	27629 : E3;
	27630 : E3;
	27631 : E3;
	27632 : E3;
	27633 : E3;
	27634 : E3;
	27635 : E3;
	27636 : E3;
	27637 : E3;
	27638 : E3;
	27639 : E3;
	27640 : E3;
	27641 : E3;
	27642 : E3;
	27643 : E3;
	27644 : E3;
	27645 : E3;
	27646 : E3;
	27647 : E3;
	27648 : E3;
	27649 : E3;
	27650 : E3;
	27651 : E3;
	27652 : E3;
	27653 : E3;
	27654 : E3;
	27655 : E3;
	27656 : E3;
	27657 : E3;
	27658 : E3;
	27659 : E3;
	27660 : E3;
	27661 : E3;
	27662 : E3;
	27663 : E3;
	27664 : E3;
	27665 : E3;
	27666 : E3;
	27667 : E3;
	27668 : E3;
	27669 : E3;
	27670 : E3;
	27671 : E3;
	27672 : E3;
	27673 : E3;
	27674 : E3;
	27675 : E3;
	27676 : E3;
	27677 : E3;
	27678 : E3;
	27679 : E3;
	27680 : E3;
	27681 : E3;
	27682 : E3;
	27683 : E3;
	27684 : E3;
	27685 : E3;
	27686 : E3;
	27687 : E3;
	27688 : E3;
	27689 : E3;
	27690 : E3;
	27691 : E3;
	27692 : E3;
	27693 : E3;
	27694 : E3;
	27695 : E3;
	27696 : E3;
	27697 : E3;
	27698 : E3;
	27699 : E3;
	27700 : E3;
	27701 : E3;
	27702 : E3;
	27703 : E3;
	27704 : E3;
	27705 : E3;
	27706 : E3;
	27707 : E3;
	27708 : E3;
	27709 : E3;
	27710 : E3;
	27711 : E3;
	27712 : E3;
	27713 : E3;
	27714 : E3;
	27715 : E3;
	27716 : E3;
	27717 : E3;
	27718 : E3;
	27719 : E3;
	27720 : E3;
	27721 : E3;
	27722 : E3;
	27723 : E3;
	27724 : E3;
	27725 : E3;
	27726 : E3;
	27727 : E3;
	27728 : E3;
	27729 : E3;
	27730 : E3;
	27731 : E3;
	27732 : E3;
	27733 : E3;
	27734 : E3;
	27735 : E3;
	27736 : E3;
	27737 : E3;
	27738 : E3;
	27739 : E3;
	27740 : E3;
	27741 : E3;
	27742 : E3;
	27743 : E3;
	27744 : E3;
	27745 : E3;
	27746 : E3;
	27747 : E3;
	27748 : E3;
	27749 : E3;
	27750 : E3;
	27751 : E3;
	27752 : E3;
	27753 : E3;
	27754 : E3;
	27755 : E3;
	27756 : E3;
	27757 : E3;
	27758 : E3;
	27759 : E3;
	27760 : E3;
	27761 : E3;
	27762 : E3;
	27763 : E3;
	27764 : E3;
	27765 : E3;
	27766 : E3;
	27767 : E3;
	27768 : E3;
	27769 : E3;
	27770 : E3;
	27771 : E3;
	27772 : E3;
	27773 : E3;
	27774 : E3;
	27775 : E3;
	27776 : E3;
	27777 : E3;
	27778 : E3;
	27779 : E3;
	27780 : E3;
	27781 : E3;
	27782 : E3;
	27783 : E3;
	27784 : E3;
	27785 : E3;
	27786 : E3;
	27787 : E3;
	27788 : E3;
	27789 : E3;
	27790 : E3;
	27791 : E3;
	27792 : E3;
	27793 : E3;
	27794 : E3;
	27795 : E3;
	27796 : E3;
	27797 : E3;
	27798 : E3;
	27799 : E3;
	27800 : E3;
	27801 : E3;
	27802 : E3;
	27803 : E3;
	27804 : E3;
	27805 : E3;
	27806 : E3;
	27807 : E3;
	27808 : E3;
	27809 : E3;
	27810 : E3;
	27811 : E3;
	27812 : E3;
	27813 : E3;
	27814 : E3;
	27815 : E3;
	27816 : E3;
	27817 : E3;
	27818 : E3;
	27819 : E3;
	27820 : E3;
	27821 : E3;
	27822 : E3;
	27823 : E3;
	27824 : E3;
	27825 : E3;
	27826 : E3;
	27827 : E3;
	27828 : E3;
	27829 : E3;
	27830 : E3;
	27831 : E3;
	27832 : E3;
	27833 : E3;
	27834 : E3;
	27835 : E3;
	27836 : E3;
	27837 : E3;
	27838 : E3;
	27839 : E3;
	27840 : E3;
	27841 : E3;
	27842 : E3;
	27843 : E3;
	27844 : E3;
	27845 : E3;
	27846 : E3;
	27847 : E3;
	27848 : E3;
	27849 : E3;
	27850 : E3;
	27851 : E3;
	27852 : E3;
	27853 : E3;
	27854 : E3;
	27855 : E3;
	27856 : E3;
	27857 : E3;
	27858 : E3;
	27859 : E3;
	27860 : E3;
	27861 : E3;
	27862 : E3;
	27863 : E3;
	27864 : E3;
	27865 : E3;
	27866 : E3;
	27867 : E3;
	27868 : E3;
	27869 : E3;
	27870 : E3;
	27871 : E3;
	27872 : E3;
	27873 : E3;
	27874 : E3;
	27875 : E3;
	27876 : E3;
	27877 : E3;
	27878 : E3;
	27879 : E3;
	27880 : E3;
	27881 : E3;
	27882 : E3;
	27883 : E3;
	27884 : E3;
	27885 : E3;
	27886 : E3;
	27887 : E3;
	27888 : E3;
	27889 : E3;
	27890 : E3;
	27891 : E3;
	27892 : E3;
	27893 : E3;
	27894 : E3;
	27895 : E3;
	27896 : E3;
	27897 : E3;
	27898 : E3;
	27899 : E3;
	27900 : E3;
	27901 : E3;
	27902 : E3;
	27903 : E3;
	27904 : E3;
	27905 : E3;
	27906 : E3;
	27907 : E3;
	27908 : E3;
	27909 : E3;
	27910 : E3;
	27911 : E3;
	27912 : E3;
	27913 : E3;
	27914 : E3;
	27915 : E3;
	27916 : E3;
	27917 : E3;
	27918 : E3;
	27919 : E3;
	27920 : E3;
	27921 : E3;
	27922 : E3;
	27923 : E3;
	27924 : E3;
	27925 : E3;
	27926 : E3;
	27927 : E3;
	27928 : E3;
	27929 : E3;
	27930 : E3;
	27931 : E3;
	27932 : E3;
	27933 : E3;
	27934 : E3;
	27935 : E3;
	27936 : E3;
	27937 : E3;
	27938 : E3;
	27939 : E3;
	27940 : E3;
	27941 : E3;
	27942 : E3;
	27943 : E3;
	27944 : E3;
	27945 : E3;
	27946 : E3;
	27947 : E3;
	27948 : E3;
	27949 : E3;
	27950 : E3;
	27951 : E3;
	27952 : E3;
	27953 : E3;
	27954 : E3;
	27955 : E3;
	27956 : E3;
	27957 : E3;
	27958 : E3;
	27959 : E3;
	27960 : E3;
	27961 : E3;
	27962 : E3;
	27963 : E3;
	27964 : E3;
	27965 : E3;
	27966 : E3;
	27967 : E3;
	27968 : E3;
	27969 : E3;
	27970 : E3;
	27971 : E3;
	27972 : E3;
	27973 : E3;
	27974 : E3;
	27975 : E3;
	27976 : E3;
	27977 : E3;
	27978 : E3;
	27979 : E3;
	27980 : E3;
	27981 : E3;
	27982 : E3;
	27983 : E3;
	27984 : E3;
	27985 : E3;
	27986 : E3;
	27987 : E3;
	27988 : E3;
	27989 : E3;
	27990 : E3;
	27991 : E3;
	27992 : E3;
	27993 : E3;
	27994 : E3;
	27995 : E3;
	27996 : E3;
	27997 : E3;
	27998 : E3;
	27999 : E3;
	28000 : E3;
	28001 : E3;
	28002 : E3;
	28003 : E3;
	28004 : E3;
	28005 : E3;
	28006 : E3;
	28007 : E3;
	28008 : E3;
	28009 : E3;
	28010 : E3;
	28011 : E3;
	28012 : E3;
	28013 : E3;
	28014 : E3;
	28015 : E3;
	28016 : E3;
	28017 : E3;
	28018 : E3;
	28019 : E3;
	28020 : E3;
	28021 : E3;
	28022 : E3;
	28023 : E3;
	28024 : E3;
	28025 : E3;
	28026 : E3;
	28027 : E3;
	28028 : E3;
	28029 : E3;
	28030 : E3;
	28031 : E3;
	28032 : E3;
	28033 : E3;
	28034 : E3;
	28035 : E3;
	28036 : E3;
	28037 : E3;
	28038 : E3;
	28039 : E3;
	28040 : E3;
	28041 : E3;
	28042 : E3;
	28043 : E3;
	28044 : E3;
	28045 : E3;
	28046 : E3;
	28047 : E3;
	28048 : E3;
	28049 : E3;
	28050 : E3;
	28051 : E3;
	28052 : E3;
	28053 : E3;
	28054 : E3;
	28055 : E3;
	28056 : E3;
	28057 : E3;
	28058 : E3;
	28059 : E3;
	28060 : E3;
	28061 : E3;
	28062 : E3;
	28063 : E3;
	28064 : E3;
	28065 : E3;
	28066 : E3;
	28067 : E3;
	28068 : E3;
	28069 : E3;
	28070 : E3;
	28071 : E3;
	28072 : E3;
	28073 : E3;
	28074 : E3;
	28075 : E3;
	28076 : E3;
	28077 : E3;
	28078 : E3;
	28079 : E3;
	28080 : E3;
	28081 : E3;
	28082 : E3;
	28083 : E3;
	28084 : E3;
	28085 : E3;
	28086 : E3;
	28087 : E3;
	28088 : E3;
	28089 : E3;
	28090 : E3;
	28091 : E3;
	28092 : E3;
	28093 : E3;
	28094 : E3;
	28095 : E3;
	28096 : E3;
	28097 : E3;
	28098 : E3;
	28099 : E3;
	28100 : E3;
	28101 : E3;
	28102 : E3;
	28103 : E3;
	28104 : E3;
	28105 : E3;
	28106 : E3;
	28107 : E3;
	28108 : E3;
	28109 : E3;
	28110 : E3;
	28111 : E3;
	28112 : E3;
	28113 : E3;
	28114 : E3;
	28115 : E3;
	28116 : E3;
	28117 : E3;
	28118 : E3;
	28119 : E3;
	28120 : E3;
	28121 : E3;
	28122 : E3;
	28123 : E3;
	28124 : E3;
	28125 : E3;
	28126 : E3;
	28127 : E3;
	28128 : E3;
	28129 : E3;
	28130 : E3;
	28131 : E3;
	28132 : E3;
	28133 : E3;
	28134 : E3;
	28135 : E3;
	28136 : 24;
	28137 : 24;
	28138 : 24;
	28139 : E3;
	28140 : E3;
	28141 : E3;
	28142 : E3;
	28143 : E3;
	28144 : E3;
	28145 : E3;
	28146 : E3;
	28147 : E3;
	28148 : E3;
	28149 : E3;
	28150 : E3;
	28151 : E3;
	28152 : E3;
	28153 : E3;
	28154 : E3;
	28155 : E3;
	28156 : E3;
	28157 : E3;
	28158 : E3;
	28159 : E3;
	28160 : E3;
	28161 : E3;
	28162 : E3;
	28163 : E3;
	28164 : E3;
	28165 : E3;
	28166 : E3;
	28167 : E3;
	28168 : E3;
	28169 : E3;
	28170 : E3;
	28171 : E3;
	28172 : E3;
	28173 : E3;
	28174 : E3;
	28175 : E3;
	28176 : E3;
	28177 : E3;
	28178 : E3;
	28179 : E3;
	28180 : E3;
	28181 : E3;
	28182 : E3;
	28183 : E3;
	28184 : E3;
	28185 : E3;
	28186 : E3;
	28187 : E3;
	28188 : E3;
	28189 : E3;
	28190 : E3;
	28191 : E3;
	28192 : E3;
	28193 : E3;
	28194 : E3;
	28195 : E3;
	28196 : E3;
	28197 : E3;
	28198 : E3;
	28199 : 24;
	28200 : 24;
	28201 : 24;
	28202 : 24;
	28203 : 24;
	28204 : E3;
	28205 : E3;
	28206 : E3;
	28207 : E3;
	28208 : E3;
	28209 : E3;
	28210 : E3;
	28211 : E3;
	28212 : E3;
	28213 : E3;
	28214 : E3;
	28215 : E3;
	28216 : E3;
	28217 : E3;
	28218 : E3;
	28219 : E3;
	28220 : E3;
	28221 : E3;
	28222 : E3;
	28223 : E3;
	28224 : E3;
	28225 : E3;
	28226 : E3;
	28227 : E3;
	28228 : E3;
	28229 : E3;
	28230 : E3;
	28231 : E3;
	28232 : E3;
	28233 : E3;
	28234 : E3;
	28235 : E3;
	28236 : E3;
	28237 : E3;
	28238 : E3;
	28239 : E3;
	28240 : E3;
	28241 : E3;
	28242 : E3;
	28243 : E3;
	28244 : E3;
	28245 : E3;
	28246 : E3;
	28247 : E3;
	28248 : E3;
	28249 : E3;
	28250 : E3;
	28251 : E3;
	28252 : E3;
	28253 : E3;
	28254 : E3;
	28255 : E3;
	28256 : E3;
	28257 : E3;
	28258 : E3;
	28259 : E3;
	28260 : E3;
	28261 : E3;
	28262 : 24;
	28263 : 24;
	28264 : 24;
	28265 : 88;
	28266 : A8;
	28267 : 64;
	28268 : 64;
	28269 : E3;
	28270 : E3;
	28271 : E3;
	28272 : E3;
	28273 : E3;
	28274 : E3;
	28275 : E3;
	28276 : E3;
	28277 : E3;
	28278 : E3;
	28279 : E3;
	28280 : E3;
	28281 : E3;
	28282 : E3;
	28283 : E3;
	28284 : E3;
	28285 : E3;
	28286 : E3;
	28287 : E3;
	28288 : E3;
	28289 : E3;
	28290 : E3;
	28291 : E3;
	28292 : E3;
	28293 : E3;
	28294 : E3;
	28295 : E3;
	28296 : E3;
	28297 : E3;
	28298 : E3;
	28299 : E3;
	28300 : E3;
	28301 : E3;
	28302 : E3;
	28303 : E3;
	28304 : E3;
	28305 : E3;
	28306 : E3;
	28307 : E3;
	28308 : E3;
	28309 : E3;
	28310 : E3;
	28311 : E3;
	28312 : E3;
	28313 : E3;
	28314 : E3;
	28315 : E3;
	28316 : E3;
	28317 : E3;
	28318 : E3;
	28319 : E3;
	28320 : E3;
	28321 : E3;
	28322 : E3;
	28323 : E3;
	28324 : E3;
	28325 : 60;
	28326 : 24;
	28327 : 84;
	28328 : 44;
	28329 : 88;
	28330 : A8;
	28331 : CD;
	28332 : CD;
	28333 : E3;
	28334 : E3;
	28335 : E3;
	28336 : E3;
	28337 : E3;
	28338 : E3;
	28339 : E3;
	28340 : E3;
	28341 : E3;
	28342 : E3;
	28343 : E3;
	28344 : E3;
	28345 : E3;
	28346 : E3;
	28347 : E3;
	28348 : E3;
	28349 : E3;
	28350 : E3;
	28351 : E3;
	28352 : E3;
	28353 : E3;
	28354 : E3;
	28355 : E3;
	28356 : E3;
	28357 : E3;
	28358 : E3;
	28359 : E3;
	28360 : E3;
	28361 : E3;
	28362 : E3;
	28363 : E3;
	28364 : E3;
	28365 : E3;
	28366 : E3;
	28367 : E3;
	28368 : E3;
	28369 : E3;
	28370 : E3;
	28371 : E3;
	28372 : E3;
	28373 : E3;
	28374 : E3;
	28375 : E3;
	28376 : E3;
	28377 : E3;
	28378 : E3;
	28379 : E3;
	28380 : E3;
	28381 : E3;
	28382 : E3;
	28383 : 80;
	28384 : 80;
	28385 : 80;
	28386 : 80;
	28387 : 80;
	28388 : A0;
	28389 : A8;
	28390 : 64;
	28391 : 88;
	28392 : CC;
	28393 : A8;
	28394 : AD;
	28395 : 84;
	28396 : 64;
	28397 : E3;
	28398 : E3;
	28399 : E3;
	28400 : E3;
	28401 : E3;
	28402 : E3;
	28403 : E3;
	28404 : E3;
	28405 : E3;
	28406 : E3;
	28407 : E3;
	28408 : E3;
	28409 : E3;
	28410 : E3;
	28411 : E3;
	28412 : E3;
	28413 : E3;
	28414 : E3;
	28415 : E3;
	28416 : E3;
	28417 : E3;
	28418 : E3;
	28419 : E3;
	28420 : E3;
	28421 : E3;
	28422 : E3;
	28423 : E3;
	28424 : E3;
	28425 : E3;
	28426 : E3;
	28427 : E3;
	28428 : E3;
	28429 : E3;
	28430 : E3;
	28431 : E3;
	28432 : E3;
	28433 : E3;
	28434 : E3;
	28435 : E3;
	28436 : E3;
	28437 : E3;
	28438 : E3;
	28439 : E3;
	28440 : E3;
	28441 : E3;
	28442 : E3;
	28443 : E3;
	28444 : E3;
	28445 : E3;
	28446 : 80;
	28447 : C0;
	28448 : C0;
	28449 : C0;
	28450 : A0;
	28451 : A0;
	28452 : 80;
	28453 : A4;
	28454 : A4;
	28455 : 88;
	28456 : A8;
	28457 : A8;
	28458 : AD;
	28459 : 88;
	28460 : 64;
	28461 : E3;
	28462 : E3;
	28463 : E3;
	28464 : E3;
	28465 : E3;
	28466 : E3;
	28467 : E3;
	28468 : E3;
	28469 : E3;
	28470 : E3;
	28471 : E3;
	28472 : E3;
	28473 : E3;
	28474 : E3;
	28475 : E3;
	28476 : E3;
	28477 : E3;
	28478 : E3;
	28479 : E3;
	28480 : E3;
	28481 : E3;
	28482 : E3;
	28483 : E3;
	28484 : E3;
	28485 : E3;
	28486 : E3;
	28487 : E3;
	28488 : E3;
	28489 : E3;
	28490 : E3;
	28491 : E3;
	28492 : E3;
	28493 : E3;
	28494 : E3;
	28495 : E3;
	28496 : E3;
	28497 : E3;
	28498 : E3;
	28499 : E3;
	28500 : E3;
	28501 : E3;
	28502 : E3;
	28503 : E3;
	28504 : E3;
	28505 : E3;
	28506 : E3;
	28507 : E3;
	28508 : E3;
	28509 : 80;
	28510 : C0;
	28511 : E0;
	28512 : E0;
	28513 : E0;
	28514 : E0;
	28515 : C0;
	28516 : A0;
	28517 : 80;
	28518 : A8;
	28519 : 84;
	28520 : 88;
	28521 : A8;
	28522 : AD;
	28523 : B1;
	28524 : 88;
	28525 : A0;
	28526 : A0;
	28527 : E3;
	28528 : E3;
	28529 : E3;
	28530 : E3;
	28531 : E3;
	28532 : E3;
	28533 : E3;
	28534 : E3;
	28535 : E3;
	28536 : E3;
	28537 : E3;
	28538 : E3;
	28539 : E3;
	28540 : E3;
	28541 : E3;
	28542 : E3;
	28543 : E3;
	28544 : E3;
	28545 : E3;
	28546 : E3;
	28547 : E3;
	28548 : E3;
	28549 : E3;
	28550 : E3;
	28551 : E3;
	28552 : E3;
	28553 : E3;
	28554 : E3;
	28555 : E3;
	28556 : E3;
	28557 : E3;
	28558 : E3;
	28559 : E3;
	28560 : E3;
	28561 : E3;
	28562 : E3;
	28563 : E3;
	28564 : E3;
	28565 : E3;
	28566 : E3;
	28567 : E3;
	28568 : E3;
	28569 : E3;
	28570 : E3;
	28571 : E3;
	28572 : 80;
	28573 : A0;
	28574 : A0;
	28575 : C0;
	28576 : E0;
	28577 : E0;
	28578 : E0;
	28579 : C0;
	28580 : A0;
	28581 : 80;
	28582 : 84;
	28583 : A8;
	28584 : 88;
	28585 : B6;
	28586 : D6;
	28587 : B1;
	28588 : 64;
	28589 : A0;
	28590 : E0;
	28591 : C0;
	28592 : E3;
	28593 : E3;
	28594 : E3;
	28595 : E3;
	28596 : E3;
	28597 : E3;
	28598 : E3;
	28599 : E3;
	28600 : E3;
	28601 : E3;
	28602 : E3;
	28603 : E3;
	28604 : E3;
	28605 : E3;
	28606 : E3;
	28607 : E3;
	28608 : E3;
	28609 : E3;
	28610 : E3;
	28611 : E3;
	28612 : E3;
	28613 : E3;
	28614 : E3;
	28615 : E3;
	28616 : E3;
	28617 : E3;
	28618 : E3;
	28619 : E3;
	28620 : E3;
	28621 : E3;
	28622 : E3;
	28623 : E3;
	28624 : E3;
	28625 : E3;
	28626 : E3;
	28627 : E3;
	28628 : E3;
	28629 : E3;
	28630 : E3;
	28631 : E3;
	28632 : E3;
	28633 : E3;
	28634 : E3;
	28635 : E3;
	28636 : 80;
	28637 : 80;
	28638 : A0;
	28639 : A0;
	28640 : C0;
	28641 : C0;
	28642 : C0;
	28643 : A0;
	28644 : A0;
	28645 : 80;
	28646 : 80;
	28647 : 84;
	28648 : B6;
	28649 : DA;
	28650 : DA;
	28651 : DA;
	28652 : B6;
	28653 : A0;
	28654 : C0;
	28655 : C0;
	28656 : E3;
	28657 : E3;
	28658 : E3;
	28659 : 84;
	28660 : 84;
	28661 : E3;
	28662 : E3;
	28663 : E3;
	28664 : E3;
	28665 : E3;
	28666 : E3;
	28667 : E3;
	28668 : E3;
	28669 : E3;
	28670 : E3;
	28671 : E3;
	28672 : E3;
	28673 : E3;
	28674 : E3;
	28675 : E3;
	28676 : E3;
	28677 : E3;
	28678 : E3;
	28679 : E3;
	28680 : E3;
	28681 : E3;
	28682 : E3;
	28683 : E3;
	28684 : E3;
	28685 : E3;
	28686 : E3;
	28687 : E3;
	28688 : E3;
	28689 : E3;
	28690 : E3;
	28691 : E3;
	28692 : E3;
	28693 : E3;
	28694 : E3;
	28695 : E3;
	28696 : E3;
	28697 : E3;
	28698 : E3;
	28699 : E3;
	28700 : 80;
	28701 : 80;
	28702 : 80;
	28703 : C0;
	28704 : C0;
	28705 : C4;
	28706 : C8;
	28707 : C8;
	28708 : A8;
	28709 : 80;
	28710 : 80;
	28711 : AD;
	28712 : DA;
	28713 : DA;
	28714 : DA;
	28715 : DA;
	28716 : B1;
	28717 : A4;
	28718 : A0;
	28719 : 80;
	28720 : E3;
	28721 : 8D;
	28722 : 8D;
	28723 : 69;
	28724 : 68;
	28725 : A8;
	28726 : E3;
	28727 : E3;
	28728 : E3;
	28729 : E3;
	28730 : E3;
	28731 : E3;
	28732 : E3;
	28733 : E3;
	28734 : E3;
	28735 : E3;
	28736 : E3;
	28737 : E3;
	28738 : E3;
	28739 : E3;
	28740 : E3;
	28741 : E3;
	28742 : E3;
	28743 : E3;
	28744 : E3;
	28745 : E3;
	28746 : E3;
	28747 : E3;
	28748 : E3;
	28749 : E3;
	28750 : E3;
	28751 : E3;
	28752 : E3;
	28753 : E3;
	28754 : E3;
	28755 : E3;
	28756 : E3;
	28757 : E3;
	28758 : E3;
	28759 : E3;
	28760 : E3;
	28761 : E3;
	28762 : E3;
	28763 : E3;
	28764 : E3;
	28765 : 80;
	28766 : 80;
	28767 : C4;
	28768 : CD;
	28769 : CD;
	28770 : A8;
	28771 : A8;
	28772 : A8;
	28773 : A8;
	28774 : CD;
	28775 : CD;
	28776 : AC;
	28777 : B6;
	28778 : DA;
	28779 : 8D;
	28780 : 84;
	28781 : 84;
	28782 : 84;
	28783 : 84;
	28784 : E3;
	28785 : E3;
	28786 : B6;
	28787 : B6;
	28788 : B1;
	28789 : 64;
	28790 : A5;
	28791 : E3;
	28792 : E3;
	28793 : E3;
	28794 : E3;
	28795 : E3;
	28796 : E3;
	28797 : E3;
	28798 : E3;
	28799 : E3;
	28800 : E3;
	28801 : E3;
	28802 : E3;
	28803 : E3;
	28804 : E3;
	28805 : E3;
	28806 : E3;
	28807 : E3;
	28808 : E3;
	28809 : E3;
	28810 : E3;
	28811 : E3;
	28812 : E3;
	28813 : E3;
	28814 : E3;
	28815 : E3;
	28816 : E3;
	28817 : E3;
	28818 : E3;
	28819 : E3;
	28820 : E3;
	28821 : E3;
	28822 : E3;
	28823 : E3;
	28824 : E3;
	28825 : E3;
	28826 : E3;
	28827 : E3;
	28828 : E3;
	28829 : A0;
	28830 : 84;
	28831 : C8;
	28832 : CD;
	28833 : CD;
	28834 : CD;
	28835 : ED;
	28836 : ED;
	28837 : CD;
	28838 : CD;
	28839 : A8;
	28840 : C8;
	28841 : A9;
	28842 : 64;
	28843 : 60;
	28844 : 60;
	28845 : 84;
	28846 : 88;
	28847 : 64;
	28848 : 89;
	28849 : B6;
	28850 : 91;
	28851 : B6;
	28852 : B6;
	28853 : B2;
	28854 : E3;
	28855 : E3;
	28856 : E3;
	28857 : E3;
	28858 : E3;
	28859 : E3;
	28860 : E3;
	28861 : E3;
	28862 : E3;
	28863 : E3;
	28864 : E3;
	28865 : E3;
	28866 : E3;
	28867 : E3;
	28868 : E3;
	28869 : E3;
	28870 : E3;
	28871 : E3;
	28872 : E3;
	28873 : E3;
	28874 : E3;
	28875 : E3;
	28876 : E3;
	28877 : E3;
	28878 : E3;
	28879 : E3;
	28880 : E3;
	28881 : E3;
	28882 : E3;
	28883 : E3;
	28884 : E3;
	28885 : E3;
	28886 : E3;
	28887 : E3;
	28888 : E3;
	28889 : E3;
	28890 : E3;
	28891 : E3;
	28892 : E3;
	28893 : A0;
	28894 : 80;
	28895 : A8;
	28896 : A8;
	28897 : CD;
	28898 : ED;
	28899 : ED;
	28900 : CC;
	28901 : CD;
	28902 : CD;
	28903 : C8;
	28904 : 88;
	28905 : E3;
	28906 : E3;
	28907 : E3;
	28908 : 84;
	28909 : 64;
	28910 : 64;
	28911 : 84;
	28912 : 89;
	28913 : B6;
	28914 : B6;
	28915 : 91;
	28916 : E3;
	28917 : E3;
	28918 : E3;
	28919 : E3;
	28920 : E3;
	28921 : E3;
	28922 : E3;
	28923 : E3;
	28924 : E3;
	28925 : E3;
	28926 : E3;
	28927 : E3;
	28928 : E3;
	28929 : E3;
	28930 : E3;
	28931 : E3;
	28932 : E3;
	28933 : E3;
	28934 : E3;
	28935 : E3;
	28936 : E3;
	28937 : E3;
	28938 : E3;
	28939 : E3;
	28940 : E3;
	28941 : E3;
	28942 : E3;
	28943 : E3;
	28944 : E3;
	28945 : E3;
	28946 : E3;
	28947 : E3;
	28948 : E3;
	28949 : E3;
	28950 : E3;
	28951 : E3;
	28952 : E3;
	28953 : E3;
	28954 : E3;
	28955 : E3;
	28956 : E3;
	28957 : 80;
	28958 : 80;
	28959 : 84;
	28960 : A8;
	28961 : CD;
	28962 : CC;
	28963 : CD;
	28964 : CD;
	28965 : CC;
	28966 : A8;
	28967 : A8;
	28968 : E3;
	28969 : E3;
	28970 : E3;
	28971 : E3;
	28972 : E3;
	28973 : 84;
	28974 : 64;
	28975 : 84;
	28976 : 84;
	28977 : 89;
	28978 : 8D;
	28979 : E3;
	28980 : E3;
	28981 : E3;
	28982 : E3;
	28983 : E3;
	28984 : E3;
	28985 : E3;
	28986 : E3;
	28987 : E3;
	28988 : E3;
	28989 : E3;
	28990 : E3;
	28991 : E3;
	28992 : E3;
	28993 : E3;
	28994 : E3;
	28995 : E3;
	28996 : E3;
	28997 : E3;
	28998 : E3;
	28999 : E3;
	29000 : E3;
	29001 : E3;
	29002 : E3;
	29003 : E3;
	29004 : E3;
	29005 : E3;
	29006 : E3;
	29007 : E3;
	29008 : E3;
	29009 : E3;
	29010 : E3;
	29011 : E3;
	29012 : E3;
	29013 : E3;
	29014 : E3;
	29015 : E3;
	29016 : E3;
	29017 : E3;
	29018 : E3;
	29019 : E3;
	29020 : E3;
	29021 : 89;
	29022 : 25;
	29023 : 60;
	29024 : 60;
	29025 : A8;
	29026 : C8;
	29027 : C8;
	29028 : C8;
	29029 : A8;
	29030 : A8;
	29031 : E3;
	29032 : E3;
	29033 : E3;
	29034 : E3;
	29035 : E3;
	29036 : E3;
	29037 : E3;
	29038 : 84;
	29039 : 84;
	29040 : 88;
	29041 : 84;
	29042 : 64;
	29043 : E3;
	29044 : E3;
	29045 : E3;
	29046 : E3;
	29047 : E3;
	29048 : E3;
	29049 : E3;
	29050 : E3;
	29051 : E3;
	29052 : E3;
	29053 : E3;
	29054 : E3;
	29055 : E3;
	29056 : E3;
	29057 : E3;
	29058 : E3;
	29059 : E3;
	29060 : E3;
	29061 : E3;
	29062 : E3;
	29063 : E3;
	29064 : E3;
	29065 : E3;
	29066 : E3;
	29067 : E3;
	29068 : E3;
	29069 : E3;
	29070 : E3;
	29071 : E3;
	29072 : E3;
	29073 : E3;
	29074 : E3;
	29075 : E3;
	29076 : E3;
	29077 : E3;
	29078 : E3;
	29079 : E3;
	29080 : E3;
	29081 : E3;
	29082 : E3;
	29083 : E3;
	29084 : 2A;
	29085 : 09;
	29086 : 2D;
	29087 : 49;
	29088 : 29;
	29089 : 48;
	29090 : 68;
	29091 : 89;
	29092 : 68;
	29093 : 49;
	29094 : 29;
	29095 : E3;
	29096 : E3;
	29097 : E3;
	29098 : E3;
	29099 : E3;
	29100 : E3;
	29101 : E3;
	29102 : E3;
	29103 : 84;
	29104 : 88;
	29105 : 84;
	29106 : E3;
	29107 : E3;
	29108 : E3;
	29109 : E3;
	29110 : E3;
	29111 : E3;
	29112 : E3;
	29113 : E3;
	29114 : E3;
	29115 : E3;
	29116 : E3;
	29117 : E3;
	29118 : E3;
	29119 : E3;
	29120 : E3;
	29121 : E3;
	29122 : E3;
	29123 : E3;
	29124 : E3;
	29125 : E3;
	29126 : E3;
	29127 : E3;
	29128 : E3;
	29129 : E3;
	29130 : E3;
	29131 : E3;
	29132 : E3;
	29133 : E3;
	29134 : E3;
	29135 : E3;
	29136 : E3;
	29137 : E3;
	29138 : E3;
	29139 : E3;
	29140 : E3;
	29141 : E3;
	29142 : E3;
	29143 : E3;
	29144 : E3;
	29145 : E3;
	29146 : E3;
	29147 : E3;
	29148 : 09;
	29149 : 12;
	29150 : 0E;
	29151 : 0E;
	29152 : 0E;
	29153 : 0E;
	29154 : 0E;
	29155 : 0E;
	29156 : 09;
	29157 : 12;
	29158 : 12;
	29159 : 4E;
	29160 : E3;
	29161 : E3;
	29162 : E3;
	29163 : E3;
	29164 : E3;
	29165 : E3;
	29166 : E3;
	29167 : E3;
	29168 : E3;
	29169 : E3;
	29170 : E3;
	29171 : E3;
	29172 : E3;
	29173 : E3;
	29174 : E3;
	29175 : E3;
	29176 : E3;
	29177 : E3;
	29178 : E3;
	29179 : E3;
	29180 : E3;
	29181 : E3;
	29182 : E3;
	29183 : E3;
	29184 : E3;
	29185 : E3;
	29186 : E3;
	29187 : E3;
	29188 : E3;
	29189 : E3;
	29190 : E3;
	29191 : E3;
	29192 : E3;
	29193 : E3;
	29194 : E3;
	29195 : E3;
	29196 : E3;
	29197 : E3;
	29198 : E3;
	29199 : E3;
	29200 : E3;
	29201 : E3;
	29202 : E3;
	29203 : E3;
	29204 : E3;
	29205 : E3;
	29206 : E3;
	29207 : E3;
	29208 : E3;
	29209 : E3;
	29210 : E3;
	29211 : E3;
	29212 : 0E;
	29213 : 0E;
	29214 : 12;
	29215 : 12;
	29216 : 0E;
	29217 : 0E;
	29218 : 0E;
	29219 : 0E;
	29220 : 0E;
	29221 : 0E;
	29222 : 12;
	29223 : 12;
	29224 : E3;
	29225 : E3;
	29226 : E3;
	29227 : E3;
	29228 : E3;
	29229 : E3;
	29230 : E3;
	29231 : E3;
	29232 : E3;
	29233 : E3;
	29234 : E3;
	29235 : E3;
	29236 : E3;
	29237 : E3;
	29238 : E3;
	29239 : E3;
	29240 : E3;
	29241 : E3;
	29242 : E3;
	29243 : E3;
	29244 : E3;
	29245 : E3;
	29246 : E3;
	29247 : E3;
	29248 : E3;
	29249 : E3;
	29250 : E3;
	29251 : E3;
	29252 : E3;
	29253 : E3;
	29254 : E3;
	29255 : E3;
	29256 : E3;
	29257 : E3;
	29258 : E3;
	29259 : E3;
	29260 : E3;
	29261 : E3;
	29262 : E3;
	29263 : E3;
	29264 : E3;
	29265 : E3;
	29266 : E3;
	29267 : E3;
	29268 : E3;
	29269 : E3;
	29270 : E3;
	29271 : E3;
	29272 : E3;
	29273 : E3;
	29274 : E3;
	29275 : E3;
	29276 : 0E;
	29277 : 12;
	29278 : 17;
	29279 : 17;
	29280 : 17;
	29281 : 12;
	29282 : 0E;
	29283 : 0E;
	29284 : 0E;
	29285 : 0D;
	29286 : 0E;
	29287 : 12;
	29288 : 17;
	29289 : E3;
	29290 : E3;
	29291 : E3;
	29292 : E3;
	29293 : E3;
	29294 : E3;
	29295 : E3;
	29296 : E3;
	29297 : E3;
	29298 : E3;
	29299 : E3;
	29300 : E3;
	29301 : E3;
	29302 : E3;
	29303 : E3;
	29304 : E3;
	29305 : E3;
	29306 : E3;
	29307 : E3;
	29308 : E3;
	29309 : E3;
	29310 : E3;
	29311 : E3;
	29312 : E3;
	29313 : E3;
	29314 : E3;
	29315 : E3;
	29316 : E3;
	29317 : E3;
	29318 : E3;
	29319 : E3;
	29320 : E3;
	29321 : E3;
	29322 : E3;
	29323 : E3;
	29324 : E3;
	29325 : E3;
	29326 : E3;
	29327 : E3;
	29328 : E3;
	29329 : E3;
	29330 : E3;
	29331 : E3;
	29332 : E3;
	29333 : E3;
	29334 : E3;
	29335 : E3;
	29336 : E3;
	29337 : E3;
	29338 : E3;
	29339 : E3;
	29340 : 0E;
	29341 : 17;
	29342 : 1B;
	29343 : 1B;
	29344 : 1B;
	29345 : 1B;
	29346 : 0E;
	29347 : 0D;
	29348 : 0E;
	29349 : 0E;
	29350 : 0E;
	29351 : 17;
	29352 : 1B;
	29353 : 53;
	29354 : E3;
	29355 : E3;
	29356 : E3;
	29357 : E3;
	29358 : E3;
	29359 : E3;
	29360 : E3;
	29361 : E3;
	29362 : E3;
	29363 : E3;
	29364 : E3;
	29365 : E3;
	29366 : E3;
	29367 : E3;
	29368 : E3;
	29369 : E3;
	29370 : E3;
	29371 : E3;
	29372 : E3;
	29373 : E3;
	29374 : E3;
	29375 : E3;
	29376 : E3;
	29377 : E3;
	29378 : E3;
	29379 : E3;
	29380 : E3;
	29381 : E3;
	29382 : E3;
	29383 : E3;
	29384 : E3;
	29385 : E3;
	29386 : E3;
	29387 : E3;
	29388 : E3;
	29389 : E3;
	29390 : E3;
	29391 : E3;
	29392 : E3;
	29393 : E3;
	29394 : E3;
	29395 : E3;
	29396 : E3;
	29397 : E3;
	29398 : E3;
	29399 : E3;
	29400 : E3;
	29401 : E3;
	29402 : E3;
	29403 : E3;
	29404 : 12;
	29405 : 17;
	29406 : 1B;
	29407 : 1B;
	29408 : 1B;
	29409 : 1B;
	29410 : 12;
	29411 : 09;
	29412 : 0E;
	29413 : 0E;
	29414 : 12;
	29415 : 1B;
	29416 : 1B;
	29417 : 17;
	29418 : E3;
	29419 : E3;
	29420 : E3;
	29421 : E3;
	29422 : E3;
	29423 : E3;
	29424 : E3;
	29425 : E3;
	29426 : E3;
	29427 : E3;
	29428 : E3;
	29429 : E3;
	29430 : E3;
	29431 : E3;
	29432 : E3;
	29433 : E3;
	29434 : E3;
	29435 : E3;
	29436 : E3;
	29437 : E3;
	29438 : E3;
	29439 : E3;
	29440 : E3;
	29441 : E3;
	29442 : E3;
	29443 : E3;
	29444 : E3;
	29445 : E3;
	29446 : E3;
	29447 : E3;
	29448 : E3;
	29449 : E3;
	29450 : E3;
	29451 : E3;
	29452 : E3;
	29453 : E3;
	29454 : E3;
	29455 : E3;
	29456 : E3;
	29457 : E3;
	29458 : E3;
	29459 : E3;
	29460 : E3;
	29461 : E3;
	29462 : E3;
	29463 : E3;
	29464 : E3;
	29465 : E3;
	29466 : E3;
	29467 : E3;
	29468 : 12;
	29469 : 17;
	29470 : 1B;
	29471 : 1B;
	29472 : 1B;
	29473 : 1B;
	29474 : 12;
	29475 : 2A;
	29476 : 0E;
	29477 : 0E;
	29478 : 12;
	29479 : 1B;
	29480 : 1B;
	29481 : 1B;
	29482 : 32;
	29483 : E3;
	29484 : E3;
	29485 : E3;
	29486 : E3;
	29487 : E3;
	29488 : E3;
	29489 : E3;
	29490 : E3;
	29491 : E3;
	29492 : E3;
	29493 : E3;
	29494 : E3;
	29495 : E3;
	29496 : E3;
	29497 : E3;
	29498 : E3;
	29499 : E3;
	29500 : E3;
	29501 : E3;
	29502 : E3;
	29503 : E3;
	29504 : E3;
	29505 : E3;
	29506 : E3;
	29507 : E3;
	29508 : E3;
	29509 : E3;
	29510 : E3;
	29511 : E3;
	29512 : E3;
	29513 : E3;
	29514 : E3;
	29515 : E3;
	29516 : E3;
	29517 : E3;
	29518 : E3;
	29519 : E3;
	29520 : E3;
	29521 : E3;
	29522 : E3;
	29523 : E3;
	29524 : E3;
	29525 : E3;
	29526 : E3;
	29527 : E3;
	29528 : E3;
	29529 : E3;
	29530 : E3;
	29531 : E3;
	29532 : 0E;
	29533 : 16;
	29534 : 1B;
	29535 : 1B;
	29536 : 1B;
	29537 : 1B;
	29538 : 37;
	29539 : E3;
	29540 : 0E;
	29541 : 0E;
	29542 : 0E;
	29543 : 1B;
	29544 : 1B;
	29545 : 1B;
	29546 : 17;
	29547 : E3;
	29548 : E3;
	29549 : E3;
	29550 : E3;
	29551 : E3;
	29552 : E3;
	29553 : E3;
	29554 : E3;
	29555 : E3;
	29556 : E3;
	29557 : E3;
	29558 : E3;
	29559 : E3;
	29560 : E3;
	29561 : E3;
	29562 : E3;
	29563 : E3;
	29564 : E3;
	29565 : E3;
	29566 : E3;
	29567 : E3;
	29568 : E3;
	29569 : E3;
	29570 : E3;
	29571 : E3;
	29572 : E3;
	29573 : E3;
	29574 : E3;
	29575 : E3;
	29576 : E3;
	29577 : E3;
	29578 : E3;
	29579 : E3;
	29580 : E3;
	29581 : E3;
	29582 : E3;
	29583 : E3;
	29584 : E3;
	29585 : E3;
	29586 : E3;
	29587 : E3;
	29588 : E3;
	29589 : E3;
	29590 : E3;
	29591 : E3;
	29592 : E3;
	29593 : E3;
	29594 : E3;
	29595 : E3;
	29596 : 0A;
	29597 : 0E;
	29598 : 17;
	29599 : 17;
	29600 : 1B;
	29601 : 17;
	29602 : 37;
	29603 : E3;
	29604 : E3;
	29605 : 0E;
	29606 : 0E;
	29607 : 17;
	29608 : 1B;
	29609 : 1B;
	29610 : 1B;
	29611 : E3;
	29612 : E3;
	29613 : E3;
	29614 : E3;
	29615 : E3;
	29616 : E3;
	29617 : E3;
	29618 : E3;
	29619 : E3;
	29620 : E3;
	29621 : E3;
	29622 : E3;
	29623 : E3;
	29624 : E3;
	29625 : E3;
	29626 : E3;
	29627 : E3;
	29628 : E3;
	29629 : E3;
	29630 : E3;
	29631 : E3;
	29632 : E3;
	29633 : E3;
	29634 : E3;
	29635 : E3;
	29636 : E3;
	29637 : E3;
	29638 : E3;
	29639 : E3;
	29640 : E3;
	29641 : E3;
	29642 : E3;
	29643 : E3;
	29644 : E3;
	29645 : E3;
	29646 : E3;
	29647 : E3;
	29648 : E3;
	29649 : E3;
	29650 : E3;
	29651 : E3;
	29652 : E3;
	29653 : E3;
	29654 : E3;
	29655 : E3;
	29656 : E3;
	29657 : E3;
	29658 : E3;
	29659 : E3;
	29660 : E3;
	29661 : 0E;
	29662 : 0E;
	29663 : 16;
	29664 : 1B;
	29665 : 16;
	29666 : 2E;
	29667 : E3;
	29668 : E3;
	29669 : 4A;
	29670 : 0E;
	29671 : 17;
	29672 : 1B;
	29673 : 17;
	29674 : 1B;
	29675 : E3;
	29676 : E3;
	29677 : E3;
	29678 : E3;
	29679 : E3;
	29680 : E3;
	29681 : E3;
	29682 : E3;
	29683 : E3;
	29684 : E3;
	29685 : E3;
	29686 : E3;
	29687 : E3;
	29688 : E3;
	29689 : E3;
	29690 : E3;
	29691 : E3;
	29692 : E3;
	29693 : E3;
	29694 : E3;
	29695 : E3;
	29696 : E3;
	29697 : E3;
	29698 : E3;
	29699 : E3;
	29700 : E3;
	29701 : E3;
	29702 : E3;
	29703 : E3;
	29704 : E3;
	29705 : E3;
	29706 : E3;
	29707 : E3;
	29708 : E3;
	29709 : E3;
	29710 : E3;
	29711 : E3;
	29712 : E3;
	29713 : E3;
	29714 : E3;
	29715 : E3;
	29716 : E3;
	29717 : E3;
	29718 : E3;
	29719 : E3;
	29720 : E3;
	29721 : E3;
	29722 : E3;
	29723 : E3;
	29724 : E3;
	29725 : 09;
	29726 : 0E;
	29727 : 12;
	29728 : 17;
	29729 : 12;
	29730 : 2A;
	29731 : E3;
	29732 : E3;
	29733 : E3;
	29734 : 0E;
	29735 : 12;
	29736 : 17;
	29737 : 17;
	29738 : 17;
	29739 : 6A;
	29740 : E3;
	29741 : E3;
	29742 : E3;
	29743 : E3;
	29744 : E3;
	29745 : E3;
	29746 : E3;
	29747 : E3;
	29748 : E3;
	29749 : E3;
	29750 : E3;
	29751 : E3;
	29752 : E3;
	29753 : E3;
	29754 : E3;
	29755 : E3;
	29756 : E3;
	29757 : E3;
	29758 : E3;
	29759 : E3;
	29760 : E3;
	29761 : E3;
	29762 : E3;
	29763 : E3;
	29764 : E3;
	29765 : E3;
	29766 : E3;
	29767 : E3;
	29768 : E3;
	29769 : E3;
	29770 : E3;
	29771 : E3;
	29772 : E3;
	29773 : E3;
	29774 : E3;
	29775 : E3;
	29776 : E3;
	29777 : E3;
	29778 : E3;
	29779 : E3;
	29780 : E3;
	29781 : E3;
	29782 : E3;
	29783 : E3;
	29784 : E3;
	29785 : E3;
	29786 : E3;
	29787 : E3;
	29788 : 12;
	29789 : 0E;
	29790 : 0E;
	29791 : 0E;
	29792 : 0E;
	29793 : 0D;
	29794 : E3;
	29795 : E3;
	29796 : E3;
	29797 : E3;
	29798 : 0E;
	29799 : 0E;
	29800 : 0E;
	29801 : 0E;
	29802 : 12;
	29803 : 4E;
	29804 : E3;
	29805 : E3;
	29806 : E3;
	29807 : E3;
	29808 : E3;
	29809 : E3;
	29810 : E3;
	29811 : E3;
	29812 : E3;
	29813 : E3;
	29814 : E3;
	29815 : E3;
	29816 : E3;
	29817 : E3;
	29818 : E3;
	29819 : E3;
	29820 : E3;
	29821 : E3;
	29822 : E3;
	29823 : E3;
	29824 : E3;
	29825 : E3;
	29826 : E3;
	29827 : E3;
	29828 : E3;
	29829 : E3;
	29830 : E3;
	29831 : E3;
	29832 : E3;
	29833 : E3;
	29834 : E3;
	29835 : E3;
	29836 : E3;
	29837 : E3;
	29838 : E3;
	29839 : E3;
	29840 : E3;
	29841 : E3;
	29842 : E3;
	29843 : E3;
	29844 : E3;
	29845 : E3;
	29846 : E3;
	29847 : E3;
	29848 : E3;
	29849 : E3;
	29850 : E3;
	29851 : 2E;
	29852 : 12;
	29853 : 0E;
	29854 : 0E;
	29855 : 0E;
	29856 : 0E;
	29857 : E3;
	29858 : E3;
	29859 : E3;
	29860 : E3;
	29861 : 0E;
	29862 : 0E;
	29863 : 0E;
	29864 : 0E;
	29865 : 0E;
	29866 : 0E;
	29867 : 4A;
	29868 : E3;
	29869 : E3;
	29870 : E3;
	29871 : E3;
	29872 : E3;
	29873 : E3;
	29874 : E3;
	29875 : E3;
	29876 : E3;
	29877 : E3;
	29878 : E3;
	29879 : E3;
	29880 : E3;
	29881 : E3;
	29882 : E3;
	29883 : E3;
	29884 : E3;
	29885 : E3;
	29886 : E3;
	29887 : E3;
	29888 : E3;
	29889 : E3;
	29890 : E3;
	29891 : E3;
	29892 : E3;
	29893 : E3;
	29894 : E3;
	29895 : E3;
	29896 : E3;
	29897 : E3;
	29898 : E3;
	29899 : E3;
	29900 : E3;
	29901 : E3;
	29902 : E3;
	29903 : E3;
	29904 : E3;
	29905 : E3;
	29906 : E3;
	29907 : E3;
	29908 : E3;
	29909 : E3;
	29910 : E3;
	29911 : E3;
	29912 : E3;
	29913 : E3;
	29914 : E3;
	29915 : 2A;
	29916 : 0E;
	29917 : 0E;
	29918 : 0E;
	29919 : 0E;
	29920 : 0E;
	29921 : E3;
	29922 : E3;
	29923 : E3;
	29924 : 0E;
	29925 : 0E;
	29926 : 0E;
	29927 : 0E;
	29928 : 0E;
	29929 : 0E;
	29930 : E3;
	29931 : E3;
	29932 : E3;
	29933 : E3;
	29934 : E3;
	29935 : E3;
	29936 : E3;
	29937 : E3;
	29938 : E3;
	29939 : E3;
	29940 : E3;
	29941 : E3;
	29942 : E3;
	29943 : E3;
	29944 : E3;
	29945 : E3;
	29946 : E3;
	29947 : E3;
	29948 : E3;
	29949 : E3;
	29950 : E3;
	29951 : E3;
	29952 : E3;
	29953 : E3;
	29954 : E3;
	29955 : E3;
	29956 : E3;
	29957 : E3;
	29958 : E3;
	29959 : E3;
	29960 : E3;
	29961 : E3;
	29962 : E3;
	29963 : E3;
	29964 : E3;
	29965 : E3;
	29966 : E3;
	29967 : E3;
	29968 : E3;
	29969 : E3;
	29970 : E3;
	29971 : E3;
	29972 : E3;
	29973 : E3;
	29974 : E3;
	29975 : E3;
	29976 : E3;
	29977 : E3;
	29978 : E3;
	29979 : E3;
	29980 : 0E;
	29981 : 0E;
	29982 : 0E;
	29983 : 0E;
	29984 : 2A;
	29985 : E3;
	29986 : E3;
	29987 : E3;
	29988 : 0E;
	29989 : 0E;
	29990 : 0E;
	29991 : 0E;
	29992 : 0E;
	29993 : 4A;
	29994 : E3;
	29995 : E3;
	29996 : E3;
	29997 : E3;
	29998 : E3;
	29999 : E3;
	30000 : E3;
	30001 : E3;
	30002 : E3;
	30003 : E3;
	30004 : E3;
	30005 : E3;
	30006 : E3;
	30007 : E3;
	30008 : E3;
	30009 : E3;
	30010 : E3;
	30011 : E3;
	30012 : E3;
	30013 : E3;
	30014 : E3;
	30015 : E3;
	30016 : E3;
	30017 : E3;
	30018 : E3;
	30019 : E3;
	30020 : E3;
	30021 : E3;
	30022 : E3;
	30023 : E3;
	30024 : E3;
	30025 : E3;
	30026 : E3;
	30027 : E3;
	30028 : E3;
	30029 : E3;
	30030 : E3;
	30031 : E3;
	30032 : E3;
	30033 : E3;
	30034 : E3;
	30035 : E3;
	30036 : E3;
	30037 : E3;
	30038 : E3;
	30039 : E3;
	30040 : E3;
	30041 : E3;
	30042 : E3;
	30043 : 4A;
	30044 : 0E;
	30045 : 0E;
	30046 : 0E;
	30047 : E3;
	30048 : E3;
	30049 : E3;
	30050 : E3;
	30051 : 4A;
	30052 : 0E;
	30053 : 0E;
	30054 : 0E;
	30055 : 0E;
	30056 : E3;
	30057 : E3;
	30058 : E3;
	30059 : E3;
	30060 : E3;
	30061 : E3;
	30062 : E3;
	30063 : E3;
	30064 : E3;
	30065 : E3;
	30066 : E3;
	30067 : E3;
	30068 : E3;
	30069 : E3;
	30070 : E3;
	30071 : E3;
	30072 : E3;
	30073 : E3;
	30074 : E3;
	30075 : E3;
	30076 : E3;
	30077 : E3;
	30078 : E3;
	30079 : E3;
	30080 : E3;
	30081 : E3;
	30082 : E3;
	30083 : E3;
	30084 : E3;
	30085 : E3;
	30086 : E3;
	30087 : E3;
	30088 : E3;
	30089 : E3;
	30090 : E3;
	30091 : E3;
	30092 : E3;
	30093 : E3;
	30094 : E3;
	30095 : E3;
	30096 : E3;
	30097 : E3;
	30098 : E3;
	30099 : E3;
	30100 : E3;
	30101 : E3;
	30102 : E3;
	30103 : E3;
	30104 : E3;
	30105 : E3;
	30106 : B6;
	30107 : 92;
	30108 : 0D;
	30109 : 0D;
	30110 : E3;
	30111 : E3;
	30112 : E3;
	30113 : E3;
	30114 : E3;
	30115 : 2A;
	30116 : 0D;
	30117 : 0E;
	30118 : 0D;
	30119 : E3;
	30120 : E3;
	30121 : E3;
	30122 : E3;
	30123 : E3;
	30124 : E3;
	30125 : E3;
	30126 : E3;
	30127 : E3;
	30128 : E3;
	30129 : E3;
	30130 : E3;
	30131 : E3;
	30132 : E3;
	30133 : E3;
	30134 : E3;
	30135 : E3;
	30136 : E3;
	30137 : E3;
	30138 : E3;
	30139 : E3;
	30140 : E3;
	30141 : E3;
	30142 : E3;
	30143 : E3;
	30144 : E3;
	30145 : E3;
	30146 : E3;
	30147 : E3;
	30148 : E3;
	30149 : E3;
	30150 : E3;
	30151 : E3;
	30152 : E3;
	30153 : E3;
	30154 : E3;
	30155 : E3;
	30156 : E3;
	30157 : E3;
	30158 : E3;
	30159 : E3;
	30160 : E3;
	30161 : E3;
	30162 : E3;
	30163 : E3;
	30164 : E3;
	30165 : E3;
	30166 : E3;
	30167 : E3;
	30168 : E3;
	30169 : E3;
	30170 : 96;
	30171 : 92;
	30172 : 92;
	30173 : E3;
	30174 : E3;
	30175 : E3;
	30176 : E3;
	30177 : E3;
	30178 : 92;
	30179 : 72;
	30180 : 2E;
	30181 : E3;
	30182 : E3;
	30183 : E3;
	30184 : E3;
	30185 : E3;
	30186 : E3;
	30187 : E3;
	30188 : E3;
	30189 : E3;
	30190 : E3;
	30191 : E3;
	30192 : E3;
	30193 : E3;
	30194 : E3;
	30195 : E3;
	30196 : E3;
	30197 : E3;
	30198 : E3;
	30199 : E3;
	30200 : E3;
	30201 : E3;
	30202 : E3;
	30203 : E3;
	30204 : E3;
	30205 : E3;
	30206 : E3;
	30207 : E3;
	30208 : E3;
	30209 : E3;
	30210 : E3;
	30211 : E3;
	30212 : E3;
	30213 : E3;
	30214 : E3;
	30215 : E3;
	30216 : E3;
	30217 : E3;
	30218 : E3;
	30219 : E3;
	30220 : E3;
	30221 : E3;
	30222 : E3;
	30223 : E3;
	30224 : E3;
	30225 : E3;
	30226 : E3;
	30227 : E3;
	30228 : E3;
	30229 : E3;
	30230 : E3;
	30231 : E3;
	30232 : E3;
	30233 : E3;
	30234 : 6E;
	30235 : 92;
	30236 : 92;
	30237 : E3;
	30238 : E3;
	30239 : E3;
	30240 : E3;
	30241 : BB;
	30242 : 96;
	30243 : B7;
	30244 : E3;
	30245 : E3;
	30246 : E3;
	30247 : E3;
	30248 : E3;
	30249 : E3;
	30250 : E3;
	30251 : E3;
	30252 : E3;
	30253 : E3;
	30254 : E3;
	30255 : E3;
	30256 : E3;
	30257 : E3;
	30258 : E3;
	30259 : E3;
	30260 : E3;
	30261 : E3;
	30262 : E3;
	30263 : E3;
	30264 : E3;
	30265 : E3;
	30266 : E3;
	30267 : E3;
	30268 : E3;
	30269 : E3;
	30270 : E3;
	30271 : E3;
	30272 : E3;
	30273 : E3;
	30274 : E3;
	30275 : E3;
	30276 : E3;
	30277 : E3;
	30278 : E3;
	30279 : E3;
	30280 : E3;
	30281 : E3;
	30282 : E3;
	30283 : E3;
	30284 : E3;
	30285 : E3;
	30286 : E3;
	30287 : E3;
	30288 : E3;
	30289 : E3;
	30290 : E3;
	30291 : E3;
	30292 : E3;
	30293 : E3;
	30294 : E3;
	30295 : E3;
	30296 : E3;
	30297 : E3;
	30298 : 96;
	30299 : B6;
	30300 : B7;
	30301 : E3;
	30302 : E3;
	30303 : E3;
	30304 : E3;
	30305 : E3;
	30306 : B7;
	30307 : B7;
	30308 : 92;
	30309 : E3;
	30310 : E3;
	30311 : E3;
	30312 : E3;
	30313 : E3;
	30314 : E3;
	30315 : E3;
	30316 : E3;
	30317 : E3;
	30318 : E3;
	30319 : E3;
	30320 : E3;
	30321 : E3;
	30322 : E3;
	30323 : E3;
	30324 : E3;
	30325 : E3;
	30326 : E3;
	30327 : E3;
	30328 : E3;
	30329 : E3;
	30330 : E3;
	30331 : E3;
	30332 : E3;
	30333 : E3;
	30334 : E3;
	30335 : E3;
	30336 : E3;
	30337 : E3;
	30338 : E3;
	30339 : E3;
	30340 : E3;
	30341 : E3;
	30342 : E3;
	30343 : E3;
	30344 : E3;
	30345 : E3;
	30346 : E3;
	30347 : E3;
	30348 : E3;
	30349 : E3;
	30350 : E3;
	30351 : E3;
	30352 : E3;
	30353 : E3;
	30354 : E3;
	30355 : E3;
	30356 : E3;
	30357 : E3;
	30358 : E3;
	30359 : E3;
	30360 : E3;
	30361 : E3;
	30362 : B7;
	30363 : B6;
	30364 : DB;
	30365 : B7;
	30366 : E3;
	30367 : E3;
	30368 : E3;
	30369 : E3;
	30370 : 96;
	30371 : DB;
	30372 : B6;
	30373 : BB;
	30374 : D7;
	30375 : E3;
	30376 : E3;
	30377 : E3;
	30378 : E3;
	30379 : E3;
	30380 : E3;
	30381 : E3;
	30382 : E3;
	30383 : E3;
	30384 : E3;
	30385 : E3;
	30386 : E3;
	30387 : E3;
	30388 : E3;
	30389 : E3;
	30390 : E3;
	30391 : E3;
	30392 : E3;
	30393 : E3;
	30394 : E3;
	30395 : E3;
	30396 : E3;
	30397 : E3;
	30398 : E3;
	30399 : E3;
	30400 : E3;
	30401 : E3;
	30402 : E3;
	30403 : E3;
	30404 : E3;
	30405 : E3;
	30406 : E3;
	30407 : E3;
	30408 : E3;
	30409 : E3;
	30410 : E3;
	30411 : E3;
	30412 : E3;
	30413 : E3;
	30414 : E3;
	30415 : E3;
	30416 : E3;
	30417 : E3;
	30418 : E3;
	30419 : E3;
	30420 : E3;
	30421 : E3;
	30422 : E3;
	30423 : E3;
	30424 : E3;
	30425 : E3;
	30426 : E3;
	30427 : 92;
	30428 : BB;
	30429 : 92;
	30430 : E3;
	30431 : E3;
	30432 : E3;
	30433 : E3;
	30434 : 92;
	30435 : BB;
	30436 : B7;
	30437 : B7;
	30438 : BB;
	30439 : E3;
	30440 : E3;
	30441 : E3;
	30442 : E3;
	30443 : E3;
	30444 : E3;
	30445 : E3;
	30446 : E3;
	30447 : E3;
	30448 : E3;
	30449 : E3;
	30450 : E3;
	30451 : E3;
	30452 : E3;
	30453 : E3;
	30454 : E3;
	30455 : E3;
	30456 : E3;
	30457 : E3;
	30458 : E3;
	30459 : E3;
	30460 : E3;
	30461 : E3;
	30462 : E3;
	30463 : E3;
	30464 : E3;
	30465 : E3;
	30466 : E3;
	30467 : E3;
	30468 : E3;
	30469 : E3;
	30470 : E3;
	30471 : E3;
	30472 : E3;
	30473 : E3;
	30474 : E3;
	30475 : E3;
	30476 : E3;
	30477 : E3;
	30478 : E3;
	30479 : E3;
	30480 : E3;
	30481 : E3;
	30482 : E3;
	30483 : E3;
	30484 : E3;
	30485 : E3;
	30486 : E3;
	30487 : E3;
	30488 : E3;
	30489 : E3;
	30490 : E3;
	30491 : E3;
	30492 : 6E;
	30493 : E3;
	30494 : E3;
	30495 : E3;
	30496 : E3;
	30497 : E3;
	30498 : E3;
	30499 : E3;
	30500 : E3;
	30501 : E3;
	30502 : E3;
	30503 : E3;
	30504 : E3;
	30505 : E3;
	30506 : E3;
	30507 : E3;
	30508 : E3;
	30509 : E3;
	30510 : E3;
	30511 : E3;
	30512 : E3;
	30513 : E3;
	30514 : E3;
	30515 : E3;
	30516 : E3;
	30517 : E3;
	30518 : E3;
	30519 : E3;
	30520 : E3;
	30521 : E3;
	30522 : E3;
	30523 : E3;
	30524 : E3;
	30525 : E3;
	30526 : E3;
	30527 : E3;
	30528 : E3;
	30529 : E3;
	30530 : E3;
	30531 : E3;
	30532 : E3;
	30533 : E3;
	30534 : E3;
	30535 : E3;
	30536 : E3;
	30537 : E3;
	30538 : E3;
	30539 : E3;
	30540 : E3;
	30541 : E3;
	30542 : E3;
	30543 : E3;
	30544 : E3;
	30545 : E3;
	30546 : E3;
	30547 : E3;
	30548 : E3;
	30549 : E3;
	30550 : E3;
	30551 : E3;
	30552 : E3;
	30553 : E3;
	30554 : E3;
	30555 : E3;
	30556 : E3;
	30557 : E3;
	30558 : E3;
	30559 : E3;
	30560 : E3;
	30561 : E3;
	30562 : E3;
	30563 : E3;
	30564 : E3;
	30565 : E3;
	30566 : E3;
	30567 : E3;
	30568 : E3;
	30569 : E3;
	30570 : E3;
	30571 : E3;
	30572 : E3;
	30573 : E3;
	30574 : E3;
	30575 : E3;
	30576 : E3;
	30577 : E3;
	30578 : E3;
	30579 : E3;
	30580 : E3;
	30581 : E3;
	30582 : E3;
	30583 : E3;
	30584 : E3;
	30585 : E3;
	30586 : E3;
	30587 : E3;
	30588 : E3;
	30589 : E3;
	30590 : E3;
	30591 : E3;
	30592 : E3;
	30593 : E3;
	30594 : E3;
	30595 : E3;
	30596 : E3;
	30597 : E3;
	30598 : E3;
	30599 : E3;
	30600 : E3;
	30601 : E3;
	30602 : E3;
	30603 : E3;
	30604 : E3;
	30605 : E3;
	30606 : E3;
	30607 : E3;
	30608 : E3;
	30609 : E3;
	30610 : E3;
	30611 : E3;
	30612 : E3;
	30613 : E3;
	30614 : E3;
	30615 : E3;
	30616 : E3;
	30617 : E3;
	30618 : E3;
	30619 : E3;
	30620 : E3;
	30621 : E3;
	30622 : E3;
	30623 : E3;
	30624 : E3;
	30625 : E3;
	30626 : E3;
	30627 : E3;
	30628 : E3;
	30629 : E3;
	30630 : E3;
	30631 : E3;
	30632 : E3;
	30633 : E3;
	30634 : E3;
	30635 : E3;
	30636 : E3;
	30637 : E3;
	30638 : E3;
	30639 : E3;
	30640 : E3;
	30641 : E3;
	30642 : E3;
	30643 : E3;
	30644 : E3;
	30645 : E3;
	30646 : E3;
	30647 : E3;
	30648 : E3;
	30649 : E3;
	30650 : E3;
	30651 : E3;
	30652 : E3;
	30653 : E3;
	30654 : E3;
	30655 : E3;
	30656 : E3;
	30657 : E3;
	30658 : E3;
	30659 : E3;
	30660 : E3;
	30661 : E3;
	30662 : E3;
	30663 : E3;
	30664 : E3;
	30665 : E3;
	30666 : E3;
	30667 : E3;
	30668 : E3;
	30669 : E3;
	30670 : E3;
	30671 : E3;
	30672 : E3;
	30673 : E3;
	30674 : E3;
	30675 : E3;
	30676 : E3;
	30677 : E3;
	30678 : E3;
	30679 : E3;
	30680 : E3;
	30681 : E3;
	30682 : E3;
	30683 : E3;
	30684 : E3;
	30685 : E3;
	30686 : E3;
	30687 : E3;
	30688 : E3;
	30689 : E3;
	30690 : E3;
	30691 : E3;
	30692 : E3;
	30693 : E3;
	30694 : E3;
	30695 : E3;
	30696 : E3;
	30697 : E3;
	30698 : E3;
	30699 : E3;
	30700 : E3;
	30701 : E3;
	30702 : E3;
	30703 : E3;
	30704 : E3;
	30705 : E3;
	30706 : E3;
	30707 : E3;
	30708 : E3;
	30709 : E3;
	30710 : E3;
	30711 : E3;
	30712 : E3;
	30713 : E3;
	30714 : E3;
	30715 : E3;
	30716 : E3;
	30717 : E3;
	30718 : E3;
	30719 : E3;
	30720 : E3;
	30721 : E3;
	30722 : E3;
	30723 : E3;
	30724 : E3;
	30725 : E3;
	30726 : E3;
	30727 : E3;
	30728 : E3;
	30729 : E3;
	30730 : E3;
	30731 : E3;
	30732 : E3;
	30733 : E3;
	30734 : E3;
	30735 : E3;
	30736 : E3;
	30737 : E3;
	30738 : E3;
	30739 : E3;
	30740 : E3;
	30741 : E3;
	30742 : E3;
	30743 : E3;
	30744 : E3;
	30745 : E3;
	30746 : E3;
	30747 : E3;
	30748 : E3;
	30749 : E3;
	30750 : E3;
	30751 : E3;
	30752 : E3;
	30753 : E3;
	30754 : E3;
	30755 : E3;
	30756 : E3;
	30757 : E3;
	30758 : E3;
	30759 : E3;
	30760 : E3;
	30761 : E3;
	30762 : E3;
	30763 : E3;
	30764 : E3;
	30765 : E3;
	30766 : E3;
	30767 : E3;
	30768 : E3;
	30769 : E3;
	30770 : E3;
	30771 : E3;
	30772 : E3;
	30773 : E3;
	30774 : E3;
	30775 : E3;
	30776 : E3;
	30777 : E3;
	30778 : E3;
	30779 : E3;
	30780 : E3;
	30781 : E3;
	30782 : E3;
	30783 : E3;
	30784 : E3;
	30785 : E3;
	30786 : E3;
	30787 : E3;
	30788 : E3;
	30789 : E3;
	30790 : E3;
	30791 : E3;
	30792 : E3;
	30793 : E3;
	30794 : E3;
	30795 : E3;
	30796 : E3;
	30797 : E3;
	30798 : E3;
	30799 : E3;
	30800 : E3;
	30801 : E3;
	30802 : E3;
	30803 : E3;
	30804 : E3;
	30805 : E3;
	30806 : E3;
	30807 : E3;
	30808 : E3;
	30809 : E3;
	30810 : E3;
	30811 : E3;
	30812 : E3;
	30813 : E3;
	30814 : E3;
	30815 : E3;
	30816 : E3;
	30817 : E3;
	30818 : E3;
	30819 : E3;
	30820 : E3;
	30821 : E3;
	30822 : E3;
	30823 : E3;
	30824 : E3;
	30825 : E3;
	30826 : E3;
	30827 : E3;
	30828 : E3;
	30829 : E3;
	30830 : E3;
	30831 : E3;
	30832 : E3;
	30833 : E3;
	30834 : E3;
	30835 : E3;
	30836 : E3;
	30837 : E3;
	30838 : E3;
	30839 : E3;
	30840 : E3;
	30841 : E3;
	30842 : E3;
	30843 : E3;
	30844 : E3;
	30845 : E3;
	30846 : E3;
	30847 : E3;
	30848 : E3;
	30849 : E3;
	30850 : E3;
	30851 : E3;
	30852 : E3;
	30853 : E3;
	30854 : E3;
	30855 : E3;
	30856 : E3;
	30857 : E3;
	30858 : E3;
	30859 : E3;
	30860 : E3;
	30861 : E3;
	30862 : E3;
	30863 : E3;
	30864 : E3;
	30865 : E3;
	30866 : E3;
	30867 : E3;
	30868 : E3;
	30869 : E3;
	30870 : E3;
	30871 : E3;
	30872 : E3;
	30873 : E3;
	30874 : E3;
	30875 : E3;
	30876 : E3;
	30877 : E3;
	30878 : E3;
	30879 : E3;
	30880 : E3;
	30881 : E3;
	30882 : E3;
	30883 : E3;
	30884 : E3;
	30885 : E3;
	30886 : E3;
	30887 : E3;
	30888 : E3;
	30889 : E3;
	30890 : E3;
	30891 : E3;
	30892 : E3;
	30893 : E3;
	30894 : E3;
	30895 : E3;
	30896 : E3;
	30897 : E3;
	30898 : E3;
	30899 : E3;
	30900 : E3;
	30901 : E3;
	30902 : E3;
	30903 : E3;
	30904 : E3;
	30905 : E3;
	30906 : E3;
	30907 : E3;
	30908 : E3;
	30909 : E3;
	30910 : E3;
	30911 : E3;
	30912 : E3;
	30913 : E3;
	30914 : E3;
	30915 : E3;
	30916 : E3;
	30917 : E3;
	30918 : E3;
	30919 : E3;
	30920 : E3;
	30921 : E3;
	30922 : E3;
	30923 : E3;
	30924 : E3;
	30925 : E3;
	30926 : E3;
	30927 : E3;
	30928 : E3;
	30929 : E3;
	30930 : E3;
	30931 : E3;
	30932 : E3;
	30933 : E3;
	30934 : E3;
	30935 : E3;
	30936 : E3;
	30937 : E3;
	30938 : E3;
	30939 : E3;
	30940 : E3;
	30941 : E3;
	30942 : E3;
	30943 : E3;
	30944 : E3;
	30945 : E3;
	30946 : E3;
	30947 : E3;
	30948 : E3;
	30949 : E3;
	30950 : E3;
	30951 : E3;
	30952 : E3;
	30953 : E3;
	30954 : E3;
	30955 : E3;
	30956 : E3;
	30957 : E3;
	30958 : E3;
	30959 : E3;
	30960 : E3;
	30961 : E3;
	30962 : E3;
	30963 : E3;
	30964 : E3;
	30965 : E3;
	30966 : E3;
	30967 : E3;
	30968 : E3;
	30969 : E3;
	30970 : E3;
	30971 : E3;
	30972 : E3;
	30973 : E3;
	30974 : E3;
	30975 : E3;
	30976 : E3;
	30977 : E3;
	30978 : E3;
	30979 : E3;
	30980 : E3;
	30981 : E3;
	30982 : E3;
	30983 : E3;
	30984 : E3;
	30985 : E3;
	30986 : E3;
	30987 : E3;
	30988 : E3;
	30989 : E3;
	30990 : E3;
	30991 : E3;
	30992 : E3;
	30993 : E3;
	30994 : E3;
	30995 : E3;
	30996 : E3;
	30997 : E3;
	30998 : E3;
	30999 : E3;
	31000 : E3;
	31001 : E3;
	31002 : E3;
	31003 : E3;
	31004 : E3;
	31005 : E3;
	31006 : E3;
	31007 : E3;
	31008 : E3;
	31009 : E3;
	31010 : E3;
	31011 : E3;
	31012 : E3;
	31013 : E3;
	31014 : E3;
	31015 : E3;
	31016 : E3;
	31017 : E3;
	31018 : E3;
	31019 : E3;
	31020 : E3;
	31021 : E3;
	31022 : E3;
	31023 : E3;
	31024 : E3;
	31025 : E3;
	31026 : E3;
	31027 : E3;
	31028 : E3;
	31029 : E3;
	31030 : E3;
	31031 : E3;
	31032 : E3;
	31033 : E3;
	31034 : E3;
	31035 : E3;
	31036 : E3;
	31037 : E3;
	31038 : E3;
	31039 : E3;
	31040 : E3;
	31041 : E3;
	31042 : E3;
	31043 : E3;
	31044 : E3;
	31045 : E3;
	31046 : E3;
	31047 : E3;
	31048 : E3;
	31049 : E3;
	31050 : E3;
	31051 : E3;
	31052 : E3;
	31053 : E3;
	31054 : E3;
	31055 : E3;
	31056 : E3;
	31057 : E3;
	31058 : E3;
	31059 : E3;
	31060 : E3;
	31061 : E3;
	31062 : E3;
	31063 : E3;
	31064 : E3;
	31065 : E3;
	31066 : E3;
	31067 : E3;
	31068 : E3;
	31069 : E3;
	31070 : E3;
	31071 : E3;
	31072 : E3;
	31073 : E3;
	31074 : E3;
	31075 : E3;
	31076 : E3;
	31077 : E3;
	31078 : E3;
	31079 : E3;
	31080 : E3;
	31081 : E3;
	31082 : E3;
	31083 : E3;
	31084 : E3;
	31085 : E3;
	31086 : E3;
	31087 : E3;
	31088 : E3;
	31089 : E3;
	31090 : E3;
	31091 : E3;
	31092 : E3;
	31093 : E3;
	31094 : E3;
	31095 : E3;
	31096 : E3;
	31097 : E3;
	31098 : E3;
	31099 : E3;
	31100 : E3;
	31101 : E3;
	31102 : E3;
	31103 : E3;
	31104 : E3;
	31105 : E3;
	31106 : E3;
	31107 : E3;
	31108 : E3;
	31109 : E3;
	31110 : E3;
	31111 : E3;
	31112 : E3;
	31113 : E3;
	31114 : E3;
	31115 : E3;
	31116 : E3;
	31117 : E3;
	31118 : E3;
	31119 : E3;
	31120 : E3;
	31121 : E3;
	31122 : E3;
	31123 : E3;
	31124 : E3;
	31125 : E3;
	31126 : E3;
	31127 : E3;
	31128 : E3;
	31129 : E3;
	31130 : E3;
	31131 : E3;
	31132 : E3;
	31133 : E3;
	31134 : E3;
	31135 : E3;
	31136 : E3;
	31137 : E3;
	31138 : E3;
	31139 : E3;
	31140 : E3;
	31141 : E3;
	31142 : E3;
	31143 : E3;
	31144 : E3;
	31145 : E3;
	31146 : E3;
	31147 : E3;
	31148 : E3;
	31149 : E3;
	31150 : E3;
	31151 : E3;
	31152 : E3;
	31153 : E3;
	31154 : E3;
	31155 : E3;
	31156 : E3;
	31157 : E3;
	31158 : E3;
	31159 : E3;
	31160 : E3;
	31161 : E3;
	31162 : E3;
	31163 : E3;
	31164 : E3;
	31165 : E3;
	31166 : E3;
	31167 : E3;
	31168 : E3;
	31169 : E3;
	31170 : E3;
	31171 : E3;
	31172 : E3;
	31173 : E3;
	31174 : E3;
	31175 : E3;
	31176 : E3;
	31177 : E3;
	31178 : E3;
	31179 : E3;
	31180 : E3;
	31181 : E3;
	31182 : E3;
	31183 : E3;
	31184 : E3;
	31185 : E3;
	31186 : E3;
	31187 : E3;
	31188 : E3;
	31189 : E3;
	31190 : E3;
	31191 : E3;
	31192 : E3;
	31193 : E3;
	31194 : E3;
	31195 : E3;
	31196 : E3;
	31197 : E3;
	31198 : E3;
	31199 : E3;
	31200 : E3;
	31201 : E3;
	31202 : E3;
	31203 : E3;
	31204 : E3;
	31205 : E3;
	31206 : E3;
	31207 : E3;
	31208 : E3;
	31209 : E3;
	31210 : E3;
	31211 : E3;
	31212 : E3;
	31213 : E3;
	31214 : E3;
	31215 : E3;
	31216 : E3;
	31217 : E3;
	31218 : E3;
	31219 : E3;
	31220 : E3;
	31221 : E3;
	31222 : E3;
	31223 : E3;
	31224 : E3;
	31225 : E3;
	31226 : E3;
	31227 : E3;
	31228 : E3;
	31229 : E3;
	31230 : E3;
	31231 : E3;
	31232 : E3;
	31233 : E3;
	31234 : E3;
	31235 : E3;
	31236 : E3;
	31237 : E3;
	31238 : E3;
	31239 : E3;
	31240 : E3;
	31241 : E3;
	31242 : E3;
	31243 : E3;
	31244 : E3;
	31245 : E3;
	31246 : E3;
	31247 : E3;
	31248 : E3;
	31249 : E3;
	31250 : E3;
	31251 : E3;
	31252 : E3;
	31253 : E3;
	31254 : E3;
	31255 : E3;
	31256 : E3;
	31257 : E3;
	31258 : E3;
	31259 : E3;
	31260 : E3;
	31261 : E3;
	31262 : E3;
	31263 : E3;
	31264 : E3;
	31265 : E3;
	31266 : E3;
	31267 : E3;
	31268 : E3;
	31269 : E3;
	31270 : E3;
	31271 : E3;
	31272 : E3;
	31273 : E3;
	31274 : E3;
	31275 : E3;
	31276 : E3;
	31277 : E3;
	31278 : E3;
	31279 : E3;
	31280 : E3;
	31281 : E3;
	31282 : E3;
	31283 : E3;
	31284 : E3;
	31285 : E3;
	31286 : E3;
	31287 : E3;
	31288 : E3;
	31289 : E3;
	31290 : E3;
	31291 : E3;
	31292 : E3;
	31293 : E3;
	31294 : E3;
	31295 : E3;
	31296 : E3;
	31297 : E3;
	31298 : E3;
	31299 : E3;
	31300 : E3;
	31301 : E3;
	31302 : E3;
	31303 : E3;
	31304 : E3;
	31305 : E3;
	31306 : E3;
	31307 : E3;
	31308 : E3;
	31309 : E3;
	31310 : E3;
	31311 : E3;
	31312 : E3;
	31313 : E3;
	31314 : E3;
	31315 : E3;
	31316 : E3;
	31317 : E3;
	31318 : E3;
	31319 : E3;
	31320 : E3;
	31321 : E3;
	31322 : E3;
	31323 : E3;
	31324 : E3;
	31325 : E3;
	31326 : E3;
	31327 : E3;
	31328 : E3;
	31329 : E3;
	31330 : E3;
	31331 : E3;
	31332 : E3;
	31333 : E3;
	31334 : E3;
	31335 : E3;
	31336 : E3;
	31337 : E3;
	31338 : E3;
	31339 : E3;
	31340 : E3;
	31341 : E3;
	31342 : E3;
	31343 : E3;
	31344 : E3;
	31345 : E3;
	31346 : E3;
	31347 : E3;
	31348 : E3;
	31349 : E3;
	31350 : E3;
	31351 : E3;
	31352 : E3;
	31353 : E3;
	31354 : E3;
	31355 : E3;
	31356 : E3;
	31357 : E3;
	31358 : E3;
	31359 : E3;
	31360 : E3;
	31361 : E3;
	31362 : E3;
	31363 : E3;
	31364 : E3;
	31365 : E3;
	31366 : E3;
	31367 : E3;
	31368 : E3;
	31369 : E3;
	31370 : E3;
	31371 : E3;
	31372 : E3;
	31373 : E3;
	31374 : E3;
	31375 : E3;
	31376 : E3;
	31377 : E3;
	31378 : E3;
	31379 : E3;
	31380 : E3;
	31381 : E3;
	31382 : E3;
	31383 : E3;
	31384 : E3;
	31385 : E3;
	31386 : E3;
	31387 : E3;
	31388 : E3;
	31389 : E3;
	31390 : E3;
	31391 : E3;
	31392 : E3;
	31393 : E3;
	31394 : E3;
	31395 : E3;
	31396 : E3;
	31397 : E3;
	31398 : E3;
	31399 : E3;
	31400 : E3;
	31401 : E3;
	31402 : E3;
	31403 : E3;
	31404 : E3;
	31405 : E3;
	31406 : E3;
	31407 : E3;
	31408 : E3;
	31409 : E3;
	31410 : E3;
	31411 : E3;
	31412 : E3;
	31413 : E3;
	31414 : E3;
	31415 : E3;
	31416 : E3;
	31417 : E3;
	31418 : E3;
	31419 : E3;
	31420 : E3;
	31421 : E3;
	31422 : E3;
	31423 : E3;
	31424 : E3;
	31425 : E3;
	31426 : E3;
	31427 : E3;
	31428 : E3;
	31429 : E3;
	31430 : E3;
	31431 : E3;
	31432 : E3;
	31433 : E3;
	31434 : E3;
	31435 : E3;
	31436 : E3;
	31437 : E3;
	31438 : E3;
	31439 : E3;
	31440 : E3;
	31441 : E3;
	31442 : E3;
	31443 : E3;
	31444 : E3;
	31445 : E3;
	31446 : E3;
	31447 : E3;
	31448 : E3;
	31449 : E3;
	31450 : E3;
	31451 : E3;
	31452 : E3;
	31453 : E3;
	31454 : E3;
	31455 : E3;
	31456 : E3;
	31457 : E3;
	31458 : E3;
	31459 : E3;
	31460 : E3;
	31461 : E3;
	31462 : E3;
	31463 : E3;
	31464 : E3;
	31465 : E3;
	31466 : E3;
	31467 : E3;
	31468 : E3;
	31469 : E3;
	31470 : E3;
	31471 : E3;
	31472 : E3;
	31473 : E3;
	31474 : E3;
	31475 : E3;
	31476 : E3;
	31477 : E3;
	31478 : E3;
	31479 : E3;
	31480 : E3;
	31481 : E3;
	31482 : E3;
	31483 : E3;
	31484 : E3;
	31485 : E3;
	31486 : E3;
	31487 : E3;
	31488 : E3;
	31489 : E3;
	31490 : E3;
	31491 : E3;
	31492 : E3;
	31493 : E3;
	31494 : E3;
	31495 : E3;
	31496 : E3;
	31497 : E3;
	31498 : E3;
	31499 : E3;
	31500 : E3;
	31501 : E3;
	31502 : E3;
	31503 : E3;
	31504 : E3;
	31505 : E3;
	31506 : E3;
	31507 : E3;
	31508 : E3;
	31509 : E3;
	31510 : E3;
	31511 : E3;
	31512 : E3;
	31513 : E3;
	31514 : E3;
	31515 : E3;
	31516 : E3;
	31517 : E3;
	31518 : E3;
	31519 : E3;
	31520 : E3;
	31521 : E3;
	31522 : E3;
	31523 : E3;
	31524 : 24;
	31525 : 24;
	31526 : 24;
	31527 : 24;
	31528 : E3;
	31529 : E3;
	31530 : E3;
	31531 : E3;
	31532 : E3;
	31533 : E3;
	31534 : E3;
	31535 : E3;
	31536 : E3;
	31537 : E3;
	31538 : E3;
	31539 : E3;
	31540 : E3;
	31541 : E3;
	31542 : E3;
	31543 : E3;
	31544 : E3;
	31545 : E3;
	31546 : E3;
	31547 : E3;
	31548 : E3;
	31549 : E3;
	31550 : E3;
	31551 : E3;
	31552 : E3;
	31553 : E3;
	31554 : E3;
	31555 : E3;
	31556 : E3;
	31557 : E3;
	31558 : E3;
	31559 : E3;
	31560 : E3;
	31561 : E3;
	31562 : E3;
	31563 : E3;
	31564 : E3;
	31565 : E3;
	31566 : E3;
	31567 : E3;
	31568 : E3;
	31569 : E3;
	31570 : E3;
	31571 : E3;
	31572 : E3;
	31573 : E3;
	31574 : E3;
	31575 : E3;
	31576 : E3;
	31577 : E3;
	31578 : E3;
	31579 : E3;
	31580 : E3;
	31581 : E3;
	31582 : E3;
	31583 : E3;
	31584 : E3;
	31585 : E3;
	31586 : E3;
	31587 : E3;
	31588 : 24;
	31589 : 24;
	31590 : 44;
	31591 : 44;
	31592 : 24;
	31593 : E3;
	31594 : E3;
	31595 : E3;
	31596 : E3;
	31597 : E3;
	31598 : E3;
	31599 : E3;
	31600 : E3;
	31601 : E3;
	31602 : E3;
	31603 : E3;
	31604 : E3;
	31605 : E3;
	31606 : E3;
	31607 : E3;
	31608 : E3;
	31609 : E3;
	31610 : E3;
	31611 : E3;
	31612 : E3;
	31613 : E3;
	31614 : E3;
	31615 : E3;
	31616 : E3;
	31617 : E3;
	31618 : E3;
	31619 : E3;
	31620 : E3;
	31621 : E3;
	31622 : E3;
	31623 : E3;
	31624 : E3;
	31625 : E3;
	31626 : E3;
	31627 : E3;
	31628 : E3;
	31629 : E3;
	31630 : E3;
	31631 : E3;
	31632 : E3;
	31633 : E3;
	31634 : E3;
	31635 : E3;
	31636 : E3;
	31637 : E3;
	31638 : E3;
	31639 : E3;
	31640 : E3;
	31641 : E3;
	31642 : E3;
	31643 : E3;
	31644 : E3;
	31645 : E3;
	31646 : E3;
	31647 : E3;
	31648 : E3;
	31649 : E3;
	31650 : E3;
	31651 : 24;
	31652 : 44;
	31653 : 44;
	31654 : A8;
	31655 : C8;
	31656 : A8;
	31657 : A5;
	31658 : E3;
	31659 : E3;
	31660 : E3;
	31661 : E3;
	31662 : E3;
	31663 : E3;
	31664 : E3;
	31665 : E3;
	31666 : E3;
	31667 : E3;
	31668 : E3;
	31669 : E3;
	31670 : E3;
	31671 : E3;
	31672 : E3;
	31673 : E3;
	31674 : E3;
	31675 : E3;
	31676 : E3;
	31677 : E3;
	31678 : E3;
	31679 : E3;
	31680 : E3;
	31681 : E3;
	31682 : E3;
	31683 : E3;
	31684 : E3;
	31685 : E3;
	31686 : E3;
	31687 : E3;
	31688 : E3;
	31689 : E3;
	31690 : E3;
	31691 : E3;
	31692 : E3;
	31693 : E3;
	31694 : E3;
	31695 : E3;
	31696 : E3;
	31697 : E3;
	31698 : E3;
	31699 : E3;
	31700 : E3;
	31701 : E3;
	31702 : E3;
	31703 : E3;
	31704 : E3;
	31705 : E3;
	31706 : E3;
	31707 : E3;
	31708 : E3;
	31709 : E3;
	31710 : E3;
	31711 : E3;
	31712 : E3;
	31713 : 81;
	31714 : A8;
	31715 : 64;
	31716 : 84;
	31717 : 88;
	31718 : 88;
	31719 : 89;
	31720 : A8;
	31721 : A8;
	31722 : E3;
	31723 : E3;
	31724 : E3;
	31725 : E3;
	31726 : E3;
	31727 : E3;
	31728 : E3;
	31729 : E3;
	31730 : E3;
	31731 : E3;
	31732 : E3;
	31733 : E3;
	31734 : E3;
	31735 : E3;
	31736 : E3;
	31737 : E3;
	31738 : E3;
	31739 : E3;
	31740 : E3;
	31741 : E3;
	31742 : E3;
	31743 : E3;
	31744 : E3;
	31745 : E3;
	31746 : E3;
	31747 : E3;
	31748 : E3;
	31749 : E3;
	31750 : E3;
	31751 : E3;
	31752 : E3;
	31753 : E3;
	31754 : E3;
	31755 : E3;
	31756 : E3;
	31757 : E3;
	31758 : E3;
	31759 : E3;
	31760 : E3;
	31761 : E3;
	31762 : E3;
	31763 : E3;
	31764 : E3;
	31765 : E3;
	31766 : E3;
	31767 : E3;
	31768 : E3;
	31769 : E3;
	31770 : E3;
	31771 : 80;
	31772 : 80;
	31773 : 80;
	31774 : 80;
	31775 : 80;
	31776 : A0;
	31777 : A0;
	31778 : A8;
	31779 : 88;
	31780 : 88;
	31781 : CD;
	31782 : A8;
	31783 : 84;
	31784 : A8;
	31785 : A5;
	31786 : E3;
	31787 : E3;
	31788 : E3;
	31789 : E3;
	31790 : E3;
	31791 : E3;
	31792 : E3;
	31793 : E3;
	31794 : E3;
	31795 : E3;
	31796 : E3;
	31797 : E3;
	31798 : E3;
	31799 : E3;
	31800 : E3;
	31801 : E3;
	31802 : E3;
	31803 : E3;
	31804 : E3;
	31805 : E3;
	31806 : E3;
	31807 : E3;
	31808 : E3;
	31809 : E3;
	31810 : E3;
	31811 : E3;
	31812 : E3;
	31813 : E3;
	31814 : E3;
	31815 : E3;
	31816 : E3;
	31817 : E3;
	31818 : E3;
	31819 : E3;
	31820 : E3;
	31821 : E3;
	31822 : E3;
	31823 : E3;
	31824 : E3;
	31825 : E3;
	31826 : E3;
	31827 : E3;
	31828 : E3;
	31829 : E3;
	31830 : E3;
	31831 : E3;
	31832 : E3;
	31833 : E3;
	31834 : 80;
	31835 : A0;
	31836 : C0;
	31837 : C0;
	31838 : C0;
	31839 : C0;
	31840 : A0;
	31841 : A0;
	31842 : 84;
	31843 : A8;
	31844 : 64;
	31845 : A8;
	31846 : AD;
	31847 : B1;
	31848 : 8D;
	31849 : 84;
	31850 : E3;
	31851 : E3;
	31852 : E3;
	31853 : E3;
	31854 : E3;
	31855 : E3;
	31856 : E3;
	31857 : E3;
	31858 : E3;
	31859 : E3;
	31860 : E3;
	31861 : E3;
	31862 : E3;
	31863 : E3;
	31864 : E3;
	31865 : E3;
	31866 : E3;
	31867 : E3;
	31868 : E3;
	31869 : E3;
	31870 : E3;
	31871 : E3;
	31872 : E3;
	31873 : E3;
	31874 : E3;
	31875 : E3;
	31876 : E3;
	31877 : E3;
	31878 : E3;
	31879 : E3;
	31880 : E3;
	31881 : E3;
	31882 : E3;
	31883 : E3;
	31884 : E3;
	31885 : E3;
	31886 : E3;
	31887 : E3;
	31888 : E3;
	31889 : E3;
	31890 : E3;
	31891 : E3;
	31892 : E3;
	31893 : E3;
	31894 : E3;
	31895 : E3;
	31896 : E3;
	31897 : 80;
	31898 : 80;
	31899 : E0;
	31900 : E0;
	31901 : E0;
	31902 : E0;
	31903 : E0;
	31904 : C0;
	31905 : A0;
	31906 : 80;
	31907 : 84;
	31908 : 88;
	31909 : 68;
	31910 : B6;
	31911 : DA;
	31912 : DA;
	31913 : 8D;
	31914 : C0;
	31915 : C0;
	31916 : E3;
	31917 : E3;
	31918 : E3;
	31919 : E3;
	31920 : E3;
	31921 : E3;
	31922 : E3;
	31923 : E3;
	31924 : E3;
	31925 : E3;
	31926 : E3;
	31927 : E3;
	31928 : E3;
	31929 : E3;
	31930 : E3;
	31931 : E3;
	31932 : E3;
	31933 : E3;
	31934 : E3;
	31935 : E3;
	31936 : E3;
	31937 : E3;
	31938 : E3;
	31939 : E3;
	31940 : E3;
	31941 : E3;
	31942 : E3;
	31943 : E3;
	31944 : E3;
	31945 : E3;
	31946 : E3;
	31947 : E3;
	31948 : E3;
	31949 : E3;
	31950 : E3;
	31951 : E3;
	31952 : E3;
	31953 : E3;
	31954 : E3;
	31955 : E3;
	31956 : E3;
	31957 : E3;
	31958 : E3;
	31959 : E3;
	31960 : E3;
	31961 : A0;
	31962 : 80;
	31963 : C0;
	31964 : C0;
	31965 : E0;
	31966 : E0;
	31967 : E0;
	31968 : A0;
	31969 : A0;
	31970 : 80;
	31971 : 84;
	31972 : 88;
	31973 : B1;
	31974 : DA;
	31975 : DA;
	31976 : DA;
	31977 : DA;
	31978 : A4;
	31979 : C0;
	31980 : A1;
	31981 : E3;
	31982 : E3;
	31983 : E3;
	31984 : E3;
	31985 : E3;
	31986 : E3;
	31987 : E3;
	31988 : E3;
	31989 : E3;
	31990 : E3;
	31991 : E3;
	31992 : E3;
	31993 : E3;
	31994 : E3;
	31995 : E3;
	31996 : E3;
	31997 : E3;
	31998 : E3;
	31999 : E3;
	32000 : E3;
	32001 : E3;
	32002 : E3;
	32003 : E3;
	32004 : E3;
	32005 : E3;
	32006 : E3;
	32007 : E3;
	32008 : E3;
	32009 : E3;
	32010 : E3;
	32011 : E3;
	32012 : E3;
	32013 : E3;
	32014 : E3;
	32015 : E3;
	32016 : E3;
	32017 : E3;
	32018 : E3;
	32019 : E3;
	32020 : E3;
	32021 : E3;
	32022 : E3;
	32023 : E3;
	32024 : E3;
	32025 : A0;
	32026 : 80;
	32027 : A0;
	32028 : A0;
	32029 : A0;
	32030 : A0;
	32031 : A0;
	32032 : A0;
	32033 : A0;
	32034 : 80;
	32035 : 80;
	32036 : AD;
	32037 : D6;
	32038 : DA;
	32039 : DA;
	32040 : DA;
	32041 : 8D;
	32042 : A8;
	32043 : A0;
	32044 : 80;
	32045 : E3;
	32046 : E3;
	32047 : 84;
	32048 : A8;
	32049 : E3;
	32050 : E3;
	32051 : E3;
	32052 : E3;
	32053 : E3;
	32054 : E3;
	32055 : E3;
	32056 : E3;
	32057 : E3;
	32058 : E3;
	32059 : E3;
	32060 : E3;
	32061 : E3;
	32062 : E3;
	32063 : E3;
	32064 : E3;
	32065 : E3;
	32066 : E3;
	32067 : E3;
	32068 : E3;
	32069 : E3;
	32070 : E3;
	32071 : E3;
	32072 : E3;
	32073 : E3;
	32074 : E3;
	32075 : E3;
	32076 : E3;
	32077 : E3;
	32078 : E3;
	32079 : E3;
	32080 : E3;
	32081 : E3;
	32082 : E3;
	32083 : E3;
	32084 : E3;
	32085 : E3;
	32086 : E3;
	32087 : E3;
	32088 : E3;
	32089 : A0;
	32090 : 80;
	32091 : A0;
	32092 : C0;
	32093 : C4;
	32094 : C8;
	32095 : C9;
	32096 : CD;
	32097 : CD;
	32098 : 84;
	32099 : A8;
	32100 : CD;
	32101 : AC;
	32102 : B1;
	32103 : B6;
	32104 : 8D;
	32105 : A4;
	32106 : A0;
	32107 : A0;
	32108 : A0;
	32109 : 8D;
	32110 : 8D;
	32111 : 68;
	32112 : 68;
	32113 : A9;
	32114 : E3;
	32115 : E3;
	32116 : E3;
	32117 : E3;
	32118 : E3;
	32119 : E3;
	32120 : E3;
	32121 : E3;
	32122 : E3;
	32123 : E3;
	32124 : E3;
	32125 : E3;
	32126 : E3;
	32127 : E3;
	32128 : E3;
	32129 : E3;
	32130 : E3;
	32131 : E3;
	32132 : E3;
	32133 : E3;
	32134 : E3;
	32135 : E3;
	32136 : E3;
	32137 : E3;
	32138 : E3;
	32139 : E3;
	32140 : E3;
	32141 : E3;
	32142 : E3;
	32143 : E3;
	32144 : E3;
	32145 : E3;
	32146 : E3;
	32147 : E3;
	32148 : E3;
	32149 : E3;
	32150 : E3;
	32151 : E3;
	32152 : E3;
	32153 : 80;
	32154 : 80;
	32155 : A0;
	32156 : C8;
	32157 : CD;
	32158 : CD;
	32159 : A8;
	32160 : A8;
	32161 : CD;
	32162 : CD;
	32163 : ED;
	32164 : A8;
	32165 : C8;
	32166 : A8;
	32167 : 80;
	32168 : A0;
	32169 : A0;
	32170 : A0;
	32171 : 84;
	32172 : 84;
	32173 : 6D;
	32174 : B6;
	32175 : B6;
	32176 : 91;
	32177 : 64;
	32178 : E3;
	32179 : E3;
	32180 : E3;
	32181 : E3;
	32182 : E3;
	32183 : E3;
	32184 : E3;
	32185 : E3;
	32186 : E3;
	32187 : E3;
	32188 : E3;
	32189 : E3;
	32190 : E3;
	32191 : E3;
	32192 : E3;
	32193 : E3;
	32194 : E3;
	32195 : E3;
	32196 : E3;
	32197 : E3;
	32198 : E3;
	32199 : E3;
	32200 : E3;
	32201 : E3;
	32202 : E3;
	32203 : E3;
	32204 : E3;
	32205 : E3;
	32206 : E3;
	32207 : E3;
	32208 : E3;
	32209 : E3;
	32210 : E3;
	32211 : E3;
	32212 : E3;
	32213 : E3;
	32214 : E3;
	32215 : E3;
	32216 : E3;
	32217 : 80;
	32218 : 80;
	32219 : A4;
	32220 : CC;
	32221 : CD;
	32222 : CD;
	32223 : ED;
	32224 : ED;
	32225 : CD;
	32226 : ED;
	32227 : CD;
	32228 : C8;
	32229 : A8;
	32230 : 80;
	32231 : E3;
	32232 : A0;
	32233 : A0;
	32234 : 84;
	32235 : 84;
	32236 : 8D;
	32237 : 91;
	32238 : 91;
	32239 : B6;
	32240 : B6;
	32241 : AE;
	32242 : E3;
	32243 : E3;
	32244 : E3;
	32245 : E3;
	32246 : E3;
	32247 : E3;
	32248 : E3;
	32249 : E3;
	32250 : E3;
	32251 : E3;
	32252 : E3;
	32253 : E3;
	32254 : E3;
	32255 : E3;
	32256 : E3;
	32257 : E3;
	32258 : E3;
	32259 : E3;
	32260 : E3;
	32261 : E3;
	32262 : E3;
	32263 : E3;
	32264 : E3;
	32265 : E3;
	32266 : E3;
	32267 : E3;
	32268 : E3;
	32269 : E3;
	32270 : E3;
	32271 : E3;
	32272 : E3;
	32273 : E3;
	32274 : E3;
	32275 : E3;
	32276 : E3;
	32277 : E3;
	32278 : E3;
	32279 : E3;
	32280 : E3;
	32281 : E3;
	32282 : A0;
	32283 : 80;
	32284 : A8;
	32285 : CC;
	32286 : CD;
	32287 : CD;
	32288 : CD;
	32289 : CD;
	32290 : ED;
	32291 : CC;
	32292 : A8;
	32293 : 80;
	32294 : E3;
	32295 : E3;
	32296 : E3;
	32297 : 84;
	32298 : 64;
	32299 : 64;
	32300 : 8D;
	32301 : B6;
	32302 : B6;
	32303 : 91;
	32304 : E3;
	32305 : E3;
	32306 : E3;
	32307 : E3;
	32308 : E3;
	32309 : E3;
	32310 : E3;
	32311 : E3;
	32312 : E3;
	32313 : E3;
	32314 : E3;
	32315 : E3;
	32316 : E3;
	32317 : E3;
	32318 : E3;
	32319 : E3;
	32320 : E3;
	32321 : E3;
	32322 : E3;
	32323 : E3;
	32324 : E3;
	32325 : E3;
	32326 : E3;
	32327 : E3;
	32328 : E3;
	32329 : E3;
	32330 : E3;
	32331 : E3;
	32332 : E3;
	32333 : E3;
	32334 : E3;
	32335 : E3;
	32336 : E3;
	32337 : E3;
	32338 : E3;
	32339 : E3;
	32340 : E3;
	32341 : E3;
	32342 : E3;
	32343 : E3;
	32344 : E3;
	32345 : E3;
	32346 : 80;
	32347 : 80;
	32348 : 80;
	32349 : A8;
	32350 : CD;
	32351 : CD;
	32352 : CC;
	32353 : CD;
	32354 : C8;
	32355 : A8;
	32356 : 84;
	32357 : E3;
	32358 : E3;
	32359 : E3;
	32360 : E3;
	32361 : E3;
	32362 : 84;
	32363 : 84;
	32364 : 84;
	32365 : 8D;
	32366 : 91;
	32367 : E3;
	32368 : E3;
	32369 : E3;
	32370 : E3;
	32371 : E3;
	32372 : E3;
	32373 : E3;
	32374 : E3;
	32375 : E3;
	32376 : E3;
	32377 : E3;
	32378 : E3;
	32379 : E3;
	32380 : E3;
	32381 : E3;
	32382 : E3;
	32383 : E3;
	32384 : E3;
	32385 : E3;
	32386 : E3;
	32387 : E3;
	32388 : E3;
	32389 : E3;
	32390 : E3;
	32391 : E3;
	32392 : E3;
	32393 : E3;
	32394 : E3;
	32395 : E3;
	32396 : E3;
	32397 : E3;
	32398 : E3;
	32399 : E3;
	32400 : E3;
	32401 : E3;
	32402 : E3;
	32403 : E3;
	32404 : E3;
	32405 : E3;
	32406 : E3;
	32407 : E3;
	32408 : E3;
	32409 : 45;
	32410 : 69;
	32411 : 49;
	32412 : 64;
	32413 : 64;
	32414 : 84;
	32415 : C8;
	32416 : C8;
	32417 : A8;
	32418 : A8;
	32419 : 68;
	32420 : E3;
	32421 : E3;
	32422 : E3;
	32423 : E3;
	32424 : E3;
	32425 : E3;
	32426 : E3;
	32427 : 84;
	32428 : 88;
	32429 : 84;
	32430 : 84;
	32431 : E3;
	32432 : E3;
	32433 : E3;
	32434 : E3;
	32435 : E3;
	32436 : E3;
	32437 : E3;
	32438 : E3;
	32439 : E3;
	32440 : E3;
	32441 : E3;
	32442 : E3;
	32443 : E3;
	32444 : E3;
	32445 : E3;
	32446 : E3;
	32447 : E3;
	32448 : E3;
	32449 : E3;
	32450 : E3;
	32451 : E3;
	32452 : E3;
	32453 : E3;
	32454 : E3;
	32455 : E3;
	32456 : E3;
	32457 : E3;
	32458 : E3;
	32459 : E3;
	32460 : E3;
	32461 : E3;
	32462 : E3;
	32463 : E3;
	32464 : E3;
	32465 : E3;
	32466 : E3;
	32467 : E3;
	32468 : E3;
	32469 : E3;
	32470 : E3;
	32471 : E3;
	32472 : 46;
	32473 : 0E;
	32474 : 0D;
	32475 : 2D;
	32476 : 29;
	32477 : 2D;
	32478 : 48;
	32479 : 48;
	32480 : 69;
	32481 : 49;
	32482 : 29;
	32483 : 0E;
	32484 : 4A;
	32485 : E3;
	32486 : E3;
	32487 : E3;
	32488 : E3;
	32489 : E3;
	32490 : E3;
	32491 : E3;
	32492 : A4;
	32493 : 85;
	32494 : E3;
	32495 : E3;
	32496 : E3;
	32497 : E3;
	32498 : E3;
	32499 : E3;
	32500 : E3;
	32501 : E3;
	32502 : E3;
	32503 : E3;
	32504 : E3;
	32505 : E3;
	32506 : E3;
	32507 : E3;
	32508 : E3;
	32509 : E3;
	32510 : E3;
	32511 : E3;
	32512 : E3;
	32513 : E3;
	32514 : E3;
	32515 : E3;
	32516 : E3;
	32517 : E3;
	32518 : E3;
	32519 : E3;
	32520 : E3;
	32521 : E3;
	32522 : E3;
	32523 : E3;
	32524 : E3;
	32525 : E3;
	32526 : E3;
	32527 : E3;
	32528 : E3;
	32529 : E3;
	32530 : E3;
	32531 : E3;
	32532 : E3;
	32533 : E3;
	32534 : E3;
	32535 : E3;
	32536 : 09;
	32537 : 0E;
	32538 : 12;
	32539 : 0E;
	32540 : 0E;
	32541 : 0E;
	32542 : 0E;
	32543 : 0E;
	32544 : 0E;
	32545 : 0D;
	32546 : 12;
	32547 : 0E;
	32548 : 12;
	32549 : E3;
	32550 : E3;
	32551 : E3;
	32552 : E3;
	32553 : E3;
	32554 : E3;
	32555 : E3;
	32556 : E3;
	32557 : E3;
	32558 : E3;
	32559 : E3;
	32560 : E3;
	32561 : E3;
	32562 : E3;
	32563 : E3;
	32564 : E3;
	32565 : E3;
	32566 : E3;
	32567 : E3;
	32568 : E3;
	32569 : E3;
	32570 : E3;
	32571 : E3;
	32572 : E3;
	32573 : E3;
	32574 : E3;
	32575 : E3;
	32576 : E3;
	32577 : E3;
	32578 : E3;
	32579 : E3;
	32580 : E3;
	32581 : E3;
	32582 : E3;
	32583 : E3;
	32584 : E3;
	32585 : E3;
	32586 : E3;
	32587 : E3;
	32588 : E3;
	32589 : E3;
	32590 : E3;
	32591 : E3;
	32592 : E3;
	32593 : E3;
	32594 : E3;
	32595 : E3;
	32596 : E3;
	32597 : E3;
	32598 : E3;
	32599 : E3;
	32600 : 09;
	32601 : 0E;
	32602 : 17;
	32603 : 1B;
	32604 : 12;
	32605 : 0E;
	32606 : 0E;
	32607 : 0E;
	32608 : 0D;
	32609 : 0E;
	32610 : 0E;
	32611 : 0E;
	32612 : 12;
	32613 : 1B;
	32614 : 53;
	32615 : E3;
	32616 : E3;
	32617 : E3;
	32618 : E3;
	32619 : E3;
	32620 : E3;
	32621 : E3;
	32622 : E3;
	32623 : E3;
	32624 : E3;
	32625 : E3;
	32626 : E3;
	32627 : E3;
	32628 : E3;
	32629 : E3;
	32630 : E3;
	32631 : E3;
	32632 : E3;
	32633 : E3;
	32634 : E3;
	32635 : E3;
	32636 : E3;
	32637 : E3;
	32638 : E3;
	32639 : E3;
	32640 : E3;
	32641 : E3;
	32642 : E3;
	32643 : E3;
	32644 : E3;
	32645 : E3;
	32646 : E3;
	32647 : E3;
	32648 : E3;
	32649 : E3;
	32650 : E3;
	32651 : E3;
	32652 : E3;
	32653 : E3;
	32654 : E3;
	32655 : E3;
	32656 : E3;
	32657 : E3;
	32658 : E3;
	32659 : E3;
	32660 : E3;
	32661 : E3;
	32662 : E3;
	32663 : E3;
	32664 : 09;
	32665 : 0E;
	32666 : 17;
	32667 : 1B;
	32668 : 1B;
	32669 : 17;
	32670 : 0E;
	32671 : 0E;
	32672 : 09;
	32673 : 0E;
	32674 : 09;
	32675 : 0E;
	32676 : 12;
	32677 : 17;
	32678 : 1B;
	32679 : 33;
	32680 : E3;
	32681 : E3;
	32682 : E3;
	32683 : E3;
	32684 : E3;
	32685 : E3;
	32686 : E3;
	32687 : E3;
	32688 : E3;
	32689 : E3;
	32690 : E3;
	32691 : E3;
	32692 : E3;
	32693 : E3;
	32694 : E3;
	32695 : E3;
	32696 : E3;
	32697 : E3;
	32698 : E3;
	32699 : E3;
	32700 : E3;
	32701 : E3;
	32702 : E3;
	32703 : E3;
	32704 : E3;
	32705 : E3;
	32706 : E3;
	32707 : E3;
	32708 : E3;
	32709 : E3;
	32710 : E3;
	32711 : E3;
	32712 : E3;
	32713 : E3;
	32714 : E3;
	32715 : E3;
	32716 : E3;
	32717 : E3;
	32718 : E3;
	32719 : E3;
	32720 : E3;
	32721 : E3;
	32722 : E3;
	32723 : E3;
	32724 : E3;
	32725 : E3;
	32726 : E3;
	32727 : E3;
	32728 : 09;
	32729 : 0E;
	32730 : 1B;
	32731 : 1B;
	32732 : 1B;
	32733 : 1B;
	32734 : 17;
	32735 : 0E;
	32736 : 09;
	32737 : 09;
	32738 : 0E;
	32739 : 12;
	32740 : 1B;
	32741 : 1B;
	32742 : 1B;
	32743 : 1B;
	32744 : 17;
	32745 : E3;
	32746 : E3;
	32747 : E3;
	32748 : E3;
	32749 : E3;
	32750 : E3;
	32751 : E3;
	32752 : E3;
	32753 : E3;
	32754 : E3;
	32755 : E3;
	32756 : E3;
	32757 : E3;
	32758 : E3;
	32759 : E3;
	32760 : E3;
	32761 : E3;
	32762 : E3;
	32763 : E3;
	32764 : E3;
	32765 : E3;
	32766 : E3;
	32767 : E3;
	32768 : E3;
	32769 : E3;
	32770 : E3;
	32771 : E3;
	32772 : E3;
	32773 : E3;
	32774 : E3;
	32775 : E3;
	32776 : E3;
	32777 : E3;
	32778 : E3;
	32779 : E3;
	32780 : E3;
	32781 : E3;
	32782 : E3;
	32783 : E3;
	32784 : E3;
	32785 : E3;
	32786 : E3;
	32787 : E3;
	32788 : E3;
	32789 : E3;
	32790 : E3;
	32791 : E3;
	32792 : 2A;
	32793 : 0E;
	32794 : 1B;
	32795 : 1B;
	32796 : 1B;
	32797 : 1B;
	32798 : 17;
	32799 : 0E;
	32800 : 09;
	32801 : 09;
	32802 : 0E;
	32803 : 12;
	32804 : 17;
	32805 : 1B;
	32806 : 1B;
	32807 : 1B;
	32808 : 1B;
	32809 : 4F;
	32810 : E3;
	32811 : E3;
	32812 : E3;
	32813 : E3;
	32814 : E3;
	32815 : E3;
	32816 : E3;
	32817 : E3;
	32818 : E3;
	32819 : E3;
	32820 : E3;
	32821 : E3;
	32822 : E3;
	32823 : E3;
	32824 : E3;
	32825 : E3;
	32826 : E3;
	32827 : E3;
	32828 : E3;
	32829 : E3;
	32830 : E3;
	32831 : E3;
	32832 : E3;
	32833 : E3;
	32834 : E3;
	32835 : E3;
	32836 : E3;
	32837 : E3;
	32838 : E3;
	32839 : E3;
	32840 : E3;
	32841 : E3;
	32842 : E3;
	32843 : E3;
	32844 : E3;
	32845 : E3;
	32846 : E3;
	32847 : E3;
	32848 : E3;
	32849 : E3;
	32850 : E3;
	32851 : E3;
	32852 : E3;
	32853 : E3;
	32854 : E3;
	32855 : E3;
	32856 : 4A;
	32857 : 0D;
	32858 : 17;
	32859 : 1B;
	32860 : 1B;
	32861 : 1B;
	32862 : 16;
	32863 : 0D;
	32864 : 46;
	32865 : 2A;
	32866 : 09;
	32867 : 0E;
	32868 : 0E;
	32869 : 17;
	32870 : 1B;
	32871 : 1B;
	32872 : 16;
	32873 : 17;
	32874 : E3;
	32875 : E3;
	32876 : E3;
	32877 : E3;
	32878 : E3;
	32879 : E3;
	32880 : E3;
	32881 : E3;
	32882 : E3;
	32883 : E3;
	32884 : E3;
	32885 : E3;
	32886 : E3;
	32887 : E3;
	32888 : E3;
	32889 : E3;
	32890 : E3;
	32891 : E3;
	32892 : E3;
	32893 : E3;
	32894 : E3;
	32895 : E3;
	32896 : E3;
	32897 : E3;
	32898 : E3;
	32899 : E3;
	32900 : E3;
	32901 : E3;
	32902 : E3;
	32903 : E3;
	32904 : E3;
	32905 : E3;
	32906 : E3;
	32907 : E3;
	32908 : E3;
	32909 : E3;
	32910 : E3;
	32911 : E3;
	32912 : E3;
	32913 : E3;
	32914 : E3;
	32915 : E3;
	32916 : E3;
	32917 : E3;
	32918 : E3;
	32919 : E3;
	32920 : E3;
	32921 : 0E;
	32922 : 17;
	32923 : 1B;
	32924 : 1B;
	32925 : 1B;
	32926 : 16;
	32927 : 4A;
	32928 : E3;
	32929 : E3;
	32930 : E3;
	32931 : E3;
	32932 : 0D;
	32933 : 0E;
	32934 : 16;
	32935 : 1B;
	32936 : 1B;
	32937 : 17;
	32938 : 32;
	32939 : E3;
	32940 : E3;
	32941 : E3;
	32942 : E3;
	32943 : E3;
	32944 : E3;
	32945 : E3;
	32946 : E3;
	32947 : E3;
	32948 : E3;
	32949 : E3;
	32950 : E3;
	32951 : E3;
	32952 : E3;
	32953 : E3;
	32954 : E3;
	32955 : E3;
	32956 : E3;
	32957 : E3;
	32958 : E3;
	32959 : E3;
	32960 : E3;
	32961 : E3;
	32962 : E3;
	32963 : E3;
	32964 : E3;
	32965 : E3;
	32966 : E3;
	32967 : E3;
	32968 : E3;
	32969 : E3;
	32970 : E3;
	32971 : E3;
	32972 : E3;
	32973 : E3;
	32974 : E3;
	32975 : E3;
	32976 : E3;
	32977 : E3;
	32978 : E3;
	32979 : E3;
	32980 : E3;
	32981 : E3;
	32982 : E3;
	32983 : E3;
	32984 : E3;
	32985 : 0E;
	32986 : 17;
	32987 : 1B;
	32988 : 1B;
	32989 : 1B;
	32990 : 16;
	32991 : E3;
	32992 : E3;
	32993 : E3;
	32994 : E3;
	32995 : E3;
	32996 : E3;
	32997 : 46;
	32998 : 09;
	32999 : 12;
	33000 : 12;
	33001 : 12;
	33002 : 17;
	33003 : 6A;
	33004 : E3;
	33005 : E3;
	33006 : E3;
	33007 : E3;
	33008 : E3;
	33009 : E3;
	33010 : E3;
	33011 : E3;
	33012 : E3;
	33013 : E3;
	33014 : E3;
	33015 : E3;
	33016 : E3;
	33017 : E3;
	33018 : E3;
	33019 : E3;
	33020 : E3;
	33021 : E3;
	33022 : E3;
	33023 : E3;
	33024 : E3;
	33025 : E3;
	33026 : E3;
	33027 : E3;
	33028 : E3;
	33029 : E3;
	33030 : E3;
	33031 : E3;
	33032 : E3;
	33033 : E3;
	33034 : E3;
	33035 : E3;
	33036 : E3;
	33037 : E3;
	33038 : E3;
	33039 : E3;
	33040 : E3;
	33041 : E3;
	33042 : E3;
	33043 : E3;
	33044 : E3;
	33045 : E3;
	33046 : E3;
	33047 : E3;
	33048 : E3;
	33049 : 09;
	33050 : 0E;
	33051 : 16;
	33052 : 17;
	33053 : 1B;
	33054 : 32;
	33055 : E3;
	33056 : E3;
	33057 : E3;
	33058 : E3;
	33059 : E3;
	33060 : E3;
	33061 : E3;
	33062 : 0E;
	33063 : 0E;
	33064 : 0D;
	33065 : 0E;
	33066 : 12;
	33067 : E3;
	33068 : E3;
	33069 : E3;
	33070 : E3;
	33071 : E3;
	33072 : E3;
	33073 : E3;
	33074 : E3;
	33075 : E3;
	33076 : E3;
	33077 : E3;
	33078 : E3;
	33079 : E3;
	33080 : E3;
	33081 : E3;
	33082 : E3;
	33083 : E3;
	33084 : E3;
	33085 : E3;
	33086 : E3;
	33087 : E3;
	33088 : E3;
	33089 : E3;
	33090 : E3;
	33091 : E3;
	33092 : E3;
	33093 : E3;
	33094 : E3;
	33095 : E3;
	33096 : E3;
	33097 : E3;
	33098 : E3;
	33099 : E3;
	33100 : E3;
	33101 : E3;
	33102 : E3;
	33103 : E3;
	33104 : E3;
	33105 : E3;
	33106 : E3;
	33107 : E3;
	33108 : E3;
	33109 : E3;
	33110 : E3;
	33111 : E3;
	33112 : E3;
	33113 : 0E;
	33114 : 09;
	33115 : 0D;
	33116 : 1B;
	33117 : 1B;
	33118 : 4A;
	33119 : E3;
	33120 : E3;
	33121 : E3;
	33122 : E3;
	33123 : E3;
	33124 : E3;
	33125 : 2A;
	33126 : 0E;
	33127 : 0E;
	33128 : 0E;
	33129 : 0D;
	33130 : 0E;
	33131 : E3;
	33132 : E3;
	33133 : E3;
	33134 : E3;
	33135 : E3;
	33136 : E3;
	33137 : E3;
	33138 : E3;
	33139 : E3;
	33140 : E3;
	33141 : E3;
	33142 : E3;
	33143 : E3;
	33144 : E3;
	33145 : E3;
	33146 : E3;
	33147 : E3;
	33148 : E3;
	33149 : E3;
	33150 : E3;
	33151 : E3;
	33152 : E3;
	33153 : E3;
	33154 : E3;
	33155 : E3;
	33156 : E3;
	33157 : E3;
	33158 : E3;
	33159 : E3;
	33160 : E3;
	33161 : E3;
	33162 : E3;
	33163 : E3;
	33164 : E3;
	33165 : E3;
	33166 : E3;
	33167 : E3;
	33168 : E3;
	33169 : E3;
	33170 : E3;
	33171 : E3;
	33172 : E3;
	33173 : E3;
	33174 : E3;
	33175 : 6A;
	33176 : 17;
	33177 : 0E;
	33178 : 0E;
	33179 : 0E;
	33180 : 16;
	33181 : 17;
	33182 : E3;
	33183 : E3;
	33184 : E3;
	33185 : E3;
	33186 : E3;
	33187 : E3;
	33188 : E3;
	33189 : 0D;
	33190 : 0E;
	33191 : 0E;
	33192 : 0E;
	33193 : 0E;
	33194 : 29;
	33195 : E3;
	33196 : E3;
	33197 : E3;
	33198 : E3;
	33199 : E3;
	33200 : E3;
	33201 : E3;
	33202 : E3;
	33203 : E3;
	33204 : E3;
	33205 : E3;
	33206 : E3;
	33207 : E3;
	33208 : E3;
	33209 : E3;
	33210 : E3;
	33211 : E3;
	33212 : E3;
	33213 : E3;
	33214 : E3;
	33215 : E3;
	33216 : E3;
	33217 : E3;
	33218 : E3;
	33219 : E3;
	33220 : E3;
	33221 : E3;
	33222 : E3;
	33223 : E3;
	33224 : E3;
	33225 : E3;
	33226 : E3;
	33227 : E3;
	33228 : E3;
	33229 : E3;
	33230 : E3;
	33231 : E3;
	33232 : E3;
	33233 : E3;
	33234 : E3;
	33235 : E3;
	33236 : E3;
	33237 : E3;
	33238 : E3;
	33239 : 17;
	33240 : 17;
	33241 : 0E;
	33242 : 0E;
	33243 : 0E;
	33244 : 0E;
	33245 : 2A;
	33246 : E3;
	33247 : E3;
	33248 : E3;
	33249 : E3;
	33250 : E3;
	33251 : E3;
	33252 : E3;
	33253 : 2A;
	33254 : 0E;
	33255 : 0E;
	33256 : 0E;
	33257 : 0E;
	33258 : E3;
	33259 : E3;
	33260 : E3;
	33261 : E3;
	33262 : E3;
	33263 : E3;
	33264 : E3;
	33265 : E3;
	33266 : E3;
	33267 : E3;
	33268 : E3;
	33269 : E3;
	33270 : E3;
	33271 : E3;
	33272 : E3;
	33273 : E3;
	33274 : E3;
	33275 : E3;
	33276 : E3;
	33277 : E3;
	33278 : E3;
	33279 : E3;
	33280 : E3;
	33281 : E3;
	33282 : E3;
	33283 : E3;
	33284 : E3;
	33285 : E3;
	33286 : E3;
	33287 : E3;
	33288 : E3;
	33289 : E3;
	33290 : E3;
	33291 : E3;
	33292 : E3;
	33293 : E3;
	33294 : E3;
	33295 : E3;
	33296 : E3;
	33297 : E3;
	33298 : E3;
	33299 : E3;
	33300 : E3;
	33301 : E3;
	33302 : 0E;
	33303 : 12;
	33304 : 0E;
	33305 : 0E;
	33306 : 0E;
	33307 : 0E;
	33308 : 2E;
	33309 : E3;
	33310 : E3;
	33311 : E3;
	33312 : E3;
	33313 : E3;
	33314 : E3;
	33315 : E3;
	33316 : E3;
	33317 : E3;
	33318 : 0D;
	33319 : 0E;
	33320 : 0E;
	33321 : 4A;
	33322 : E3;
	33323 : E3;
	33324 : E3;
	33325 : E3;
	33326 : E3;
	33327 : E3;
	33328 : E3;
	33329 : E3;
	33330 : E3;
	33331 : E3;
	33332 : E3;
	33333 : E3;
	33334 : E3;
	33335 : E3;
	33336 : E3;
	33337 : E3;
	33338 : E3;
	33339 : E3;
	33340 : E3;
	33341 : E3;
	33342 : E3;
	33343 : E3;
	33344 : E3;
	33345 : E3;
	33346 : E3;
	33347 : E3;
	33348 : E3;
	33349 : E3;
	33350 : E3;
	33351 : E3;
	33352 : E3;
	33353 : E3;
	33354 : E3;
	33355 : E3;
	33356 : E3;
	33357 : E3;
	33358 : E3;
	33359 : E3;
	33360 : E3;
	33361 : E3;
	33362 : E3;
	33363 : E3;
	33364 : E3;
	33365 : E3;
	33366 : 09;
	33367 : 09;
	33368 : 0E;
	33369 : 0E;
	33370 : 0E;
	33371 : 0E;
	33372 : E3;
	33373 : E3;
	33374 : E3;
	33375 : E3;
	33376 : E3;
	33377 : E3;
	33378 : E3;
	33379 : E3;
	33380 : E3;
	33381 : E3;
	33382 : 0E;
	33383 : 0D;
	33384 : 09;
	33385 : E3;
	33386 : E3;
	33387 : E3;
	33388 : E3;
	33389 : E3;
	33390 : E3;
	33391 : E3;
	33392 : E3;
	33393 : E3;
	33394 : E3;
	33395 : E3;
	33396 : E3;
	33397 : E3;
	33398 : E3;
	33399 : E3;
	33400 : E3;
	33401 : E3;
	33402 : E3;
	33403 : E3;
	33404 : E3;
	33405 : E3;
	33406 : E3;
	33407 : E3;
	33408 : E3;
	33409 : E3;
	33410 : E3;
	33411 : E3;
	33412 : E3;
	33413 : E3;
	33414 : E3;
	33415 : E3;
	33416 : E3;
	33417 : E3;
	33418 : E3;
	33419 : E3;
	33420 : E3;
	33421 : E3;
	33422 : E3;
	33423 : E3;
	33424 : E3;
	33425 : E3;
	33426 : E3;
	33427 : E3;
	33428 : E3;
	33429 : E3;
	33430 : 09;
	33431 : 0E;
	33432 : 0E;
	33433 : 0E;
	33434 : 0E;
	33435 : E3;
	33436 : E3;
	33437 : E3;
	33438 : E3;
	33439 : E3;
	33440 : E3;
	33441 : E3;
	33442 : E3;
	33443 : E3;
	33444 : E3;
	33445 : E3;
	33446 : 4E;
	33447 : 2E;
	33448 : 29;
	33449 : E3;
	33450 : E3;
	33451 : E3;
	33452 : E3;
	33453 : E3;
	33454 : E3;
	33455 : E3;
	33456 : E3;
	33457 : E3;
	33458 : E3;
	33459 : E3;
	33460 : E3;
	33461 : E3;
	33462 : E3;
	33463 : E3;
	33464 : E3;
	33465 : E3;
	33466 : E3;
	33467 : E3;
	33468 : E3;
	33469 : E3;
	33470 : E3;
	33471 : E3;
	33472 : E3;
	33473 : E3;
	33474 : E3;
	33475 : E3;
	33476 : E3;
	33477 : E3;
	33478 : E3;
	33479 : E3;
	33480 : E3;
	33481 : E3;
	33482 : E3;
	33483 : E3;
	33484 : E3;
	33485 : E3;
	33486 : E3;
	33487 : E3;
	33488 : E3;
	33489 : E3;
	33490 : E3;
	33491 : E3;
	33492 : E3;
	33493 : E3;
	33494 : 09;
	33495 : 0E;
	33496 : 0E;
	33497 : 0E;
	33498 : E3;
	33499 : E3;
	33500 : E3;
	33501 : E3;
	33502 : E3;
	33503 : E3;
	33504 : E3;
	33505 : E3;
	33506 : E3;
	33507 : E3;
	33508 : E3;
	33509 : 8E;
	33510 : BB;
	33511 : 6E;
	33512 : E3;
	33513 : E3;
	33514 : E3;
	33515 : E3;
	33516 : E3;
	33517 : E3;
	33518 : E3;
	33519 : E3;
	33520 : E3;
	33521 : E3;
	33522 : E3;
	33523 : E3;
	33524 : E3;
	33525 : E3;
	33526 : E3;
	33527 : E3;
	33528 : E3;
	33529 : E3;
	33530 : E3;
	33531 : E3;
	33532 : E3;
	33533 : E3;
	33534 : E3;
	33535 : E3;
	33536 : E3;
	33537 : E3;
	33538 : E3;
	33539 : E3;
	33540 : E3;
	33541 : E3;
	33542 : E3;
	33543 : E3;
	33544 : E3;
	33545 : E3;
	33546 : E3;
	33547 : E3;
	33548 : E3;
	33549 : E3;
	33550 : E3;
	33551 : E3;
	33552 : E3;
	33553 : E3;
	33554 : E3;
	33555 : E3;
	33556 : E3;
	33557 : E3;
	33558 : 09;
	33559 : 0E;
	33560 : 2A;
	33561 : E3;
	33562 : E3;
	33563 : E3;
	33564 : E3;
	33565 : E3;
	33566 : E3;
	33567 : E3;
	33568 : E3;
	33569 : E3;
	33570 : E3;
	33571 : E3;
	33572 : E3;
	33573 : 92;
	33574 : BB;
	33575 : B7;
	33576 : 92;
	33577 : E3;
	33578 : E3;
	33579 : E3;
	33580 : E3;
	33581 : E3;
	33582 : E3;
	33583 : E3;
	33584 : E3;
	33585 : E3;
	33586 : E3;
	33587 : E3;
	33588 : E3;
	33589 : E3;
	33590 : E3;
	33591 : E3;
	33592 : E3;
	33593 : E3;
	33594 : E3;
	33595 : E3;
	33596 : E3;
	33597 : E3;
	33598 : E3;
	33599 : E3;
	33600 : E3;
	33601 : E3;
	33602 : E3;
	33603 : E3;
	33604 : E3;
	33605 : E3;
	33606 : E3;
	33607 : E3;
	33608 : E3;
	33609 : E3;
	33610 : E3;
	33611 : E3;
	33612 : E3;
	33613 : E3;
	33614 : E3;
	33615 : E3;
	33616 : E3;
	33617 : E3;
	33618 : E3;
	33619 : E3;
	33620 : E3;
	33621 : 29;
	33622 : 09;
	33623 : 09;
	33624 : E3;
	33625 : E3;
	33626 : E3;
	33627 : E3;
	33628 : E3;
	33629 : E3;
	33630 : E3;
	33631 : E3;
	33632 : E3;
	33633 : E3;
	33634 : E3;
	33635 : E3;
	33636 : E3;
	33637 : E3;
	33638 : 92;
	33639 : B7;
	33640 : BB;
	33641 : 92;
	33642 : E3;
	33643 : E3;
	33644 : E3;
	33645 : E3;
	33646 : E3;
	33647 : E3;
	33648 : E3;
	33649 : E3;
	33650 : E3;
	33651 : E3;
	33652 : E3;
	33653 : E3;
	33654 : E3;
	33655 : E3;
	33656 : E3;
	33657 : E3;
	33658 : E3;
	33659 : E3;
	33660 : E3;
	33661 : E3;
	33662 : E3;
	33663 : E3;
	33664 : E3;
	33665 : E3;
	33666 : E3;
	33667 : E3;
	33668 : E3;
	33669 : E3;
	33670 : E3;
	33671 : E3;
	33672 : E3;
	33673 : E3;
	33674 : E3;
	33675 : E3;
	33676 : E3;
	33677 : E3;
	33678 : E3;
	33679 : E3;
	33680 : E3;
	33681 : E3;
	33682 : E3;
	33683 : E3;
	33684 : E3;
	33685 : 72;
	33686 : 6E;
	33687 : E3;
	33688 : E3;
	33689 : E3;
	33690 : E3;
	33691 : E3;
	33692 : E3;
	33693 : E3;
	33694 : E3;
	33695 : E3;
	33696 : E3;
	33697 : E3;
	33698 : E3;
	33699 : E3;
	33700 : E3;
	33701 : E3;
	33702 : E3;
	33703 : E3;
	33704 : B7;
	33705 : B7;
	33706 : DB;
	33707 : B7;
	33708 : E3;
	33709 : E3;
	33710 : E3;
	33711 : E3;
	33712 : E3;
	33713 : E3;
	33714 : E3;
	33715 : E3;
	33716 : E3;
	33717 : E3;
	33718 : E3;
	33719 : E3;
	33720 : E3;
	33721 : E3;
	33722 : E3;
	33723 : E3;
	33724 : E3;
	33725 : E3;
	33726 : E3;
	33727 : E3;
	33728 : E3;
	33729 : E3;
	33730 : E3;
	33731 : E3;
	33732 : E3;
	33733 : E3;
	33734 : E3;
	33735 : E3;
	33736 : E3;
	33737 : E3;
	33738 : E3;
	33739 : E3;
	33740 : E3;
	33741 : E3;
	33742 : E3;
	33743 : E3;
	33744 : E3;
	33745 : E3;
	33746 : E3;
	33747 : E3;
	33748 : E3;
	33749 : 92;
	33750 : BB;
	33751 : 92;
	33752 : E3;
	33753 : E3;
	33754 : E3;
	33755 : E3;
	33756 : E3;
	33757 : E3;
	33758 : E3;
	33759 : E3;
	33760 : E3;
	33761 : E3;
	33762 : E3;
	33763 : E3;
	33764 : E3;
	33765 : E3;
	33766 : E3;
	33767 : E3;
	33768 : E3;
	33769 : E3;
	33770 : E3;
	33771 : E3;
	33772 : E3;
	33773 : E3;
	33774 : E3;
	33775 : E3;
	33776 : E3;
	33777 : E3;
	33778 : E3;
	33779 : E3;
	33780 : E3;
	33781 : E3;
	33782 : E3;
	33783 : E3;
	33784 : E3;
	33785 : E3;
	33786 : E3;
	33787 : E3;
	33788 : E3;
	33789 : E3;
	33790 : E3;
	33791 : E3;
	33792 : E3;
	33793 : E3;
	33794 : E3;
	33795 : E3;
	33796 : E3;
	33797 : E3;
	33798 : E3;
	33799 : E3;
	33800 : E3;
	33801 : E3;
	33802 : E3;
	33803 : E3;
	33804 : E3;
	33805 : E3;
	33806 : E3;
	33807 : E3;
	33808 : E3;
	33809 : E3;
	33810 : E3;
	33811 : E3;
	33812 : E3;
	33813 : 92;
	33814 : B6;
	33815 : B6;
	33816 : 92;
	33817 : E3;
	33818 : E3;
	33819 : E3;
	33820 : E3;
	33821 : E3;
	33822 : E3;
	33823 : E3;
	33824 : E3;
	33825 : E3;
	33826 : E3;
	33827 : E3;
	33828 : E3;
	33829 : E3;
	33830 : E3;
	33831 : E3;
	33832 : E3;
	33833 : E3;
	33834 : E3;
	33835 : E3;
	33836 : E3;
	33837 : E3;
	33838 : E3;
	33839 : E3;
	33840 : E3;
	33841 : E3;
	33842 : E3;
	33843 : E3;
	33844 : E3;
	33845 : E3;
	33846 : E3;
	33847 : E3;
	33848 : E3;
	33849 : E3;
	33850 : E3;
	33851 : E3;
	33852 : E3;
	33853 : E3;
	33854 : E3;
	33855 : E3;
	33856 : E3;
	33857 : E3;
	33858 : E3;
	33859 : E3;
	33860 : E3;
	33861 : E3;
	33862 : E3;
	33863 : E3;
	33864 : E3;
	33865 : E3;
	33866 : E3;
	33867 : E3;
	33868 : E3;
	33869 : E3;
	33870 : E3;
	33871 : E3;
	33872 : E3;
	33873 : E3;
	33874 : E3;
	33875 : E3;
	33876 : E3;
	33877 : E3;
	33878 : E3;
	33879 : E3;
	33880 : E3;
	33881 : E3;
	33882 : E3;
	33883 : E3;
	33884 : E3;
	33885 : E3;
	33886 : E3;
	33887 : E3;
	33888 : E3;
	33889 : E3;
	33890 : E3;
	33891 : E3;
	33892 : E3;
	33893 : E3;
	33894 : E3;
	33895 : E3;
	33896 : E3;
	33897 : E3;
	33898 : E3;
	33899 : E3;
	33900 : E3;
	33901 : E3;
	33902 : E3;
	33903 : E3;
	33904 : E3;
	33905 : E3;
	33906 : E3;
	33907 : E3;
	33908 : E3;
	33909 : E3;
	33910 : E3;
	33911 : E3;
	33912 : E3;
	33913 : E3;
	33914 : E3;
	33915 : E3;
	33916 : E3;
	33917 : E3;
	33918 : E3;
	33919 : E3;
	33920 : E3;
	33921 : E3;
	33922 : E3;
	33923 : E3;
	33924 : E3;
	33925 : E3;
	33926 : E3;
	33927 : E3;
	33928 : E3;
	33929 : E3;
	33930 : E3;
	33931 : E3;
	33932 : E3;
	33933 : E3;
	33934 : E3;
	33935 : E3;
	33936 : E3;
	33937 : E3;
	33938 : E3;
	33939 : E3;
	33940 : E3;
	33941 : E3;
	33942 : E3;
	33943 : E3;
	33944 : E3;
	33945 : E3;
	33946 : E3;
	33947 : E3;
	33948 : E3;
	33949 : E3;
	33950 : E3;
	33951 : E3;
	33952 : E3;
	33953 : E3;
	33954 : E3;
	33955 : E3;
	33956 : E3;
	33957 : E3;
	33958 : E3;
	33959 : E3;
	33960 : E3;
	33961 : E3;
	33962 : E3;
	33963 : E3;
	33964 : E3;
	33965 : E3;
	33966 : E3;
	33967 : E3;
	33968 : E3;
	33969 : E3;
	33970 : E3;
	33971 : E3;
	33972 : E3;
	33973 : E3;
	33974 : E3;
	33975 : E3;
	33976 : E3;
	33977 : E3;
	33978 : E3;
	33979 : E3;
	33980 : E3;
	33981 : E3;
	33982 : E3;
	33983 : E3;
	33984 : E3;
	33985 : E3;
	33986 : E3;
	33987 : E3;
	33988 : E3;
	33989 : E3;
	33990 : E3;
	33991 : E3;
	33992 : E3;
	33993 : E3;
	33994 : E3;
	33995 : E3;
	33996 : E3;
	33997 : E3;
	33998 : E3;
	33999 : E3;
	34000 : E3;
	34001 : E3;
	34002 : E3;
	34003 : E3;
	34004 : E3;
	34005 : E3;
	34006 : E3;
	34007 : E3;
	34008 : E3;
	34009 : E3;
	34010 : E3;
	34011 : E3;
	34012 : E3;
	34013 : E3;
	34014 : E3;
	34015 : E3;
	34016 : E3;
	34017 : E3;
	34018 : E3;
	34019 : E3;
	34020 : E3;
	34021 : E3;
	34022 : E3;
	34023 : E3;
	34024 : E3;
	34025 : E3;
	34026 : E3;
	34027 : E3;
	34028 : E3;
	34029 : E3;
	34030 : E3;
	34031 : E3;
	34032 : E3;
	34033 : E3;
	34034 : E3;
	34035 : E3;
	34036 : E3;
	34037 : E3;
	34038 : E3;
	34039 : E3;
	34040 : E3;
	34041 : E3;
	34042 : E3;
	34043 : E3;
	34044 : E3;
	34045 : E3;
	34046 : E3;
	34047 : E3;
	34048 : E3;
	34049 : E3;
	34050 : E3;
	34051 : E3;
	34052 : E3;
	34053 : E3;
	34054 : E3;
	34055 : E3;
	34056 : E3;
	34057 : E3;
	34058 : E3;
	34059 : E3;
	34060 : E3;
	34061 : E3;
	34062 : E3;
	34063 : E3;
	34064 : E3;
	34065 : E3;
	34066 : E3;
	34067 : E3;
	34068 : E3;
	34069 : E3;
	34070 : E3;
	34071 : E3;
	34072 : E3;
	34073 : E3;
	34074 : E3;
	34075 : E3;
	34076 : E3;
	34077 : E3;
	34078 : E3;
	34079 : E3;
	34080 : E3;
	34081 : E3;
	34082 : E3;
	34083 : E3;
	34084 : E3;
	34085 : E3;
	34086 : E3;
	34087 : E3;
	34088 : E3;
	34089 : E3;
	34090 : E3;
	34091 : E3;
	34092 : E3;
	34093 : E3;
	34094 : E3;
	34095 : E3;
	34096 : E3;
	34097 : E3;
	34098 : E3;
	34099 : E3;
	34100 : E3;
	34101 : E3;
	34102 : E3;
	34103 : E3;
	34104 : E3;
	34105 : E3;
	34106 : E3;
	34107 : E3;
	34108 : E3;
	34109 : E3;
	34110 : E3;
	34111 : E3;
	34112 : E3;
	34113 : E3;
	34114 : E3;
	34115 : E3;
	34116 : E3;
	34117 : E3;
	34118 : E3;
	34119 : E3;
	34120 : E3;
	34121 : E3;
	34122 : E3;
	34123 : E3;
	34124 : E3;
	34125 : E3;
	34126 : E3;
	34127 : E3;
	34128 : E3;
	34129 : E3;
	34130 : E3;
	34131 : E3;
	34132 : E3;
	34133 : E3;
	34134 : E3;
	34135 : E3;
	34136 : E3;
	34137 : E3;
	34138 : E3;
	34139 : E3;
	34140 : E3;
	34141 : E3;
	34142 : E3;
	34143 : E3;
	34144 : E3;
	34145 : E3;
	34146 : E3;
	34147 : E3;
	34148 : E3;
	34149 : E3;
	34150 : E3;
	34151 : E3;
	34152 : E3;
	34153 : E3;
	34154 : E3;
	34155 : E3;
	34156 : E3;
	34157 : E3;
	34158 : E3;
	34159 : E3;
	34160 : E3;
	34161 : E3;
	34162 : E3;
	34163 : E3;
	34164 : E3;
	34165 : E3;
	34166 : E3;
	34167 : E3;
	34168 : E3;
	34169 : E3;
	34170 : E3;
	34171 : E3;
	34172 : E3;
	34173 : E3;
	34174 : E3;
	34175 : E3;
	34176 : E3;
	34177 : E3;
	34178 : E3;
	34179 : E3;
	34180 : E3;
	34181 : E3;
	34182 : E3;
	34183 : E3;
	34184 : E3;
	34185 : E3;
	34186 : E3;
	34187 : E3;
	34188 : E3;
	34189 : E3;
	34190 : E3;
	34191 : E3;
	34192 : E3;
	34193 : E3;
	34194 : E3;
	34195 : E3;
	34196 : E3;
	34197 : E3;
	34198 : E3;
	34199 : E3;
	34200 : E3;
	34201 : E3;
	34202 : E3;
	34203 : E3;
	34204 : E3;
	34205 : E3;
	34206 : E3;
	34207 : E3;
	34208 : E3;
	34209 : E3;
	34210 : E3;
	34211 : E3;
	34212 : E3;
	34213 : E3;
	34214 : E3;
	34215 : E3;
	34216 : E3;
	34217 : E3;
	34218 : E3;
	34219 : E3;
	34220 : E3;
	34221 : E3;
	34222 : E3;
	34223 : E3;
	34224 : E3;
	34225 : E3;
	34226 : E3;
	34227 : E3;
	34228 : E3;
	34229 : E3;
	34230 : E3;
	34231 : E3;
	34232 : E3;
	34233 : E3;
	34234 : E3;
	34235 : E3;
	34236 : E3;
	34237 : E3;
	34238 : E3;
	34239 : E3;
	34240 : E3;
	34241 : E3;
	34242 : E3;
	34243 : E3;
	34244 : E3;
	34245 : E3;
	34246 : E3;
	34247 : E3;
	34248 : E3;
	34249 : E3;
	34250 : E3;
	34251 : E3;
	34252 : E3;
	34253 : E3;
	34254 : E3;
	34255 : E3;
	34256 : E3;
	34257 : E3;
	34258 : E3;
	34259 : E3;
	34260 : E3;
	34261 : E3;
	34262 : E3;
	34263 : E3;
	34264 : E3;
	34265 : E3;
	34266 : E3;
	34267 : E3;
	34268 : E3;
	34269 : E3;
	34270 : E3;
	34271 : E3;
	34272 : E3;
	34273 : E3;
	34274 : E3;
	34275 : E3;
	34276 : E3;
	34277 : E3;
	34278 : E3;
	34279 : E3;
	34280 : E3;
	34281 : E3;
	34282 : E3;
	34283 : E3;
	34284 : E3;
	34285 : E3;
	34286 : E3;
	34287 : E3;
	34288 : E3;
	34289 : E3;
	34290 : E3;
	34291 : E3;
	34292 : E3;
	34293 : E3;
	34294 : E3;
	34295 : E3;
	34296 : E3;
	34297 : E3;
	34298 : E3;
	34299 : E3;
	34300 : E3;
	34301 : E3;
	34302 : E3;
	34303 : E3;
	34304 : E3;
	34305 : E3;
	34306 : E3;
	34307 : E3;
	34308 : E3;
	34309 : E3;
	34310 : E3;
	34311 : E3;
	34312 : E3;
	34313 : E3;
	34314 : E3;
	34315 : E3;
	34316 : E3;
	34317 : E3;
	34318 : E3;
	34319 : E3;
	34320 : E3;
	34321 : E3;
	34322 : E3;
	34323 : E3;
	34324 : E3;
	34325 : E3;
	34326 : E3;
	34327 : E3;
	34328 : E3;
	34329 : E3;
	34330 : E3;
	34331 : E3;
	34332 : E3;
	34333 : E3;
	34334 : E3;
	34335 : E3;
	34336 : E3;
	34337 : E3;
	34338 : E3;
	34339 : E3;
	34340 : E3;
	34341 : E3;
	34342 : E3;
	34343 : E3;
	34344 : E3;
	34345 : E3;
	34346 : E3;
	34347 : E3;
	34348 : E3;
	34349 : E3;
	34350 : E3;
	34351 : E3;
	34352 : E3;
	34353 : E3;
	34354 : E3;
	34355 : E3;
	34356 : E3;
	34357 : E3;
	34358 : E3;
	34359 : E3;
	34360 : E3;
	34361 : E3;
	34362 : E3;
	34363 : E3;
	34364 : E3;
	34365 : E3;
	34366 : E3;
	34367 : E3;
	34368 : E3;
	34369 : E3;
	34370 : E3;
	34371 : E3;
	34372 : E3;
	34373 : E3;
	34374 : E3;
	34375 : E3;
	34376 : E3;
	34377 : E3;
	34378 : E3;
	34379 : E3;
	34380 : E3;
	34381 : E3;
	34382 : E3;
	34383 : E3;
	34384 : E3;
	34385 : E3;
	34386 : E3;
	34387 : E3;
	34388 : E3;
	34389 : E3;
	34390 : E3;
	34391 : E3;
	34392 : E3;
	34393 : E3;
	34394 : E3;
	34395 : E3;
	34396 : E3;
	34397 : E3;
	34398 : E3;
	34399 : E3;
	34400 : E3;
	34401 : E3;
	34402 : E3;
	34403 : E3;
	34404 : E3;
	34405 : E3;
	34406 : E3;
	34407 : E3;
	34408 : E3;
	34409 : E3;
	34410 : E3;
	34411 : E3;
	34412 : E3;
	34413 : E3;
	34414 : E3;
	34415 : E3;
	34416 : E3;
	34417 : E3;
	34418 : E3;
	34419 : E3;
	34420 : E3;
	34421 : E3;
	34422 : E3;
	34423 : E3;
	34424 : E3;
	34425 : E3;
	34426 : E3;
	34427 : E3;
	34428 : E3;
	34429 : E3;
	34430 : E3;
	34431 : E3;
	34432 : E3;
	34433 : E3;
	34434 : E3;
	34435 : E3;
	34436 : E3;
	34437 : E3;
	34438 : E3;
	34439 : E3;
	34440 : E3;
	34441 : E3;
	34442 : E3;
	34443 : E3;
	34444 : E3;
	34445 : E3;
	34446 : E3;
	34447 : E3;
	34448 : E3;
	34449 : E3;
	34450 : E3;
	34451 : E3;
	34452 : E3;
	34453 : E3;
	34454 : E3;
	34455 : E3;
	34456 : E3;
	34457 : E3;
	34458 : E3;
	34459 : E3;
	34460 : E3;
	34461 : E3;
	34462 : E3;
	34463 : E3;
	34464 : E3;
	34465 : E3;
	34466 : E3;
	34467 : E3;
	34468 : E3;
	34469 : E3;
	34470 : E3;
	34471 : E3;
	34472 : E3;
	34473 : E3;
	34474 : E3;
	34475 : E3;
	34476 : E3;
	34477 : E3;
	34478 : E3;
	34479 : E3;
	34480 : E3;
	34481 : E3;
	34482 : E3;
	34483 : E3;
	34484 : E3;
	34485 : E3;
	34486 : E3;
	34487 : E3;
	34488 : E3;
	34489 : E3;
	34490 : E3;
	34491 : E3;
	34492 : E3;
	34493 : E3;
	34494 : E3;
	34495 : E3;
	34496 : E3;
	34497 : E3;
	34498 : E3;
	34499 : E3;
	34500 : E3;
	34501 : E3;
	34502 : E3;
	34503 : E3;
	34504 : E3;
	34505 : E3;
	34506 : E3;
	34507 : E3;
	34508 : E3;
	34509 : E3;
	34510 : E3;
	34511 : E3;
	34512 : E3;
	34513 : E3;
	34514 : E3;
	34515 : E3;
	34516 : E3;
	34517 : E3;
	34518 : E3;
	34519 : E3;
	34520 : E3;
	34521 : E3;
	34522 : E3;
	34523 : E3;
	34524 : E3;
	34525 : E3;
	34526 : E3;
	34527 : E3;
	34528 : E3;
	34529 : E3;
	34530 : E3;
	34531 : E3;
	34532 : E3;
	34533 : E3;
	34534 : E3;
	34535 : E3;
	34536 : E3;
	34537 : E3;
	34538 : E3;
	34539 : E3;
	34540 : E3;
	34541 : E3;
	34542 : E3;
	34543 : E3;
	34544 : E3;
	34545 : E3;
	34546 : E3;
	34547 : E3;
	34548 : E3;
	34549 : E3;
	34550 : E3;
	34551 : E3;
	34552 : E3;
	34553 : E3;
	34554 : E3;
	34555 : E3;
	34556 : E3;
	34557 : E3;
	34558 : E3;
	34559 : E3;
	34560 : E3;
	34561 : E3;
	34562 : E3;
	34563 : E3;
	34564 : E3;
	34565 : E3;
	34566 : E3;
	34567 : E3;
	34568 : E3;
	34569 : E3;
	34570 : E3;
	34571 : E3;
	34572 : E3;
	34573 : E3;
	34574 : E3;
	34575 : E3;
	34576 : E3;
	34577 : E3;
	34578 : E3;
	34579 : E3;
	34580 : E3;
	34581 : E3;
	34582 : E3;
	34583 : E3;
	34584 : E3;
	34585 : E3;
	34586 : E3;
	34587 : E3;
	34588 : E3;
	34589 : E3;
	34590 : E3;
	34591 : E3;
	34592 : E3;
	34593 : E3;
	34594 : E3;
	34595 : E3;
	34596 : E3;
	34597 : E3;
	34598 : E3;
	34599 : E3;
	34600 : E3;
	34601 : E3;
	34602 : E3;
	34603 : E3;
	34604 : E3;
	34605 : E3;
	34606 : E3;
	34607 : E3;
	34608 : E3;
	34609 : E3;
	34610 : E3;
	34611 : E3;
	34612 : E3;
	34613 : E3;
	34614 : E3;
	34615 : E3;
	34616 : E3;
	34617 : E3;
	34618 : E3;
	34619 : E3;
	34620 : E3;
	34621 : E3;
	34622 : E3;
	34623 : E3;
	34624 : E3;
	34625 : E3;
	34626 : E3;
	34627 : E3;
	34628 : E3;
	34629 : E3;
	34630 : E3;
	34631 : E3;
	34632 : E3;
	34633 : E3;
	34634 : E3;
	34635 : E3;
	34636 : E3;
	34637 : E3;
	34638 : E3;
	34639 : E3;
	34640 : E3;
	34641 : E3;
	34642 : E3;
	34643 : E3;
	34644 : E3;
	34645 : E3;
	34646 : E3;
	34647 : E3;
	34648 : E3;
	34649 : E3;
	34650 : E3;
	34651 : E3;
	34652 : E3;
	34653 : E3;
	34654 : E3;
	34655 : E3;
	34656 : E3;
	34657 : E3;
	34658 : E3;
	34659 : E3;
	34660 : E3;
	34661 : E3;
	34662 : E3;
	34663 : E3;
	34664 : E3;
	34665 : E3;
	34666 : E3;
	34667 : E3;
	34668 : E3;
	34669 : E3;
	34670 : E3;
	34671 : E3;
	34672 : E3;
	34673 : E3;
	34674 : E3;
	34675 : E3;
	34676 : E3;
	34677 : E3;
	34678 : E3;
	34679 : E3;
	34680 : E3;
	34681 : E3;
	34682 : E3;
	34683 : E3;
	34684 : E3;
	34685 : E3;
	34686 : E3;
	34687 : E3;
	34688 : E3;
	34689 : E3;
	34690 : E3;
	34691 : E3;
	34692 : E3;
	34693 : E3;
	34694 : E3;
	34695 : E3;
	34696 : E3;
	34697 : E3;
	34698 : E3;
	34699 : E3;
	34700 : E3;
	34701 : E3;
	34702 : E3;
	34703 : E3;
	34704 : E3;
	34705 : E3;
	34706 : E3;
	34707 : E3;
	34708 : E3;
	34709 : E3;
	34710 : E3;
	34711 : E3;
	34712 : E3;
	34713 : E3;
	34714 : E3;
	34715 : E3;
	34716 : E3;
	34717 : E3;
	34718 : E3;
	34719 : E3;
	34720 : E3;
	34721 : E3;
	34722 : E3;
	34723 : E3;
	34724 : E3;
	34725 : E3;
	34726 : E3;
	34727 : E3;
	34728 : E3;
	34729 : E3;
	34730 : E3;
	34731 : E3;
	34732 : E3;
	34733 : E3;
	34734 : E3;
	34735 : E3;
	34736 : E3;
	34737 : E3;
	34738 : E3;
	34739 : E3;
	34740 : E3;
	34741 : E3;
	34742 : E3;
	34743 : E3;
	34744 : E3;
	34745 : E3;
	34746 : E3;
	34747 : E3;
	34748 : E3;
	34749 : E3;
	34750 : E3;
	34751 : E3;
	34752 : E3;
	34753 : E3;
	34754 : E3;
	34755 : E3;
	34756 : E3;
	34757 : E3;
	34758 : E3;
	34759 : E3;
	34760 : E3;
	34761 : E3;
	34762 : E3;
	34763 : E3;
	34764 : E3;
	34765 : E3;
	34766 : E3;
	34767 : E3;
	34768 : E3;
	34769 : E3;
	34770 : E3;
	34771 : E3;
	34772 : E3;
	34773 : E3;
	34774 : E3;
	34775 : E3;
	34776 : E3;
	34777 : E3;
	34778 : E3;
	34779 : E3;
	34780 : E3;
	34781 : E3;
	34782 : E3;
	34783 : E3;
	34784 : E3;
	34785 : E3;
	34786 : E3;
	34787 : E3;
	34788 : E3;
	34789 : E3;
	34790 : E3;
	34791 : E3;
	34792 : E3;
	34793 : E3;
	34794 : E3;
	34795 : E3;
	34796 : E3;
	34797 : E3;
	34798 : E3;
	34799 : E3;
	34800 : E3;
	34801 : E3;
	34802 : E3;
	34803 : E3;
	34804 : E3;
	34805 : E3;
	34806 : E3;
	34807 : E3;
	34808 : E3;
	34809 : E3;
	34810 : E3;
	34811 : E3;
	34812 : E3;
	34813 : E3;
	34814 : E3;
	34815 : E3;
	34816 : E3;
	34817 : E3;
	34818 : E3;
	34819 : E3;
	34820 : E3;
	34821 : E3;
	34822 : E3;
	34823 : E3;
	34824 : E3;
	34825 : E3;
	34826 : E3;
	34827 : E3;
	34828 : E3;
	34829 : E3;
	34830 : E3;
	34831 : E3;
	34832 : E3;
	34833 : E3;
	34834 : E3;
	34835 : E3;
	34836 : E3;
	34837 : E3;
	34838 : E3;
	34839 : E3;
	34840 : E3;
	34841 : E3;
	34842 : E3;
	34843 : E3;
	34844 : E3;
	34845 : E3;
	34846 : E3;
	34847 : E3;
	34848 : E3;
	34849 : E3;
	34850 : E3;
	34851 : E3;
	34852 : E3;
	34853 : E3;
	34854 : E3;
	34855 : E3;
	34856 : E3;
	34857 : E3;
	34858 : E3;
	34859 : E3;
	34860 : E3;
	34861 : E3;
	34862 : E3;
	34863 : E3;
	34864 : E3;
	34865 : E3;
	34866 : E3;
	34867 : E3;
	34868 : E3;
	34869 : E3;
	34870 : E3;
	34871 : E3;
	34872 : E3;
	34873 : E3;
	34874 : E3;
	34875 : E3;
	34876 : E3;
	34877 : E3;
	34878 : E3;
	34879 : E3;
	34880 : E3;
	34881 : E3;
	34882 : E3;
	34883 : E3;
	34884 : E3;
	34885 : E3;
	34886 : E3;
	34887 : E3;
	34888 : E3;
	34889 : E3;
	34890 : E3;
	34891 : E3;
	34892 : E3;
	34893 : E3;
	34894 : E3;
	34895 : E3;
	34896 : E3;
	34897 : E3;
	34898 : E3;
	34899 : E3;
	34900 : E3;
	34901 : E3;
	34902 : E3;
	34903 : E3;
	34904 : E3;
	34905 : E3;
	34906 : E3;
	34907 : E3;
	34908 : E3;
	34909 : E3;
	34910 : E3;
	34911 : E3;
	34912 : E3;
	34913 : E3;
	34914 : E3;
	34915 : E3;
	34916 : E3;
	34917 : E3;
	34918 : 24;
	34919 : 24;
	34920 : E3;
	34921 : E3;
	34922 : E3;
	34923 : E3;
	34924 : E3;
	34925 : E3;
	34926 : E3;
	34927 : E3;
	34928 : E3;
	34929 : E3;
	34930 : E3;
	34931 : E3;
	34932 : E3;
	34933 : E3;
	34934 : E3;
	34935 : E3;
	34936 : E3;
	34937 : E3;
	34938 : E3;
	34939 : E3;
	34940 : E3;
	34941 : E3;
	34942 : E3;
	34943 : E3;
	34944 : E3;
	34945 : E3;
	34946 : E3;
	34947 : E3;
	34948 : E3;
	34949 : E3;
	34950 : E3;
	34951 : E3;
	34952 : E3;
	34953 : E3;
	34954 : E3;
	34955 : E3;
	34956 : E3;
	34957 : E3;
	34958 : E3;
	34959 : E3;
	34960 : E3;
	34961 : E3;
	34962 : E3;
	34963 : E3;
	34964 : E3;
	34965 : E3;
	34966 : E3;
	34967 : E3;
	34968 : E3;
	34969 : E3;
	34970 : E3;
	34971 : E3;
	34972 : E3;
	34973 : E3;
	34974 : E3;
	34975 : E3;
	34976 : E3;
	34977 : E3;
	34978 : E3;
	34979 : E3;
	34980 : E3;
	34981 : 24;
	34982 : 24;
	34983 : 24;
	34984 : 24;
	34985 : E3;
	34986 : E3;
	34987 : E3;
	34988 : E3;
	34989 : E3;
	34990 : E3;
	34991 : E3;
	34992 : E3;
	34993 : E3;
	34994 : E3;
	34995 : E3;
	34996 : E3;
	34997 : E3;
	34998 : E3;
	34999 : E3;
	35000 : E3;
	35001 : E3;
	35002 : E3;
	35003 : E3;
	35004 : E3;
	35005 : E3;
	35006 : E3;
	35007 : E3;
	35008 : E3;
	35009 : E3;
	35010 : E3;
	35011 : E3;
	35012 : E3;
	35013 : E3;
	35014 : E3;
	35015 : E3;
	35016 : E3;
	35017 : E3;
	35018 : E3;
	35019 : E3;
	35020 : E3;
	35021 : E3;
	35022 : E3;
	35023 : E3;
	35024 : E3;
	35025 : E3;
	35026 : E3;
	35027 : E3;
	35028 : E3;
	35029 : E3;
	35030 : E3;
	35031 : E3;
	35032 : E3;
	35033 : E3;
	35034 : E3;
	35035 : E3;
	35036 : E3;
	35037 : E3;
	35038 : E3;
	35039 : E3;
	35040 : E3;
	35041 : E3;
	35042 : E3;
	35043 : E3;
	35044 : 24;
	35045 : 24;
	35046 : 44;
	35047 : A8;
	35048 : 84;
	35049 : 44;
	35050 : E3;
	35051 : E3;
	35052 : E3;
	35053 : E3;
	35054 : E3;
	35055 : E3;
	35056 : E3;
	35057 : E3;
	35058 : E3;
	35059 : E3;
	35060 : E3;
	35061 : E3;
	35062 : E3;
	35063 : E3;
	35064 : E3;
	35065 : E3;
	35066 : E3;
	35067 : E3;
	35068 : E3;
	35069 : E3;
	35070 : E3;
	35071 : E3;
	35072 : E3;
	35073 : E3;
	35074 : E3;
	35075 : E3;
	35076 : E3;
	35077 : E3;
	35078 : E3;
	35079 : E3;
	35080 : E3;
	35081 : E3;
	35082 : E3;
	35083 : E3;
	35084 : E3;
	35085 : E3;
	35086 : E3;
	35087 : E3;
	35088 : E3;
	35089 : E3;
	35090 : E3;
	35091 : E3;
	35092 : E3;
	35093 : E3;
	35094 : E3;
	35095 : E3;
	35096 : E3;
	35097 : E3;
	35098 : E3;
	35099 : E3;
	35100 : E3;
	35101 : E3;
	35102 : E3;
	35103 : E3;
	35104 : E3;
	35105 : E3;
	35106 : E3;
	35107 : 44;
	35108 : 44;
	35109 : 44;
	35110 : 64;
	35111 : A8;
	35112 : A8;
	35113 : CC;
	35114 : A9;
	35115 : E3;
	35116 : E3;
	35117 : E3;
	35118 : E3;
	35119 : E3;
	35120 : E3;
	35121 : E3;
	35122 : E3;
	35123 : E3;
	35124 : E3;
	35125 : E3;
	35126 : E3;
	35127 : E3;
	35128 : E3;
	35129 : E3;
	35130 : E3;
	35131 : E3;
	35132 : E3;
	35133 : E3;
	35134 : E3;
	35135 : E3;
	35136 : E3;
	35137 : E3;
	35138 : E3;
	35139 : E3;
	35140 : E3;
	35141 : E3;
	35142 : E3;
	35143 : E3;
	35144 : E3;
	35145 : E3;
	35146 : E3;
	35147 : E3;
	35148 : E3;
	35149 : E3;
	35150 : E3;
	35151 : E3;
	35152 : E3;
	35153 : E3;
	35154 : E3;
	35155 : E3;
	35156 : E3;
	35157 : E3;
	35158 : E3;
	35159 : E3;
	35160 : E3;
	35161 : E3;
	35162 : E3;
	35163 : E3;
	35164 : E3;
	35165 : 60;
	35166 : 60;
	35167 : 60;
	35168 : A0;
	35169 : A0;
	35170 : A8;
	35171 : 88;
	35172 : 64;
	35173 : A8;
	35174 : CD;
	35175 : 88;
	35176 : 69;
	35177 : 84;
	35178 : E3;
	35179 : E3;
	35180 : E3;
	35181 : E3;
	35182 : E3;
	35183 : E3;
	35184 : E3;
	35185 : E3;
	35186 : E3;
	35187 : E3;
	35188 : E3;
	35189 : E3;
	35190 : E3;
	35191 : E3;
	35192 : E3;
	35193 : E3;
	35194 : E3;
	35195 : E3;
	35196 : E3;
	35197 : E3;
	35198 : E3;
	35199 : E3;
	35200 : E3;
	35201 : E3;
	35202 : E3;
	35203 : E3;
	35204 : E3;
	35205 : E3;
	35206 : E3;
	35207 : E3;
	35208 : E3;
	35209 : E3;
	35210 : E3;
	35211 : E3;
	35212 : E3;
	35213 : E3;
	35214 : E3;
	35215 : E3;
	35216 : E3;
	35217 : E3;
	35218 : E3;
	35219 : E3;
	35220 : E3;
	35221 : E3;
	35222 : E3;
	35223 : E3;
	35224 : E3;
	35225 : E3;
	35226 : E3;
	35227 : 80;
	35228 : A0;
	35229 : C0;
	35230 : C0;
	35231 : C0;
	35232 : A0;
	35233 : A0;
	35234 : A0;
	35235 : A8;
	35236 : A8;
	35237 : 88;
	35238 : CC;
	35239 : A8;
	35240 : 88;
	35241 : A8;
	35242 : E3;
	35243 : E3;
	35244 : E3;
	35245 : E3;
	35246 : E3;
	35247 : E3;
	35248 : E3;
	35249 : E3;
	35250 : E3;
	35251 : E3;
	35252 : E3;
	35253 : E3;
	35254 : E3;
	35255 : E3;
	35256 : E3;
	35257 : E3;
	35258 : E3;
	35259 : E3;
	35260 : E3;
	35261 : E3;
	35262 : E3;
	35263 : E3;
	35264 : E3;
	35265 : E3;
	35266 : E3;
	35267 : E3;
	35268 : E3;
	35269 : E3;
	35270 : E3;
	35271 : E3;
	35272 : E3;
	35273 : E3;
	35274 : E3;
	35275 : E3;
	35276 : E3;
	35277 : E3;
	35278 : E3;
	35279 : E3;
	35280 : E3;
	35281 : E3;
	35282 : E3;
	35283 : E3;
	35284 : E3;
	35285 : E3;
	35286 : E3;
	35287 : E3;
	35288 : E3;
	35289 : E3;
	35290 : 80;
	35291 : A0;
	35292 : E0;
	35293 : E0;
	35294 : E0;
	35295 : E0;
	35296 : C0;
	35297 : C0;
	35298 : A0;
	35299 : A4;
	35300 : 88;
	35301 : 64;
	35302 : A8;
	35303 : B6;
	35304 : DA;
	35305 : 91;
	35306 : 85;
	35307 : E3;
	35308 : E3;
	35309 : E3;
	35310 : E3;
	35311 : E3;
	35312 : E3;
	35313 : E3;
	35314 : E3;
	35315 : E3;
	35316 : E3;
	35317 : E3;
	35318 : E3;
	35319 : E3;
	35320 : E3;
	35321 : E3;
	35322 : E3;
	35323 : E3;
	35324 : E3;
	35325 : E3;
	35326 : E3;
	35327 : E3;
	35328 : E3;
	35329 : E3;
	35330 : E3;
	35331 : E3;
	35332 : E3;
	35333 : E3;
	35334 : E3;
	35335 : E3;
	35336 : E3;
	35337 : E3;
	35338 : E3;
	35339 : E3;
	35340 : E3;
	35341 : E3;
	35342 : E3;
	35343 : E3;
	35344 : E3;
	35345 : E3;
	35346 : E3;
	35347 : E3;
	35348 : E3;
	35349 : E3;
	35350 : E3;
	35351 : E3;
	35352 : E3;
	35353 : 80;
	35354 : 80;
	35355 : A0;
	35356 : C0;
	35357 : E0;
	35358 : E0;
	35359 : E0;
	35360 : E0;
	35361 : A0;
	35362 : A0;
	35363 : 80;
	35364 : 84;
	35365 : 88;
	35366 : 91;
	35367 : DA;
	35368 : DA;
	35369 : DA;
	35370 : 91;
	35371 : E3;
	35372 : E3;
	35373 : E3;
	35374 : E3;
	35375 : E3;
	35376 : E3;
	35377 : E3;
	35378 : E3;
	35379 : E3;
	35380 : E3;
	35381 : E3;
	35382 : E3;
	35383 : E3;
	35384 : E3;
	35385 : E3;
	35386 : E3;
	35387 : E3;
	35388 : E3;
	35389 : E3;
	35390 : E3;
	35391 : E3;
	35392 : E3;
	35393 : E3;
	35394 : E3;
	35395 : E3;
	35396 : E3;
	35397 : E3;
	35398 : E3;
	35399 : E3;
	35400 : E3;
	35401 : E3;
	35402 : E3;
	35403 : E3;
	35404 : E3;
	35405 : E3;
	35406 : E3;
	35407 : E3;
	35408 : E3;
	35409 : E3;
	35410 : E3;
	35411 : E3;
	35412 : E3;
	35413 : E3;
	35414 : E3;
	35415 : E3;
	35416 : E3;
	35417 : A0;
	35418 : 80;
	35419 : A0;
	35420 : A0;
	35421 : C0;
	35422 : C0;
	35423 : C0;
	35424 : C0;
	35425 : A0;
	35426 : 80;
	35427 : 80;
	35428 : 80;
	35429 : B1;
	35430 : DA;
	35431 : DA;
	35432 : DA;
	35433 : DA;
	35434 : 91;
	35435 : A5;
	35436 : E3;
	35437 : E3;
	35438 : E3;
	35439 : E3;
	35440 : E3;
	35441 : E3;
	35442 : E3;
	35443 : E3;
	35444 : E3;
	35445 : E3;
	35446 : E3;
	35447 : E3;
	35448 : E3;
	35449 : E3;
	35450 : E3;
	35451 : E3;
	35452 : E3;
	35453 : E3;
	35454 : E3;
	35455 : E3;
	35456 : E3;
	35457 : E3;
	35458 : E3;
	35459 : E3;
	35460 : E3;
	35461 : E3;
	35462 : E3;
	35463 : E3;
	35464 : E3;
	35465 : E3;
	35466 : E3;
	35467 : E3;
	35468 : E3;
	35469 : E3;
	35470 : E3;
	35471 : E3;
	35472 : E3;
	35473 : E3;
	35474 : E3;
	35475 : E3;
	35476 : E3;
	35477 : E3;
	35478 : E3;
	35479 : E3;
	35480 : E3;
	35481 : A0;
	35482 : A0;
	35483 : 80;
	35484 : A0;
	35485 : A0;
	35486 : C0;
	35487 : C4;
	35488 : C4;
	35489 : C8;
	35490 : A8;
	35491 : 80;
	35492 : 84;
	35493 : CD;
	35494 : B1;
	35495 : D6;
	35496 : B6;
	35497 : 91;
	35498 : 84;
	35499 : 84;
	35500 : E3;
	35501 : E3;
	35502 : E3;
	35503 : E3;
	35504 : E3;
	35505 : E3;
	35506 : E3;
	35507 : E3;
	35508 : E3;
	35509 : E3;
	35510 : E3;
	35511 : E3;
	35512 : E3;
	35513 : E3;
	35514 : E3;
	35515 : E3;
	35516 : E3;
	35517 : E3;
	35518 : E3;
	35519 : E3;
	35520 : E3;
	35521 : E3;
	35522 : E3;
	35523 : E3;
	35524 : E3;
	35525 : E3;
	35526 : E3;
	35527 : E3;
	35528 : E3;
	35529 : E3;
	35530 : E3;
	35531 : E3;
	35532 : E3;
	35533 : E3;
	35534 : E3;
	35535 : E3;
	35536 : E3;
	35537 : E3;
	35538 : E3;
	35539 : E3;
	35540 : E3;
	35541 : E3;
	35542 : E3;
	35543 : E3;
	35544 : E3;
	35545 : 80;
	35546 : A0;
	35547 : 60;
	35548 : A0;
	35549 : C4;
	35550 : CD;
	35551 : CD;
	35552 : A8;
	35553 : A8;
	35554 : CD;
	35555 : C8;
	35556 : CD;
	35557 : CC;
	35558 : C8;
	35559 : 8D;
	35560 : 84;
	35561 : 84;
	35562 : A8;
	35563 : CD;
	35564 : CD;
	35565 : E3;
	35566 : E3;
	35567 : E3;
	35568 : DA;
	35569 : D6;
	35570 : E3;
	35571 : E3;
	35572 : E3;
	35573 : E3;
	35574 : E3;
	35575 : E3;
	35576 : E3;
	35577 : E3;
	35578 : E3;
	35579 : E3;
	35580 : E3;
	35581 : E3;
	35582 : E3;
	35583 : E3;
	35584 : E3;
	35585 : E3;
	35586 : E3;
	35587 : E3;
	35588 : E3;
	35589 : E3;
	35590 : E3;
	35591 : E3;
	35592 : E3;
	35593 : E3;
	35594 : E3;
	35595 : E3;
	35596 : E3;
	35597 : E3;
	35598 : E3;
	35599 : E3;
	35600 : E3;
	35601 : E3;
	35602 : E3;
	35603 : E3;
	35604 : E3;
	35605 : E3;
	35606 : E3;
	35607 : E3;
	35608 : E3;
	35609 : E3;
	35610 : 80;
	35611 : 80;
	35612 : A4;
	35613 : CD;
	35614 : CD;
	35615 : CD;
	35616 : ED;
	35617 : ED;
	35618 : ED;
	35619 : ED;
	35620 : CD;
	35621 : C8;
	35622 : A8;
	35623 : 80;
	35624 : A4;
	35625 : A8;
	35626 : CC;
	35627 : ED;
	35628 : CD;
	35629 : CD;
	35630 : A8;
	35631 : CD;
	35632 : B6;
	35633 : DA;
	35634 : E3;
	35635 : E3;
	35636 : E3;
	35637 : E3;
	35638 : E3;
	35639 : E3;
	35640 : E3;
	35641 : E3;
	35642 : E3;
	35643 : E3;
	35644 : E3;
	35645 : E3;
	35646 : E3;
	35647 : E3;
	35648 : E3;
	35649 : E3;
	35650 : E3;
	35651 : E3;
	35652 : E3;
	35653 : E3;
	35654 : E3;
	35655 : E3;
	35656 : E3;
	35657 : E3;
	35658 : E3;
	35659 : E3;
	35660 : E3;
	35661 : E3;
	35662 : E3;
	35663 : E3;
	35664 : E3;
	35665 : E3;
	35666 : E3;
	35667 : E3;
	35668 : E3;
	35669 : E3;
	35670 : E3;
	35671 : E3;
	35672 : E3;
	35673 : E3;
	35674 : E3;
	35675 : 80;
	35676 : 84;
	35677 : A8;
	35678 : CD;
	35679 : ED;
	35680 : ED;
	35681 : ED;
	35682 : CC;
	35683 : ED;
	35684 : CC;
	35685 : A8;
	35686 : 80;
	35687 : E3;
	35688 : A8;
	35689 : C8;
	35690 : A8;
	35691 : CC;
	35692 : CD;
	35693 : AD;
	35694 : CD;
	35695 : A8;
	35696 : AD;
	35697 : B6;
	35698 : DA;
	35699 : E3;
	35700 : E3;
	35701 : E3;
	35702 : E3;
	35703 : E3;
	35704 : E3;
	35705 : E3;
	35706 : E3;
	35707 : E3;
	35708 : E3;
	35709 : E3;
	35710 : E3;
	35711 : E3;
	35712 : E3;
	35713 : E3;
	35714 : E3;
	35715 : E3;
	35716 : E3;
	35717 : E3;
	35718 : E3;
	35719 : E3;
	35720 : E3;
	35721 : E3;
	35722 : E3;
	35723 : E3;
	35724 : E3;
	35725 : E3;
	35726 : E3;
	35727 : E3;
	35728 : E3;
	35729 : E3;
	35730 : E3;
	35731 : E3;
	35732 : E3;
	35733 : E3;
	35734 : E3;
	35735 : E3;
	35736 : E3;
	35737 : E3;
	35738 : E3;
	35739 : 80;
	35740 : 80;
	35741 : A8;
	35742 : CD;
	35743 : CD;
	35744 : A8;
	35745 : A8;
	35746 : CD;
	35747 : CC;
	35748 : C8;
	35749 : 84;
	35750 : E3;
	35751 : E3;
	35752 : E3;
	35753 : A8;
	35754 : C8;
	35755 : ED;
	35756 : D5;
	35757 : B6;
	35758 : AD;
	35759 : AD;
	35760 : AC;
	35761 : CD;
	35762 : B6;
	35763 : E3;
	35764 : E3;
	35765 : E3;
	35766 : E3;
	35767 : E3;
	35768 : E3;
	35769 : E3;
	35770 : E3;
	35771 : E3;
	35772 : E3;
	35773 : E3;
	35774 : E3;
	35775 : E3;
	35776 : E3;
	35777 : E3;
	35778 : E3;
	35779 : E3;
	35780 : E3;
	35781 : E3;
	35782 : E3;
	35783 : E3;
	35784 : E3;
	35785 : E3;
	35786 : E3;
	35787 : E3;
	35788 : E3;
	35789 : E3;
	35790 : E3;
	35791 : E3;
	35792 : E3;
	35793 : E3;
	35794 : E3;
	35795 : E3;
	35796 : E3;
	35797 : E3;
	35798 : E3;
	35799 : E3;
	35800 : E3;
	35801 : E3;
	35802 : 69;
	35803 : 64;
	35804 : 65;
	35805 : 80;
	35806 : 84;
	35807 : C8;
	35808 : CC;
	35809 : CC;
	35810 : C8;
	35811 : A8;
	35812 : A8;
	35813 : E3;
	35814 : E3;
	35815 : E3;
	35816 : E3;
	35817 : E3;
	35818 : A8;
	35819 : CC;
	35820 : B1;
	35821 : DA;
	35822 : B6;
	35823 : B6;
	35824 : 8D;
	35825 : CD;
	35826 : E3;
	35827 : E3;
	35828 : E3;
	35829 : E3;
	35830 : E3;
	35831 : E3;
	35832 : E3;
	35833 : E3;
	35834 : E3;
	35835 : E3;
	35836 : E3;
	35837 : E3;
	35838 : E3;
	35839 : E3;
	35840 : E3;
	35841 : E3;
	35842 : E3;
	35843 : E3;
	35844 : E3;
	35845 : E3;
	35846 : E3;
	35847 : E3;
	35848 : E3;
	35849 : E3;
	35850 : E3;
	35851 : E3;
	35852 : E3;
	35853 : E3;
	35854 : E3;
	35855 : E3;
	35856 : E3;
	35857 : E3;
	35858 : E3;
	35859 : E3;
	35860 : E3;
	35861 : E3;
	35862 : E3;
	35863 : E3;
	35864 : E3;
	35865 : 4A;
	35866 : 0D;
	35867 : 29;
	35868 : 4D;
	35869 : 49;
	35870 : 49;
	35871 : 64;
	35872 : 88;
	35873 : 88;
	35874 : 68;
	35875 : 49;
	35876 : 09;
	35877 : E3;
	35878 : E3;
	35879 : E3;
	35880 : E3;
	35881 : E3;
	35882 : E3;
	35883 : A8;
	35884 : C8;
	35885 : B1;
	35886 : B5;
	35887 : 91;
	35888 : E3;
	35889 : E3;
	35890 : E3;
	35891 : E3;
	35892 : E3;
	35893 : E3;
	35894 : E3;
	35895 : E3;
	35896 : E3;
	35897 : E3;
	35898 : E3;
	35899 : E3;
	35900 : E3;
	35901 : E3;
	35902 : E3;
	35903 : E3;
	35904 : E3;
	35905 : E3;
	35906 : E3;
	35907 : E3;
	35908 : E3;
	35909 : E3;
	35910 : E3;
	35911 : E3;
	35912 : E3;
	35913 : E3;
	35914 : E3;
	35915 : E3;
	35916 : E3;
	35917 : E3;
	35918 : E3;
	35919 : E3;
	35920 : E3;
	35921 : E3;
	35922 : E3;
	35923 : E3;
	35924 : E3;
	35925 : E3;
	35926 : E3;
	35927 : E3;
	35928 : E3;
	35929 : 0E;
	35930 : 12;
	35931 : 12;
	35932 : 0E;
	35933 : 0E;
	35934 : 0D;
	35935 : 2D;
	35936 : 2D;
	35937 : 2D;
	35938 : 29;
	35939 : 0E;
	35940 : 0E;
	35941 : 0E;
	35942 : E3;
	35943 : E3;
	35944 : E3;
	35945 : E3;
	35946 : E3;
	35947 : E3;
	35948 : E3;
	35949 : A8;
	35950 : E3;
	35951 : E3;
	35952 : E3;
	35953 : E3;
	35954 : E3;
	35955 : E3;
	35956 : E3;
	35957 : E3;
	35958 : E3;
	35959 : E3;
	35960 : E3;
	35961 : E3;
	35962 : E3;
	35963 : E3;
	35964 : E3;
	35965 : E3;
	35966 : E3;
	35967 : E3;
	35968 : E3;
	35969 : E3;
	35970 : E3;
	35971 : E3;
	35972 : E3;
	35973 : E3;
	35974 : E3;
	35975 : E3;
	35976 : E3;
	35977 : E3;
	35978 : E3;
	35979 : E3;
	35980 : E3;
	35981 : E3;
	35982 : E3;
	35983 : E3;
	35984 : E3;
	35985 : E3;
	35986 : E3;
	35987 : E3;
	35988 : E3;
	35989 : E3;
	35990 : E3;
	35991 : E3;
	35992 : E3;
	35993 : 0E;
	35994 : 12;
	35995 : 12;
	35996 : 12;
	35997 : 0E;
	35998 : 0E;
	35999 : 0E;
	36000 : 0E;
	36001 : 0E;
	36002 : 09;
	36003 : 0E;
	36004 : 0E;
	36005 : 0E;
	36006 : 0E;
	36007 : E3;
	36008 : E3;
	36009 : E3;
	36010 : E3;
	36011 : E3;
	36012 : E3;
	36013 : E3;
	36014 : E3;
	36015 : E3;
	36016 : E3;
	36017 : E3;
	36018 : E3;
	36019 : E3;
	36020 : E3;
	36021 : E3;
	36022 : E3;
	36023 : E3;
	36024 : E3;
	36025 : E3;
	36026 : E3;
	36027 : E3;
	36028 : E3;
	36029 : E3;
	36030 : E3;
	36031 : E3;
	36032 : E3;
	36033 : E3;
	36034 : E3;
	36035 : E3;
	36036 : E3;
	36037 : E3;
	36038 : E3;
	36039 : E3;
	36040 : E3;
	36041 : E3;
	36042 : E3;
	36043 : E3;
	36044 : E3;
	36045 : E3;
	36046 : E3;
	36047 : E3;
	36048 : E3;
	36049 : E3;
	36050 : E3;
	36051 : E3;
	36052 : E3;
	36053 : E3;
	36054 : E3;
	36055 : E3;
	36056 : 4A;
	36057 : 0E;
	36058 : 12;
	36059 : 17;
	36060 : 17;
	36061 : 12;
	36062 : 0E;
	36063 : 0E;
	36064 : 0E;
	36065 : 0E;
	36066 : 0D;
	36067 : 0E;
	36068 : 12;
	36069 : 17;
	36070 : 17;
	36071 : 6A;
	36072 : E3;
	36073 : E3;
	36074 : E3;
	36075 : E3;
	36076 : E3;
	36077 : E3;
	36078 : E3;
	36079 : E3;
	36080 : E3;
	36081 : E3;
	36082 : E3;
	36083 : E3;
	36084 : E3;
	36085 : E3;
	36086 : E3;
	36087 : E3;
	36088 : E3;
	36089 : E3;
	36090 : E3;
	36091 : E3;
	36092 : E3;
	36093 : E3;
	36094 : E3;
	36095 : E3;
	36096 : E3;
	36097 : E3;
	36098 : E3;
	36099 : E3;
	36100 : E3;
	36101 : E3;
	36102 : E3;
	36103 : E3;
	36104 : E3;
	36105 : E3;
	36106 : E3;
	36107 : E3;
	36108 : E3;
	36109 : E3;
	36110 : E3;
	36111 : E3;
	36112 : E3;
	36113 : E3;
	36114 : E3;
	36115 : E3;
	36116 : E3;
	36117 : E3;
	36118 : E3;
	36119 : E3;
	36120 : 4A;
	36121 : 0E;
	36122 : 16;
	36123 : 1B;
	36124 : 1B;
	36125 : 1B;
	36126 : 17;
	36127 : 0E;
	36128 : 0E;
	36129 : 0E;
	36130 : 09;
	36131 : 0E;
	36132 : 12;
	36133 : 1B;
	36134 : 1B;
	36135 : 17;
	36136 : 4A;
	36137 : E3;
	36138 : E3;
	36139 : E3;
	36140 : E3;
	36141 : E3;
	36142 : E3;
	36143 : E3;
	36144 : E3;
	36145 : E3;
	36146 : E3;
	36147 : E3;
	36148 : E3;
	36149 : E3;
	36150 : E3;
	36151 : E3;
	36152 : E3;
	36153 : E3;
	36154 : E3;
	36155 : E3;
	36156 : E3;
	36157 : E3;
	36158 : E3;
	36159 : E3;
	36160 : E3;
	36161 : E3;
	36162 : E3;
	36163 : E3;
	36164 : E3;
	36165 : E3;
	36166 : E3;
	36167 : E3;
	36168 : E3;
	36169 : E3;
	36170 : E3;
	36171 : E3;
	36172 : E3;
	36173 : E3;
	36174 : E3;
	36175 : E3;
	36176 : E3;
	36177 : E3;
	36178 : E3;
	36179 : E3;
	36180 : E3;
	36181 : E3;
	36182 : E3;
	36183 : E3;
	36184 : 4A;
	36185 : 0E;
	36186 : 17;
	36187 : 1B;
	36188 : 1B;
	36189 : 1B;
	36190 : 1B;
	36191 : 16;
	36192 : 09;
	36193 : 2A;
	36194 : 0E;
	36195 : 0E;
	36196 : 0E;
	36197 : 17;
	36198 : 1B;
	36199 : 1B;
	36200 : 17;
	36201 : 6A;
	36202 : E3;
	36203 : E3;
	36204 : E3;
	36205 : E3;
	36206 : E3;
	36207 : E3;
	36208 : E3;
	36209 : E3;
	36210 : E3;
	36211 : E3;
	36212 : E3;
	36213 : E3;
	36214 : E3;
	36215 : E3;
	36216 : E3;
	36217 : E3;
	36218 : E3;
	36219 : E3;
	36220 : E3;
	36221 : E3;
	36222 : E3;
	36223 : E3;
	36224 : E3;
	36225 : E3;
	36226 : E3;
	36227 : E3;
	36228 : E3;
	36229 : E3;
	36230 : E3;
	36231 : E3;
	36232 : E3;
	36233 : E3;
	36234 : E3;
	36235 : E3;
	36236 : E3;
	36237 : E3;
	36238 : E3;
	36239 : E3;
	36240 : E3;
	36241 : E3;
	36242 : E3;
	36243 : E3;
	36244 : E3;
	36245 : E3;
	36246 : E3;
	36247 : E3;
	36248 : 4A;
	36249 : 12;
	36250 : 1B;
	36251 : 1B;
	36252 : 1B;
	36253 : 1B;
	36254 : 1B;
	36255 : 12;
	36256 : E3;
	36257 : E3;
	36258 : 2A;
	36259 : 0E;
	36260 : 0E;
	36261 : 12;
	36262 : 1B;
	36263 : 1B;
	36264 : 1B;
	36265 : 17;
	36266 : E3;
	36267 : E3;
	36268 : E3;
	36269 : E3;
	36270 : E3;
	36271 : E3;
	36272 : E3;
	36273 : E3;
	36274 : E3;
	36275 : E3;
	36276 : E3;
	36277 : E3;
	36278 : E3;
	36279 : E3;
	36280 : E3;
	36281 : E3;
	36282 : E3;
	36283 : E3;
	36284 : E3;
	36285 : E3;
	36286 : E3;
	36287 : E3;
	36288 : E3;
	36289 : E3;
	36290 : E3;
	36291 : E3;
	36292 : E3;
	36293 : E3;
	36294 : E3;
	36295 : E3;
	36296 : E3;
	36297 : E3;
	36298 : E3;
	36299 : E3;
	36300 : E3;
	36301 : E3;
	36302 : E3;
	36303 : E3;
	36304 : E3;
	36305 : E3;
	36306 : E3;
	36307 : E3;
	36308 : E3;
	36309 : E3;
	36310 : E3;
	36311 : E3;
	36312 : 4A;
	36313 : 12;
	36314 : 1B;
	36315 : 1B;
	36316 : 1B;
	36317 : 1B;
	36318 : 17;
	36319 : 0E;
	36320 : E3;
	36321 : E3;
	36322 : E3;
	36323 : 4A;
	36324 : 0E;
	36325 : 0E;
	36326 : 16;
	36327 : 1B;
	36328 : 1B;
	36329 : 17;
	36330 : 2E;
	36331 : E3;
	36332 : E3;
	36333 : E3;
	36334 : E3;
	36335 : E3;
	36336 : E3;
	36337 : E3;
	36338 : E3;
	36339 : E3;
	36340 : E3;
	36341 : E3;
	36342 : E3;
	36343 : E3;
	36344 : E3;
	36345 : E3;
	36346 : E3;
	36347 : E3;
	36348 : E3;
	36349 : E3;
	36350 : E3;
	36351 : E3;
	36352 : E3;
	36353 : E3;
	36354 : E3;
	36355 : E3;
	36356 : E3;
	36357 : E3;
	36358 : E3;
	36359 : E3;
	36360 : E3;
	36361 : E3;
	36362 : E3;
	36363 : E3;
	36364 : E3;
	36365 : E3;
	36366 : E3;
	36367 : E3;
	36368 : E3;
	36369 : E3;
	36370 : E3;
	36371 : E3;
	36372 : E3;
	36373 : E3;
	36374 : E3;
	36375 : E3;
	36376 : 4A;
	36377 : 12;
	36378 : 1B;
	36379 : 1B;
	36380 : 1B;
	36381 : 1B;
	36382 : 17;
	36383 : 0D;
	36384 : E3;
	36385 : E3;
	36386 : E3;
	36387 : E3;
	36388 : E3;
	36389 : 2A;
	36390 : 0E;
	36391 : 17;
	36392 : 1B;
	36393 : 17;
	36394 : 17;
	36395 : E3;
	36396 : E3;
	36397 : E3;
	36398 : E3;
	36399 : E3;
	36400 : E3;
	36401 : E3;
	36402 : E3;
	36403 : E3;
	36404 : E3;
	36405 : E3;
	36406 : E3;
	36407 : E3;
	36408 : E3;
	36409 : E3;
	36410 : E3;
	36411 : E3;
	36412 : E3;
	36413 : E3;
	36414 : E3;
	36415 : E3;
	36416 : E3;
	36417 : E3;
	36418 : E3;
	36419 : E3;
	36420 : E3;
	36421 : E3;
	36422 : E3;
	36423 : E3;
	36424 : E3;
	36425 : E3;
	36426 : E3;
	36427 : E3;
	36428 : E3;
	36429 : E3;
	36430 : E3;
	36431 : E3;
	36432 : E3;
	36433 : E3;
	36434 : E3;
	36435 : E3;
	36436 : E3;
	36437 : E3;
	36438 : E3;
	36439 : E3;
	36440 : E3;
	36441 : 0E;
	36442 : 17;
	36443 : 1B;
	36444 : 17;
	36445 : 17;
	36446 : 17;
	36447 : 6A;
	36448 : E3;
	36449 : E3;
	36450 : E3;
	36451 : E3;
	36452 : E3;
	36453 : E3;
	36454 : 09;
	36455 : 0E;
	36456 : 12;
	36457 : 12;
	36458 : 17;
	36459 : 33;
	36460 : E3;
	36461 : E3;
	36462 : E3;
	36463 : E3;
	36464 : E3;
	36465 : E3;
	36466 : E3;
	36467 : E3;
	36468 : E3;
	36469 : E3;
	36470 : E3;
	36471 : E3;
	36472 : E3;
	36473 : E3;
	36474 : E3;
	36475 : E3;
	36476 : E3;
	36477 : E3;
	36478 : E3;
	36479 : E3;
	36480 : E3;
	36481 : E3;
	36482 : E3;
	36483 : E3;
	36484 : E3;
	36485 : E3;
	36486 : E3;
	36487 : E3;
	36488 : E3;
	36489 : E3;
	36490 : E3;
	36491 : E3;
	36492 : E3;
	36493 : E3;
	36494 : E3;
	36495 : E3;
	36496 : E3;
	36497 : E3;
	36498 : E3;
	36499 : E3;
	36500 : E3;
	36501 : E3;
	36502 : E3;
	36503 : E3;
	36504 : E3;
	36505 : 0E;
	36506 : 0E;
	36507 : 12;
	36508 : 17;
	36509 : 12;
	36510 : 0E;
	36511 : E3;
	36512 : E3;
	36513 : E3;
	36514 : E3;
	36515 : E3;
	36516 : E3;
	36517 : E3;
	36518 : 0E;
	36519 : 0E;
	36520 : 0E;
	36521 : 0E;
	36522 : 12;
	36523 : 2E;
	36524 : E3;
	36525 : E3;
	36526 : E3;
	36527 : E3;
	36528 : E3;
	36529 : E3;
	36530 : E3;
	36531 : E3;
	36532 : E3;
	36533 : E3;
	36534 : E3;
	36535 : E3;
	36536 : E3;
	36537 : E3;
	36538 : E3;
	36539 : E3;
	36540 : E3;
	36541 : E3;
	36542 : E3;
	36543 : E3;
	36544 : E3;
	36545 : E3;
	36546 : E3;
	36547 : E3;
	36548 : E3;
	36549 : E3;
	36550 : E3;
	36551 : E3;
	36552 : E3;
	36553 : E3;
	36554 : E3;
	36555 : E3;
	36556 : E3;
	36557 : E3;
	36558 : E3;
	36559 : E3;
	36560 : E3;
	36561 : E3;
	36562 : E3;
	36563 : E3;
	36564 : E3;
	36565 : E3;
	36566 : E3;
	36567 : E3;
	36568 : E3;
	36569 : 0E;
	36570 : 0E;
	36571 : 17;
	36572 : 1B;
	36573 : 16;
	36574 : E3;
	36575 : E3;
	36576 : E3;
	36577 : E3;
	36578 : E3;
	36579 : E3;
	36580 : E3;
	36581 : 4A;
	36582 : 0E;
	36583 : 0E;
	36584 : 0E;
	36585 : 0E;
	36586 : 0E;
	36587 : E3;
	36588 : E3;
	36589 : E3;
	36590 : E3;
	36591 : E3;
	36592 : E3;
	36593 : E3;
	36594 : E3;
	36595 : E3;
	36596 : E3;
	36597 : E3;
	36598 : E3;
	36599 : E3;
	36600 : E3;
	36601 : E3;
	36602 : E3;
	36603 : E3;
	36604 : E3;
	36605 : E3;
	36606 : E3;
	36607 : E3;
	36608 : E3;
	36609 : E3;
	36610 : E3;
	36611 : E3;
	36612 : E3;
	36613 : E3;
	36614 : E3;
	36615 : E3;
	36616 : E3;
	36617 : E3;
	36618 : E3;
	36619 : E3;
	36620 : E3;
	36621 : E3;
	36622 : E3;
	36623 : E3;
	36624 : E3;
	36625 : E3;
	36626 : E3;
	36627 : E3;
	36628 : E3;
	36629 : E3;
	36630 : E3;
	36631 : 2E;
	36632 : 17;
	36633 : 0E;
	36634 : 0E;
	36635 : 12;
	36636 : 16;
	36637 : 12;
	36638 : E3;
	36639 : E3;
	36640 : E3;
	36641 : E3;
	36642 : E3;
	36643 : E3;
	36644 : E3;
	36645 : 2A;
	36646 : 0E;
	36647 : 0E;
	36648 : 0E;
	36649 : 0E;
	36650 : 0E;
	36651 : E3;
	36652 : E3;
	36653 : E3;
	36654 : E3;
	36655 : E3;
	36656 : E3;
	36657 : E3;
	36658 : E3;
	36659 : E3;
	36660 : E3;
	36661 : E3;
	36662 : E3;
	36663 : E3;
	36664 : E3;
	36665 : E3;
	36666 : E3;
	36667 : E3;
	36668 : E3;
	36669 : E3;
	36670 : E3;
	36671 : E3;
	36672 : E3;
	36673 : E3;
	36674 : E3;
	36675 : E3;
	36676 : E3;
	36677 : E3;
	36678 : E3;
	36679 : E3;
	36680 : E3;
	36681 : E3;
	36682 : E3;
	36683 : E3;
	36684 : E3;
	36685 : E3;
	36686 : E3;
	36687 : E3;
	36688 : E3;
	36689 : E3;
	36690 : E3;
	36691 : E3;
	36692 : E3;
	36693 : E3;
	36694 : 4E;
	36695 : 1B;
	36696 : 17;
	36697 : 0E;
	36698 : 0E;
	36699 : 0E;
	36700 : 0E;
	36701 : E3;
	36702 : E3;
	36703 : E3;
	36704 : E3;
	36705 : E3;
	36706 : E3;
	36707 : E3;
	36708 : E3;
	36709 : E3;
	36710 : 0E;
	36711 : 0E;
	36712 : 0E;
	36713 : 0E;
	36714 : E3;
	36715 : E3;
	36716 : E3;
	36717 : E3;
	36718 : E3;
	36719 : E3;
	36720 : E3;
	36721 : E3;
	36722 : E3;
	36723 : E3;
	36724 : E3;
	36725 : E3;
	36726 : E3;
	36727 : E3;
	36728 : E3;
	36729 : E3;
	36730 : E3;
	36731 : E3;
	36732 : E3;
	36733 : E3;
	36734 : E3;
	36735 : E3;
	36736 : E3;
	36737 : E3;
	36738 : E3;
	36739 : E3;
	36740 : E3;
	36741 : E3;
	36742 : E3;
	36743 : E3;
	36744 : E3;
	36745 : E3;
	36746 : E3;
	36747 : E3;
	36748 : E3;
	36749 : E3;
	36750 : E3;
	36751 : E3;
	36752 : E3;
	36753 : E3;
	36754 : E3;
	36755 : E3;
	36756 : E3;
	36757 : E3;
	36758 : 0E;
	36759 : 12;
	36760 : 12;
	36761 : 0E;
	36762 : 0E;
	36763 : 0E;
	36764 : E3;
	36765 : E3;
	36766 : E3;
	36767 : E3;
	36768 : E3;
	36769 : E3;
	36770 : E3;
	36771 : E3;
	36772 : E3;
	36773 : 4A;
	36774 : 0E;
	36775 : 0E;
	36776 : 0E;
	36777 : E3;
	36778 : E3;
	36779 : E3;
	36780 : E3;
	36781 : E3;
	36782 : E3;
	36783 : E3;
	36784 : E3;
	36785 : E3;
	36786 : E3;
	36787 : E3;
	36788 : E3;
	36789 : E3;
	36790 : E3;
	36791 : E3;
	36792 : E3;
	36793 : E3;
	36794 : E3;
	36795 : E3;
	36796 : E3;
	36797 : E3;
	36798 : E3;
	36799 : E3;
	36800 : E3;
	36801 : E3;
	36802 : E3;
	36803 : E3;
	36804 : E3;
	36805 : E3;
	36806 : E3;
	36807 : E3;
	36808 : E3;
	36809 : E3;
	36810 : E3;
	36811 : E3;
	36812 : E3;
	36813 : E3;
	36814 : E3;
	36815 : E3;
	36816 : E3;
	36817 : E3;
	36818 : E3;
	36819 : E3;
	36820 : E3;
	36821 : 2A;
	36822 : 0E;
	36823 : 0E;
	36824 : 0E;
	36825 : 0E;
	36826 : 0E;
	36827 : 0E;
	36828 : E3;
	36829 : E3;
	36830 : E3;
	36831 : E3;
	36832 : E3;
	36833 : E3;
	36834 : E3;
	36835 : E3;
	36836 : E3;
	36837 : 2E;
	36838 : 0D;
	36839 : 0E;
	36840 : E3;
	36841 : E3;
	36842 : E3;
	36843 : E3;
	36844 : E3;
	36845 : E3;
	36846 : E3;
	36847 : E3;
	36848 : E3;
	36849 : E3;
	36850 : E3;
	36851 : E3;
	36852 : E3;
	36853 : E3;
	36854 : E3;
	36855 : E3;
	36856 : E3;
	36857 : E3;
	36858 : E3;
	36859 : E3;
	36860 : E3;
	36861 : E3;
	36862 : E3;
	36863 : E3;
	36864 : E3;
	36865 : E3;
	36866 : E3;
	36867 : E3;
	36868 : E3;
	36869 : E3;
	36870 : E3;
	36871 : E3;
	36872 : E3;
	36873 : E3;
	36874 : E3;
	36875 : E3;
	36876 : E3;
	36877 : E3;
	36878 : E3;
	36879 : E3;
	36880 : E3;
	36881 : E3;
	36882 : E3;
	36883 : E3;
	36884 : E3;
	36885 : 0D;
	36886 : 0E;
	36887 : 0E;
	36888 : 0E;
	36889 : 0E;
	36890 : 0A;
	36891 : E3;
	36892 : E3;
	36893 : E3;
	36894 : E3;
	36895 : E3;
	36896 : E3;
	36897 : E3;
	36898 : E3;
	36899 : E3;
	36900 : 92;
	36901 : 96;
	36902 : 52;
	36903 : 29;
	36904 : E3;
	36905 : E3;
	36906 : E3;
	36907 : E3;
	36908 : E3;
	36909 : E3;
	36910 : E3;
	36911 : E3;
	36912 : E3;
	36913 : E3;
	36914 : E3;
	36915 : E3;
	36916 : E3;
	36917 : E3;
	36918 : E3;
	36919 : E3;
	36920 : E3;
	36921 : E3;
	36922 : E3;
	36923 : E3;
	36924 : E3;
	36925 : E3;
	36926 : E3;
	36927 : E3;
	36928 : E3;
	36929 : E3;
	36930 : E3;
	36931 : E3;
	36932 : E3;
	36933 : E3;
	36934 : E3;
	36935 : E3;
	36936 : E3;
	36937 : E3;
	36938 : E3;
	36939 : E3;
	36940 : E3;
	36941 : E3;
	36942 : E3;
	36943 : E3;
	36944 : E3;
	36945 : E3;
	36946 : E3;
	36947 : E3;
	36948 : E3;
	36949 : 0E;
	36950 : 0E;
	36951 : 0E;
	36952 : 0E;
	36953 : 2A;
	36954 : E3;
	36955 : E3;
	36956 : E3;
	36957 : E3;
	36958 : E3;
	36959 : E3;
	36960 : E3;
	36961 : E3;
	36962 : E3;
	36963 : E3;
	36964 : BB;
	36965 : BB;
	36966 : DB;
	36967 : B6;
	36968 : E3;
	36969 : E3;
	36970 : E3;
	36971 : E3;
	36972 : E3;
	36973 : E3;
	36974 : E3;
	36975 : E3;
	36976 : E3;
	36977 : E3;
	36978 : E3;
	36979 : E3;
	36980 : E3;
	36981 : E3;
	36982 : E3;
	36983 : E3;
	36984 : E3;
	36985 : E3;
	36986 : E3;
	36987 : E3;
	36988 : E3;
	36989 : E3;
	36990 : E3;
	36991 : E3;
	36992 : E3;
	36993 : E3;
	36994 : E3;
	36995 : E3;
	36996 : E3;
	36997 : E3;
	36998 : E3;
	36999 : E3;
	37000 : E3;
	37001 : E3;
	37002 : E3;
	37003 : E3;
	37004 : E3;
	37005 : E3;
	37006 : E3;
	37007 : E3;
	37008 : E3;
	37009 : E3;
	37010 : E3;
	37011 : E3;
	37012 : E3;
	37013 : 0E;
	37014 : 0E;
	37015 : 0E;
	37016 : E3;
	37017 : E3;
	37018 : E3;
	37019 : E3;
	37020 : E3;
	37021 : E3;
	37022 : E3;
	37023 : E3;
	37024 : E3;
	37025 : E3;
	37026 : E3;
	37027 : E3;
	37028 : E3;
	37029 : 92;
	37030 : DB;
	37031 : B7;
	37032 : B7;
	37033 : E3;
	37034 : E3;
	37035 : E3;
	37036 : E3;
	37037 : E3;
	37038 : E3;
	37039 : E3;
	37040 : E3;
	37041 : E3;
	37042 : E3;
	37043 : E3;
	37044 : E3;
	37045 : E3;
	37046 : E3;
	37047 : E3;
	37048 : E3;
	37049 : E3;
	37050 : E3;
	37051 : E3;
	37052 : E3;
	37053 : E3;
	37054 : E3;
	37055 : E3;
	37056 : E3;
	37057 : E3;
	37058 : E3;
	37059 : E3;
	37060 : E3;
	37061 : E3;
	37062 : E3;
	37063 : E3;
	37064 : E3;
	37065 : E3;
	37066 : E3;
	37067 : E3;
	37068 : E3;
	37069 : E3;
	37070 : E3;
	37071 : E3;
	37072 : E3;
	37073 : E3;
	37074 : E3;
	37075 : E3;
	37076 : E3;
	37077 : 29;
	37078 : 0D;
	37079 : E3;
	37080 : E3;
	37081 : E3;
	37082 : E3;
	37083 : E3;
	37084 : E3;
	37085 : E3;
	37086 : E3;
	37087 : E3;
	37088 : E3;
	37089 : E3;
	37090 : E3;
	37091 : E3;
	37092 : E3;
	37093 : E3;
	37094 : DB;
	37095 : BB;
	37096 : B7;
	37097 : DB;
	37098 : B7;
	37099 : E3;
	37100 : E3;
	37101 : E3;
	37102 : E3;
	37103 : E3;
	37104 : E3;
	37105 : E3;
	37106 : E3;
	37107 : E3;
	37108 : E3;
	37109 : E3;
	37110 : E3;
	37111 : E3;
	37112 : E3;
	37113 : E3;
	37114 : E3;
	37115 : E3;
	37116 : E3;
	37117 : E3;
	37118 : E3;
	37119 : E3;
	37120 : E3;
	37121 : E3;
	37122 : E3;
	37123 : E3;
	37124 : E3;
	37125 : E3;
	37126 : E3;
	37127 : E3;
	37128 : E3;
	37129 : E3;
	37130 : E3;
	37131 : E3;
	37132 : E3;
	37133 : E3;
	37134 : E3;
	37135 : E3;
	37136 : E3;
	37137 : E3;
	37138 : E3;
	37139 : E3;
	37140 : B7;
	37141 : 92;
	37142 : 92;
	37143 : E3;
	37144 : E3;
	37145 : E3;
	37146 : E3;
	37147 : E3;
	37148 : E3;
	37149 : E3;
	37150 : E3;
	37151 : E3;
	37152 : E3;
	37153 : E3;
	37154 : E3;
	37155 : E3;
	37156 : E3;
	37157 : E3;
	37158 : E3;
	37159 : 6E;
	37160 : 6E;
	37161 : 6E;
	37162 : 6E;
	37163 : E3;
	37164 : E3;
	37165 : E3;
	37166 : E3;
	37167 : E3;
	37168 : E3;
	37169 : E3;
	37170 : E3;
	37171 : E3;
	37172 : E3;
	37173 : E3;
	37174 : E3;
	37175 : E3;
	37176 : E3;
	37177 : E3;
	37178 : E3;
	37179 : E3;
	37180 : E3;
	37181 : E3;
	37182 : E3;
	37183 : E3;
	37184 : E3;
	37185 : E3;
	37186 : E3;
	37187 : E3;
	37188 : E3;
	37189 : E3;
	37190 : E3;
	37191 : E3;
	37192 : E3;
	37193 : E3;
	37194 : E3;
	37195 : E3;
	37196 : E3;
	37197 : E3;
	37198 : E3;
	37199 : E3;
	37200 : E3;
	37201 : E3;
	37202 : E3;
	37203 : 96;
	37204 : B7;
	37205 : DB;
	37206 : DB;
	37207 : B6;
	37208 : E3;
	37209 : E3;
	37210 : E3;
	37211 : E3;
	37212 : E3;
	37213 : E3;
	37214 : E3;
	37215 : E3;
	37216 : E3;
	37217 : E3;
	37218 : E3;
	37219 : E3;
	37220 : E3;
	37221 : E3;
	37222 : E3;
	37223 : E3;
	37224 : E3;
	37225 : E3;
	37226 : E3;
	37227 : E3;
	37228 : E3;
	37229 : E3;
	37230 : E3;
	37231 : E3;
	37232 : E3;
	37233 : E3;
	37234 : E3;
	37235 : E3;
	37236 : E3;
	37237 : E3;
	37238 : E3;
	37239 : E3;
	37240 : E3;
	37241 : E3;
	37242 : E3;
	37243 : E3;
	37244 : E3;
	37245 : E3;
	37246 : E3;
	37247 : E3;
	37248 : E3;
	37249 : E3;
	37250 : E3;
	37251 : E3;
	37252 : E3;
	37253 : E3;
	37254 : E3;
	37255 : E3;
	37256 : E3;
	37257 : E3;
	37258 : E3;
	37259 : E3;
	37260 : E3;
	37261 : E3;
	37262 : E3;
	37263 : E3;
	37264 : E3;
	37265 : E3;
	37266 : E3;
	37267 : E3;
	37268 : E3;
	37269 : 72;
	37270 : 72;
	37271 : 6E;
	37272 : E3;
	37273 : E3;
	37274 : E3;
	37275 : E3;
	37276 : E3;
	37277 : E3;
	37278 : E3;
	37279 : E3;
	37280 : E3;
	37281 : E3;
	37282 : E3;
	37283 : E3;
	37284 : E3;
	37285 : E3;
	37286 : E3;
	37287 : E3;
	37288 : E3;
	37289 : E3;
	37290 : E3;
	37291 : E3;
	37292 : E3;
	37293 : E3;
	37294 : E3;
	37295 : E3;
	37296 : E3;
	37297 : E3;
	37298 : E3;
	37299 : E3;
	37300 : E3;
	37301 : E3;
	37302 : E3;
	37303 : E3;
	37304 : E3;
	37305 : E3;
	37306 : E3;
	37307 : E3;
	37308 : E3;
	37309 : E3;
	37310 : E3;
	37311 : E3;
	37312 : E3;
	37313 : E3;
	37314 : E3;
	37315 : E3;
	37316 : E3;
	37317 : E3;
	37318 : E3;
	37319 : E3;
	37320 : E3;
	37321 : E3;
	37322 : E3;
	37323 : E3;
	37324 : E3;
	37325 : E3;
	37326 : E3;
	37327 : E3;
	37328 : E3;
	37329 : E3;
	37330 : E3;
	37331 : E3;
	37332 : E3;
	37333 : E3;
	37334 : E3;
	37335 : E3;
	37336 : E3;
	37337 : E3;
	37338 : E3;
	37339 : E3;
	37340 : E3;
	37341 : E3;
	37342 : E3;
	37343 : E3;
	37344 : E3;
	37345 : E3;
	37346 : E3;
	37347 : E3;
	37348 : E3;
	37349 : E3;
	37350 : E3;
	37351 : E3;
	37352 : E3;
	37353 : E3;
	37354 : E3;
	37355 : E3;
	37356 : E3;
	37357 : E3;
	37358 : E3;
	37359 : E3;
	37360 : E3;
	37361 : E3;
	37362 : E3;
	37363 : E3;
	37364 : E3;
	37365 : E3;
	37366 : E3;
	37367 : E3;
	37368 : E3;
	37369 : E3;
	37370 : E3;
	37371 : E3;
	37372 : E3;
	37373 : E3;
	37374 : E3;
	37375 : E3;
	37376 : E3;
	37377 : E3;
	37378 : E3;
	37379 : E3;
	37380 : E3;
	37381 : E3;
	37382 : E3;
	37383 : E3;
	37384 : E3;
	37385 : E3;
	37386 : E3;
	37387 : E3;
	37388 : E3;
	37389 : E3;
	37390 : E3;
	37391 : E3;
	37392 : E3;
	37393 : E3;
	37394 : E3;
	37395 : E3;
	37396 : E3;
	37397 : E3;
	37398 : E3;
	37399 : E3;
	37400 : E3;
	37401 : E3;
	37402 : E3;
	37403 : E3;
	37404 : E3;
	37405 : E3;
	37406 : E3;
	37407 : E3;
	37408 : E3;
	37409 : E3;
	37410 : E3;
	37411 : E3;
	37412 : E3;
	37413 : E3;
	37414 : E3;
	37415 : E3;
	37416 : E3;
	37417 : E3;
	37418 : E3;
	37419 : E3;
	37420 : E3;
	37421 : E3;
	37422 : E3;
	37423 : E3;
	37424 : E3;
	37425 : E3;
	37426 : E3;
	37427 : E3;
	37428 : E3;
	37429 : E3;
	37430 : E3;
	37431 : E3;
	37432 : E3;
	37433 : E3;
	37434 : E3;
	37435 : E3;
	37436 : E3;
	37437 : E3;
	37438 : E3;
	37439 : E3;
	37440 : E3;
	37441 : E3;
	37442 : E3;
	37443 : E3;
	37444 : E3;
	37445 : E3;
	37446 : E3;
	37447 : E3;
	37448 : E3;
	37449 : E3;
	37450 : E3;
	37451 : E3;
	37452 : E3;
	37453 : E3;
	37454 : E3;
	37455 : E3;
	37456 : E3;
	37457 : E3;
	37458 : E3;
	37459 : E3;
	37460 : E3;
	37461 : E3;
	37462 : E3;
	37463 : E3;
	37464 : E3;
	37465 : E3;
	37466 : E3;
	37467 : E3;
	37468 : E3;
	37469 : E3;
	37470 : E3;
	37471 : E3;
	37472 : E3;
	37473 : E3;
	37474 : E3;
	37475 : E3;
	37476 : E3;
	37477 : E3;
	37478 : E3;
	37479 : E3;
	37480 : E3;
	37481 : E3;
	37482 : E3;
	37483 : E3;
	37484 : E3;
	37485 : E3;
	37486 : E3;
	37487 : E3;
	37488 : E3;
	37489 : E3;
	37490 : E3;
	37491 : E3;
	37492 : E3;
	37493 : E3;
	37494 : E3;
	37495 : E3;
	37496 : E3;
	37497 : E3;
	37498 : E3;
	37499 : E3;
	37500 : E3;
	37501 : E3;
	37502 : E3;
	37503 : E3;
	37504 : E3;
	37505 : E3;
	37506 : E3;
	37507 : E3;
	37508 : E3;
	37509 : E3;
	37510 : E3;
	37511 : E3;
	37512 : E3;
	37513 : E3;
	37514 : E3;
	37515 : E3;
	37516 : E3;
	37517 : E3;
	37518 : E3;
	37519 : E3;
	37520 : E3;
	37521 : E3;
	37522 : E3;
	37523 : E3;
	37524 : E3;
	37525 : E3;
	37526 : E3;
	37527 : E3;
	37528 : E3;
	37529 : E3;
	37530 : E3;
	37531 : E3;
	37532 : E3;
	37533 : E3;
	37534 : E3;
	37535 : E3;
	37536 : E3;
	37537 : E3;
	37538 : E3;
	37539 : E3;
	37540 : E3;
	37541 : E3;
	37542 : E3;
	37543 : E3;
	37544 : E3;
	37545 : E3;
	37546 : E3;
	37547 : E3;
	37548 : E3;
	37549 : E3;
	37550 : E3;
	37551 : E3;
	37552 : E3;
	37553 : E3;
	37554 : E3;
	37555 : E3;
	37556 : E3;
	37557 : E3;
	37558 : E3;
	37559 : E3;
	37560 : E3;
	37561 : E3;
	37562 : E3;
	37563 : E3;
	37564 : E3;
	37565 : E3;
	37566 : E3;
	37567 : E3;
	37568 : E3;
	37569 : E3;
	37570 : E3;
	37571 : E3;
	37572 : E3;
	37573 : E3;
	37574 : E3;
	37575 : E3;
	37576 : E3;
	37577 : E3;
	37578 : E3;
	37579 : E3;
	37580 : E3;
	37581 : E3;
	37582 : E3;
	37583 : E3;
	37584 : E3;
	37585 : E3;
	37586 : E3;
	37587 : E3;
	37588 : E3;
	37589 : E3;
	37590 : E3;
	37591 : E3;
	37592 : E3;
	37593 : E3;
	37594 : E3;
	37595 : E3;
	37596 : E3;
	37597 : E3;
	37598 : E3;
	37599 : E3;
	37600 : E3;
	37601 : E3;
	37602 : E3;
	37603 : E3;
	37604 : E3;
	37605 : E3;
	37606 : E3;
	37607 : E3;
	37608 : E3;
	37609 : E3;
	37610 : E3;
	37611 : E3;
	37612 : E3;
	37613 : E3;
	37614 : E3;
	37615 : E3;
	37616 : E3;
	37617 : E3;
	37618 : E3;
	37619 : E3;
	37620 : E3;
	37621 : E3;
	37622 : E3;
	37623 : E3;
	37624 : E3;
	37625 : E3;
	37626 : E3;
	37627 : E3;
	37628 : E3;
	37629 : E3;
	37630 : E3;
	37631 : E3;
	37632 : E3;
	37633 : E3;
	37634 : E3;
	37635 : E3;
	37636 : E3;
	37637 : E3;
	37638 : E3;
	37639 : E3;
	37640 : E3;
	37641 : E3;
	37642 : E3;
	37643 : E3;
	37644 : E3;
	37645 : E3;
	37646 : E3;
	37647 : E3;
	37648 : E3;
	37649 : E3;
	37650 : E3;
	37651 : E3;
	37652 : E3;
	37653 : E3;
	37654 : E3;
	37655 : E3;
	37656 : E3;
	37657 : E3;
	37658 : E3;
	37659 : E3;
	37660 : E3;
	37661 : E3;
	37662 : E3;
	37663 : E3;
	37664 : E3;
	37665 : E3;
	37666 : E3;
	37667 : E3;
	37668 : E3;
	37669 : E3;
	37670 : E3;
	37671 : E3;
	37672 : E3;
	37673 : E3;
	37674 : E3;
	37675 : E3;
	37676 : E3;
	37677 : E3;
	37678 : E3;
	37679 : E3;
	37680 : E3;
	37681 : E3;
	37682 : E3;
	37683 : E3;
	37684 : E3;
	37685 : E3;
	37686 : E3;
	37687 : E3;
	37688 : E3;
	37689 : E3;
	37690 : E3;
	37691 : E3;
	37692 : E3;
	37693 : E3;
	37694 : E3;
	37695 : E3;
	37696 : E3;
	37697 : E3;
	37698 : E3;
	37699 : E3;
	37700 : E3;
	37701 : E3;
	37702 : E3;
	37703 : E3;
	37704 : E3;
	37705 : E3;
	37706 : E3;
	37707 : E3;
	37708 : E3;
	37709 : E3;
	37710 : E3;
	37711 : E3;
	37712 : E3;
	37713 : E3;
	37714 : E3;
	37715 : E3;
	37716 : E3;
	37717 : E3;
	37718 : E3;
	37719 : E3;
	37720 : E3;
	37721 : E3;
	37722 : E3;
	37723 : E3;
	37724 : E3;
	37725 : E3;
	37726 : E3;
	37727 : E3;
	37728 : E3;
	37729 : E3;
	37730 : E3;
	37731 : E3;
	37732 : E3;
	37733 : E3;
	37734 : E3;
	37735 : E3;
	37736 : E3;
	37737 : E3;
	37738 : E3;
	37739 : E3;
	37740 : E3;
	37741 : E3;
	37742 : E3;
	37743 : E3;
	37744 : E3;
	37745 : E3;
	37746 : E3;
	37747 : E3;
	37748 : E3;
	37749 : E3;
	37750 : E3;
	37751 : E3;
	37752 : E3;
	37753 : E3;
	37754 : E3;
	37755 : E3;
	37756 : E3;
	37757 : E3;
	37758 : E3;
	37759 : E3;
	37760 : E3;
	37761 : E3;
	37762 : E3;
	37763 : E3;
	37764 : E3;
	37765 : E3;
	37766 : E3;
	37767 : E3;
	37768 : E3;
	37769 : E3;
	37770 : E3;
	37771 : E3;
	37772 : E3;
	37773 : E3;
	37774 : E3;
	37775 : E3;
	37776 : E3;
	37777 : E3;
	37778 : E3;
	37779 : E3;
	37780 : E3;
	37781 : E3;
	37782 : E3;
	37783 : E3;
	37784 : E3;
	37785 : E3;
	37786 : E3;
	37787 : E3;
	37788 : E3;
	37789 : E3;
	37790 : E3;
	37791 : E3;
	37792 : E3;
	37793 : E3;
	37794 : E3;
	37795 : E3;
	37796 : E3;
	37797 : E3;
	37798 : E3;
	37799 : E3;
	37800 : E3;
	37801 : E3;
	37802 : E3;
	37803 : E3;
	37804 : E3;
	37805 : E3;
	37806 : E3;
	37807 : E3;
	37808 : E3;
	37809 : E3;
	37810 : E3;
	37811 : E3;
	37812 : E3;
	37813 : E3;
	37814 : E3;
	37815 : E3;
	37816 : E3;
	37817 : E3;
	37818 : E3;
	37819 : E3;
	37820 : E3;
	37821 : E3;
	37822 : E3;
	37823 : E3;
	37824 : E3;
	37825 : E3;
	37826 : E3;
	37827 : E3;
	37828 : E3;
	37829 : E3;
	37830 : E3;
	37831 : E3;
	37832 : E3;
	37833 : E3;
	37834 : E3;
	37835 : E3;
	37836 : E3;
	37837 : E3;
	37838 : E3;
	37839 : E3;
	37840 : E3;
	37841 : E3;
	37842 : E3;
	37843 : E3;
	37844 : E3;
	37845 : E3;
	37846 : E3;
	37847 : E3;
	37848 : E3;
	37849 : E3;
	37850 : E3;
	37851 : E3;
	37852 : E3;
	37853 : E3;
	37854 : E3;
	37855 : E3;
	37856 : E3;
	37857 : E3;
	37858 : E3;
	37859 : E3;
	37860 : E3;
	37861 : E3;
	37862 : E3;
	37863 : E3;
	37864 : E3;
	37865 : E3;
	37866 : E3;
	37867 : E3;
	37868 : E3;
	37869 : E3;
	37870 : E3;
	37871 : E3;
	37872 : E3;
	37873 : E3;
	37874 : E3;
	37875 : E3;
	37876 : E3;
	37877 : E3;
	37878 : E3;
	37879 : E3;
	37880 : E3;
	37881 : E3;
	37882 : E3;
	37883 : E3;
	37884 : E3;
	37885 : E3;
	37886 : E3;
	37887 : E3;
	37888 : E3;
	37889 : E3;
	37890 : E3;
	37891 : E3;
	37892 : E3;
	37893 : E3;
	37894 : E3;
	37895 : E3;
	37896 : E3;
	37897 : E3;
	37898 : E3;
	37899 : E3;
	37900 : E3;
	37901 : E3;
	37902 : E3;
	37903 : E3;
	37904 : E3;
	37905 : E3;
	37906 : E3;
	37907 : E3;
	37908 : E3;
	37909 : E3;
	37910 : E3;
	37911 : E3;
	37912 : E3;
	37913 : E3;
	37914 : E3;
	37915 : E3;
	37916 : E3;
	37917 : E3;
	37918 : E3;
	37919 : E3;
	37920 : E3;
	37921 : E3;
	37922 : E3;
	37923 : E3;
	37924 : E3;
	37925 : E3;
	37926 : E3;
	37927 : E3;
	37928 : E3;
	37929 : E3;
	37930 : E3;
	37931 : E3;
	37932 : E3;
	37933 : E3;
	37934 : E3;
	37935 : E3;
	37936 : E3;
	37937 : E3;
	37938 : E3;
	37939 : E3;
	37940 : E3;
	37941 : E3;
	37942 : E3;
	37943 : E3;
	37944 : E3;
	37945 : E3;
	37946 : E3;
	37947 : E3;
	37948 : E3;
	37949 : E3;
	37950 : E3;
	37951 : E3;
	37952 : E3;
	37953 : E3;
	37954 : E3;
	37955 : E3;
	37956 : E3;
	37957 : E3;
	37958 : E3;
	37959 : E3;
	37960 : E3;
	37961 : E3;
	37962 : E3;
	37963 : E3;
	37964 : E3;
	37965 : E3;
	37966 : E3;
	37967 : E3;
	37968 : E3;
	37969 : E3;
	37970 : E3;
	37971 : E3;
	37972 : E3;
	37973 : E3;
	37974 : E3;
	37975 : E3;
	37976 : E3;
	37977 : E3;
	37978 : E3;
	37979 : E3;
	37980 : E3;
	37981 : E3;
	37982 : E3;
	37983 : E3;
	37984 : E3;
	37985 : E3;
	37986 : E3;
	37987 : E3;
	37988 : E3;
	37989 : E3;
	37990 : E3;
	37991 : E3;
	37992 : E3;
	37993 : E3;
	37994 : E3;
	37995 : E3;
	37996 : E3;
	37997 : E3;
	37998 : E3;
	37999 : E3;
	38000 : E3;
	38001 : E3;
	38002 : E3;
	38003 : E3;
	38004 : E3;
	38005 : E3;
	38006 : E3;
	38007 : E3;
	38008 : E3;
	38009 : E3;
	38010 : E3;
	38011 : E3;
	38012 : E3;
	38013 : E3;
	38014 : E3;
	38015 : E3;
	38016 : E3;
	38017 : E3;
	38018 : E3;
	38019 : E3;
	38020 : E3;
	38021 : E3;
	38022 : E3;
	38023 : E3;
	38024 : E3;
	38025 : E3;
	38026 : E3;
	38027 : E3;
	38028 : E3;
	38029 : E3;
	38030 : E3;
	38031 : E3;
	38032 : E3;
	38033 : E3;
	38034 : E3;
	38035 : E3;
	38036 : E3;
	38037 : E3;
	38038 : E3;
	38039 : E3;
	38040 : E3;
	38041 : E3;
	38042 : E3;
	38043 : E3;
	38044 : E3;
	38045 : E3;
	38046 : E3;
	38047 : E3;
	38048 : E3;
	38049 : E3;
	38050 : E3;
	38051 : E3;
	38052 : E3;
	38053 : E3;
	38054 : E3;
	38055 : E3;
	38056 : E3;
	38057 : E3;
	38058 : E3;
	38059 : E3;
	38060 : E3;
	38061 : E3;
	38062 : E3;
	38063 : E3;
	38064 : E3;
	38065 : E3;
	38066 : E3;
	38067 : E3;
	38068 : E3;
	38069 : E3;
	38070 : E3;
	38071 : E3;
	38072 : E3;
	38073 : E3;
	38074 : E3;
	38075 : E3;
	38076 : E3;
	38077 : E3;
	38078 : E3;
	38079 : E3;
	38080 : E3;
	38081 : E3;
	38082 : E3;
	38083 : E3;
	38084 : E3;
	38085 : E3;
	38086 : E3;
	38087 : E3;
	38088 : E3;
	38089 : E3;
	38090 : E3;
	38091 : E3;
	38092 : E3;
	38093 : E3;
	38094 : E3;
	38095 : E3;
	38096 : E3;
	38097 : E3;
	38098 : E3;
	38099 : E3;
	38100 : E3;
	38101 : E3;
	38102 : E3;
	38103 : E3;
	38104 : E3;
	38105 : E3;
	38106 : E3;
	38107 : E3;
	38108 : E3;
	38109 : E3;
	38110 : E3;
	38111 : E3;
	38112 : E3;
	38113 : E3;
	38114 : E3;
	38115 : E3;
	38116 : E3;
	38117 : E3;
	38118 : E3;
	38119 : E3;
	38120 : E3;
	38121 : E3;
	38122 : E3;
	38123 : E3;
	38124 : E3;
	38125 : E3;
	38126 : E3;
	38127 : E3;
	38128 : E3;
	38129 : E3;
	38130 : E3;
	38131 : E3;
	38132 : E3;
	38133 : E3;
	38134 : E3;
	38135 : E3;
	38136 : E3;
	38137 : E3;
	38138 : E3;
	38139 : E3;
	38140 : E3;
	38141 : E3;
	38142 : E3;
	38143 : E3;
	38144 : E3;
	38145 : E3;
	38146 : E3;
	38147 : E3;
	38148 : E3;
	38149 : E3;
	38150 : E3;
	38151 : E3;
	38152 : E3;
	38153 : E3;
	38154 : E3;
	38155 : E3;
	38156 : E3;
	38157 : E3;
	38158 : E3;
	38159 : E3;
	38160 : E3;
	38161 : E3;
	38162 : E3;
	38163 : E3;
	38164 : E3;
	38165 : E3;
	38166 : E3;
	38167 : E3;
	38168 : E3;
	38169 : E3;
	38170 : E3;
	38171 : E3;
	38172 : E3;
	38173 : E3;
	38174 : E3;
	38175 : E3;
	38176 : E3;
	38177 : E3;
	38178 : E3;
	38179 : E3;
	38180 : E3;
	38181 : E3;
	38182 : E3;
	38183 : E3;
	38184 : E3;
	38185 : E3;
	38186 : E3;
	38187 : E3;
	38188 : E3;
	38189 : E3;
	38190 : E3;
	38191 : E3;
	38192 : E3;
	38193 : E3;
	38194 : E3;
	38195 : E3;
	38196 : E3;
	38197 : E3;
	38198 : E3;
	38199 : E3;
	38200 : E3;
	38201 : E3;
	38202 : E3;
	38203 : E3;
	38204 : E3;
	38205 : E3;
	38206 : E3;
	38207 : E3;
	38208 : E3;
	38209 : E3;
	38210 : E3;
	38211 : E3;
	38212 : E3;
	38213 : E3;
	38214 : E3;
	38215 : E3;
	38216 : E3;
	38217 : E3;
	38218 : E3;
	38219 : E3;
	38220 : E3;
	38221 : E3;
	38222 : E3;
	38223 : E3;
	38224 : E3;
	38225 : E3;
	38226 : E3;
	38227 : E3;
	38228 : E3;
	38229 : E3;
	38230 : E3;
	38231 : E3;
	38232 : E3;
	38233 : E3;
	38234 : E3;
	38235 : E3;
	38236 : E3;
	38237 : E3;
	38238 : E3;
	38239 : E3;
	38240 : E3;
	38241 : E3;
	38242 : E3;
	38243 : E3;
	38244 : E3;
	38245 : E3;
	38246 : E3;
	38247 : E3;
	38248 : E3;
	38249 : E3;
	38250 : E3;
	38251 : E3;
	38252 : E3;
	38253 : E3;
	38254 : E3;
	38255 : E3;
	38256 : E3;
	38257 : E3;
	38258 : E3;
	38259 : E3;
	38260 : E3;
	38261 : E3;
	38262 : E3;
	38263 : E3;
	38264 : E3;
	38265 : E3;
	38266 : E3;
	38267 : E3;
	38268 : E3;
	38269 : E3;
	38270 : E3;
	38271 : E3;
	38272 : E3;
	38273 : E3;
	38274 : E3;
	38275 : E3;
	38276 : E3;
	38277 : E3;
	38278 : E3;
	38279 : E3;
	38280 : E3;
	38281 : E3;
	38282 : E3;
	38283 : E3;
	38284 : E3;
	38285 : E3;
	38286 : E3;
	38287 : E3;
	38288 : E3;
	38289 : E3;
	38290 : E3;
	38291 : E3;
	38292 : E3;
	38293 : E3;
	38294 : E3;
	38295 : E3;
	38296 : E3;
	38297 : E3;
	38298 : E3;
	38299 : E3;
	38300 : E3;
	38301 : E3;
	38302 : E3;
	38303 : E3;
	38304 : E3;
	38305 : E3;
	38306 : E3;
	38307 : E3;
	38308 : 24;
	38309 : 24;
	38310 : 24;
	38311 : 24;
	38312 : E3;
	38313 : E3;
	38314 : E3;
	38315 : E3;
	38316 : E3;
	38317 : E3;
	38318 : E3;
	38319 : E3;
	38320 : E3;
	38321 : E3;
	38322 : E3;
	38323 : E3;
	38324 : E3;
	38325 : E3;
	38326 : E3;
	38327 : E3;
	38328 : E3;
	38329 : E3;
	38330 : E3;
	38331 : E3;
	38332 : E3;
	38333 : E3;
	38334 : E3;
	38335 : E3;
	38336 : E3;
	38337 : E3;
	38338 : E3;
	38339 : E3;
	38340 : E3;
	38341 : E3;
	38342 : E3;
	38343 : E3;
	38344 : E3;
	38345 : E3;
	38346 : E3;
	38347 : E3;
	38348 : E3;
	38349 : E3;
	38350 : E3;
	38351 : E3;
	38352 : E3;
	38353 : E3;
	38354 : E3;
	38355 : E3;
	38356 : E3;
	38357 : E3;
	38358 : E3;
	38359 : E3;
	38360 : E3;
	38361 : E3;
	38362 : E3;
	38363 : E3;
	38364 : E3;
	38365 : E3;
	38366 : E3;
	38367 : E3;
	38368 : E3;
	38369 : E3;
	38370 : E3;
	38371 : E3;
	38372 : 24;
	38373 : 44;
	38374 : 64;
	38375 : 44;
	38376 : 24;
	38377 : E3;
	38378 : E3;
	38379 : E3;
	38380 : E3;
	38381 : E3;
	38382 : E3;
	38383 : E3;
	38384 : E3;
	38385 : E3;
	38386 : E3;
	38387 : E3;
	38388 : E3;
	38389 : E3;
	38390 : E3;
	38391 : E3;
	38392 : E3;
	38393 : E3;
	38394 : E3;
	38395 : E3;
	38396 : E3;
	38397 : E3;
	38398 : E3;
	38399 : E3;
	38400 : E3;
	38401 : E3;
	38402 : E3;
	38403 : E3;
	38404 : E3;
	38405 : E3;
	38406 : E3;
	38407 : E3;
	38408 : E3;
	38409 : E3;
	38410 : E3;
	38411 : E3;
	38412 : E3;
	38413 : E3;
	38414 : E3;
	38415 : E3;
	38416 : E3;
	38417 : E3;
	38418 : E3;
	38419 : E3;
	38420 : E3;
	38421 : E3;
	38422 : E3;
	38423 : E3;
	38424 : E3;
	38425 : E3;
	38426 : E3;
	38427 : E3;
	38428 : E3;
	38429 : E3;
	38430 : E3;
	38431 : E3;
	38432 : E3;
	38433 : E3;
	38434 : E3;
	38435 : 44;
	38436 : 44;
	38437 : 64;
	38438 : A8;
	38439 : A8;
	38440 : A8;
	38441 : E3;
	38442 : E3;
	38443 : E3;
	38444 : E3;
	38445 : E3;
	38446 : E3;
	38447 : E3;
	38448 : E3;
	38449 : E3;
	38450 : E3;
	38451 : E3;
	38452 : E3;
	38453 : E3;
	38454 : E3;
	38455 : E3;
	38456 : E3;
	38457 : E3;
	38458 : E3;
	38459 : E3;
	38460 : E3;
	38461 : E3;
	38462 : E3;
	38463 : E3;
	38464 : E3;
	38465 : E3;
	38466 : E3;
	38467 : E3;
	38468 : E3;
	38469 : E3;
	38470 : E3;
	38471 : E3;
	38472 : E3;
	38473 : E3;
	38474 : E3;
	38475 : E3;
	38476 : E3;
	38477 : E3;
	38478 : E3;
	38479 : E3;
	38480 : E3;
	38481 : E3;
	38482 : E3;
	38483 : E3;
	38484 : E3;
	38485 : E3;
	38486 : E3;
	38487 : E3;
	38488 : E3;
	38489 : E3;
	38490 : E3;
	38491 : E3;
	38492 : E3;
	38493 : E3;
	38494 : E3;
	38495 : E3;
	38496 : 80;
	38497 : 80;
	38498 : 64;
	38499 : 64;
	38500 : 84;
	38501 : 88;
	38502 : 88;
	38503 : A9;
	38504 : C8;
	38505 : A8;
	38506 : E3;
	38507 : E3;
	38508 : E3;
	38509 : E3;
	38510 : E3;
	38511 : E3;
	38512 : E3;
	38513 : E3;
	38514 : E3;
	38515 : E3;
	38516 : E3;
	38517 : E3;
	38518 : E3;
	38519 : E3;
	38520 : E3;
	38521 : E3;
	38522 : E3;
	38523 : E3;
	38524 : E3;
	38525 : E3;
	38526 : E3;
	38527 : E3;
	38528 : E3;
	38529 : E3;
	38530 : E3;
	38531 : E3;
	38532 : E3;
	38533 : E3;
	38534 : E3;
	38535 : E3;
	38536 : E3;
	38537 : E3;
	38538 : E3;
	38539 : E3;
	38540 : E3;
	38541 : E3;
	38542 : E3;
	38543 : E3;
	38544 : E3;
	38545 : E3;
	38546 : E3;
	38547 : E3;
	38548 : E3;
	38549 : E3;
	38550 : E3;
	38551 : E3;
	38552 : E3;
	38553 : E3;
	38554 : E3;
	38555 : 80;
	38556 : 80;
	38557 : A0;
	38558 : A0;
	38559 : 80;
	38560 : 80;
	38561 : 84;
	38562 : A8;
	38563 : 84;
	38564 : 88;
	38565 : CD;
	38566 : A8;
	38567 : 88;
	38568 : CD;
	38569 : A4;
	38570 : E0;
	38571 : E0;
	38572 : E0;
	38573 : C0;
	38574 : 85;
	38575 : E3;
	38576 : E3;
	38577 : E3;
	38578 : C9;
	38579 : C9;
	38580 : C9;
	38581 : E3;
	38582 : E3;
	38583 : E3;
	38584 : E3;
	38585 : E3;
	38586 : E3;
	38587 : E3;
	38588 : E3;
	38589 : E3;
	38590 : E3;
	38591 : E3;
	38592 : E3;
	38593 : E3;
	38594 : E3;
	38595 : E3;
	38596 : E3;
	38597 : E3;
	38598 : E3;
	38599 : E3;
	38600 : E3;
	38601 : E3;
	38602 : E3;
	38603 : E3;
	38604 : E3;
	38605 : E3;
	38606 : E3;
	38607 : E3;
	38608 : E3;
	38609 : E3;
	38610 : E3;
	38611 : E3;
	38612 : E3;
	38613 : E3;
	38614 : E3;
	38615 : E3;
	38616 : E3;
	38617 : E3;
	38618 : 80;
	38619 : A0;
	38620 : C0;
	38621 : C0;
	38622 : E0;
	38623 : C0;
	38624 : A0;
	38625 : 80;
	38626 : A8;
	38627 : 88;
	38628 : 84;
	38629 : A8;
	38630 : A8;
	38631 : AD;
	38632 : A9;
	38633 : A4;
	38634 : E0;
	38635 : C0;
	38636 : C0;
	38637 : A0;
	38638 : A4;
	38639 : ED;
	38640 : CC;
	38641 : CC;
	38642 : CD;
	38643 : ED;
	38644 : ED;
	38645 : CD;
	38646 : CD;
	38647 : DA;
	38648 : DA;
	38649 : DA;
	38650 : DA;
	38651 : DA;
	38652 : DA;
	38653 : DA;
	38654 : E3;
	38655 : E3;
	38656 : E3;
	38657 : E3;
	38658 : E3;
	38659 : E3;
	38660 : E3;
	38661 : E3;
	38662 : E3;
	38663 : E3;
	38664 : E3;
	38665 : E3;
	38666 : E3;
	38667 : E3;
	38668 : E3;
	38669 : E3;
	38670 : E3;
	38671 : E3;
	38672 : E3;
	38673 : E3;
	38674 : E3;
	38675 : E3;
	38676 : E3;
	38677 : E3;
	38678 : E3;
	38679 : E3;
	38680 : E3;
	38681 : 80;
	38682 : 80;
	38683 : E0;
	38684 : E0;
	38685 : E0;
	38686 : E0;
	38687 : E0;
	38688 : C0;
	38689 : A0;
	38690 : 84;
	38691 : A8;
	38692 : 88;
	38693 : 88;
	38694 : D1;
	38695 : 8D;
	38696 : 88;
	38697 : 84;
	38698 : A0;
	38699 : A0;
	38700 : A0;
	38701 : 80;
	38702 : 84;
	38703 : CC;
	38704 : A8;
	38705 : A8;
	38706 : CD;
	38707 : ED;
	38708 : CD;
	38709 : CC;
	38710 : CD;
	38711 : B6;
	38712 : B6;
	38713 : B6;
	38714 : B6;
	38715 : B6;
	38716 : B6;
	38717 : B1;
	38718 : 91;
	38719 : B2;
	38720 : E3;
	38721 : E3;
	38722 : E3;
	38723 : E3;
	38724 : E3;
	38725 : E3;
	38726 : E3;
	38727 : E3;
	38728 : E3;
	38729 : E3;
	38730 : E3;
	38731 : E3;
	38732 : E3;
	38733 : E3;
	38734 : E3;
	38735 : E3;
	38736 : E3;
	38737 : E3;
	38738 : E3;
	38739 : E3;
	38740 : E3;
	38741 : E3;
	38742 : E3;
	38743 : E3;
	38744 : E3;
	38745 : A0;
	38746 : 80;
	38747 : C0;
	38748 : E0;
	38749 : E0;
	38750 : E0;
	38751 : C0;
	38752 : A0;
	38753 : A0;
	38754 : 80;
	38755 : 84;
	38756 : A8;
	38757 : B1;
	38758 : DA;
	38759 : DA;
	38760 : B1;
	38761 : 84;
	38762 : 80;
	38763 : 80;
	38764 : 80;
	38765 : 80;
	38766 : 84;
	38767 : 84;
	38768 : 84;
	38769 : C9;
	38770 : CC;
	38771 : CC;
	38772 : C8;
	38773 : A9;
	38774 : A5;
	38775 : E3;
	38776 : E3;
	38777 : E3;
	38778 : B6;
	38779 : B6;
	38780 : 8D;
	38781 : CD;
	38782 : 88;
	38783 : 8D;
	38784 : E3;
	38785 : E3;
	38786 : E3;
	38787 : E3;
	38788 : E3;
	38789 : E3;
	38790 : E3;
	38791 : E3;
	38792 : E3;
	38793 : E3;
	38794 : E3;
	38795 : E3;
	38796 : E3;
	38797 : E3;
	38798 : E3;
	38799 : E3;
	38800 : E3;
	38801 : E3;
	38802 : E3;
	38803 : E3;
	38804 : E3;
	38805 : E3;
	38806 : E3;
	38807 : E3;
	38808 : E3;
	38809 : A0;
	38810 : 80;
	38811 : A0;
	38812 : A0;
	38813 : A0;
	38814 : C0;
	38815 : A0;
	38816 : A0;
	38817 : 80;
	38818 : 80;
	38819 : 80;
	38820 : B1;
	38821 : DA;
	38822 : DA;
	38823 : DA;
	38824 : DA;
	38825 : B1;
	38826 : 80;
	38827 : E3;
	38828 : E3;
	38829 : E3;
	38830 : E3;
	38831 : E3;
	38832 : E3;
	38833 : E3;
	38834 : E3;
	38835 : E3;
	38836 : E3;
	38837 : E3;
	38838 : E3;
	38839 : E3;
	38840 : E3;
	38841 : E3;
	38842 : E3;
	38843 : A9;
	38844 : C8;
	38845 : 88;
	38846 : 64;
	38847 : 84;
	38848 : E3;
	38849 : E3;
	38850 : E3;
	38851 : E3;
	38852 : E3;
	38853 : E3;
	38854 : E3;
	38855 : E3;
	38856 : E3;
	38857 : E3;
	38858 : E3;
	38859 : E3;
	38860 : E3;
	38861 : E3;
	38862 : E3;
	38863 : E3;
	38864 : E3;
	38865 : E3;
	38866 : E3;
	38867 : E3;
	38868 : E3;
	38869 : E3;
	38870 : E3;
	38871 : E3;
	38872 : E3;
	38873 : A0;
	38874 : 80;
	38875 : A0;
	38876 : C0;
	38877 : C4;
	38878 : C9;
	38879 : CD;
	38880 : CD;
	38881 : A8;
	38882 : 80;
	38883 : A9;
	38884 : D1;
	38885 : DA;
	38886 : DA;
	38887 : DA;
	38888 : 91;
	38889 : A9;
	38890 : E3;
	38891 : E3;
	38892 : E3;
	38893 : E3;
	38894 : E3;
	38895 : E3;
	38896 : E3;
	38897 : E3;
	38898 : E3;
	38899 : E3;
	38900 : E3;
	38901 : E3;
	38902 : E3;
	38903 : E3;
	38904 : E3;
	38905 : E3;
	38906 : E3;
	38907 : E3;
	38908 : E3;
	38909 : E3;
	38910 : E3;
	38911 : E3;
	38912 : E3;
	38913 : E3;
	38914 : E3;
	38915 : E3;
	38916 : E3;
	38917 : E3;
	38918 : E3;
	38919 : E3;
	38920 : E3;
	38921 : E3;
	38922 : E3;
	38923 : E3;
	38924 : E3;
	38925 : E3;
	38926 : E3;
	38927 : E3;
	38928 : E3;
	38929 : E3;
	38930 : E3;
	38931 : E3;
	38932 : E3;
	38933 : E3;
	38934 : E3;
	38935 : E3;
	38936 : E3;
	38937 : 80;
	38938 : 80;
	38939 : A0;
	38940 : C9;
	38941 : CC;
	38942 : C8;
	38943 : CD;
	38944 : CD;
	38945 : CD;
	38946 : CD;
	38947 : CD;
	38948 : A8;
	38949 : AD;
	38950 : B6;
	38951 : 8D;
	38952 : E3;
	38953 : E3;
	38954 : E3;
	38955 : E3;
	38956 : E3;
	38957 : E3;
	38958 : E3;
	38959 : E3;
	38960 : E3;
	38961 : E3;
	38962 : E3;
	38963 : E3;
	38964 : E3;
	38965 : E3;
	38966 : E3;
	38967 : E3;
	38968 : E3;
	38969 : E3;
	38970 : E3;
	38971 : E3;
	38972 : E3;
	38973 : E3;
	38974 : E3;
	38975 : E3;
	38976 : E3;
	38977 : E3;
	38978 : E3;
	38979 : E3;
	38980 : E3;
	38981 : E3;
	38982 : E3;
	38983 : E3;
	38984 : E3;
	38985 : E3;
	38986 : E3;
	38987 : E3;
	38988 : E3;
	38989 : E3;
	38990 : E3;
	38991 : E3;
	38992 : E3;
	38993 : E3;
	38994 : E3;
	38995 : E3;
	38996 : E3;
	38997 : E3;
	38998 : E3;
	38999 : E3;
	39000 : E3;
	39001 : 80;
	39002 : 80;
	39003 : 88;
	39004 : CC;
	39005 : CD;
	39006 : ED;
	39007 : ED;
	39008 : ED;
	39009 : CD;
	39010 : ED;
	39011 : C8;
	39012 : C8;
	39013 : A8;
	39014 : 80;
	39015 : E3;
	39016 : E3;
	39017 : E3;
	39018 : E3;
	39019 : E3;
	39020 : E3;
	39021 : E3;
	39022 : E3;
	39023 : E3;
	39024 : E3;
	39025 : E3;
	39026 : E3;
	39027 : E3;
	39028 : E3;
	39029 : E3;
	39030 : E3;
	39031 : E3;
	39032 : E3;
	39033 : E3;
	39034 : E3;
	39035 : E3;
	39036 : E3;
	39037 : E3;
	39038 : E3;
	39039 : E3;
	39040 : E3;
	39041 : E3;
	39042 : E3;
	39043 : E3;
	39044 : E3;
	39045 : E3;
	39046 : E3;
	39047 : E3;
	39048 : E3;
	39049 : E3;
	39050 : E3;
	39051 : E3;
	39052 : E3;
	39053 : E3;
	39054 : E3;
	39055 : E3;
	39056 : E3;
	39057 : E3;
	39058 : E3;
	39059 : E3;
	39060 : E3;
	39061 : E3;
	39062 : E3;
	39063 : E3;
	39064 : E3;
	39065 : E3;
	39066 : 80;
	39067 : 84;
	39068 : A8;
	39069 : CD;
	39070 : CD;
	39071 : CC;
	39072 : CD;
	39073 : CD;
	39074 : CD;
	39075 : C8;
	39076 : A8;
	39077 : E3;
	39078 : E3;
	39079 : E3;
	39080 : E3;
	39081 : E3;
	39082 : E3;
	39083 : E3;
	39084 : E3;
	39085 : E3;
	39086 : E3;
	39087 : E3;
	39088 : E3;
	39089 : E3;
	39090 : E3;
	39091 : E3;
	39092 : E3;
	39093 : E3;
	39094 : E3;
	39095 : E3;
	39096 : E3;
	39097 : E3;
	39098 : E3;
	39099 : E3;
	39100 : E3;
	39101 : E3;
	39102 : E3;
	39103 : E3;
	39104 : E3;
	39105 : E3;
	39106 : E3;
	39107 : E3;
	39108 : E3;
	39109 : E3;
	39110 : E3;
	39111 : E3;
	39112 : E3;
	39113 : E3;
	39114 : E3;
	39115 : E3;
	39116 : E3;
	39117 : E3;
	39118 : E3;
	39119 : E3;
	39120 : E3;
	39121 : E3;
	39122 : E3;
	39123 : E3;
	39124 : E3;
	39125 : E3;
	39126 : E3;
	39127 : E3;
	39128 : E3;
	39129 : E3;
	39130 : 60;
	39131 : 64;
	39132 : 84;
	39133 : A8;
	39134 : CD;
	39135 : ED;
	39136 : CD;
	39137 : CC;
	39138 : A8;
	39139 : A8;
	39140 : 64;
	39141 : E3;
	39142 : E3;
	39143 : E3;
	39144 : E3;
	39145 : E3;
	39146 : E3;
	39147 : E3;
	39148 : E3;
	39149 : E3;
	39150 : E3;
	39151 : E3;
	39152 : E3;
	39153 : E3;
	39154 : E3;
	39155 : E3;
	39156 : E3;
	39157 : E3;
	39158 : E3;
	39159 : E3;
	39160 : E3;
	39161 : E3;
	39162 : E3;
	39163 : E3;
	39164 : E3;
	39165 : E3;
	39166 : E3;
	39167 : E3;
	39168 : E3;
	39169 : E3;
	39170 : E3;
	39171 : E3;
	39172 : E3;
	39173 : E3;
	39174 : E3;
	39175 : E3;
	39176 : E3;
	39177 : E3;
	39178 : E3;
	39179 : E3;
	39180 : E3;
	39181 : E3;
	39182 : E3;
	39183 : E3;
	39184 : E3;
	39185 : E3;
	39186 : E3;
	39187 : E3;
	39188 : E3;
	39189 : E3;
	39190 : E3;
	39191 : E3;
	39192 : E3;
	39193 : E3;
	39194 : 29;
	39195 : 2D;
	39196 : 44;
	39197 : 44;
	39198 : 68;
	39199 : A8;
	39200 : A8;
	39201 : 88;
	39202 : 88;
	39203 : 49;
	39204 : 49;
	39205 : E3;
	39206 : E3;
	39207 : E3;
	39208 : E3;
	39209 : E3;
	39210 : E3;
	39211 : E3;
	39212 : E3;
	39213 : E3;
	39214 : E3;
	39215 : E3;
	39216 : E3;
	39217 : E3;
	39218 : E3;
	39219 : E3;
	39220 : E3;
	39221 : E3;
	39222 : E3;
	39223 : E3;
	39224 : E3;
	39225 : E3;
	39226 : E3;
	39227 : E3;
	39228 : E3;
	39229 : E3;
	39230 : E3;
	39231 : E3;
	39232 : E3;
	39233 : E3;
	39234 : E3;
	39235 : E3;
	39236 : E3;
	39237 : E3;
	39238 : E3;
	39239 : E3;
	39240 : E3;
	39241 : E3;
	39242 : E3;
	39243 : E3;
	39244 : E3;
	39245 : E3;
	39246 : E3;
	39247 : E3;
	39248 : E3;
	39249 : E3;
	39250 : E3;
	39251 : E3;
	39252 : E3;
	39253 : E3;
	39254 : E3;
	39255 : E3;
	39256 : E3;
	39257 : 0E;
	39258 : 12;
	39259 : 12;
	39260 : 0E;
	39261 : 0E;
	39262 : 0E;
	39263 : 0D;
	39264 : 09;
	39265 : 09;
	39266 : 09;
	39267 : 0E;
	39268 : 12;
	39269 : 12;
	39270 : 4A;
	39271 : E3;
	39272 : E3;
	39273 : E3;
	39274 : E3;
	39275 : E3;
	39276 : E3;
	39277 : E3;
	39278 : E3;
	39279 : E3;
	39280 : E3;
	39281 : E3;
	39282 : E3;
	39283 : E3;
	39284 : E3;
	39285 : E3;
	39286 : E3;
	39287 : E3;
	39288 : E3;
	39289 : E3;
	39290 : E3;
	39291 : E3;
	39292 : E3;
	39293 : E3;
	39294 : E3;
	39295 : E3;
	39296 : E3;
	39297 : E3;
	39298 : E3;
	39299 : E3;
	39300 : E3;
	39301 : E3;
	39302 : E3;
	39303 : E3;
	39304 : E3;
	39305 : E3;
	39306 : E3;
	39307 : E3;
	39308 : E3;
	39309 : E3;
	39310 : E3;
	39311 : E3;
	39312 : E3;
	39313 : E3;
	39314 : E3;
	39315 : E3;
	39316 : E3;
	39317 : E3;
	39318 : E3;
	39319 : E3;
	39320 : E3;
	39321 : 0E;
	39322 : 12;
	39323 : 12;
	39324 : 12;
	39325 : 12;
	39326 : 0E;
	39327 : 0E;
	39328 : 0E;
	39329 : 0E;
	39330 : 0D;
	39331 : 0E;
	39332 : 0E;
	39333 : 12;
	39334 : 12;
	39335 : E3;
	39336 : E3;
	39337 : E3;
	39338 : E3;
	39339 : E3;
	39340 : E3;
	39341 : E3;
	39342 : E3;
	39343 : E3;
	39344 : E3;
	39345 : E3;
	39346 : E3;
	39347 : E3;
	39348 : E3;
	39349 : E3;
	39350 : E3;
	39351 : E3;
	39352 : E3;
	39353 : E3;
	39354 : E3;
	39355 : E3;
	39356 : E3;
	39357 : E3;
	39358 : E3;
	39359 : E3;
	39360 : E3;
	39361 : E3;
	39362 : E3;
	39363 : E3;
	39364 : E3;
	39365 : E3;
	39366 : E3;
	39367 : E3;
	39368 : E3;
	39369 : E3;
	39370 : E3;
	39371 : E3;
	39372 : E3;
	39373 : E3;
	39374 : E3;
	39375 : E3;
	39376 : E3;
	39377 : E3;
	39378 : E3;
	39379 : E3;
	39380 : E3;
	39381 : E3;
	39382 : E3;
	39383 : E3;
	39384 : 2E;
	39385 : 0E;
	39386 : 17;
	39387 : 17;
	39388 : 17;
	39389 : 17;
	39390 : 0E;
	39391 : 0E;
	39392 : 0E;
	39393 : 0E;
	39394 : 0D;
	39395 : 0E;
	39396 : 12;
	39397 : 1B;
	39398 : 1B;
	39399 : 17;
	39400 : E3;
	39401 : E3;
	39402 : E3;
	39403 : E3;
	39404 : E3;
	39405 : E3;
	39406 : E3;
	39407 : E3;
	39408 : E3;
	39409 : E3;
	39410 : E3;
	39411 : E3;
	39412 : E3;
	39413 : E3;
	39414 : E3;
	39415 : E3;
	39416 : E3;
	39417 : E3;
	39418 : E3;
	39419 : E3;
	39420 : E3;
	39421 : E3;
	39422 : E3;
	39423 : E3;
	39424 : E3;
	39425 : E3;
	39426 : E3;
	39427 : E3;
	39428 : E3;
	39429 : E3;
	39430 : E3;
	39431 : E3;
	39432 : E3;
	39433 : E3;
	39434 : E3;
	39435 : E3;
	39436 : E3;
	39437 : E3;
	39438 : E3;
	39439 : E3;
	39440 : E3;
	39441 : E3;
	39442 : E3;
	39443 : E3;
	39444 : E3;
	39445 : E3;
	39446 : E3;
	39447 : E3;
	39448 : 0E;
	39449 : 12;
	39450 : 1B;
	39451 : 1B;
	39452 : 1B;
	39453 : 1B;
	39454 : 17;
	39455 : 0E;
	39456 : 0E;
	39457 : 0E;
	39458 : 0E;
	39459 : 0E;
	39460 : 12;
	39461 : 1B;
	39462 : 1B;
	39463 : 1B;
	39464 : 16;
	39465 : E3;
	39466 : E3;
	39467 : E3;
	39468 : E3;
	39469 : E3;
	39470 : E3;
	39471 : E3;
	39472 : E3;
	39473 : E3;
	39474 : E3;
	39475 : E3;
	39476 : E3;
	39477 : E3;
	39478 : E3;
	39479 : E3;
	39480 : E3;
	39481 : E3;
	39482 : E3;
	39483 : E3;
	39484 : E3;
	39485 : E3;
	39486 : E3;
	39487 : E3;
	39488 : E3;
	39489 : E3;
	39490 : E3;
	39491 : E3;
	39492 : E3;
	39493 : E3;
	39494 : E3;
	39495 : E3;
	39496 : E3;
	39497 : E3;
	39498 : E3;
	39499 : E3;
	39500 : E3;
	39501 : E3;
	39502 : E3;
	39503 : E3;
	39504 : E3;
	39505 : E3;
	39506 : E3;
	39507 : E3;
	39508 : E3;
	39509 : E3;
	39510 : E3;
	39511 : E3;
	39512 : 0E;
	39513 : 17;
	39514 : 1B;
	39515 : 1B;
	39516 : 1B;
	39517 : 1B;
	39518 : 1B;
	39519 : 12;
	39520 : 09;
	39521 : 0E;
	39522 : 0E;
	39523 : 0E;
	39524 : 12;
	39525 : 1B;
	39526 : 1B;
	39527 : 1B;
	39528 : 1B;
	39529 : 4E;
	39530 : E3;
	39531 : E3;
	39532 : E3;
	39533 : E3;
	39534 : E3;
	39535 : E3;
	39536 : E3;
	39537 : E3;
	39538 : E3;
	39539 : E3;
	39540 : E3;
	39541 : E3;
	39542 : E3;
	39543 : E3;
	39544 : E3;
	39545 : E3;
	39546 : E3;
	39547 : E3;
	39548 : E3;
	39549 : E3;
	39550 : E3;
	39551 : E3;
	39552 : E3;
	39553 : E3;
	39554 : E3;
	39555 : E3;
	39556 : E3;
	39557 : E3;
	39558 : E3;
	39559 : E3;
	39560 : E3;
	39561 : E3;
	39562 : E3;
	39563 : E3;
	39564 : E3;
	39565 : E3;
	39566 : E3;
	39567 : E3;
	39568 : E3;
	39569 : E3;
	39570 : E3;
	39571 : E3;
	39572 : E3;
	39573 : E3;
	39574 : E3;
	39575 : E3;
	39576 : 0E;
	39577 : 17;
	39578 : 1B;
	39579 : 1B;
	39580 : 1B;
	39581 : 1B;
	39582 : 1B;
	39583 : 2E;
	39584 : E3;
	39585 : 2A;
	39586 : 0E;
	39587 : 0E;
	39588 : 0E;
	39589 : 17;
	39590 : 1B;
	39591 : 1B;
	39592 : 1B;
	39593 : 12;
	39594 : E3;
	39595 : E3;
	39596 : E3;
	39597 : E3;
	39598 : E3;
	39599 : E3;
	39600 : E3;
	39601 : E3;
	39602 : E3;
	39603 : E3;
	39604 : E3;
	39605 : E3;
	39606 : E3;
	39607 : E3;
	39608 : E3;
	39609 : E3;
	39610 : E3;
	39611 : E3;
	39612 : E3;
	39613 : E3;
	39614 : E3;
	39615 : E3;
	39616 : E3;
	39617 : E3;
	39618 : E3;
	39619 : E3;
	39620 : E3;
	39621 : E3;
	39622 : E3;
	39623 : E3;
	39624 : E3;
	39625 : E3;
	39626 : E3;
	39627 : E3;
	39628 : E3;
	39629 : E3;
	39630 : E3;
	39631 : E3;
	39632 : E3;
	39633 : E3;
	39634 : E3;
	39635 : E3;
	39636 : E3;
	39637 : E3;
	39638 : E3;
	39639 : E3;
	39640 : 0E;
	39641 : 17;
	39642 : 1B;
	39643 : 1B;
	39644 : 1B;
	39645 : 1B;
	39646 : 17;
	39647 : E3;
	39648 : E3;
	39649 : E3;
	39650 : E3;
	39651 : 0E;
	39652 : 0E;
	39653 : 12;
	39654 : 1B;
	39655 : 1B;
	39656 : 17;
	39657 : 17;
	39658 : E3;
	39659 : E3;
	39660 : E3;
	39661 : E3;
	39662 : E3;
	39663 : E3;
	39664 : E3;
	39665 : E3;
	39666 : E3;
	39667 : E3;
	39668 : E3;
	39669 : E3;
	39670 : E3;
	39671 : E3;
	39672 : E3;
	39673 : E3;
	39674 : E3;
	39675 : E3;
	39676 : E3;
	39677 : E3;
	39678 : E3;
	39679 : E3;
	39680 : E3;
	39681 : E3;
	39682 : E3;
	39683 : E3;
	39684 : E3;
	39685 : E3;
	39686 : E3;
	39687 : E3;
	39688 : E3;
	39689 : E3;
	39690 : E3;
	39691 : E3;
	39692 : E3;
	39693 : E3;
	39694 : E3;
	39695 : E3;
	39696 : E3;
	39697 : E3;
	39698 : E3;
	39699 : E3;
	39700 : E3;
	39701 : E3;
	39702 : E3;
	39703 : E3;
	39704 : 2A;
	39705 : 12;
	39706 : 17;
	39707 : 17;
	39708 : 1B;
	39709 : 1B;
	39710 : 17;
	39711 : E3;
	39712 : E3;
	39713 : E3;
	39714 : E3;
	39715 : E3;
	39716 : 2A;
	39717 : 0E;
	39718 : 16;
	39719 : 17;
	39720 : 12;
	39721 : 1B;
	39722 : 2E;
	39723 : E3;
	39724 : E3;
	39725 : E3;
	39726 : E3;
	39727 : E3;
	39728 : E3;
	39729 : E3;
	39730 : E3;
	39731 : E3;
	39732 : E3;
	39733 : E3;
	39734 : E3;
	39735 : E3;
	39736 : E3;
	39737 : E3;
	39738 : E3;
	39739 : E3;
	39740 : E3;
	39741 : E3;
	39742 : E3;
	39743 : E3;
	39744 : E3;
	39745 : E3;
	39746 : E3;
	39747 : E3;
	39748 : E3;
	39749 : E3;
	39750 : E3;
	39751 : E3;
	39752 : E3;
	39753 : E3;
	39754 : E3;
	39755 : E3;
	39756 : E3;
	39757 : E3;
	39758 : E3;
	39759 : E3;
	39760 : E3;
	39761 : E3;
	39762 : E3;
	39763 : E3;
	39764 : E3;
	39765 : E3;
	39766 : E3;
	39767 : E3;
	39768 : E3;
	39769 : 0E;
	39770 : 0E;
	39771 : 16;
	39772 : 17;
	39773 : 17;
	39774 : 2E;
	39775 : E3;
	39776 : E3;
	39777 : E3;
	39778 : E3;
	39779 : E3;
	39780 : E3;
	39781 : 2A;
	39782 : 0E;
	39783 : 0E;
	39784 : 0E;
	39785 : 17;
	39786 : 17;
	39787 : E3;
	39788 : E3;
	39789 : E3;
	39790 : E3;
	39791 : E3;
	39792 : E3;
	39793 : E3;
	39794 : E3;
	39795 : E3;
	39796 : E3;
	39797 : E3;
	39798 : E3;
	39799 : E3;
	39800 : E3;
	39801 : E3;
	39802 : E3;
	39803 : E3;
	39804 : E3;
	39805 : E3;
	39806 : E3;
	39807 : E3;
	39808 : E3;
	39809 : E3;
	39810 : E3;
	39811 : E3;
	39812 : E3;
	39813 : E3;
	39814 : E3;
	39815 : E3;
	39816 : E3;
	39817 : E3;
	39818 : E3;
	39819 : E3;
	39820 : E3;
	39821 : E3;
	39822 : E3;
	39823 : E3;
	39824 : E3;
	39825 : E3;
	39826 : E3;
	39827 : E3;
	39828 : E3;
	39829 : E3;
	39830 : E3;
	39831 : E3;
	39832 : E3;
	39833 : 0E;
	39834 : 16;
	39835 : 1B;
	39836 : 17;
	39837 : 12;
	39838 : E3;
	39839 : E3;
	39840 : E3;
	39841 : E3;
	39842 : E3;
	39843 : E3;
	39844 : E3;
	39845 : 2A;
	39846 : 0E;
	39847 : 0E;
	39848 : 0E;
	39849 : 0E;
	39850 : 0E;
	39851 : E3;
	39852 : E3;
	39853 : E3;
	39854 : E3;
	39855 : E3;
	39856 : E3;
	39857 : E3;
	39858 : E3;
	39859 : E3;
	39860 : E3;
	39861 : E3;
	39862 : E3;
	39863 : E3;
	39864 : E3;
	39865 : E3;
	39866 : E3;
	39867 : E3;
	39868 : E3;
	39869 : E3;
	39870 : E3;
	39871 : E3;
	39872 : E3;
	39873 : E3;
	39874 : E3;
	39875 : E3;
	39876 : E3;
	39877 : E3;
	39878 : E3;
	39879 : E3;
	39880 : E3;
	39881 : E3;
	39882 : E3;
	39883 : E3;
	39884 : E3;
	39885 : E3;
	39886 : E3;
	39887 : E3;
	39888 : E3;
	39889 : E3;
	39890 : E3;
	39891 : E3;
	39892 : E3;
	39893 : E3;
	39894 : E3;
	39895 : 4E;
	39896 : 0E;
	39897 : 0E;
	39898 : 17;
	39899 : 1B;
	39900 : 12;
	39901 : E3;
	39902 : E3;
	39903 : E3;
	39904 : E3;
	39905 : E3;
	39906 : E3;
	39907 : E3;
	39908 : E3;
	39909 : 0E;
	39910 : 0E;
	39911 : 0E;
	39912 : 0E;
	39913 : 0E;
	39914 : E3;
	39915 : E3;
	39916 : E3;
	39917 : E3;
	39918 : E3;
	39919 : E3;
	39920 : E3;
	39921 : E3;
	39922 : E3;
	39923 : E3;
	39924 : E3;
	39925 : E3;
	39926 : E3;
	39927 : E3;
	39928 : E3;
	39929 : E3;
	39930 : E3;
	39931 : E3;
	39932 : E3;
	39933 : E3;
	39934 : E3;
	39935 : E3;
	39936 : E3;
	39937 : E3;
	39938 : E3;
	39939 : E3;
	39940 : E3;
	39941 : E3;
	39942 : E3;
	39943 : E3;
	39944 : E3;
	39945 : E3;
	39946 : E3;
	39947 : E3;
	39948 : E3;
	39949 : E3;
	39950 : E3;
	39951 : E3;
	39952 : E3;
	39953 : E3;
	39954 : E3;
	39955 : E3;
	39956 : E3;
	39957 : E3;
	39958 : 17;
	39959 : 17;
	39960 : 0E;
	39961 : 0E;
	39962 : 12;
	39963 : 12;
	39964 : 4A;
	39965 : E3;
	39966 : E3;
	39967 : E3;
	39968 : E3;
	39969 : E3;
	39970 : E3;
	39971 : E3;
	39972 : E3;
	39973 : 0E;
	39974 : 0E;
	39975 : 0E;
	39976 : 0E;
	39977 : 0E;
	39978 : E3;
	39979 : E3;
	39980 : E3;
	39981 : E3;
	39982 : E3;
	39983 : E3;
	39984 : E3;
	39985 : E3;
	39986 : E3;
	39987 : E3;
	39988 : E3;
	39989 : E3;
	39990 : E3;
	39991 : E3;
	39992 : E3;
	39993 : E3;
	39994 : E3;
	39995 : E3;
	39996 : E3;
	39997 : E3;
	39998 : E3;
	39999 : E3;
	40000 : E3;
	40001 : E3;
	40002 : E3;
	40003 : E3;
	40004 : E3;
	40005 : E3;
	40006 : E3;
	40007 : E3;
	40008 : E3;
	40009 : E3;
	40010 : E3;
	40011 : E3;
	40012 : E3;
	40013 : E3;
	40014 : E3;
	40015 : E3;
	40016 : E3;
	40017 : E3;
	40018 : E3;
	40019 : E3;
	40020 : E3;
	40021 : 2E;
	40022 : 17;
	40023 : 12;
	40024 : 0E;
	40025 : 0E;
	40026 : 0E;
	40027 : 0E;
	40028 : E3;
	40029 : E3;
	40030 : E3;
	40031 : E3;
	40032 : E3;
	40033 : E3;
	40034 : E3;
	40035 : E3;
	40036 : E3;
	40037 : 2A;
	40038 : 0E;
	40039 : 0E;
	40040 : 0E;
	40041 : E3;
	40042 : E3;
	40043 : E3;
	40044 : E3;
	40045 : E3;
	40046 : E3;
	40047 : E3;
	40048 : E3;
	40049 : E3;
	40050 : E3;
	40051 : E3;
	40052 : E3;
	40053 : E3;
	40054 : E3;
	40055 : E3;
	40056 : E3;
	40057 : E3;
	40058 : E3;
	40059 : E3;
	40060 : E3;
	40061 : E3;
	40062 : E3;
	40063 : E3;
	40064 : E3;
	40065 : E3;
	40066 : E3;
	40067 : E3;
	40068 : E3;
	40069 : E3;
	40070 : E3;
	40071 : E3;
	40072 : E3;
	40073 : E3;
	40074 : E3;
	40075 : E3;
	40076 : E3;
	40077 : E3;
	40078 : E3;
	40079 : E3;
	40080 : E3;
	40081 : E3;
	40082 : E3;
	40083 : E3;
	40084 : E3;
	40085 : 0E;
	40086 : 0E;
	40087 : 0E;
	40088 : 0E;
	40089 : 0E;
	40090 : 0E;
	40091 : 09;
	40092 : E3;
	40093 : E3;
	40094 : E3;
	40095 : E3;
	40096 : E3;
	40097 : E3;
	40098 : E3;
	40099 : E3;
	40100 : E3;
	40101 : 0D;
	40102 : 0E;
	40103 : 0E;
	40104 : 09;
	40105 : E3;
	40106 : E3;
	40107 : E3;
	40108 : E3;
	40109 : E3;
	40110 : E3;
	40111 : E3;
	40112 : E3;
	40113 : E3;
	40114 : E3;
	40115 : E3;
	40116 : E3;
	40117 : E3;
	40118 : E3;
	40119 : E3;
	40120 : E3;
	40121 : E3;
	40122 : E3;
	40123 : E3;
	40124 : E3;
	40125 : E3;
	40126 : E3;
	40127 : E3;
	40128 : E3;
	40129 : E3;
	40130 : E3;
	40131 : E3;
	40132 : E3;
	40133 : E3;
	40134 : E3;
	40135 : E3;
	40136 : E3;
	40137 : E3;
	40138 : E3;
	40139 : E3;
	40140 : E3;
	40141 : E3;
	40142 : E3;
	40143 : E3;
	40144 : E3;
	40145 : E3;
	40146 : E3;
	40147 : E3;
	40148 : E3;
	40149 : 0E;
	40150 : 0E;
	40151 : 0E;
	40152 : 0E;
	40153 : 0E;
	40154 : 0E;
	40155 : E3;
	40156 : E3;
	40157 : E3;
	40158 : E3;
	40159 : E3;
	40160 : E3;
	40161 : E3;
	40162 : E3;
	40163 : E3;
	40164 : E3;
	40165 : 2E;
	40166 : 0E;
	40167 : 0E;
	40168 : E3;
	40169 : E3;
	40170 : E3;
	40171 : E3;
	40172 : E3;
	40173 : E3;
	40174 : E3;
	40175 : E3;
	40176 : E3;
	40177 : E3;
	40178 : E3;
	40179 : E3;
	40180 : E3;
	40181 : E3;
	40182 : E3;
	40183 : E3;
	40184 : E3;
	40185 : E3;
	40186 : E3;
	40187 : E3;
	40188 : E3;
	40189 : E3;
	40190 : E3;
	40191 : E3;
	40192 : E3;
	40193 : E3;
	40194 : E3;
	40195 : E3;
	40196 : E3;
	40197 : E3;
	40198 : E3;
	40199 : E3;
	40200 : E3;
	40201 : E3;
	40202 : E3;
	40203 : E3;
	40204 : E3;
	40205 : E3;
	40206 : E3;
	40207 : E3;
	40208 : E3;
	40209 : E3;
	40210 : E3;
	40211 : E3;
	40212 : E3;
	40213 : 0E;
	40214 : 0E;
	40215 : 0E;
	40216 : 0E;
	40217 : 09;
	40218 : E3;
	40219 : E3;
	40220 : E3;
	40221 : E3;
	40222 : E3;
	40223 : E3;
	40224 : E3;
	40225 : E3;
	40226 : E3;
	40227 : E3;
	40228 : 92;
	40229 : BB;
	40230 : 4E;
	40231 : E3;
	40232 : E3;
	40233 : E3;
	40234 : E3;
	40235 : E3;
	40236 : E3;
	40237 : E3;
	40238 : E3;
	40239 : E3;
	40240 : E3;
	40241 : E3;
	40242 : E3;
	40243 : E3;
	40244 : E3;
	40245 : E3;
	40246 : E3;
	40247 : E3;
	40248 : E3;
	40249 : E3;
	40250 : E3;
	40251 : E3;
	40252 : E3;
	40253 : E3;
	40254 : E3;
	40255 : E3;
	40256 : E3;
	40257 : E3;
	40258 : E3;
	40259 : E3;
	40260 : E3;
	40261 : E3;
	40262 : E3;
	40263 : E3;
	40264 : E3;
	40265 : E3;
	40266 : E3;
	40267 : E3;
	40268 : E3;
	40269 : E3;
	40270 : E3;
	40271 : E3;
	40272 : E3;
	40273 : E3;
	40274 : E3;
	40275 : E3;
	40276 : 4A;
	40277 : 0E;
	40278 : 0E;
	40279 : 0E;
	40280 : 4A;
	40281 : E3;
	40282 : E3;
	40283 : E3;
	40284 : E3;
	40285 : E3;
	40286 : E3;
	40287 : E3;
	40288 : E3;
	40289 : E3;
	40290 : E3;
	40291 : E3;
	40292 : B6;
	40293 : BB;
	40294 : B6;
	40295 : 92;
	40296 : E3;
	40297 : E3;
	40298 : E3;
	40299 : E3;
	40300 : E3;
	40301 : E3;
	40302 : E3;
	40303 : E3;
	40304 : E3;
	40305 : E3;
	40306 : E3;
	40307 : E3;
	40308 : E3;
	40309 : E3;
	40310 : E3;
	40311 : E3;
	40312 : E3;
	40313 : E3;
	40314 : E3;
	40315 : E3;
	40316 : E3;
	40317 : E3;
	40318 : E3;
	40319 : E3;
	40320 : E3;
	40321 : E3;
	40322 : E3;
	40323 : E3;
	40324 : E3;
	40325 : E3;
	40326 : E3;
	40327 : E3;
	40328 : E3;
	40329 : E3;
	40330 : E3;
	40331 : E3;
	40332 : E3;
	40333 : E3;
	40334 : E3;
	40335 : E3;
	40336 : E3;
	40337 : E3;
	40338 : E3;
	40339 : E3;
	40340 : 2A;
	40341 : 0E;
	40342 : 0E;
	40343 : 4A;
	40344 : E3;
	40345 : E3;
	40346 : E3;
	40347 : E3;
	40348 : E3;
	40349 : E3;
	40350 : E3;
	40351 : E3;
	40352 : E3;
	40353 : E3;
	40354 : E3;
	40355 : E3;
	40356 : E3;
	40357 : B7;
	40358 : DB;
	40359 : B6;
	40360 : 92;
	40361 : E3;
	40362 : E3;
	40363 : E3;
	40364 : E3;
	40365 : E3;
	40366 : E3;
	40367 : E3;
	40368 : E3;
	40369 : E3;
	40370 : E3;
	40371 : E3;
	40372 : E3;
	40373 : E3;
	40374 : E3;
	40375 : E3;
	40376 : E3;
	40377 : E3;
	40378 : E3;
	40379 : E3;
	40380 : E3;
	40381 : E3;
	40382 : E3;
	40383 : E3;
	40384 : E3;
	40385 : E3;
	40386 : E3;
	40387 : E3;
	40388 : E3;
	40389 : E3;
	40390 : E3;
	40391 : E3;
	40392 : E3;
	40393 : E3;
	40394 : E3;
	40395 : E3;
	40396 : E3;
	40397 : E3;
	40398 : E3;
	40399 : E3;
	40400 : E3;
	40401 : E3;
	40402 : E3;
	40403 : E3;
	40404 : 92;
	40405 : 6E;
	40406 : E3;
	40407 : E3;
	40408 : E3;
	40409 : E3;
	40410 : E3;
	40411 : E3;
	40412 : E3;
	40413 : E3;
	40414 : E3;
	40415 : E3;
	40416 : E3;
	40417 : E3;
	40418 : E3;
	40419 : E3;
	40420 : E3;
	40421 : 92;
	40422 : B7;
	40423 : B6;
	40424 : B7;
	40425 : B7;
	40426 : E3;
	40427 : E3;
	40428 : E3;
	40429 : E3;
	40430 : E3;
	40431 : E3;
	40432 : E3;
	40433 : E3;
	40434 : E3;
	40435 : E3;
	40436 : E3;
	40437 : E3;
	40438 : E3;
	40439 : E3;
	40440 : E3;
	40441 : E3;
	40442 : E3;
	40443 : E3;
	40444 : E3;
	40445 : E3;
	40446 : E3;
	40447 : E3;
	40448 : E3;
	40449 : E3;
	40450 : E3;
	40451 : E3;
	40452 : E3;
	40453 : E3;
	40454 : E3;
	40455 : E3;
	40456 : E3;
	40457 : E3;
	40458 : E3;
	40459 : E3;
	40460 : E3;
	40461 : E3;
	40462 : E3;
	40463 : E3;
	40464 : E3;
	40465 : E3;
	40466 : E3;
	40467 : BB;
	40468 : 92;
	40469 : 92;
	40470 : 92;
	40471 : E3;
	40472 : E3;
	40473 : E3;
	40474 : E3;
	40475 : E3;
	40476 : E3;
	40477 : E3;
	40478 : E3;
	40479 : E3;
	40480 : E3;
	40481 : E3;
	40482 : E3;
	40483 : E3;
	40484 : E3;
	40485 : E3;
	40486 : 6D;
	40487 : 6D;
	40488 : 6D;
	40489 : 6D;
	40490 : E3;
	40491 : E3;
	40492 : E3;
	40493 : E3;
	40494 : E3;
	40495 : E3;
	40496 : E3;
	40497 : E3;
	40498 : E3;
	40499 : E3;
	40500 : E3;
	40501 : E3;
	40502 : E3;
	40503 : E3;
	40504 : E3;
	40505 : E3;
	40506 : E3;
	40507 : E3;
	40508 : E3;
	40509 : E3;
	40510 : E3;
	40511 : E3;
	40512 : E3;
	40513 : E3;
	40514 : E3;
	40515 : E3;
	40516 : E3;
	40517 : E3;
	40518 : E3;
	40519 : E3;
	40520 : E3;
	40521 : E3;
	40522 : E3;
	40523 : E3;
	40524 : E3;
	40525 : E3;
	40526 : E3;
	40527 : E3;
	40528 : E3;
	40529 : E3;
	40530 : E3;
	40531 : B6;
	40532 : B7;
	40533 : BB;
	40534 : B7;
	40535 : B6;
	40536 : E3;
	40537 : E3;
	40538 : E3;
	40539 : E3;
	40540 : E3;
	40541 : E3;
	40542 : E3;
	40543 : E3;
	40544 : E3;
	40545 : E3;
	40546 : E3;
	40547 : E3;
	40548 : E3;
	40549 : E3;
	40550 : E3;
	40551 : E3;
	40552 : E3;
	40553 : E3;
	40554 : E3;
	40555 : E3;
	40556 : E3;
	40557 : E3;
	40558 : E3;
	40559 : E3;
	40560 : E3;
	40561 : E3;
	40562 : E3;
	40563 : E3;
	40564 : E3;
	40565 : E3;
	40566 : E3;
	40567 : E3;
	40568 : E3;
	40569 : E3;
	40570 : E3;
	40571 : E3;
	40572 : E3;
	40573 : E3;
	40574 : E3;
	40575 : E3;
	40576 : E3;
	40577 : E3;
	40578 : E3;
	40579 : E3;
	40580 : E3;
	40581 : E3;
	40582 : E3;
	40583 : E3;
	40584 : E3;
	40585 : E3;
	40586 : E3;
	40587 : E3;
	40588 : E3;
	40589 : E3;
	40590 : E3;
	40591 : E3;
	40592 : E3;
	40593 : E3;
	40594 : E3;
	40595 : E3;
	40596 : 6E;
	40597 : 6E;
	40598 : 6E;
	40599 : 6E;
	40600 : E3;
	40601 : E3;
	40602 : E3;
	40603 : E3;
	40604 : E3;
	40605 : E3;
	40606 : E3;
	40607 : E3;
	40608 : E3;
	40609 : E3;
	40610 : E3;
	40611 : E3;
	40612 : E3;
	40613 : E3;
	40614 : E3;
	40615 : E3;
	40616 : E3;
	40617 : E3;
	40618 : E3;
	40619 : E3;
	40620 : E3;
	40621 : E3;
	40622 : E3;
	40623 : E3;
	40624 : E3;
	40625 : E3;
	40626 : E3;
	40627 : E3;
	40628 : E3;
	40629 : E3;
	40630 : E3;
	40631 : E3;
	40632 : E3;
	40633 : E3;
	40634 : E3;
	40635 : E3;
	40636 : E3;
	40637 : E3;
	40638 : E3;
	40639 : E3;
	40640 : E3;
	40641 : E3;
	40642 : E3;
	40643 : E3;
	40644 : E3;
	40645 : E3;
	40646 : E3;
	40647 : E3;
	40648 : E3;
	40649 : E3;
	40650 : E3;
	40651 : E3;
	40652 : E3;
	40653 : E3;
	40654 : E3;
	40655 : E3;
	40656 : E3;
	40657 : E3;
	40658 : E3;
	40659 : E3;
	40660 : E3;
	40661 : E3;
	40662 : E3;
	40663 : E3;
	40664 : E3;
	40665 : E3;
	40666 : E3;
	40667 : E3;
	40668 : E3;
	40669 : E3;
	40670 : E3;
	40671 : E3;
	40672 : E3;
	40673 : E3;
	40674 : E3;
	40675 : E3;
	40676 : E3;
	40677 : E3;
	40678 : E3;
	40679 : E3;
	40680 : E3;
	40681 : E3;
	40682 : E3;
	40683 : E3;
	40684 : E3;
	40685 : E3;
	40686 : E3;
	40687 : E3;
	40688 : E3;
	40689 : E3;
	40690 : E3;
	40691 : E3;
	40692 : E3;
	40693 : E3;
	40694 : E3;
	40695 : E3;
	40696 : E3;
	40697 : E3;
	40698 : E3;
	40699 : E3;
	40700 : E3;
	40701 : E3;
	40702 : E3;
	40703 : E3;
	40704 : E3;
	40705 : E3;
	40706 : E3;
	40707 : E3;
	40708 : E3;
	40709 : E3;
	40710 : E3;
	40711 : E3;
	40712 : E3;
	40713 : E3;
	40714 : E3;
	40715 : E3;
	40716 : E3;
	40717 : E3;
	40718 : E3;
	40719 : E3;
	40720 : E3;
	40721 : E3;
	40722 : E3;
	40723 : E3;
	40724 : E3;
	40725 : E3;
	40726 : E3;
	40727 : E3;
	40728 : E3;
	40729 : E3;
	40730 : E3;
	40731 : E3;
	40732 : E3;
	40733 : E3;
	40734 : E3;
	40735 : E3;
	40736 : E3;
	40737 : E3;
	40738 : E3;
	40739 : E3;
	40740 : E3;
	40741 : E3;
	40742 : E3;
	40743 : E3;
	40744 : E3;
	40745 : E3;
	40746 : E3;
	40747 : E3;
	40748 : E3;
	40749 : E3;
	40750 : E3;
	40751 : E3;
	40752 : E3;
	40753 : E3;
	40754 : E3;
	40755 : E3;
	40756 : E3;
	40757 : E3;
	40758 : E3;
	40759 : E3;
	40760 : E3;
	40761 : E3;
	40762 : E3;
	40763 : E3;
	40764 : E3;
	40765 : E3;
	40766 : E3;
	40767 : E3;
	40768 : E3;
	40769 : E3;
	40770 : E3;
	40771 : E3;
	40772 : E3;
	40773 : E3;
	40774 : E3;
	40775 : E3;
	40776 : E3;
	40777 : E3;
	40778 : E3;
	40779 : E3;
	40780 : E3;
	40781 : E3;
	40782 : E3;
	40783 : E3;
	40784 : E3;
	40785 : E3;
	40786 : E3;
	40787 : E3;
	40788 : E3;
	40789 : E3;
	40790 : E3;
	40791 : E3;
	40792 : E3;
	40793 : E3;
	40794 : E3;
	40795 : E3;
	40796 : E3;
	40797 : E3;
	40798 : E3;
	40799 : E3;
	40800 : E3;
	40801 : E3;
	40802 : E3;
	40803 : E3;
	40804 : E3;
	40805 : E3;
	40806 : E3;
	40807 : E3;
	40808 : E3;
	40809 : E3;
	40810 : E3;
	40811 : E3;
	40812 : E3;
	40813 : E3;
	40814 : E3;
	40815 : E3;
	40816 : E3;
	40817 : E3;
	40818 : E3;
	40819 : E3;
	40820 : E3;
	40821 : E3;
	40822 : E3;
	40823 : E3;
	40824 : E3;
	40825 : E3;
	40826 : E3;
	40827 : E3;
	40828 : E3;
	40829 : E3;
	40830 : E3;
	40831 : E3;
	40832 : E3;
	40833 : E3;
	40834 : E3;
	40835 : E3;
	40836 : E3;
	40837 : E3;
	40838 : E3;
	40839 : E3;
	40840 : E3;
	40841 : E3;
	40842 : E3;
	40843 : E3;
	40844 : E3;
	40845 : E3;
	40846 : E3;
	40847 : E3;
	40848 : E3;
	40849 : E3;
	40850 : E3;
	40851 : E3;
	40852 : E3;
	40853 : E3;
	40854 : E3;
	40855 : E3;
	40856 : E3;
	40857 : E3;
	40858 : E3;
	40859 : E3;
	40860 : E3;
	40861 : E3;
	40862 : E3;
	40863 : E3;
	40864 : E3;
	40865 : E3;
	40866 : E3;
	40867 : E3;
	40868 : E3;
	40869 : E3;
	40870 : E3;
	40871 : E3;
	40872 : E3;
	40873 : E3;
	40874 : E3;
	40875 : E3;
	40876 : E3;
	40877 : E3;
	40878 : E3;
	40879 : E3;
	40880 : E3;
	40881 : E3;
	40882 : E3;
	40883 : E3;
	40884 : E3;
	40885 : E3;
	40886 : E3;
	40887 : E3;
	40888 : E3;
	40889 : E3;
	40890 : E3;
	40891 : E3;
	40892 : E3;
	40893 : E3;
	40894 : E3;
	40895 : E3;
	40896 : E3;
	40897 : E3;
	40898 : E3;
	40899 : E3;
	40900 : E3;
	40901 : E3;
	40902 : E3;
	40903 : E3;
	40904 : E3;
	40905 : E3;
	40906 : E3;
	40907 : E3;
	40908 : E3;
	40909 : E3;
	40910 : E3;
	40911 : E3;
	40912 : E3;
	40913 : E3;
	40914 : E3;
	40915 : E3;
	40916 : E3;
	40917 : E3;
	40918 : E3;
	40919 : E3;
	40920 : E3;
	40921 : E3;
	40922 : E3;
	40923 : E3;
	40924 : E3;
	40925 : E3;
	40926 : E3;
	40927 : E3;
	40928 : E3;
	40929 : E3;
	40930 : E3;
	40931 : E3;
	40932 : E3;
	40933 : E3;
	40934 : E3;
	40935 : E3;
	40936 : E3;
	40937 : E3;
	40938 : E3;
	40939 : E3;
	40940 : E3;
	40941 : E3;
	40942 : E3;
	40943 : E3;
	40944 : E3;
	40945 : E3;
	40946 : E3;
	40947 : E3;
	40948 : E3;
	40949 : E3;
	40950 : E3;
	40951 : E3;
	40952 : E3;
	40953 : E3;
	40954 : E3;
	40955 : E3;
	40956 : E3;
	40957 : E3;
	40958 : E3;
	40959 : E3;
	40960 : E3;
	40961 : E3;
	40962 : E3;
	40963 : E3;
	40964 : E3;
	40965 : E3;
	40966 : E3;
	40967 : E3;
	40968 : E3;
	40969 : E3;
	40970 : E3;
	40971 : E3;
	40972 : E3;
	40973 : E3;
	40974 : E3;
	40975 : E3;
	40976 : E3;
	40977 : E3;
	40978 : E3;
	40979 : E3;
	40980 : E3;
	40981 : E3;
	40982 : E3;
	40983 : E3;
	40984 : E3;
	40985 : E3;
	40986 : E3;
	40987 : E3;
	40988 : E3;
	40989 : E3;
	40990 : E3;
	40991 : E3;
	40992 : E3;
	40993 : E3;
	40994 : E3;
	40995 : E3;
	40996 : E3;
	40997 : E3;
	40998 : E3;
	40999 : E3;
	41000 : E3;
	41001 : E3;
	41002 : E3;
	41003 : E3;
	41004 : E3;
	41005 : E3;
	41006 : E3;
	41007 : E3;
	41008 : E3;
	41009 : E3;
	41010 : E3;
	41011 : E3;
	41012 : E3;
	41013 : E3;
	41014 : E3;
	41015 : E3;
	41016 : E3;
	41017 : E3;
	41018 : E3;
	41019 : E3;
	41020 : E3;
	41021 : E3;
	41022 : E3;
	41023 : E3;
	41024 : E3;
	41025 : E3;
	41026 : E3;
	41027 : E3;
	41028 : E3;
	41029 : E3;
	41030 : E3;
	41031 : E3;
	41032 : E3;
	41033 : E3;
	41034 : E3;
	41035 : E3;
	41036 : E3;
	41037 : E3;
	41038 : E3;
	41039 : E3;
	41040 : E3;
	41041 : E3;
	41042 : E3;
	41043 : E3;
	41044 : E3;
	41045 : E3;
	41046 : E3;
	41047 : E3;
	41048 : E3;
	41049 : E3;
	41050 : E3;
	41051 : E3;
	41052 : E3;
	41053 : E3;
	41054 : E3;
	41055 : E3;
	41056 : E3;
	41057 : E3;
	41058 : E3;
	41059 : E3;
	41060 : E3;
	41061 : E3;
	41062 : E3;
	41063 : E3;
	41064 : E3;
	41065 : E3;
	41066 : E3;
	41067 : E3;
	41068 : E3;
	41069 : E3;
	41070 : E3;
	41071 : E3;
	41072 : E3;
	41073 : E3;
	41074 : E3;
	41075 : E3;
	41076 : E3;
	41077 : E3;
	41078 : E3;
	41079 : E3;
	41080 : E3;
	41081 : E3;
	41082 : E3;
	41083 : E3;
	41084 : E3;
	41085 : E3;
	41086 : E3;
	41087 : E3;
	41088 : E3;
	41089 : E3;
	41090 : E3;
	41091 : E3;
	41092 : E3;
	41093 : E3;
	41094 : E3;
	41095 : E3;
	41096 : E3;
	41097 : E3;
	41098 : E3;
	41099 : E3;
	41100 : E3;
	41101 : E3;
	41102 : E3;
	41103 : E3;
	41104 : E3;
	41105 : E3;
	41106 : E3;
	41107 : E3;
	41108 : E3;
	41109 : E3;
	41110 : E3;
	41111 : E3;
	41112 : E3;
	41113 : E3;
	41114 : E3;
	41115 : E3;
	41116 : E3;
	41117 : E3;
	41118 : E3;
	41119 : E3;
	41120 : E3;
	41121 : E3;
	41122 : E3;
	41123 : E3;
	41124 : E3;
	41125 : E3;
	41126 : E3;
	41127 : E3;
	41128 : E3;
	41129 : E3;
	41130 : E3;
	41131 : E3;
	41132 : E3;
	41133 : E3;
	41134 : E3;
	41135 : E3;
	41136 : E3;
	41137 : E3;
	41138 : E3;
	41139 : E3;
	41140 : E3;
	41141 : E3;
	41142 : E3;
	41143 : E3;
	41144 : E3;
	41145 : E3;
	41146 : E3;
	41147 : E3;
	41148 : E3;
	41149 : E3;
	41150 : E3;
	41151 : E3;
	41152 : E3;
	41153 : E3;
	41154 : E3;
	41155 : E3;
	41156 : E3;
	41157 : E3;
	41158 : E3;
	41159 : E3;
	41160 : E3;
	41161 : E3;
	41162 : E3;
	41163 : E3;
	41164 : E3;
	41165 : E3;
	41166 : E3;
	41167 : E3;
	41168 : E3;
	41169 : E3;
	41170 : E3;
	41171 : E3;
	41172 : E3;
	41173 : E3;
	41174 : E3;
	41175 : E3;
	41176 : E3;
	41177 : E3;
	41178 : E3;
	41179 : E3;
	41180 : E3;
	41181 : E3;
	41182 : E3;
	41183 : E3;
	41184 : E3;
	41185 : E3;
	41186 : E3;
	41187 : E3;
	41188 : E3;
	41189 : E3;
	41190 : E3;
	41191 : E3;
	41192 : E3;
	41193 : E3;
	41194 : E3;
	41195 : E3;
	41196 : E3;
	41197 : E3;
	41198 : E3;
	41199 : E3;
	41200 : E3;
	41201 : E3;
	41202 : E3;
	41203 : E3;
	41204 : E3;
	41205 : E3;
	41206 : E3;
	41207 : E3;
	41208 : E3;
	41209 : E3;
	41210 : E3;
	41211 : E3;
	41212 : E3;
	41213 : E3;
	41214 : E3;
	41215 : E3;
	41216 : E3;
	41217 : E3;
	41218 : E3;
	41219 : E3;
	41220 : E3;
	41221 : E3;
	41222 : E3;
	41223 : E3;
	41224 : E3;
	41225 : E3;
	41226 : E3;
	41227 : E3;
	41228 : E3;
	41229 : E3;
	41230 : E3;
	41231 : E3;
	41232 : E3;
	41233 : E3;
	41234 : E3;
	41235 : E3;
	41236 : E3;
	41237 : E3;
	41238 : E3;
	41239 : E3;
	41240 : E3;
	41241 : E3;
	41242 : E3;
	41243 : E3;
	41244 : E3;
	41245 : E3;
	41246 : E3;
	41247 : E3;
	41248 : E3;
	41249 : E3;
	41250 : E3;
	41251 : E3;
	41252 : E3;
	41253 : E3;
	41254 : E3;
	41255 : E3;
	41256 : E3;
	41257 : E3;
	41258 : E3;
	41259 : E3;
	41260 : E3;
	41261 : E3;
	41262 : E3;
	41263 : E3;
	41264 : E3;
	41265 : E3;
	41266 : E3;
	41267 : E3;
	41268 : E3;
	41269 : E3;
	41270 : E3;
	41271 : E3;
	41272 : E3;
	41273 : E3;
	41274 : E3;
	41275 : E3;
	41276 : E3;
	41277 : E3;
	41278 : E3;
	41279 : E3;
	41280 : E3;
	41281 : E3;
	41282 : E3;
	41283 : E3;
	41284 : E3;
	41285 : E3;
	41286 : E3;
	41287 : E3;
	41288 : E3;
	41289 : E3;
	41290 : E3;
	41291 : E3;
	41292 : E3;
	41293 : E3;
	41294 : E3;
	41295 : E3;
	41296 : E3;
	41297 : E3;
	41298 : E3;
	41299 : E3;
	41300 : E3;
	41301 : E3;
	41302 : E3;
	41303 : E3;
	41304 : E3;
	41305 : E3;
	41306 : E3;
	41307 : E3;
	41308 : E3;
	41309 : E3;
	41310 : E3;
	41311 : E3;
	41312 : E3;
	41313 : E3;
	41314 : E3;
	41315 : E3;
	41316 : E3;
	41317 : E3;
	41318 : E3;
	41319 : E3;
	41320 : E3;
	41321 : E3;
	41322 : E3;
	41323 : E3;
	41324 : E3;
	41325 : E3;
	41326 : E3;
	41327 : E3;
	41328 : E3;
	41329 : E3;
	41330 : E3;
	41331 : E3;
	41332 : E3;
	41333 : E3;
	41334 : E3;
	41335 : E3;
	41336 : E3;
	41337 : E3;
	41338 : E3;
	41339 : E3;
	41340 : E3;
	41341 : E3;
	41342 : E3;
	41343 : E3;
	41344 : E3;
	41345 : E3;
	41346 : E3;
	41347 : E3;
	41348 : E3;
	41349 : E3;
	41350 : E3;
	41351 : E3;
	41352 : E3;
	41353 : E3;
	41354 : E3;
	41355 : E3;
	41356 : E3;
	41357 : E3;
	41358 : E3;
	41359 : E3;
	41360 : E3;
	41361 : E3;
	41362 : E3;
	41363 : E3;
	41364 : E3;
	41365 : E3;
	41366 : E3;
	41367 : E3;
	41368 : E3;
	41369 : E3;
	41370 : E3;
	41371 : E3;
	41372 : E3;
	41373 : E3;
	41374 : E3;
	41375 : E3;
	41376 : E3;
	41377 : E3;
	41378 : E3;
	41379 : E3;
	41380 : E3;
	41381 : E3;
	41382 : E3;
	41383 : E3;
	41384 : E3;
	41385 : E3;
	41386 : E3;
	41387 : E3;
	41388 : E3;
	41389 : E3;
	41390 : E3;
	41391 : E3;
	41392 : E3;
	41393 : E3;
	41394 : E3;
	41395 : E3;
	41396 : E3;
	41397 : E3;
	41398 : E3;
	41399 : E3;
	41400 : E3;
	41401 : E3;
	41402 : E3;
	41403 : E3;
	41404 : E3;
	41405 : E3;
	41406 : E3;
	41407 : E3;
	41408 : E3;
	41409 : E3;
	41410 : E3;
	41411 : E3;
	41412 : E3;
	41413 : E3;
	41414 : E3;
	41415 : E3;
	41416 : E3;
	41417 : E3;
	41418 : E3;
	41419 : E3;
	41420 : E3;
	41421 : E3;
	41422 : E3;
	41423 : E3;
	41424 : E3;
	41425 : E3;
	41426 : E3;
	41427 : E3;
	41428 : E3;
	41429 : E3;
	41430 : E3;
	41431 : E3;
	41432 : E3;
	41433 : E3;
	41434 : E3;
	41435 : E3;
	41436 : E3;
	41437 : E3;
	41438 : E3;
	41439 : E3;
	41440 : E3;
	41441 : E3;
	41442 : E3;
	41443 : E3;
	41444 : E3;
	41445 : E3;
	41446 : E3;
	41447 : E3;
	41448 : E3;
	41449 : E3;
	41450 : E3;
	41451 : E3;
	41452 : E3;
	41453 : E3;
	41454 : E3;
	41455 : E3;
	41456 : E3;
	41457 : E3;
	41458 : E3;
	41459 : E3;
	41460 : E3;
	41461 : E3;
	41462 : E3;
	41463 : E3;
	41464 : E3;
	41465 : E3;
	41466 : E3;
	41467 : E3;
	41468 : E3;
	41469 : E3;
	41470 : E3;
	41471 : E3;
	41472 : E3;
	41473 : E3;
	41474 : E3;
	41475 : E3;
	41476 : E3;
	41477 : E3;
	41478 : E3;
	41479 : E3;
	41480 : E3;
	41481 : E3;
	41482 : E3;
	41483 : E3;
	41484 : E3;
	41485 : E3;
	41486 : E3;
	41487 : E3;
	41488 : E3;
	41489 : E3;
	41490 : E3;
	41491 : E3;
	41492 : E3;
	41493 : E3;
	41494 : E3;
	41495 : E3;
	41496 : E3;
	41497 : E3;
	41498 : E3;
	41499 : E3;
	41500 : E3;
	41501 : E3;
	41502 : E3;
	41503 : E3;
	41504 : E3;
	41505 : E3;
	41506 : E3;
	41507 : E3;
	41508 : E3;
	41509 : E3;
	41510 : E3;
	41511 : E3;
	41512 : E3;
	41513 : E3;
	41514 : E3;
	41515 : E3;
	41516 : E3;
	41517 : E3;
	41518 : E3;
	41519 : E3;
	41520 : E3;
	41521 : E3;
	41522 : E3;
	41523 : E3;
	41524 : E3;
	41525 : E3;
	41526 : E3;
	41527 : E3;
	41528 : E3;
	41529 : E3;
	41530 : E3;
	41531 : E3;
	41532 : E3;
	41533 : E3;
	41534 : E3;
	41535 : E3;
	41536 : E3;
	41537 : E3;
	41538 : E3;
	41539 : E3;
	41540 : E3;
	41541 : E3;
	41542 : E3;
	41543 : E3;
	41544 : E3;
	41545 : E3;
	41546 : E3;
	41547 : E3;
	41548 : E3;
	41549 : E3;
	41550 : E3;
	41551 : E3;
	41552 : E3;
	41553 : E3;
	41554 : E3;
	41555 : E3;
	41556 : E3;
	41557 : E3;
	41558 : E3;
	41559 : E3;
	41560 : E3;
	41561 : E3;
	41562 : E3;
	41563 : E3;
	41564 : E3;
	41565 : E3;
	41566 : E3;
	41567 : E3;
	41568 : E3;
	41569 : E3;
	41570 : E3;
	41571 : E3;
	41572 : E3;
	41573 : E3;
	41574 : E3;
	41575 : E3;
	41576 : E3;
	41577 : E3;
	41578 : E3;
	41579 : E3;
	41580 : E3;
	41581 : E3;
	41582 : E3;
	41583 : E3;
	41584 : E3;
	41585 : E3;
	41586 : E3;
	41587 : E3;
	41588 : E3;
	41589 : E3;
	41590 : E3;
	41591 : E3;
	41592 : E3;
	41593 : E3;
	41594 : E3;
	41595 : E3;
	41596 : E3;
	41597 : E3;
	41598 : E3;
	41599 : E3;
	41600 : E3;
	41601 : E3;
	41602 : E3;
	41603 : E3;
	41604 : E3;
	41605 : E3;
	41606 : E3;
	41607 : E3;
	41608 : E3;
	41609 : E3;
	41610 : E3;
	41611 : E3;
	41612 : E3;
	41613 : E3;
	41614 : E3;
	41615 : E3;
	41616 : E3;
	41617 : E3;
	41618 : E3;
	41619 : E3;
	41620 : E3;
	41621 : E3;
	41622 : E3;
	41623 : E3;
	41624 : E3;
	41625 : E3;
	41626 : E3;
	41627 : E3;
	41628 : E3;
	41629 : E3;
	41630 : E3;
	41631 : E3;
	41632 : E3;
	41633 : E3;
	41634 : E3;
	41635 : E3;
	41636 : E3;
	41637 : E3;
	41638 : E3;
	41639 : E3;
	41640 : E3;
	41641 : E3;
	41642 : E3;
	41643 : E3;
	41644 : E3;
	41645 : E3;
	41646 : E3;
	41647 : E3;
	41648 : E3;
	41649 : E3;
	41650 : E3;
	41651 : E3;
	41652 : E3;
	41653 : E3;
	41654 : E3;
	41655 : E3;
	41656 : E3;
	41657 : E3;
	41658 : E3;
	41659 : E3;
	41660 : E3;
	41661 : E3;
	41662 : E3;
	41663 : E3;
	41664 : E3;
	41665 : E3;
	41666 : E3;
	41667 : E3;
	41668 : E3;
	41669 : E3;
	41670 : E3;
	41671 : E3;
	41672 : E3;
	41673 : E3;
	41674 : E3;
	41675 : E3;
	41676 : E3;
	41677 : E3;
	41678 : E3;
	41679 : E3;
	41680 : E3;
	41681 : E3;
	41682 : E3;
	41683 : E3;
	41684 : E3;
	41685 : E3;
	41686 : E3;
	41687 : E3;
	41688 : E3;
	41689 : E3;
	41690 : E3;
	41691 : E3;
	41692 : E3;
	41693 : E3;
	41694 : E3;
	41695 : E3;
	41696 : E3;
	41697 : E3;
	41698 : E3;
	41699 : E3;
	41700 : E3;
	41701 : E3;
	41702 : E3;
	41703 : E3;
	41704 : E3;
	41705 : E3;
	41706 : E3;
	41707 : E3;
	41708 : E3;
	41709 : E3;
	41710 : E3;
	41711 : E3;
	41712 : E3;
	41713 : E3;
	41714 : E3;
	41715 : E3;
	41716 : E3;
	41717 : E3;
	41718 : E3;
	41719 : E3;
	41720 : E3;
	41721 : E3;
	41722 : E3;
	41723 : E3;
	41724 : E3;
	41725 : E3;
	41726 : E3;
	41727 : E3;
	41728 : E3;
	41729 : E3;
	41730 : E3;
	41731 : E3;
	41732 : E3;
	41733 : E3;
	41734 : E3;
	41735 : E3;
	41736 : E3;
	41737 : E3;
	41738 : E3;
	41739 : E3;
	41740 : E3;
	41741 : E3;
	41742 : E3;
	41743 : E3;
	41744 : E3;
	41745 : E3;
	41746 : E3;
	41747 : E3;
	41748 : E3;
	41749 : E3;
	41750 : E3;
	41751 : E3;
	41752 : E3;
	41753 : E3;
	41754 : E3;
	41755 : E3;
	41756 : E3;
	41757 : E3;
	41758 : E3;
	41759 : E3;
	41760 : E3;
	41761 : E3;
	41762 : E3;
	41763 : E3;
	41764 : E3;
	41765 : E3;
	41766 : E3;
	41767 : E3;
	41768 : 24;
	41769 : 24;
	41770 : 24;
	41771 : E3;
	41772 : E3;
	41773 : E3;
	41774 : E3;
	41775 : E3;
	41776 : E3;
	41777 : E3;
	41778 : E3;
	41779 : E3;
	41780 : E3;
	41781 : E3;
	41782 : E3;
	41783 : E3;
	41784 : E3;
	41785 : E3;
	41786 : E3;
	41787 : E3;
	41788 : E3;
	41789 : E3;
	41790 : E3;
	41791 : E3;
	41792 : E3;
	41793 : E3;
	41794 : E3;
	41795 : E3;
	41796 : E3;
	41797 : E3;
	41798 : E3;
	41799 : E3;
	41800 : E3;
	41801 : E3;
	41802 : E3;
	41803 : E3;
	41804 : E3;
	41805 : E3;
	41806 : E3;
	41807 : E3;
	41808 : E3;
	41809 : E3;
	41810 : E3;
	41811 : E3;
	41812 : E3;
	41813 : E3;
	41814 : E3;
	41815 : E3;
	41816 : E3;
	41817 : E3;
	41818 : E3;
	41819 : E3;
	41820 : E3;
	41821 : E3;
	41822 : E3;
	41823 : E3;
	41824 : E3;
	41825 : E3;
	41826 : E3;
	41827 : E3;
	41828 : E3;
	41829 : E3;
	41830 : E3;
	41831 : 24;
	41832 : 24;
	41833 : 44;
	41834 : 44;
	41835 : 24;
	41836 : E3;
	41837 : E3;
	41838 : E3;
	41839 : E3;
	41840 : E3;
	41841 : E3;
	41842 : E3;
	41843 : E3;
	41844 : E3;
	41845 : E3;
	41846 : E3;
	41847 : E3;
	41848 : E3;
	41849 : E3;
	41850 : E3;
	41851 : E3;
	41852 : E3;
	41853 : E3;
	41854 : E3;
	41855 : E3;
	41856 : E3;
	41857 : E3;
	41858 : E3;
	41859 : E3;
	41860 : E3;
	41861 : E3;
	41862 : E3;
	41863 : E3;
	41864 : E3;
	41865 : E3;
	41866 : E3;
	41867 : E3;
	41868 : E3;
	41869 : E3;
	41870 : E3;
	41871 : E3;
	41872 : E3;
	41873 : E3;
	41874 : E3;
	41875 : E3;
	41876 : E3;
	41877 : E3;
	41878 : E3;
	41879 : E3;
	41880 : E3;
	41881 : E3;
	41882 : E3;
	41883 : E3;
	41884 : E3;
	41885 : E3;
	41886 : E3;
	41887 : E3;
	41888 : E3;
	41889 : E3;
	41890 : E3;
	41891 : E3;
	41892 : E3;
	41893 : E3;
	41894 : 24;
	41895 : 44;
	41896 : 24;
	41897 : A8;
	41898 : C8;
	41899 : A8;
	41900 : 88;
	41901 : E3;
	41902 : E3;
	41903 : E3;
	41904 : E3;
	41905 : E3;
	41906 : E3;
	41907 : E3;
	41908 : E3;
	41909 : E3;
	41910 : E3;
	41911 : E3;
	41912 : E3;
	41913 : E3;
	41914 : E3;
	41915 : E3;
	41916 : E3;
	41917 : E3;
	41918 : E3;
	41919 : E3;
	41920 : E3;
	41921 : E3;
	41922 : E3;
	41923 : E3;
	41924 : E3;
	41925 : E3;
	41926 : E3;
	41927 : E3;
	41928 : E3;
	41929 : E3;
	41930 : E3;
	41931 : E3;
	41932 : E3;
	41933 : E3;
	41934 : E3;
	41935 : E3;
	41936 : E3;
	41937 : E3;
	41938 : E3;
	41939 : E3;
	41940 : E3;
	41941 : E3;
	41942 : E3;
	41943 : E3;
	41944 : E3;
	41945 : E3;
	41946 : E3;
	41947 : E3;
	41948 : E3;
	41949 : E3;
	41950 : E3;
	41951 : E3;
	41952 : E3;
	41953 : E3;
	41954 : E3;
	41955 : E3;
	41956 : 80;
	41957 : A8;
	41958 : 24;
	41959 : 84;
	41960 : 68;
	41961 : 88;
	41962 : AD;
	41963 : A8;
	41964 : A8;
	41965 : E3;
	41966 : E3;
	41967 : E3;
	41968 : E3;
	41969 : E3;
	41970 : E3;
	41971 : E3;
	41972 : E3;
	41973 : E3;
	41974 : E3;
	41975 : E3;
	41976 : E3;
	41977 : E3;
	41978 : E3;
	41979 : E3;
	41980 : E3;
	41981 : E3;
	41982 : E3;
	41983 : E3;
	41984 : E3;
	41985 : E3;
	41986 : E3;
	41987 : E3;
	41988 : E3;
	41989 : E3;
	41990 : E3;
	41991 : E3;
	41992 : E3;
	41993 : E3;
	41994 : E3;
	41995 : E3;
	41996 : E3;
	41997 : E3;
	41998 : E3;
	41999 : E3;
	42000 : E3;
	42001 : E3;
	42002 : E3;
	42003 : E3;
	42004 : E3;
	42005 : E3;
	42006 : E3;
	42007 : E3;
	42008 : E3;
	42009 : E3;
	42010 : E3;
	42011 : E3;
	42012 : E3;
	42013 : E3;
	42014 : 80;
	42015 : A0;
	42016 : A0;
	42017 : C0;
	42018 : A0;
	42019 : A0;
	42020 : A0;
	42021 : 88;
	42022 : A8;
	42023 : 88;
	42024 : CC;
	42025 : C8;
	42026 : 84;
	42027 : 88;
	42028 : 64;
	42029 : E3;
	42030 : E3;
	42031 : E3;
	42032 : E3;
	42033 : E3;
	42034 : E3;
	42035 : E3;
	42036 : E3;
	42037 : E3;
	42038 : E3;
	42039 : E3;
	42040 : E3;
	42041 : E3;
	42042 : E3;
	42043 : E3;
	42044 : E3;
	42045 : E3;
	42046 : E3;
	42047 : E3;
	42048 : E3;
	42049 : E3;
	42050 : E3;
	42051 : E3;
	42052 : E3;
	42053 : E3;
	42054 : E3;
	42055 : E3;
	42056 : E3;
	42057 : E3;
	42058 : E3;
	42059 : E3;
	42060 : E3;
	42061 : E3;
	42062 : E3;
	42063 : E3;
	42064 : E3;
	42065 : E3;
	42066 : E3;
	42067 : E3;
	42068 : E3;
	42069 : E3;
	42070 : E3;
	42071 : E3;
	42072 : E3;
	42073 : E3;
	42074 : E3;
	42075 : E3;
	42076 : E3;
	42077 : 80;
	42078 : C0;
	42079 : E0;
	42080 : E0;
	42081 : E0;
	42082 : C0;
	42083 : A0;
	42084 : A0;
	42085 : 84;
	42086 : C8;
	42087 : 84;
	42088 : A8;
	42089 : AD;
	42090 : D6;
	42091 : 8D;
	42092 : 84;
	42093 : C1;
	42094 : E3;
	42095 : E3;
	42096 : E3;
	42097 : E3;
	42098 : E3;
	42099 : E3;
	42100 : E3;
	42101 : E3;
	42102 : E3;
	42103 : E3;
	42104 : E3;
	42105 : E3;
	42106 : E3;
	42107 : E3;
	42108 : E3;
	42109 : E3;
	42110 : E3;
	42111 : E3;
	42112 : E3;
	42113 : E3;
	42114 : E3;
	42115 : E3;
	42116 : E3;
	42117 : E3;
	42118 : E3;
	42119 : E3;
	42120 : E3;
	42121 : E3;
	42122 : E3;
	42123 : E3;
	42124 : E3;
	42125 : E3;
	42126 : E3;
	42127 : E3;
	42128 : E3;
	42129 : E3;
	42130 : E3;
	42131 : E3;
	42132 : E3;
	42133 : E3;
	42134 : E3;
	42135 : E3;
	42136 : E3;
	42137 : E3;
	42138 : E3;
	42139 : E3;
	42140 : 80;
	42141 : A0;
	42142 : C0;
	42143 : E0;
	42144 : E0;
	42145 : E0;
	42146 : E0;
	42147 : C0;
	42148 : A0;
	42149 : 80;
	42150 : A8;
	42151 : 84;
	42152 : 64;
	42153 : B6;
	42154 : DA;
	42155 : DA;
	42156 : AD;
	42157 : C0;
	42158 : C0;
	42159 : E3;
	42160 : E3;
	42161 : E3;
	42162 : E3;
	42163 : E3;
	42164 : E3;
	42165 : E3;
	42166 : E3;
	42167 : E3;
	42168 : E3;
	42169 : E3;
	42170 : E3;
	42171 : E3;
	42172 : E3;
	42173 : E3;
	42174 : E3;
	42175 : E3;
	42176 : E3;
	42177 : E3;
	42178 : E3;
	42179 : E3;
	42180 : E3;
	42181 : E3;
	42182 : E3;
	42183 : E3;
	42184 : E3;
	42185 : E3;
	42186 : E3;
	42187 : E3;
	42188 : E3;
	42189 : E3;
	42190 : E3;
	42191 : E3;
	42192 : E3;
	42193 : E3;
	42194 : E3;
	42195 : E3;
	42196 : E3;
	42197 : E3;
	42198 : E3;
	42199 : E3;
	42200 : E3;
	42201 : E3;
	42202 : E3;
	42203 : E3;
	42204 : 80;
	42205 : 80;
	42206 : A0;
	42207 : C0;
	42208 : C0;
	42209 : C0;
	42210 : C0;
	42211 : A0;
	42212 : A0;
	42213 : 80;
	42214 : 80;
	42215 : 88;
	42216 : B2;
	42217 : DA;
	42218 : DA;
	42219 : DA;
	42220 : DA;
	42221 : A9;
	42222 : C0;
	42223 : E3;
	42224 : E3;
	42225 : E3;
	42226 : A5;
	42227 : E3;
	42228 : E3;
	42229 : E3;
	42230 : E3;
	42231 : E3;
	42232 : E3;
	42233 : E3;
	42234 : E3;
	42235 : E3;
	42236 : E3;
	42237 : E3;
	42238 : E3;
	42239 : E3;
	42240 : E3;
	42241 : E3;
	42242 : E3;
	42243 : E3;
	42244 : E3;
	42245 : E3;
	42246 : E3;
	42247 : E3;
	42248 : E3;
	42249 : E3;
	42250 : E3;
	42251 : E3;
	42252 : E3;
	42253 : E3;
	42254 : E3;
	42255 : E3;
	42256 : E3;
	42257 : E3;
	42258 : E3;
	42259 : E3;
	42260 : E3;
	42261 : E3;
	42262 : E3;
	42263 : E3;
	42264 : E3;
	42265 : E3;
	42266 : E3;
	42267 : 80;
	42268 : A0;
	42269 : 80;
	42270 : A0;
	42271 : A0;
	42272 : C0;
	42273 : A0;
	42274 : A0;
	42275 : A0;
	42276 : A0;
	42277 : 80;
	42278 : 80;
	42279 : A9;
	42280 : D6;
	42281 : DA;
	42282 : DA;
	42283 : B6;
	42284 : 8D;
	42285 : A8;
	42286 : A0;
	42287 : A0;
	42288 : 88;
	42289 : 88;
	42290 : 64;
	42291 : 88;
	42292 : A5;
	42293 : E3;
	42294 : E3;
	42295 : E3;
	42296 : E3;
	42297 : E3;
	42298 : E3;
	42299 : E3;
	42300 : E3;
	42301 : E3;
	42302 : E3;
	42303 : E3;
	42304 : E3;
	42305 : E3;
	42306 : E3;
	42307 : E3;
	42308 : E3;
	42309 : E3;
	42310 : E3;
	42311 : E3;
	42312 : E3;
	42313 : E3;
	42314 : E3;
	42315 : E3;
	42316 : E3;
	42317 : E3;
	42318 : E3;
	42319 : E3;
	42320 : E3;
	42321 : E3;
	42322 : E3;
	42323 : E3;
	42324 : E3;
	42325 : E3;
	42326 : E3;
	42327 : E3;
	42328 : E3;
	42329 : E3;
	42330 : E3;
	42331 : 80;
	42332 : A0;
	42333 : 80;
	42334 : 80;
	42335 : C0;
	42336 : C4;
	42337 : C8;
	42338 : ED;
	42339 : CD;
	42340 : CC;
	42341 : 84;
	42342 : A4;
	42343 : CD;
	42344 : A8;
	42345 : B1;
	42346 : 92;
	42347 : 89;
	42348 : A0;
	42349 : A0;
	42350 : A0;
	42351 : 84;
	42352 : 91;
	42353 : B6;
	42354 : 91;
	42355 : 8D;
	42356 : 84;
	42357 : C9;
	42358 : E3;
	42359 : E3;
	42360 : E3;
	42361 : E3;
	42362 : E3;
	42363 : E3;
	42364 : E3;
	42365 : E3;
	42366 : E3;
	42367 : E3;
	42368 : E3;
	42369 : E3;
	42370 : E3;
	42371 : E3;
	42372 : E3;
	42373 : E3;
	42374 : E3;
	42375 : E3;
	42376 : E3;
	42377 : E3;
	42378 : E3;
	42379 : E3;
	42380 : E3;
	42381 : E3;
	42382 : E3;
	42383 : E3;
	42384 : E3;
	42385 : E3;
	42386 : E3;
	42387 : E3;
	42388 : E3;
	42389 : E3;
	42390 : E3;
	42391 : E3;
	42392 : E3;
	42393 : E3;
	42394 : E3;
	42395 : E3;
	42396 : 80;
	42397 : A0;
	42398 : 80;
	42399 : C8;
	42400 : CD;
	42401 : CC;
	42402 : A8;
	42403 : A8;
	42404 : CD;
	42405 : CD;
	42406 : ED;
	42407 : CC;
	42408 : C8;
	42409 : A8;
	42410 : 60;
	42411 : A0;
	42412 : 80;
	42413 : 84;
	42414 : 88;
	42415 : 88;
	42416 : 91;
	42417 : 91;
	42418 : B5;
	42419 : B6;
	42420 : B1;
	42421 : E3;
	42422 : E3;
	42423 : E3;
	42424 : E3;
	42425 : E3;
	42426 : E3;
	42427 : E3;
	42428 : E3;
	42429 : E3;
	42430 : E3;
	42431 : E3;
	42432 : E3;
	42433 : E3;
	42434 : E3;
	42435 : E3;
	42436 : E3;
	42437 : E3;
	42438 : E3;
	42439 : E3;
	42440 : E3;
	42441 : E3;
	42442 : E3;
	42443 : E3;
	42444 : E3;
	42445 : E3;
	42446 : E3;
	42447 : E3;
	42448 : E3;
	42449 : E3;
	42450 : E3;
	42451 : E3;
	42452 : E3;
	42453 : E3;
	42454 : E3;
	42455 : E3;
	42456 : E3;
	42457 : E3;
	42458 : E3;
	42459 : E3;
	42460 : 80;
	42461 : 80;
	42462 : 80;
	42463 : A8;
	42464 : CD;
	42465 : CD;
	42466 : ED;
	42467 : ED;
	42468 : ED;
	42469 : CD;
	42470 : CD;
	42471 : C8;
	42472 : A8;
	42473 : 80;
	42474 : E3;
	42475 : 84;
	42476 : 64;
	42477 : 84;
	42478 : 84;
	42479 : 8D;
	42480 : B6;
	42481 : B6;
	42482 : 91;
	42483 : E3;
	42484 : E3;
	42485 : E3;
	42486 : E3;
	42487 : E3;
	42488 : E3;
	42489 : E3;
	42490 : E3;
	42491 : E3;
	42492 : E3;
	42493 : E3;
	42494 : E3;
	42495 : E3;
	42496 : E3;
	42497 : E3;
	42498 : E3;
	42499 : E3;
	42500 : E3;
	42501 : E3;
	42502 : E3;
	42503 : E3;
	42504 : E3;
	42505 : E3;
	42506 : E3;
	42507 : E3;
	42508 : E3;
	42509 : E3;
	42510 : E3;
	42511 : E3;
	42512 : E3;
	42513 : E3;
	42514 : E3;
	42515 : E3;
	42516 : E3;
	42517 : E3;
	42518 : E3;
	42519 : E3;
	42520 : E3;
	42521 : E3;
	42522 : E3;
	42523 : E3;
	42524 : E3;
	42525 : 80;
	42526 : 80;
	42527 : 84;
	42528 : CC;
	42529 : CD;
	42530 : CC;
	42531 : CD;
	42532 : CC;
	42533 : ED;
	42534 : C8;
	42535 : A8;
	42536 : 80;
	42537 : E3;
	42538 : E3;
	42539 : E3;
	42540 : 64;
	42541 : 64;
	42542 : 84;
	42543 : 84;
	42544 : 8D;
	42545 : 91;
	42546 : E3;
	42547 : E3;
	42548 : E3;
	42549 : E3;
	42550 : E3;
	42551 : E3;
	42552 : E3;
	42553 : E3;
	42554 : E3;
	42555 : E3;
	42556 : E3;
	42557 : E3;
	42558 : E3;
	42559 : E3;
	42560 : E3;
	42561 : E3;
	42562 : E3;
	42563 : E3;
	42564 : E3;
	42565 : E3;
	42566 : E3;
	42567 : E3;
	42568 : E3;
	42569 : E3;
	42570 : E3;
	42571 : E3;
	42572 : E3;
	42573 : E3;
	42574 : E3;
	42575 : E3;
	42576 : E3;
	42577 : E3;
	42578 : E3;
	42579 : E3;
	42580 : E3;
	42581 : E3;
	42582 : E3;
	42583 : E3;
	42584 : E3;
	42585 : E3;
	42586 : E3;
	42587 : E3;
	42588 : E3;
	42589 : 84;
	42590 : 64;
	42591 : 60;
	42592 : 84;
	42593 : C8;
	42594 : CD;
	42595 : CC;
	42596 : CD;
	42597 : A8;
	42598 : A8;
	42599 : A5;
	42600 : E3;
	42601 : E3;
	42602 : E3;
	42603 : E3;
	42604 : E3;
	42605 : 84;
	42606 : 88;
	42607 : 84;
	42608 : 84;
	42609 : 68;
	42610 : E3;
	42611 : E3;
	42612 : E3;
	42613 : E3;
	42614 : E3;
	42615 : E3;
	42616 : E3;
	42617 : E3;
	42618 : E3;
	42619 : E3;
	42620 : E3;
	42621 : E3;
	42622 : E3;
	42623 : E3;
	42624 : E3;
	42625 : E3;
	42626 : E3;
	42627 : E3;
	42628 : E3;
	42629 : E3;
	42630 : E3;
	42631 : E3;
	42632 : E3;
	42633 : E3;
	42634 : E3;
	42635 : E3;
	42636 : E3;
	42637 : E3;
	42638 : E3;
	42639 : E3;
	42640 : E3;
	42641 : E3;
	42642 : E3;
	42643 : E3;
	42644 : E3;
	42645 : E3;
	42646 : E3;
	42647 : E3;
	42648 : E3;
	42649 : E3;
	42650 : E3;
	42651 : E3;
	42652 : 0D;
	42653 : 49;
	42654 : 29;
	42655 : 88;
	42656 : 29;
	42657 : 64;
	42658 : A8;
	42659 : C8;
	42660 : A8;
	42661 : 84;
	42662 : 69;
	42663 : E3;
	42664 : E3;
	42665 : E3;
	42666 : E3;
	42667 : E3;
	42668 : E3;
	42669 : E3;
	42670 : 84;
	42671 : 88;
	42672 : 84;
	42673 : 84;
	42674 : E3;
	42675 : E3;
	42676 : E3;
	42677 : E3;
	42678 : E3;
	42679 : E3;
	42680 : E3;
	42681 : E3;
	42682 : E3;
	42683 : E3;
	42684 : E3;
	42685 : E3;
	42686 : E3;
	42687 : E3;
	42688 : E3;
	42689 : E3;
	42690 : E3;
	42691 : E3;
	42692 : E3;
	42693 : E3;
	42694 : E3;
	42695 : E3;
	42696 : E3;
	42697 : E3;
	42698 : E3;
	42699 : E3;
	42700 : E3;
	42701 : E3;
	42702 : E3;
	42703 : E3;
	42704 : E3;
	42705 : E3;
	42706 : E3;
	42707 : E3;
	42708 : E3;
	42709 : E3;
	42710 : E3;
	42711 : E3;
	42712 : E3;
	42713 : E3;
	42714 : E3;
	42715 : 2A;
	42716 : 0E;
	42717 : 0E;
	42718 : 0E;
	42719 : 0D;
	42720 : 0D;
	42721 : 2D;
	42722 : 29;
	42723 : 49;
	42724 : 4D;
	42725 : 0E;
	42726 : 0E;
	42727 : 4A;
	42728 : E3;
	42729 : E3;
	42730 : E3;
	42731 : E3;
	42732 : E3;
	42733 : E3;
	42734 : E3;
	42735 : E3;
	42736 : E3;
	42737 : E3;
	42738 : E3;
	42739 : E3;
	42740 : E3;
	42741 : E3;
	42742 : E3;
	42743 : E3;
	42744 : E3;
	42745 : E3;
	42746 : E3;
	42747 : E3;
	42748 : E3;
	42749 : E3;
	42750 : E3;
	42751 : E3;
	42752 : E3;
	42753 : E3;
	42754 : E3;
	42755 : E3;
	42756 : E3;
	42757 : E3;
	42758 : E3;
	42759 : E3;
	42760 : E3;
	42761 : E3;
	42762 : E3;
	42763 : E3;
	42764 : E3;
	42765 : E3;
	42766 : E3;
	42767 : E3;
	42768 : E3;
	42769 : E3;
	42770 : E3;
	42771 : E3;
	42772 : E3;
	42773 : E3;
	42774 : E3;
	42775 : E3;
	42776 : E3;
	42777 : E3;
	42778 : E3;
	42779 : 0E;
	42780 : 0E;
	42781 : 0E;
	42782 : 12;
	42783 : 12;
	42784 : 0E;
	42785 : 0E;
	42786 : 0E;
	42787 : 0E;
	42788 : 0E;
	42789 : 0E;
	42790 : 12;
	42791 : 0E;
	42792 : E3;
	42793 : E3;
	42794 : E3;
	42795 : E3;
	42796 : E3;
	42797 : E3;
	42798 : E3;
	42799 : E3;
	42800 : E3;
	42801 : E3;
	42802 : E3;
	42803 : E3;
	42804 : E3;
	42805 : E3;
	42806 : E3;
	42807 : E3;
	42808 : E3;
	42809 : E3;
	42810 : E3;
	42811 : E3;
	42812 : E3;
	42813 : E3;
	42814 : E3;
	42815 : E3;
	42816 : E3;
	42817 : E3;
	42818 : E3;
	42819 : E3;
	42820 : E3;
	42821 : E3;
	42822 : E3;
	42823 : E3;
	42824 : E3;
	42825 : E3;
	42826 : E3;
	42827 : E3;
	42828 : E3;
	42829 : E3;
	42830 : E3;
	42831 : E3;
	42832 : E3;
	42833 : E3;
	42834 : E3;
	42835 : E3;
	42836 : E3;
	42837 : E3;
	42838 : E3;
	42839 : E3;
	42840 : E3;
	42841 : E3;
	42842 : E3;
	42843 : 0E;
	42844 : 12;
	42845 : 17;
	42846 : 1B;
	42847 : 17;
	42848 : 12;
	42849 : 0E;
	42850 : 0E;
	42851 : 0E;
	42852 : 0E;
	42853 : 0E;
	42854 : 0E;
	42855 : 17;
	42856 : 12;
	42857 : E3;
	42858 : E3;
	42859 : E3;
	42860 : E3;
	42861 : E3;
	42862 : E3;
	42863 : E3;
	42864 : E3;
	42865 : E3;
	42866 : E3;
	42867 : E3;
	42868 : E3;
	42869 : E3;
	42870 : E3;
	42871 : E3;
	42872 : E3;
	42873 : E3;
	42874 : E3;
	42875 : E3;
	42876 : E3;
	42877 : E3;
	42878 : E3;
	42879 : E3;
	42880 : E3;
	42881 : E3;
	42882 : E3;
	42883 : E3;
	42884 : E3;
	42885 : E3;
	42886 : E3;
	42887 : E3;
	42888 : E3;
	42889 : E3;
	42890 : E3;
	42891 : E3;
	42892 : E3;
	42893 : E3;
	42894 : E3;
	42895 : E3;
	42896 : E3;
	42897 : E3;
	42898 : E3;
	42899 : E3;
	42900 : E3;
	42901 : E3;
	42902 : E3;
	42903 : E3;
	42904 : E3;
	42905 : E3;
	42906 : E3;
	42907 : 0E;
	42908 : 17;
	42909 : 1B;
	42910 : 1B;
	42911 : 1B;
	42912 : 17;
	42913 : 12;
	42914 : 0E;
	42915 : 0E;
	42916 : 0D;
	42917 : 0E;
	42918 : 12;
	42919 : 1B;
	42920 : 1B;
	42921 : 6F;
	42922 : E3;
	42923 : E3;
	42924 : E3;
	42925 : E3;
	42926 : E3;
	42927 : E3;
	42928 : E3;
	42929 : E3;
	42930 : E3;
	42931 : E3;
	42932 : E3;
	42933 : E3;
	42934 : E3;
	42935 : E3;
	42936 : E3;
	42937 : E3;
	42938 : E3;
	42939 : E3;
	42940 : E3;
	42941 : E3;
	42942 : E3;
	42943 : E3;
	42944 : E3;
	42945 : E3;
	42946 : E3;
	42947 : E3;
	42948 : E3;
	42949 : E3;
	42950 : E3;
	42951 : E3;
	42952 : E3;
	42953 : E3;
	42954 : E3;
	42955 : E3;
	42956 : E3;
	42957 : E3;
	42958 : E3;
	42959 : E3;
	42960 : E3;
	42961 : E3;
	42962 : E3;
	42963 : E3;
	42964 : E3;
	42965 : E3;
	42966 : E3;
	42967 : E3;
	42968 : E3;
	42969 : E3;
	42970 : E3;
	42971 : 0E;
	42972 : 1B;
	42973 : 1B;
	42974 : 1B;
	42975 : 1B;
	42976 : 1B;
	42977 : 1B;
	42978 : 0E;
	42979 : 09;
	42980 : 0E;
	42981 : 0E;
	42982 : 12;
	42983 : 1B;
	42984 : 1B;
	42985 : 37;
	42986 : E3;
	42987 : E3;
	42988 : E3;
	42989 : E3;
	42990 : E3;
	42991 : E3;
	42992 : E3;
	42993 : E3;
	42994 : E3;
	42995 : E3;
	42996 : E3;
	42997 : E3;
	42998 : E3;
	42999 : E3;
	43000 : E3;
	43001 : E3;
	43002 : E3;
	43003 : E3;
	43004 : E3;
	43005 : E3;
	43006 : E3;
	43007 : E3;
	43008 : E3;
	43009 : E3;
	43010 : E3;
	43011 : E3;
	43012 : E3;
	43013 : E3;
	43014 : E3;
	43015 : E3;
	43016 : E3;
	43017 : E3;
	43018 : E3;
	43019 : E3;
	43020 : E3;
	43021 : E3;
	43022 : E3;
	43023 : E3;
	43024 : E3;
	43025 : E3;
	43026 : E3;
	43027 : E3;
	43028 : E3;
	43029 : E3;
	43030 : E3;
	43031 : E3;
	43032 : E3;
	43033 : E3;
	43034 : E3;
	43035 : 0E;
	43036 : 1B;
	43037 : 1B;
	43038 : 1B;
	43039 : 1B;
	43040 : 1B;
	43041 : 17;
	43042 : 09;
	43043 : 2A;
	43044 : 0E;
	43045 : 0E;
	43046 : 12;
	43047 : 17;
	43048 : 1B;
	43049 : 1B;
	43050 : 32;
	43051 : E3;
	43052 : E3;
	43053 : E3;
	43054 : E3;
	43055 : E3;
	43056 : E3;
	43057 : E3;
	43058 : E3;
	43059 : E3;
	43060 : E3;
	43061 : E3;
	43062 : E3;
	43063 : E3;
	43064 : E3;
	43065 : E3;
	43066 : E3;
	43067 : E3;
	43068 : E3;
	43069 : E3;
	43070 : E3;
	43071 : E3;
	43072 : E3;
	43073 : E3;
	43074 : E3;
	43075 : E3;
	43076 : E3;
	43077 : E3;
	43078 : E3;
	43079 : E3;
	43080 : E3;
	43081 : E3;
	43082 : E3;
	43083 : E3;
	43084 : E3;
	43085 : E3;
	43086 : E3;
	43087 : E3;
	43088 : E3;
	43089 : E3;
	43090 : E3;
	43091 : E3;
	43092 : E3;
	43093 : E3;
	43094 : E3;
	43095 : E3;
	43096 : E3;
	43097 : E3;
	43098 : E3;
	43099 : 0E;
	43100 : 17;
	43101 : 1B;
	43102 : 1B;
	43103 : 1B;
	43104 : 1B;
	43105 : 17;
	43106 : E3;
	43107 : E3;
	43108 : 0E;
	43109 : 0E;
	43110 : 0E;
	43111 : 17;
	43112 : 1B;
	43113 : 1B;
	43114 : 1B;
	43115 : E3;
	43116 : E3;
	43117 : E3;
	43118 : E3;
	43119 : E3;
	43120 : E3;
	43121 : E3;
	43122 : E3;
	43123 : E3;
	43124 : E3;
	43125 : E3;
	43126 : E3;
	43127 : E3;
	43128 : E3;
	43129 : E3;
	43130 : E3;
	43131 : E3;
	43132 : E3;
	43133 : E3;
	43134 : E3;
	43135 : E3;
	43136 : E3;
	43137 : E3;
	43138 : E3;
	43139 : E3;
	43140 : E3;
	43141 : E3;
	43142 : E3;
	43143 : E3;
	43144 : E3;
	43145 : E3;
	43146 : E3;
	43147 : E3;
	43148 : E3;
	43149 : E3;
	43150 : E3;
	43151 : E3;
	43152 : E3;
	43153 : E3;
	43154 : E3;
	43155 : E3;
	43156 : E3;
	43157 : E3;
	43158 : E3;
	43159 : E3;
	43160 : E3;
	43161 : E3;
	43162 : E3;
	43163 : 2E;
	43164 : 12;
	43165 : 1B;
	43166 : 1B;
	43167 : 1B;
	43168 : 1B;
	43169 : 17;
	43170 : E3;
	43171 : E3;
	43172 : E3;
	43173 : 0E;
	43174 : 0E;
	43175 : 12;
	43176 : 1B;
	43177 : 1B;
	43178 : 1B;
	43179 : 6A;
	43180 : E3;
	43181 : E3;
	43182 : E3;
	43183 : E3;
	43184 : E3;
	43185 : E3;
	43186 : E3;
	43187 : E3;
	43188 : E3;
	43189 : E3;
	43190 : E3;
	43191 : E3;
	43192 : E3;
	43193 : E3;
	43194 : E3;
	43195 : E3;
	43196 : E3;
	43197 : E3;
	43198 : E3;
	43199 : E3;
	43200 : E3;
	43201 : E3;
	43202 : E3;
	43203 : E3;
	43204 : E3;
	43205 : E3;
	43206 : E3;
	43207 : E3;
	43208 : E3;
	43209 : E3;
	43210 : E3;
	43211 : E3;
	43212 : E3;
	43213 : E3;
	43214 : E3;
	43215 : E3;
	43216 : E3;
	43217 : E3;
	43218 : E3;
	43219 : E3;
	43220 : E3;
	43221 : E3;
	43222 : E3;
	43223 : E3;
	43224 : E3;
	43225 : E3;
	43226 : E3;
	43227 : 2A;
	43228 : 0E;
	43229 : 17;
	43230 : 17;
	43231 : 17;
	43232 : 17;
	43233 : 16;
	43234 : E3;
	43235 : E3;
	43236 : E3;
	43237 : E3;
	43238 : 0E;
	43239 : 12;
	43240 : 1B;
	43241 : 1B;
	43242 : 17;
	43243 : 6F;
	43244 : E3;
	43245 : E3;
	43246 : E3;
	43247 : E3;
	43248 : E3;
	43249 : E3;
	43250 : E3;
	43251 : E3;
	43252 : E3;
	43253 : E3;
	43254 : E3;
	43255 : E3;
	43256 : E3;
	43257 : E3;
	43258 : E3;
	43259 : E3;
	43260 : E3;
	43261 : E3;
	43262 : E3;
	43263 : E3;
	43264 : E3;
	43265 : E3;
	43266 : E3;
	43267 : E3;
	43268 : E3;
	43269 : E3;
	43270 : E3;
	43271 : E3;
	43272 : E3;
	43273 : E3;
	43274 : E3;
	43275 : E3;
	43276 : E3;
	43277 : E3;
	43278 : E3;
	43279 : E3;
	43280 : E3;
	43281 : E3;
	43282 : E3;
	43283 : E3;
	43284 : E3;
	43285 : E3;
	43286 : E3;
	43287 : E3;
	43288 : E3;
	43289 : E3;
	43290 : E3;
	43291 : E3;
	43292 : 0E;
	43293 : 0E;
	43294 : 12;
	43295 : 1B;
	43296 : 16;
	43297 : 4A;
	43298 : E3;
	43299 : E3;
	43300 : E3;
	43301 : E3;
	43302 : 0E;
	43303 : 0E;
	43304 : 16;
	43305 : 1B;
	43306 : 12;
	43307 : 37;
	43308 : E3;
	43309 : E3;
	43310 : E3;
	43311 : E3;
	43312 : E3;
	43313 : E3;
	43314 : E3;
	43315 : E3;
	43316 : E3;
	43317 : E3;
	43318 : E3;
	43319 : E3;
	43320 : E3;
	43321 : E3;
	43322 : E3;
	43323 : E3;
	43324 : E3;
	43325 : E3;
	43326 : E3;
	43327 : E3;
	43328 : E3;
	43329 : E3;
	43330 : E3;
	43331 : E3;
	43332 : E3;
	43333 : E3;
	43334 : E3;
	43335 : E3;
	43336 : E3;
	43337 : E3;
	43338 : E3;
	43339 : E3;
	43340 : E3;
	43341 : E3;
	43342 : E3;
	43343 : E3;
	43344 : E3;
	43345 : E3;
	43346 : E3;
	43347 : E3;
	43348 : E3;
	43349 : E3;
	43350 : E3;
	43351 : E3;
	43352 : E3;
	43353 : E3;
	43354 : E3;
	43355 : 17;
	43356 : 12;
	43357 : 0E;
	43358 : 0E;
	43359 : 0E;
	43360 : 0E;
	43361 : E3;
	43362 : E3;
	43363 : E3;
	43364 : E3;
	43365 : E3;
	43366 : 4A;
	43367 : 0E;
	43368 : 0E;
	43369 : 0E;
	43370 : 0E;
	43371 : 17;
	43372 : E3;
	43373 : E3;
	43374 : E3;
	43375 : E3;
	43376 : E3;
	43377 : E3;
	43378 : E3;
	43379 : E3;
	43380 : E3;
	43381 : E3;
	43382 : E3;
	43383 : E3;
	43384 : E3;
	43385 : E3;
	43386 : E3;
	43387 : E3;
	43388 : E3;
	43389 : E3;
	43390 : E3;
	43391 : E3;
	43392 : E3;
	43393 : E3;
	43394 : E3;
	43395 : E3;
	43396 : E3;
	43397 : E3;
	43398 : E3;
	43399 : E3;
	43400 : E3;
	43401 : E3;
	43402 : E3;
	43403 : E3;
	43404 : E3;
	43405 : E3;
	43406 : E3;
	43407 : E3;
	43408 : E3;
	43409 : E3;
	43410 : E3;
	43411 : E3;
	43412 : E3;
	43413 : E3;
	43414 : E3;
	43415 : E3;
	43416 : E3;
	43417 : E3;
	43418 : 2E;
	43419 : 16;
	43420 : 0E;
	43421 : 0E;
	43422 : 0E;
	43423 : 0E;
	43424 : 2A;
	43425 : E3;
	43426 : E3;
	43427 : E3;
	43428 : E3;
	43429 : E3;
	43430 : 2A;
	43431 : 0E;
	43432 : 0E;
	43433 : 0E;
	43434 : 0E;
	43435 : 0E;
	43436 : E3;
	43437 : E3;
	43438 : E3;
	43439 : E3;
	43440 : E3;
	43441 : E3;
	43442 : E3;
	43443 : E3;
	43444 : E3;
	43445 : E3;
	43446 : E3;
	43447 : E3;
	43448 : E3;
	43449 : E3;
	43450 : E3;
	43451 : E3;
	43452 : E3;
	43453 : E3;
	43454 : E3;
	43455 : E3;
	43456 : E3;
	43457 : E3;
	43458 : E3;
	43459 : E3;
	43460 : E3;
	43461 : E3;
	43462 : E3;
	43463 : E3;
	43464 : E3;
	43465 : E3;
	43466 : E3;
	43467 : E3;
	43468 : E3;
	43469 : E3;
	43470 : E3;
	43471 : E3;
	43472 : E3;
	43473 : E3;
	43474 : E3;
	43475 : E3;
	43476 : E3;
	43477 : E3;
	43478 : E3;
	43479 : E3;
	43480 : E3;
	43481 : E3;
	43482 : 0E;
	43483 : 0E;
	43484 : 0E;
	43485 : 0E;
	43486 : 0E;
	43487 : 0E;
	43488 : 4A;
	43489 : E3;
	43490 : E3;
	43491 : E3;
	43492 : E3;
	43493 : 0E;
	43494 : 0E;
	43495 : 0E;
	43496 : 0E;
	43497 : 0E;
	43498 : 0E;
	43499 : 4A;
	43500 : E3;
	43501 : E3;
	43502 : E3;
	43503 : E3;
	43504 : E3;
	43505 : E3;
	43506 : E3;
	43507 : E3;
	43508 : E3;
	43509 : E3;
	43510 : E3;
	43511 : E3;
	43512 : E3;
	43513 : E3;
	43514 : E3;
	43515 : E3;
	43516 : E3;
	43517 : E3;
	43518 : E3;
	43519 : E3;
	43520 : E3;
	43521 : E3;
	43522 : E3;
	43523 : E3;
	43524 : E3;
	43525 : E3;
	43526 : E3;
	43527 : E3;
	43528 : E3;
	43529 : E3;
	43530 : E3;
	43531 : E3;
	43532 : E3;
	43533 : E3;
	43534 : E3;
	43535 : E3;
	43536 : E3;
	43537 : E3;
	43538 : E3;
	43539 : E3;
	43540 : E3;
	43541 : E3;
	43542 : E3;
	43543 : E3;
	43544 : E3;
	43545 : E3;
	43546 : 0E;
	43547 : 0E;
	43548 : 0E;
	43549 : 0E;
	43550 : 0E;
	43551 : E3;
	43552 : E3;
	43553 : E3;
	43554 : E3;
	43555 : E3;
	43556 : 4A;
	43557 : 0E;
	43558 : 0E;
	43559 : 0E;
	43560 : 0E;
	43561 : 0E;
	43562 : E3;
	43563 : E3;
	43564 : E3;
	43565 : E3;
	43566 : E3;
	43567 : E3;
	43568 : E3;
	43569 : E3;
	43570 : E3;
	43571 : E3;
	43572 : E3;
	43573 : E3;
	43574 : E3;
	43575 : E3;
	43576 : E3;
	43577 : E3;
	43578 : E3;
	43579 : E3;
	43580 : E3;
	43581 : E3;
	43582 : E3;
	43583 : E3;
	43584 : E3;
	43585 : E3;
	43586 : E3;
	43587 : E3;
	43588 : E3;
	43589 : E3;
	43590 : E3;
	43591 : E3;
	43592 : E3;
	43593 : E3;
	43594 : E3;
	43595 : E3;
	43596 : E3;
	43597 : E3;
	43598 : E3;
	43599 : E3;
	43600 : E3;
	43601 : E3;
	43602 : E3;
	43603 : E3;
	43604 : E3;
	43605 : E3;
	43606 : E3;
	43607 : E3;
	43608 : 92;
	43609 : 4E;
	43610 : 0E;
	43611 : 0E;
	43612 : 0E;
	43613 : E3;
	43614 : E3;
	43615 : E3;
	43616 : E3;
	43617 : E3;
	43618 : E3;
	43619 : E3;
	43620 : 0D;
	43621 : 0E;
	43622 : 0E;
	43623 : 0E;
	43624 : 0E;
	43625 : E3;
	43626 : E3;
	43627 : E3;
	43628 : E3;
	43629 : E3;
	43630 : E3;
	43631 : E3;
	43632 : E3;
	43633 : E3;
	43634 : E3;
	43635 : E3;
	43636 : E3;
	43637 : E3;
	43638 : E3;
	43639 : E3;
	43640 : E3;
	43641 : E3;
	43642 : E3;
	43643 : E3;
	43644 : E3;
	43645 : E3;
	43646 : E3;
	43647 : E3;
	43648 : E3;
	43649 : E3;
	43650 : E3;
	43651 : E3;
	43652 : E3;
	43653 : E3;
	43654 : E3;
	43655 : E3;
	43656 : E3;
	43657 : E3;
	43658 : E3;
	43659 : E3;
	43660 : E3;
	43661 : E3;
	43662 : E3;
	43663 : E3;
	43664 : E3;
	43665 : E3;
	43666 : E3;
	43667 : E3;
	43668 : E3;
	43669 : E3;
	43670 : E3;
	43671 : E3;
	43672 : B6;
	43673 : 92;
	43674 : 32;
	43675 : 4A;
	43676 : E3;
	43677 : E3;
	43678 : E3;
	43679 : E3;
	43680 : E3;
	43681 : E3;
	43682 : E3;
	43683 : E3;
	43684 : 0D;
	43685 : 0E;
	43686 : 0E;
	43687 : 0E;
	43688 : E3;
	43689 : E3;
	43690 : E3;
	43691 : E3;
	43692 : E3;
	43693 : E3;
	43694 : E3;
	43695 : E3;
	43696 : E3;
	43697 : E3;
	43698 : E3;
	43699 : E3;
	43700 : E3;
	43701 : E3;
	43702 : E3;
	43703 : E3;
	43704 : E3;
	43705 : E3;
	43706 : E3;
	43707 : E3;
	43708 : E3;
	43709 : E3;
	43710 : E3;
	43711 : E3;
	43712 : E3;
	43713 : E3;
	43714 : E3;
	43715 : E3;
	43716 : E3;
	43717 : E3;
	43718 : E3;
	43719 : E3;
	43720 : E3;
	43721 : E3;
	43722 : E3;
	43723 : E3;
	43724 : E3;
	43725 : E3;
	43726 : E3;
	43727 : E3;
	43728 : E3;
	43729 : E3;
	43730 : E3;
	43731 : E3;
	43732 : E3;
	43733 : E3;
	43734 : E3;
	43735 : E3;
	43736 : B7;
	43737 : 92;
	43738 : 92;
	43739 : E3;
	43740 : E3;
	43741 : E3;
	43742 : E3;
	43743 : E3;
	43744 : E3;
	43745 : E3;
	43746 : E3;
	43747 : E3;
	43748 : 96;
	43749 : 2E;
	43750 : 09;
	43751 : E3;
	43752 : E3;
	43753 : E3;
	43754 : E3;
	43755 : E3;
	43756 : E3;
	43757 : E3;
	43758 : E3;
	43759 : E3;
	43760 : E3;
	43761 : E3;
	43762 : E3;
	43763 : E3;
	43764 : E3;
	43765 : E3;
	43766 : E3;
	43767 : E3;
	43768 : E3;
	43769 : E3;
	43770 : E3;
	43771 : E3;
	43772 : E3;
	43773 : E3;
	43774 : E3;
	43775 : E3;
	43776 : E3;
	43777 : E3;
	43778 : E3;
	43779 : E3;
	43780 : E3;
	43781 : E3;
	43782 : E3;
	43783 : E3;
	43784 : E3;
	43785 : E3;
	43786 : E3;
	43787 : E3;
	43788 : E3;
	43789 : E3;
	43790 : E3;
	43791 : E3;
	43792 : E3;
	43793 : E3;
	43794 : E3;
	43795 : E3;
	43796 : E3;
	43797 : E3;
	43798 : E3;
	43799 : E3;
	43800 : BB;
	43801 : 92;
	43802 : 92;
	43803 : E3;
	43804 : E3;
	43805 : E3;
	43806 : E3;
	43807 : E3;
	43808 : E3;
	43809 : E3;
	43810 : B7;
	43811 : B7;
	43812 : BB;
	43813 : 92;
	43814 : E3;
	43815 : E3;
	43816 : E3;
	43817 : E3;
	43818 : E3;
	43819 : E3;
	43820 : E3;
	43821 : E3;
	43822 : E3;
	43823 : E3;
	43824 : E3;
	43825 : E3;
	43826 : E3;
	43827 : E3;
	43828 : E3;
	43829 : E3;
	43830 : E3;
	43831 : E3;
	43832 : E3;
	43833 : E3;
	43834 : E3;
	43835 : E3;
	43836 : E3;
	43837 : E3;
	43838 : E3;
	43839 : E3;
	43840 : E3;
	43841 : E3;
	43842 : E3;
	43843 : E3;
	43844 : E3;
	43845 : E3;
	43846 : E3;
	43847 : E3;
	43848 : E3;
	43849 : E3;
	43850 : E3;
	43851 : E3;
	43852 : E3;
	43853 : E3;
	43854 : E3;
	43855 : E3;
	43856 : E3;
	43857 : E3;
	43858 : E3;
	43859 : E3;
	43860 : E3;
	43861 : E3;
	43862 : E3;
	43863 : 25;
	43864 : DB;
	43865 : B6;
	43866 : BB;
	43867 : E3;
	43868 : E3;
	43869 : E3;
	43870 : E3;
	43871 : E3;
	43872 : E3;
	43873 : E3;
	43874 : 92;
	43875 : B7;
	43876 : DB;
	43877 : B6;
	43878 : E3;
	43879 : E3;
	43880 : E3;
	43881 : E3;
	43882 : E3;
	43883 : E3;
	43884 : E3;
	43885 : E3;
	43886 : E3;
	43887 : E3;
	43888 : E3;
	43889 : E3;
	43890 : E3;
	43891 : E3;
	43892 : E3;
	43893 : E3;
	43894 : E3;
	43895 : E3;
	43896 : E3;
	43897 : E3;
	43898 : E3;
	43899 : E3;
	43900 : E3;
	43901 : E3;
	43902 : E3;
	43903 : E3;
	43904 : E3;
	43905 : E3;
	43906 : E3;
	43907 : E3;
	43908 : E3;
	43909 : E3;
	43910 : E3;
	43911 : E3;
	43912 : E3;
	43913 : E3;
	43914 : E3;
	43915 : E3;
	43916 : E3;
	43917 : E3;
	43918 : E3;
	43919 : E3;
	43920 : E3;
	43921 : E3;
	43922 : E3;
	43923 : E3;
	43924 : E3;
	43925 : E3;
	43926 : E3;
	43927 : E3;
	43928 : B7;
	43929 : B6;
	43930 : DB;
	43931 : 6E;
	43932 : E3;
	43933 : E3;
	43934 : E3;
	43935 : E3;
	43936 : E3;
	43937 : E3;
	43938 : E3;
	43939 : E3;
	43940 : BB;
	43941 : DB;
	43942 : B7;
	43943 : DB;
	43944 : DB;
	43945 : E3;
	43946 : E3;
	43947 : E3;
	43948 : E3;
	43949 : E3;
	43950 : E3;
	43951 : E3;
	43952 : E3;
	43953 : E3;
	43954 : E3;
	43955 : E3;
	43956 : E3;
	43957 : E3;
	43958 : E3;
	43959 : E3;
	43960 : E3;
	43961 : E3;
	43962 : E3;
	43963 : E3;
	43964 : E3;
	43965 : E3;
	43966 : E3;
	43967 : E3;
	43968 : E3;
	43969 : E3;
	43970 : E3;
	43971 : E3;
	43972 : E3;
	43973 : E3;
	43974 : E3;
	43975 : E3;
	43976 : E3;
	43977 : E3;
	43978 : E3;
	43979 : E3;
	43980 : E3;
	43981 : E3;
	43982 : E3;
	43983 : E3;
	43984 : E3;
	43985 : E3;
	43986 : E3;
	43987 : E3;
	43988 : E3;
	43989 : E3;
	43990 : E3;
	43991 : E3;
	43992 : E3;
	43993 : 92;
	43994 : 92;
	43995 : E3;
	43996 : E3;
	43997 : E3;
	43998 : E3;
	43999 : E3;
	44000 : E3;
	44001 : E3;
	44002 : E3;
	44003 : E3;
	44004 : E3;
	44005 : 92;
	44006 : 92;
	44007 : 92;
	44008 : 92;
	44009 : E3;
	44010 : E3;
	44011 : E3;
	44012 : E3;
	44013 : E3;
	44014 : E3;
	44015 : E3;
	44016 : E3;
	44017 : E3;
	44018 : E3;
	44019 : E3;
	44020 : E3;
	44021 : E3;
	44022 : E3;
	44023 : E3;
	44024 : E3;
	44025 : E3;
	44026 : E3;
	44027 : E3;
	44028 : E3;
	44029 : E3;
	44030 : E3;
	44031 : E3;
	44032 : E3;
	44033 : E3;
	44034 : E3;
	44035 : E3;
	44036 : E3;
	44037 : E3;
	44038 : E3;
	44039 : E3;
	44040 : E3;
	44041 : E3;
	44042 : E3;
	44043 : E3;
	44044 : E3;
	44045 : E3;
	44046 : E3;
	44047 : E3;
	44048 : E3;
	44049 : E3;
	44050 : E3;
	44051 : E3;
	44052 : E3;
	44053 : E3;
	44054 : E3;
	44055 : E3;
	44056 : E3;
	44057 : E3;
	44058 : E3;
	44059 : E3;
	44060 : E3;
	44061 : E3;
	44062 : E3;
	44063 : E3;
	44064 : E3;
	44065 : E3;
	44066 : E3;
	44067 : E3;
	44068 : E3;
	44069 : E3;
	44070 : E3;
	44071 : E3;
	44072 : E3;
	44073 : E3;
	44074 : E3;
	44075 : E3;
	44076 : E3;
	44077 : E3;
	44078 : E3;
	44079 : E3;
	44080 : E3;
	44081 : E3;
	44082 : E3;
	44083 : E3;
	44084 : E3;
	44085 : E3;
	44086 : E3;
	44087 : E3;
	44088 : E3;
	44089 : E3;
	44090 : E3;
	44091 : E3;
	44092 : E3;
	44093 : E3;
	44094 : E3;
	44095 : E3;
	44096 : E3;
	44097 : E3;
	44098 : E3;
	44099 : E3;
	44100 : E3;
	44101 : E3;
	44102 : E3;
	44103 : E3;
	44104 : E3;
	44105 : E3;
	44106 : E3;
	44107 : E3;
	44108 : E3;
	44109 : E3;
	44110 : E3;
	44111 : E3;
	44112 : E3;
	44113 : E3;
	44114 : E3;
	44115 : E3;
	44116 : E3;
	44117 : E3;
	44118 : E3;
	44119 : E3;
	44120 : E3;
	44121 : E3;
	44122 : E3;
	44123 : E3;
	44124 : E3;
	44125 : E3;
	44126 : E3;
	44127 : E3;
	44128 : E3;
	44129 : E3;
	44130 : E3;
	44131 : E3;
	44132 : E3;
	44133 : E3;
	44134 : E3;
	44135 : E3;
	44136 : E3;
	44137 : E3;
	44138 : E3;
	44139 : E3;
	44140 : E3;
	44141 : E3;
	44142 : E3;
	44143 : E3;
	44144 : E3;
	44145 : E3;
	44146 : E3;
	44147 : E3;
	44148 : E3;
	44149 : E3;
	44150 : E3;
	44151 : E3;
	44152 : E3;
	44153 : E3;
	44154 : E3;
	44155 : E3;
	44156 : E3;
	44157 : E3;
	44158 : E3;
	44159 : E3;
	44160 : E3;
	44161 : E3;
	44162 : E3;
	44163 : E3;
	44164 : E3;
	44165 : E3;
	44166 : E3;
	44167 : E3;
	44168 : E3;
	44169 : E3;
	44170 : E3;
	44171 : E3;
	44172 : E3;
	44173 : E3;
	44174 : E3;
	44175 : E3;
	44176 : E3;
	44177 : E3;
	44178 : E3;
	44179 : E3;
	44180 : E3;
	44181 : E3;
	44182 : E3;
	44183 : E3;
	44184 : E3;
	44185 : E3;
	44186 : E3;
	44187 : E3;
	44188 : E3;
	44189 : E3;
	44190 : E3;
	44191 : E3;
	44192 : E3;
	44193 : E3;
	44194 : E3;
	44195 : E3;
	44196 : E3;
	44197 : E3;
	44198 : E3;
	44199 : E3;
	44200 : E3;
	44201 : E3;
	44202 : E3;
	44203 : E3;
	44204 : E3;
	44205 : E3;
	44206 : E3;
	44207 : E3;
	44208 : E3;
	44209 : E3;
	44210 : E3;
	44211 : E3;
	44212 : E3;
	44213 : E3;
	44214 : E3;
	44215 : E3;
	44216 : E3;
	44217 : E3;
	44218 : E3;
	44219 : E3;
	44220 : E3;
	44221 : E3;
	44222 : E3;
	44223 : E3;
	44224 : E3;
	44225 : E3;
	44226 : E3;
	44227 : E3;
	44228 : E3;
	44229 : E3;
	44230 : E3;
	44231 : E3;
	44232 : E3;
	44233 : E3;
	44234 : E3;
	44235 : E3;
	44236 : E3;
	44237 : E3;
	44238 : E3;
	44239 : E3;
	44240 : E3;
	44241 : E3;
	44242 : E3;
	44243 : E3;
	44244 : E3;
	44245 : E3;
	44246 : E3;
	44247 : E3;
	44248 : E3;
	44249 : E3;
	44250 : E3;
	44251 : E3;
	44252 : E3;
	44253 : E3;
	44254 : E3;
	44255 : E3;
	44256 : E3;
	44257 : E3;
	44258 : E3;
	44259 : E3;
	44260 : E3;
	44261 : E3;
	44262 : E3;
	44263 : E3;
	44264 : E3;
	44265 : E3;
	44266 : E3;
	44267 : E3;
	44268 : E3;
	44269 : E3;
	44270 : E3;
	44271 : E3;
	44272 : E3;
	44273 : E3;
	44274 : E3;
	44275 : E3;
	44276 : E3;
	44277 : E3;
	44278 : E3;
	44279 : E3;
	44280 : E3;
	44281 : E3;
	44282 : E3;
	44283 : E3;
	44284 : E3;
	44285 : E3;
	44286 : E3;
	44287 : E3;
	44288 : E3;
	44289 : E3;
	44290 : E3;
	44291 : E3;
	44292 : E3;
	44293 : E3;
	44294 : E3;
	44295 : E3;
	44296 : E3;
	44297 : E3;
	44298 : E3;
	44299 : E3;
	44300 : E3;
	44301 : E3;
	44302 : E3;
	44303 : E3;
	44304 : E3;
	44305 : E3;
	44306 : E3;
	44307 : E3;
	44308 : E3;
	44309 : E3;
	44310 : E3;
	44311 : E3;
	44312 : E3;
	44313 : E3;
	44314 : E3;
	44315 : E3;
	44316 : E3;
	44317 : E3;
	44318 : E3;
	44319 : E3;
	44320 : E3;
	44321 : E3;
	44322 : E3;
	44323 : E3;
	44324 : E3;
	44325 : E3;
	44326 : E3;
	44327 : E3;
	44328 : E3;
	44329 : E3;
	44330 : E3;
	44331 : E3;
	44332 : E3;
	44333 : E3;
	44334 : E3;
	44335 : E3;
	44336 : E3;
	44337 : E3;
	44338 : E3;
	44339 : E3;
	44340 : E3;
	44341 : E3;
	44342 : E3;
	44343 : E3;
	44344 : E3;
	44345 : E3;
	44346 : E3;
	44347 : E3;
	44348 : E3;
	44349 : E3;
	44350 : E3;
	44351 : E3;
	44352 : E3;
	44353 : E3;
	44354 : E3;
	44355 : E3;
	44356 : E3;
	44357 : E3;
	44358 : E3;
	44359 : E3;
	44360 : E3;
	44361 : E3;
	44362 : E3;
	44363 : E3;
	44364 : E3;
	44365 : E3;
	44366 : E3;
	44367 : E3;
	44368 : E3;
	44369 : E3;
	44370 : E3;
	44371 : E3;
	44372 : E3;
	44373 : E3;
	44374 : E3;
	44375 : E3;
	44376 : E3;
	44377 : E3;
	44378 : E3;
	44379 : E3;
	44380 : E3;
	44381 : E3;
	44382 : E3;
	44383 : E3;
	44384 : E3;
	44385 : E3;
	44386 : E3;
	44387 : E3;
	44388 : E3;
	44389 : E3;
	44390 : E3;
	44391 : E3;
	44392 : E3;
	44393 : E3;
	44394 : E3;
	44395 : E3;
	44396 : E3;
	44397 : E3;
	44398 : E3;
	44399 : E3;
	44400 : E3;
	44401 : E3;
	44402 : E3;
	44403 : E3;
	44404 : E3;
	44405 : E3;
	44406 : E3;
	44407 : E3;
	44408 : E3;
	44409 : E3;
	44410 : E3;
	44411 : E3;
	44412 : E3;
	44413 : E3;
	44414 : E3;
	44415 : E3;
	44416 : E3;
	44417 : E3;
	44418 : E3;
	44419 : E3;
	44420 : E3;
	44421 : E3;
	44422 : E3;
	44423 : E3;
	44424 : E3;
	44425 : E3;
	44426 : E3;
	44427 : E3;
	44428 : E3;
	44429 : E3;
	44430 : E3;
	44431 : E3;
	44432 : E3;
	44433 : E3;
	44434 : E3;
	44435 : E3;
	44436 : E3;
	44437 : E3;
	44438 : E3;
	44439 : E3;
	44440 : E3;
	44441 : E3;
	44442 : E3;
	44443 : E3;
	44444 : E3;
	44445 : E3;
	44446 : E3;
	44447 : E3;
	44448 : E3;
	44449 : E3;
	44450 : E3;
	44451 : E3;
	44452 : E3;
	44453 : E3;
	44454 : E3;
	44455 : E3;
	44456 : E3;
	44457 : E3;
	44458 : E3;
	44459 : E3;
	44460 : E3;
	44461 : E3;
	44462 : E3;
	44463 : E3;
	44464 : E3;
	44465 : E3;
	44466 : E3;
	44467 : E3;
	44468 : E3;
	44469 : E3;
	44470 : E3;
	44471 : E3;
	44472 : E3;
	44473 : E3;
	44474 : E3;
	44475 : E3;
	44476 : E3;
	44477 : E3;
	44478 : E3;
	44479 : E3;
	44480 : E3;
	44481 : E3;
	44482 : E3;
	44483 : E3;
	44484 : E3;
	44485 : E3;
	44486 : E3;
	44487 : E3;
	44488 : E3;
	44489 : E3;
	44490 : E3;
	44491 : E3;
	44492 : E3;
	44493 : E3;
	44494 : E3;
	44495 : E3;
	44496 : E3;
	44497 : E3;
	44498 : E3;
	44499 : E3;
	44500 : E3;
	44501 : E3;
	44502 : E3;
	44503 : E3;
	44504 : E3;
	44505 : E3;
	44506 : E3;
	44507 : E3;
	44508 : E3;
	44509 : E3;
	44510 : E3;
	44511 : E3;
	44512 : E3;
	44513 : E3;
	44514 : E3;
	44515 : E3;
	44516 : E3;
	44517 : E3;
	44518 : E3;
	44519 : E3;
	44520 : E3;
	44521 : E3;
	44522 : E3;
	44523 : E3;
	44524 : E3;
	44525 : E3;
	44526 : E3;
	44527 : E3;
	44528 : E3;
	44529 : E3;
	44530 : E3;
	44531 : E3;
	44532 : E3;
	44533 : E3;
	44534 : E3;
	44535 : E3;
	44536 : E3;
	44537 : E3;
	44538 : E3;
	44539 : E3;
	44540 : E3;
	44541 : E3;
	44542 : E3;
	44543 : E3;
	44544 : E3;
	44545 : E3;
	44546 : E3;
	44547 : E3;
	44548 : E3;
	44549 : E3;
	44550 : E3;
	44551 : E3;
	44552 : E3;
	44553 : E3;
	44554 : E3;
	44555 : E3;
	44556 : E3;
	44557 : E3;
	44558 : E3;
	44559 : E3;
	44560 : E3;
	44561 : E3;
	44562 : E3;
	44563 : E3;
	44564 : E3;
	44565 : E3;
	44566 : E3;
	44567 : E3;
	44568 : E3;
	44569 : E3;
	44570 : E3;
	44571 : E3;
	44572 : E3;
	44573 : E3;
	44574 : E3;
	44575 : E3;
	44576 : E3;
	44577 : E3;
	44578 : E3;
	44579 : E3;
	44580 : E3;
	44581 : E3;
	44582 : E3;
	44583 : E3;
	44584 : E3;
	44585 : E3;
	44586 : E3;
	44587 : E3;
	44588 : E3;
	44589 : E3;
	44590 : E3;
	44591 : E3;
	44592 : E3;
	44593 : E3;
	44594 : E3;
	44595 : E3;
	44596 : E3;
	44597 : E3;
	44598 : E3;
	44599 : E3;
	44600 : E3;
	44601 : E3;
	44602 : E3;
	44603 : E3;
	44604 : E3;
	44605 : E3;
	44606 : E3;
	44607 : E3;
	44608 : E3;
	44609 : E3;
	44610 : E3;
	44611 : E3;
	44612 : E3;
	44613 : E3;
	44614 : E3;
	44615 : E3;
	44616 : E3;
	44617 : E3;
	44618 : E3;
	44619 : E3;
	44620 : E3;
	44621 : E3;
	44622 : E3;
	44623 : E3;
	44624 : E3;
	44625 : E3;
	44626 : E3;
	44627 : E3;
	44628 : E3;
	44629 : E3;
	44630 : E3;
	44631 : E3;
	44632 : E3;
	44633 : E3;
	44634 : E3;
	44635 : E3;
	44636 : E3;
	44637 : E3;
	44638 : E3;
	44639 : E3;
	44640 : E3;
	44641 : E3;
	44642 : E3;
	44643 : E3;
	44644 : E3;
	44645 : E3;
	44646 : E3;
	44647 : E3;
	44648 : E3;
	44649 : E3;
	44650 : E3;
	44651 : E3;
	44652 : E3;
	44653 : E3;
	44654 : E3;
	44655 : E3;
	44656 : E3;
	44657 : E3;
	44658 : E3;
	44659 : E3;
	44660 : E3;
	44661 : E3;
	44662 : E3;
	44663 : E3;
	44664 : E3;
	44665 : E3;
	44666 : E3;
	44667 : E3;
	44668 : E3;
	44669 : E3;
	44670 : E3;
	44671 : E3;
	44672 : E3;
	44673 : E3;
	44674 : E3;
	44675 : E3;
	44676 : E3;
	44677 : E3;
	44678 : E3;
	44679 : E3;
	44680 : E3;
	44681 : E3;
	44682 : E3;
	44683 : E3;
	44684 : E3;
	44685 : E3;
	44686 : E3;
	44687 : E3;
	44688 : E3;
	44689 : E3;
	44690 : E3;
	44691 : E3;
	44692 : E3;
	44693 : E3;
	44694 : E3;
	44695 : E3;
	44696 : E3;
	44697 : E3;
	44698 : E3;
	44699 : E3;
	44700 : E3;
	44701 : E3;
	44702 : E3;
	44703 : E3;
	44704 : E3;
	44705 : E3;
	44706 : E3;
	44707 : E3;
	44708 : E3;
	44709 : E3;
	44710 : E3;
	44711 : E3;
	44712 : E3;
	44713 : E3;
	44714 : E3;
	44715 : E3;
	44716 : E3;
	44717 : E3;
	44718 : E3;
	44719 : E3;
	44720 : E3;
	44721 : E3;
	44722 : E3;
	44723 : E3;
	44724 : E3;
	44725 : E3;
	44726 : E3;
	44727 : E3;
	44728 : E3;
	44729 : E3;
	44730 : E3;
	44731 : E3;
	44732 : E3;
	44733 : E3;
	44734 : E3;
	44735 : E3;
	44736 : E3;
	44737 : E3;
	44738 : E3;
	44739 : E3;
	44740 : E3;
	44741 : E3;
	44742 : E3;
	44743 : E3;
	44744 : E3;
	44745 : E3;
	44746 : E3;
	44747 : E3;
	44748 : E3;
	44749 : E3;
	44750 : E3;
	44751 : E3;
	44752 : E3;
	44753 : E3;
	44754 : E3;
	44755 : E3;
	44756 : E3;
	44757 : E3;
	44758 : E3;
	44759 : E3;
	44760 : E3;
	44761 : E3;
	44762 : E3;
	44763 : E3;
	44764 : E3;
	44765 : E3;
	44766 : E3;
	44767 : E3;
	44768 : E3;
	44769 : E3;
	44770 : E3;
	44771 : E3;
	44772 : E3;
	44773 : E3;
	44774 : E3;
	44775 : E3;
	44776 : E3;
	44777 : E3;
	44778 : E3;
	44779 : E3;
	44780 : E3;
	44781 : E3;
	44782 : E3;
	44783 : E3;
	44784 : E3;
	44785 : E3;
	44786 : E3;
	44787 : E3;
	44788 : E3;
	44789 : E3;
	44790 : E3;
	44791 : E3;
	44792 : E3;
	44793 : E3;
	44794 : E3;
	44795 : E3;
	44796 : E3;
	44797 : E3;
	44798 : E3;
	44799 : E3;
	44800 : E3;
	44801 : E3;
	44802 : E3;
	44803 : E3;
	44804 : E3;
	44805 : E3;
	44806 : E3;
	44807 : E3;
	44808 : E3;
	44809 : E3;
	44810 : E3;
	44811 : E3;
	44812 : E3;
	44813 : E3;
	44814 : E3;
	44815 : E3;
	44816 : E3;
	44817 : E3;
	44818 : E3;
	44819 : E3;
	44820 : E3;
	44821 : E3;
	44822 : E3;
	44823 : E3;
	44824 : E3;
	44825 : E3;
	44826 : E3;
	44827 : E3;
	44828 : E3;
	44829 : E3;
	44830 : E3;
	44831 : E3;
	44832 : E3;
	44833 : E3;
	44834 : E3;
	44835 : E3;
	44836 : E3;
	44837 : E3;
	44838 : E3;
	44839 : E3;
	44840 : E3;
	44841 : E3;
	44842 : E3;
	44843 : E3;
	44844 : E3;
	44845 : E3;
	44846 : E3;
	44847 : E3;
	44848 : E3;
	44849 : E3;
	44850 : E3;
	44851 : E3;
	44852 : E3;
	44853 : E3;
	44854 : E3;
	44855 : E3;
	44856 : E3;
	44857 : E3;
	44858 : E3;
	44859 : E3;
	44860 : E3;
	44861 : E3;
	44862 : E3;
	44863 : E3;
	44864 : E3;
	44865 : E3;
	44866 : E3;
	44867 : E3;
	44868 : E3;
	44869 : E3;
	44870 : E3;
	44871 : E3;
	44872 : E3;
	44873 : E3;
	44874 : E3;
	44875 : E3;
	44876 : E3;
	44877 : E3;
	44878 : E3;
	44879 : E3;
	44880 : E3;
	44881 : E3;
	44882 : E3;
	44883 : E3;
	44884 : E3;
	44885 : E3;
	44886 : E3;
	44887 : E3;
	44888 : E3;
	44889 : E3;
	44890 : E3;
	44891 : E3;
	44892 : E3;
	44893 : E3;
	44894 : E3;
	44895 : E3;
	44896 : E3;
	44897 : E3;
	44898 : E3;
	44899 : E3;
	44900 : E3;
	44901 : E3;
	44902 : E3;
	44903 : E3;
	44904 : E3;
	44905 : E3;
	44906 : E3;
	44907 : E3;
	44908 : E3;
	44909 : E3;
	44910 : E3;
	44911 : E3;
	44912 : E3;
	44913 : E3;
	44914 : E3;
	44915 : E3;
	44916 : E3;
	44917 : E3;
	44918 : E3;
	44919 : E3;
	44920 : E3;
	44921 : E3;
	44922 : E3;
	44923 : E3;
	44924 : E3;
	44925 : E3;
	44926 : E3;
	44927 : E3;
	44928 : E3;
	44929 : E3;
	44930 : E3;
	44931 : E3;
	44932 : E3;
	44933 : E3;
	44934 : E3;
	44935 : E3;
	44936 : E3;
	44937 : E3;
	44938 : E3;
	44939 : E3;
	44940 : E3;
	44941 : E3;
	44942 : E3;
	44943 : E3;
	44944 : E3;
	44945 : E3;
	44946 : E3;
	44947 : E3;
	44948 : E3;
	44949 : E3;
	44950 : E3;
	44951 : E3;
	44952 : E3;
	44953 : E3;
	44954 : E3;
	44955 : E3;
	44956 : E3;
	44957 : E3;
	44958 : E3;
	44959 : E3;
	44960 : E3;
	44961 : E3;
	44962 : E3;
	44963 : E3;
	44964 : E3;
	44965 : E3;
	44966 : E3;
	44967 : E3;
	44968 : E3;
	44969 : E3;
	44970 : E3;
	44971 : E3;
	44972 : E3;
	44973 : E3;
	44974 : E3;
	44975 : E3;
	44976 : E3;
	44977 : E3;
	44978 : E3;
	44979 : E3;
	44980 : E3;
	44981 : E3;
	44982 : E3;
	44983 : E3;
	44984 : E3;
	44985 : E3;
	44986 : E3;
	44987 : E3;
	44988 : E3;
	44989 : E3;
	44990 : E3;
	44991 : E3;
	44992 : E3;
	44993 : E3;
	44994 : E3;
	44995 : E3;
	44996 : E3;
	44997 : E3;
	44998 : E3;
	44999 : E3;
	45000 : E3;
	45001 : E3;
	45002 : E3;
	45003 : E3;
	45004 : E3;
	45005 : E3;
	45006 : E3;
	45007 : E3;
	45008 : E3;
	45009 : E3;
	45010 : E3;
	45011 : E3;
	45012 : E3;
	45013 : E3;
	45014 : E3;
	45015 : E3;
	45016 : E3;
	45017 : E3;
	45018 : E3;
	45019 : E3;
	45020 : E3;
	45021 : E3;
	45022 : E3;
	45023 : E3;
	45024 : E3;
	45025 : E3;
	45026 : E3;
	45027 : E3;
	45028 : E3;
	45029 : E3;
	45030 : E3;
	45031 : E3;
	45032 : E3;
	45033 : E3;
	45034 : E3;
	45035 : E3;
	45036 : E3;
	45037 : E3;
	45038 : E3;
	45039 : E3;
	45040 : E3;
	45041 : E3;
	45042 : E3;
	45043 : E3;
	45044 : E3;
	45045 : E3;
	45046 : E3;
	45047 : E3;
	45048 : E3;
	45049 : E3;
	45050 : E3;
	45051 : E3;
	45052 : E3;
	45053 : E3;
	45054 : E3;
	45055 : E3;
	45056 : E3;
	45057 : E3;
	45058 : E3;
	45059 : E3;
	45060 : E3;
	45061 : E3;
	45062 : E3;
	45063 : E3;
	45064 : E3;
	45065 : E3;
	45066 : E3;
	45067 : E3;
	45068 : E3;
	45069 : E3;
	45070 : E3;
	45071 : E3;
	45072 : E3;
	45073 : E3;
	45074 : E3;
	45075 : E3;
	45076 : E3;
	45077 : E3;
	45078 : E3;
	45079 : E3;
	45080 : E3;
	45081 : E3;
	45082 : E3;
	45083 : E3;
	45084 : E3;
	45085 : E3;
	45086 : E3;
	45087 : E3;
	45088 : E3;
	45089 : E3;
	45090 : E3;
	45091 : E3;
	45092 : E3;
	45093 : E3;
	45094 : E3;
	45095 : E3;
	45096 : E3;
	45097 : E3;
	45098 : E3;
	45099 : E3;
	45100 : E3;
	45101 : E3;
	45102 : E3;
	45103 : E3;
	45104 : E3;
	45105 : E3;
	45106 : E3;
	45107 : E3;
	45108 : E3;
	45109 : E3;
	45110 : E3;
	45111 : E3;
	45112 : E3;
	45113 : E3;
	45114 : E3;
	45115 : E3;
	45116 : E3;
	45117 : E3;
	45118 : E3;
	45119 : E3;
	45120 : E3;
	45121 : E3;
	45122 : E3;
	45123 : E3;
	45124 : E3;
	45125 : E3;
	45126 : E3;
	45127 : E3;
	45128 : E3;
	45129 : E3;
	45130 : E3;
	45131 : E3;
	45132 : E3;
	45133 : E3;
	45134 : E3;
	45135 : E3;
	45136 : E3;
	45137 : E3;
	45138 : E3;
	45139 : E3;
	45140 : E3;
	45141 : E3;
	45142 : E3;
	45143 : E3;
	45144 : E3;
	45145 : E3;
	45146 : E3;
	45147 : E3;
	45148 : E3;
	45149 : E3;
	45150 : E3;
	45151 : E3;
	45152 : E3;
	45153 : E3;
	45154 : E3;
	45155 : E3;
	45156 : 24;
	45157 : 24;
	45158 : 24;
	45159 : 24;
	45160 : E3;
	45161 : E3;
	45162 : E3;
	45163 : E3;
	45164 : E3;
	45165 : E3;
	45166 : E3;
	45167 : E3;
	45168 : E3;
	45169 : E3;
	45170 : E3;
	45171 : E3;
	45172 : E3;
	45173 : E3;
	45174 : E3;
	45175 : E3;
	45176 : E3;
	45177 : E3;
	45178 : E3;
	45179 : E3;
	45180 : E3;
	45181 : E3;
	45182 : E3;
	45183 : E3;
	45184 : E3;
	45185 : E3;
	45186 : E3;
	45187 : E3;
	45188 : E3;
	45189 : E3;
	45190 : E3;
	45191 : E3;
	45192 : E3;
	45193 : E3;
	45194 : E3;
	45195 : E3;
	45196 : E3;
	45197 : E3;
	45198 : E3;
	45199 : E3;
	45200 : E3;
	45201 : E3;
	45202 : E3;
	45203 : E3;
	45204 : E3;
	45205 : E3;
	45206 : E3;
	45207 : E3;
	45208 : E3;
	45209 : E3;
	45210 : E3;
	45211 : E3;
	45212 : E3;
	45213 : E3;
	45214 : E3;
	45215 : E3;
	45216 : E3;
	45217 : E3;
	45218 : E3;
	45219 : E3;
	45220 : 24;
	45221 : 44;
	45222 : A8;
	45223 : 84;
	45224 : 44;
	45225 : E3;
	45226 : E3;
	45227 : E3;
	45228 : E3;
	45229 : E3;
	45230 : E3;
	45231 : E3;
	45232 : E3;
	45233 : E3;
	45234 : E3;
	45235 : E3;
	45236 : E3;
	45237 : E3;
	45238 : E3;
	45239 : E3;
	45240 : E3;
	45241 : E3;
	45242 : E3;
	45243 : E3;
	45244 : E3;
	45245 : E3;
	45246 : E3;
	45247 : E3;
	45248 : E3;
	45249 : E3;
	45250 : E3;
	45251 : E3;
	45252 : E3;
	45253 : E3;
	45254 : E3;
	45255 : E3;
	45256 : E3;
	45257 : E3;
	45258 : E3;
	45259 : E3;
	45260 : E3;
	45261 : E3;
	45262 : E3;
	45263 : E3;
	45264 : E3;
	45265 : E3;
	45266 : E3;
	45267 : E3;
	45268 : E3;
	45269 : E3;
	45270 : E3;
	45271 : E3;
	45272 : E3;
	45273 : E3;
	45274 : E3;
	45275 : E3;
	45276 : E3;
	45277 : E3;
	45278 : E3;
	45279 : E3;
	45280 : E3;
	45281 : A0;
	45282 : C8;
	45283 : 88;
	45284 : 84;
	45285 : 68;
	45286 : A8;
	45287 : A8;
	45288 : A8;
	45289 : E3;
	45290 : E3;
	45291 : E3;
	45292 : E3;
	45293 : E3;
	45294 : E3;
	45295 : E3;
	45296 : E3;
	45297 : E3;
	45298 : E3;
	45299 : E3;
	45300 : E3;
	45301 : E3;
	45302 : E3;
	45303 : E3;
	45304 : E3;
	45305 : E3;
	45306 : E3;
	45307 : E3;
	45308 : E3;
	45309 : E3;
	45310 : E3;
	45311 : E3;
	45312 : E3;
	45313 : E3;
	45314 : E3;
	45315 : E3;
	45316 : E3;
	45317 : E3;
	45318 : E3;
	45319 : E3;
	45320 : E3;
	45321 : E3;
	45322 : E3;
	45323 : E3;
	45324 : E3;
	45325 : E3;
	45326 : E3;
	45327 : E3;
	45328 : E3;
	45329 : E3;
	45330 : E3;
	45331 : E3;
	45332 : E3;
	45333 : E3;
	45334 : E3;
	45335 : E3;
	45336 : E3;
	45337 : E3;
	45338 : E3;
	45339 : E3;
	45340 : E3;
	45341 : E1;
	45342 : C0;
	45343 : E0;
	45344 : E0;
	45345 : C0;
	45346 : C8;
	45347 : A8;
	45348 : 64;
	45349 : C8;
	45350 : A8;
	45351 : 64;
	45352 : A8;
	45353 : E3;
	45354 : E3;
	45355 : E3;
	45356 : E3;
	45357 : E3;
	45358 : E3;
	45359 : E3;
	45360 : E3;
	45361 : E3;
	45362 : E3;
	45363 : E3;
	45364 : E3;
	45365 : E3;
	45366 : E3;
	45367 : E3;
	45368 : E3;
	45369 : E3;
	45370 : E3;
	45371 : E3;
	45372 : E3;
	45373 : E3;
	45374 : E3;
	45375 : E3;
	45376 : E3;
	45377 : E3;
	45378 : E3;
	45379 : E3;
	45380 : E3;
	45381 : E3;
	45382 : E3;
	45383 : E3;
	45384 : E3;
	45385 : E3;
	45386 : E3;
	45387 : E3;
	45388 : E3;
	45389 : E3;
	45390 : E3;
	45391 : E3;
	45392 : E3;
	45393 : E3;
	45394 : E3;
	45395 : E3;
	45396 : E3;
	45397 : E3;
	45398 : E3;
	45399 : E3;
	45400 : E3;
	45401 : E3;
	45402 : E3;
	45403 : E3;
	45404 : C0;
	45405 : C0;
	45406 : E0;
	45407 : E0;
	45408 : E0;
	45409 : E0;
	45410 : A4;
	45411 : A8;
	45412 : 64;
	45413 : A8;
	45414 : 92;
	45415 : C8;
	45416 : 64;
	45417 : E3;
	45418 : E3;
	45419 : E3;
	45420 : E3;
	45421 : E3;
	45422 : E3;
	45423 : E3;
	45424 : E3;
	45425 : E3;
	45426 : E3;
	45427 : E3;
	45428 : E3;
	45429 : E3;
	45430 : E3;
	45431 : E3;
	45432 : E3;
	45433 : E3;
	45434 : E3;
	45435 : E3;
	45436 : E3;
	45437 : E3;
	45438 : E3;
	45439 : E3;
	45440 : E3;
	45441 : E3;
	45442 : E3;
	45443 : E3;
	45444 : E3;
	45445 : E3;
	45446 : E3;
	45447 : E3;
	45448 : E3;
	45449 : E3;
	45450 : E3;
	45451 : E3;
	45452 : E3;
	45453 : E3;
	45454 : E3;
	45455 : E3;
	45456 : E3;
	45457 : E3;
	45458 : E3;
	45459 : E3;
	45460 : E3;
	45461 : E3;
	45462 : E3;
	45463 : E3;
	45464 : E3;
	45465 : E3;
	45466 : E3;
	45467 : C1;
	45468 : C0;
	45469 : E0;
	45470 : E0;
	45471 : E0;
	45472 : E0;
	45473 : C0;
	45474 : C0;
	45475 : 88;
	45476 : 64;
	45477 : 88;
	45478 : AD;
	45479 : CD;
	45480 : 84;
	45481 : E3;
	45482 : E3;
	45483 : E3;
	45484 : E3;
	45485 : E3;
	45486 : E3;
	45487 : E3;
	45488 : E3;
	45489 : E3;
	45490 : E3;
	45491 : E3;
	45492 : E3;
	45493 : E3;
	45494 : E3;
	45495 : E3;
	45496 : E3;
	45497 : E3;
	45498 : E3;
	45499 : E3;
	45500 : E3;
	45501 : E3;
	45502 : E3;
	45503 : E3;
	45504 : E3;
	45505 : E3;
	45506 : E3;
	45507 : E3;
	45508 : E3;
	45509 : E3;
	45510 : E3;
	45511 : E3;
	45512 : E3;
	45513 : E3;
	45514 : E3;
	45515 : E3;
	45516 : E3;
	45517 : E3;
	45518 : E3;
	45519 : E3;
	45520 : E3;
	45521 : E3;
	45522 : E3;
	45523 : E3;
	45524 : E3;
	45525 : E3;
	45526 : E3;
	45527 : E3;
	45528 : E3;
	45529 : E3;
	45530 : E3;
	45531 : C0;
	45532 : A0;
	45533 : E0;
	45534 : E0;
	45535 : E0;
	45536 : E0;
	45537 : C0;
	45538 : A0;
	45539 : 84;
	45540 : 84;
	45541 : 84;
	45542 : 89;
	45543 : AD;
	45544 : A8;
	45545 : A5;
	45546 : E3;
	45547 : E3;
	45548 : E3;
	45549 : E3;
	45550 : E3;
	45551 : E3;
	45552 : E3;
	45553 : E3;
	45554 : E3;
	45555 : E3;
	45556 : E3;
	45557 : E3;
	45558 : E3;
	45559 : E3;
	45560 : E3;
	45561 : E3;
	45562 : E3;
	45563 : E3;
	45564 : E3;
	45565 : E3;
	45566 : E3;
	45567 : E3;
	45568 : E3;
	45569 : E3;
	45570 : E3;
	45571 : E3;
	45572 : E3;
	45573 : E3;
	45574 : E3;
	45575 : E3;
	45576 : E3;
	45577 : E3;
	45578 : E3;
	45579 : E3;
	45580 : E3;
	45581 : E3;
	45582 : E3;
	45583 : E3;
	45584 : E3;
	45585 : E3;
	45586 : E3;
	45587 : E3;
	45588 : E3;
	45589 : E3;
	45590 : E3;
	45591 : E3;
	45592 : E3;
	45593 : E3;
	45594 : E3;
	45595 : C0;
	45596 : A0;
	45597 : C0;
	45598 : C0;
	45599 : C0;
	45600 : C0;
	45601 : C0;
	45602 : A0;
	45603 : A4;
	45604 : 84;
	45605 : AC;
	45606 : B6;
	45607 : DA;
	45608 : D6;
	45609 : AD;
	45610 : E3;
	45611 : B1;
	45612 : E3;
	45613 : E3;
	45614 : E3;
	45615 : E3;
	45616 : E3;
	45617 : E3;
	45618 : E3;
	45619 : E3;
	45620 : E3;
	45621 : E3;
	45622 : E3;
	45623 : E3;
	45624 : E3;
	45625 : E3;
	45626 : E3;
	45627 : E3;
	45628 : E3;
	45629 : E3;
	45630 : E3;
	45631 : E3;
	45632 : E3;
	45633 : E3;
	45634 : E3;
	45635 : E3;
	45636 : E3;
	45637 : E3;
	45638 : E3;
	45639 : E3;
	45640 : E3;
	45641 : E3;
	45642 : E3;
	45643 : E3;
	45644 : E3;
	45645 : E3;
	45646 : E3;
	45647 : E3;
	45648 : E3;
	45649 : E3;
	45650 : E3;
	45651 : E3;
	45652 : E3;
	45653 : E3;
	45654 : E3;
	45655 : E3;
	45656 : E3;
	45657 : E3;
	45658 : E3;
	45659 : C0;
	45660 : 80;
	45661 : A0;
	45662 : A0;
	45663 : A4;
	45664 : C8;
	45665 : CD;
	45666 : CD;
	45667 : C0;
	45668 : C0;
	45669 : B6;
	45670 : B6;
	45671 : B6;
	45672 : DA;
	45673 : B1;
	45674 : 84;
	45675 : CC;
	45676 : 8D;
	45677 : B6;
	45678 : E3;
	45679 : E3;
	45680 : E3;
	45681 : E3;
	45682 : E3;
	45683 : E3;
	45684 : E3;
	45685 : E3;
	45686 : E3;
	45687 : E3;
	45688 : E3;
	45689 : E3;
	45690 : E3;
	45691 : E3;
	45692 : E3;
	45693 : E3;
	45694 : E3;
	45695 : E3;
	45696 : E3;
	45697 : E3;
	45698 : E3;
	45699 : E3;
	45700 : E3;
	45701 : E3;
	45702 : E3;
	45703 : E3;
	45704 : E3;
	45705 : E3;
	45706 : E3;
	45707 : E3;
	45708 : E3;
	45709 : E3;
	45710 : E3;
	45711 : E3;
	45712 : E3;
	45713 : E3;
	45714 : E3;
	45715 : E3;
	45716 : E3;
	45717 : E3;
	45718 : E3;
	45719 : E3;
	45720 : E3;
	45721 : E3;
	45722 : E3;
	45723 : C0;
	45724 : A0;
	45725 : A4;
	45726 : CD;
	45727 : ED;
	45728 : ED;
	45729 : CD;
	45730 : C8;
	45731 : A4;
	45732 : CD;
	45733 : B6;
	45734 : DA;
	45735 : B6;
	45736 : B6;
	45737 : AD;
	45738 : 84;
	45739 : A8;
	45740 : C8;
	45741 : AD;
	45742 : B1;
	45743 : E3;
	45744 : E3;
	45745 : E3;
	45746 : E3;
	45747 : E3;
	45748 : E3;
	45749 : E3;
	45750 : E3;
	45751 : E3;
	45752 : E3;
	45753 : E3;
	45754 : E3;
	45755 : E3;
	45756 : E3;
	45757 : E3;
	45758 : E3;
	45759 : E3;
	45760 : E3;
	45761 : E3;
	45762 : E3;
	45763 : E3;
	45764 : E3;
	45765 : E3;
	45766 : E3;
	45767 : E3;
	45768 : E3;
	45769 : E3;
	45770 : E3;
	45771 : E3;
	45772 : E3;
	45773 : E3;
	45774 : E3;
	45775 : E3;
	45776 : E3;
	45777 : E3;
	45778 : E3;
	45779 : E3;
	45780 : E3;
	45781 : E3;
	45782 : E3;
	45783 : E3;
	45784 : E3;
	45785 : E3;
	45786 : E3;
	45787 : E3;
	45788 : C0;
	45789 : A4;
	45790 : ED;
	45791 : ED;
	45792 : ED;
	45793 : ED;
	45794 : ED;
	45795 : D6;
	45796 : DA;
	45797 : DA;
	45798 : DA;
	45799 : B6;
	45800 : 6D;
	45801 : 91;
	45802 : 91;
	45803 : 91;
	45804 : 88;
	45805 : A8;
	45806 : E3;
	45807 : E3;
	45808 : E3;
	45809 : E3;
	45810 : E3;
	45811 : E3;
	45812 : E3;
	45813 : E3;
	45814 : E3;
	45815 : E3;
	45816 : E3;
	45817 : E3;
	45818 : E3;
	45819 : E3;
	45820 : E3;
	45821 : E3;
	45822 : E3;
	45823 : E3;
	45824 : E3;
	45825 : E3;
	45826 : E3;
	45827 : E3;
	45828 : E3;
	45829 : E3;
	45830 : E3;
	45831 : E3;
	45832 : E3;
	45833 : E3;
	45834 : E3;
	45835 : E3;
	45836 : E3;
	45837 : E3;
	45838 : E3;
	45839 : E3;
	45840 : E3;
	45841 : E3;
	45842 : E3;
	45843 : E3;
	45844 : E3;
	45845 : E3;
	45846 : E3;
	45847 : E3;
	45848 : E3;
	45849 : E3;
	45850 : E3;
	45851 : E3;
	45852 : C0;
	45853 : A4;
	45854 : A8;
	45855 : CC;
	45856 : CC;
	45857 : ED;
	45858 : ED;
	45859 : D1;
	45860 : DA;
	45861 : B6;
	45862 : B6;
	45863 : 8D;
	45864 : 91;
	45865 : B6;
	45866 : B6;
	45867 : B6;
	45868 : 91;
	45869 : E3;
	45870 : E3;
	45871 : E3;
	45872 : E3;
	45873 : E3;
	45874 : E3;
	45875 : E3;
	45876 : E3;
	45877 : E3;
	45878 : E3;
	45879 : E3;
	45880 : E3;
	45881 : E3;
	45882 : E3;
	45883 : E3;
	45884 : E3;
	45885 : E3;
	45886 : E3;
	45887 : E3;
	45888 : E3;
	45889 : E3;
	45890 : E3;
	45891 : E3;
	45892 : E3;
	45893 : E3;
	45894 : E3;
	45895 : E3;
	45896 : E3;
	45897 : E3;
	45898 : E3;
	45899 : E3;
	45900 : E3;
	45901 : E3;
	45902 : E3;
	45903 : E3;
	45904 : E3;
	45905 : E3;
	45906 : E3;
	45907 : E3;
	45908 : E3;
	45909 : E3;
	45910 : E3;
	45911 : E3;
	45912 : E3;
	45913 : E3;
	45914 : E3;
	45915 : E3;
	45916 : E3;
	45917 : A0;
	45918 : A4;
	45919 : C8;
	45920 : ED;
	45921 : CD;
	45922 : CD;
	45923 : ED;
	45924 : D1;
	45925 : B6;
	45926 : 88;
	45927 : 88;
	45928 : 88;
	45929 : 91;
	45930 : B6;
	45931 : 91;
	45932 : E3;
	45933 : E3;
	45934 : E3;
	45935 : E3;
	45936 : E3;
	45937 : E3;
	45938 : E3;
	45939 : E3;
	45940 : E3;
	45941 : E3;
	45942 : E3;
	45943 : E3;
	45944 : E3;
	45945 : E3;
	45946 : E3;
	45947 : E3;
	45948 : E3;
	45949 : E3;
	45950 : E3;
	45951 : E3;
	45952 : E3;
	45953 : E3;
	45954 : E3;
	45955 : E3;
	45956 : E3;
	45957 : E3;
	45958 : E3;
	45959 : E3;
	45960 : E3;
	45961 : E3;
	45962 : E3;
	45963 : E3;
	45964 : E3;
	45965 : E3;
	45966 : E3;
	45967 : E3;
	45968 : E3;
	45969 : E3;
	45970 : E3;
	45971 : E3;
	45972 : E3;
	45973 : E3;
	45974 : E3;
	45975 : E3;
	45976 : E3;
	45977 : E3;
	45978 : E3;
	45979 : 0E;
	45980 : 29;
	45981 : 45;
	45982 : 80;
	45983 : 84;
	45984 : C8;
	45985 : CD;
	45986 : ED;
	45987 : CC;
	45988 : C8;
	45989 : 88;
	45990 : 84;
	45991 : 88;
	45992 : 88;
	45993 : 84;
	45994 : 68;
	45995 : E3;
	45996 : E3;
	45997 : E3;
	45998 : E3;
	45999 : E3;
	46000 : E3;
	46001 : E3;
	46002 : E3;
	46003 : E3;
	46004 : E3;
	46005 : E3;
	46006 : E3;
	46007 : E3;
	46008 : E3;
	46009 : E3;
	46010 : E3;
	46011 : E3;
	46012 : E3;
	46013 : E3;
	46014 : E3;
	46015 : E3;
	46016 : E3;
	46017 : E3;
	46018 : E3;
	46019 : E3;
	46020 : E3;
	46021 : E3;
	46022 : E3;
	46023 : E3;
	46024 : E3;
	46025 : E3;
	46026 : E3;
	46027 : E3;
	46028 : E3;
	46029 : E3;
	46030 : E3;
	46031 : E3;
	46032 : E3;
	46033 : E3;
	46034 : E3;
	46035 : E3;
	46036 : E3;
	46037 : E3;
	46038 : E3;
	46039 : E3;
	46040 : E3;
	46041 : E3;
	46042 : 2A;
	46043 : 0E;
	46044 : 0E;
	46045 : 0D;
	46046 : 68;
	46047 : 6D;
	46048 : 68;
	46049 : A8;
	46050 : C8;
	46051 : 88;
	46052 : 4D;
	46053 : 91;
	46054 : 88;
	46055 : 88;
	46056 : 88;
	46057 : 88;
	46058 : E3;
	46059 : E3;
	46060 : E3;
	46061 : E3;
	46062 : E3;
	46063 : E3;
	46064 : E3;
	46065 : E3;
	46066 : E3;
	46067 : E3;
	46068 : E3;
	46069 : E3;
	46070 : E3;
	46071 : E3;
	46072 : E3;
	46073 : E3;
	46074 : E3;
	46075 : E3;
	46076 : E3;
	46077 : E3;
	46078 : E3;
	46079 : E3;
	46080 : E3;
	46081 : E3;
	46082 : E3;
	46083 : E3;
	46084 : E3;
	46085 : E3;
	46086 : E3;
	46087 : E3;
	46088 : E3;
	46089 : E3;
	46090 : E3;
	46091 : E3;
	46092 : E3;
	46093 : E3;
	46094 : E3;
	46095 : E3;
	46096 : E3;
	46097 : E3;
	46098 : E3;
	46099 : E3;
	46100 : E3;
	46101 : E3;
	46102 : E3;
	46103 : E3;
	46104 : E3;
	46105 : E3;
	46106 : 0E;
	46107 : 0E;
	46108 : 12;
	46109 : 12;
	46110 : 0E;
	46111 : 2D;
	46112 : 2D;
	46113 : 29;
	46114 : 29;
	46115 : 12;
	46116 : 17;
	46117 : 56;
	46118 : 6D;
	46119 : 84;
	46120 : A5;
	46121 : E3;
	46122 : E3;
	46123 : E3;
	46124 : E3;
	46125 : E3;
	46126 : E3;
	46127 : E3;
	46128 : E3;
	46129 : E3;
	46130 : E3;
	46131 : E3;
	46132 : E3;
	46133 : E3;
	46134 : E3;
	46135 : E3;
	46136 : E3;
	46137 : E3;
	46138 : E3;
	46139 : E3;
	46140 : E3;
	46141 : E3;
	46142 : E3;
	46143 : E3;
	46144 : E3;
	46145 : E3;
	46146 : E3;
	46147 : E3;
	46148 : E3;
	46149 : E3;
	46150 : E3;
	46151 : E3;
	46152 : E3;
	46153 : E3;
	46154 : E3;
	46155 : E3;
	46156 : E3;
	46157 : E3;
	46158 : E3;
	46159 : E3;
	46160 : E3;
	46161 : E3;
	46162 : E3;
	46163 : E3;
	46164 : E3;
	46165 : E3;
	46166 : E3;
	46167 : E3;
	46168 : E3;
	46169 : E3;
	46170 : 0E;
	46171 : 0E;
	46172 : 17;
	46173 : 17;
	46174 : 12;
	46175 : 0E;
	46176 : 0E;
	46177 : 0E;
	46178 : 0E;
	46179 : 0E;
	46180 : 16;
	46181 : 17;
	46182 : 37;
	46183 : 2E;
	46184 : E3;
	46185 : E3;
	46186 : E3;
	46187 : E3;
	46188 : E3;
	46189 : E3;
	46190 : E3;
	46191 : E3;
	46192 : E3;
	46193 : E3;
	46194 : E3;
	46195 : E3;
	46196 : E3;
	46197 : E3;
	46198 : E3;
	46199 : E3;
	46200 : E3;
	46201 : E3;
	46202 : E3;
	46203 : E3;
	46204 : E3;
	46205 : E3;
	46206 : E3;
	46207 : E3;
	46208 : E3;
	46209 : E3;
	46210 : E3;
	46211 : E3;
	46212 : E3;
	46213 : E3;
	46214 : E3;
	46215 : E3;
	46216 : E3;
	46217 : E3;
	46218 : E3;
	46219 : E3;
	46220 : E3;
	46221 : E3;
	46222 : E3;
	46223 : E3;
	46224 : E3;
	46225 : E3;
	46226 : E3;
	46227 : E3;
	46228 : E3;
	46229 : E3;
	46230 : E3;
	46231 : E3;
	46232 : E3;
	46233 : 0A;
	46234 : 0E;
	46235 : 0E;
	46236 : 1B;
	46237 : 1B;
	46238 : 1B;
	46239 : 12;
	46240 : 0E;
	46241 : 0E;
	46242 : 0E;
	46243 : 0E;
	46244 : 0E;
	46245 : 16;
	46246 : 1B;
	46247 : 1B;
	46248 : 1B;
	46249 : 32;
	46250 : E3;
	46251 : E3;
	46252 : E3;
	46253 : E3;
	46254 : E3;
	46255 : E3;
	46256 : E3;
	46257 : E3;
	46258 : E3;
	46259 : E3;
	46260 : E3;
	46261 : E3;
	46262 : E3;
	46263 : E3;
	46264 : E3;
	46265 : E3;
	46266 : E3;
	46267 : E3;
	46268 : E3;
	46269 : E3;
	46270 : E3;
	46271 : E3;
	46272 : E3;
	46273 : E3;
	46274 : E3;
	46275 : E3;
	46276 : E3;
	46277 : E3;
	46278 : E3;
	46279 : E3;
	46280 : E3;
	46281 : E3;
	46282 : E3;
	46283 : E3;
	46284 : E3;
	46285 : E3;
	46286 : E3;
	46287 : E3;
	46288 : E3;
	46289 : E3;
	46290 : E3;
	46291 : E3;
	46292 : E3;
	46293 : E3;
	46294 : E3;
	46295 : E3;
	46296 : E3;
	46297 : 2A;
	46298 : 0E;
	46299 : 0E;
	46300 : 1B;
	46301 : 1B;
	46302 : 1B;
	46303 : 17;
	46304 : 0E;
	46305 : 09;
	46306 : 0E;
	46307 : 0E;
	46308 : 0E;
	46309 : 0E;
	46310 : 16;
	46311 : 17;
	46312 : 1B;
	46313 : 17;
	46314 : 17;
	46315 : E3;
	46316 : E3;
	46317 : E3;
	46318 : E3;
	46319 : E3;
	46320 : E3;
	46321 : E3;
	46322 : E3;
	46323 : E3;
	46324 : E3;
	46325 : E3;
	46326 : E3;
	46327 : E3;
	46328 : E3;
	46329 : E3;
	46330 : E3;
	46331 : E3;
	46332 : E3;
	46333 : E3;
	46334 : E3;
	46335 : E3;
	46336 : E3;
	46337 : E3;
	46338 : E3;
	46339 : E3;
	46340 : E3;
	46341 : E3;
	46342 : E3;
	46343 : E3;
	46344 : E3;
	46345 : E3;
	46346 : E3;
	46347 : E3;
	46348 : E3;
	46349 : E3;
	46350 : E3;
	46351 : E3;
	46352 : E3;
	46353 : E3;
	46354 : E3;
	46355 : E3;
	46356 : E3;
	46357 : E3;
	46358 : E3;
	46359 : E3;
	46360 : E3;
	46361 : E3;
	46362 : 0E;
	46363 : 0E;
	46364 : 17;
	46365 : 1B;
	46366 : 1B;
	46367 : 1B;
	46368 : 0E;
	46369 : 0D;
	46370 : 0E;
	46371 : 0E;
	46372 : 0E;
	46373 : 0E;
	46374 : 0E;
	46375 : 0E;
	46376 : 12;
	46377 : 12;
	46378 : 17;
	46379 : 32;
	46380 : E3;
	46381 : E3;
	46382 : E3;
	46383 : E3;
	46384 : E3;
	46385 : E3;
	46386 : E3;
	46387 : E3;
	46388 : E3;
	46389 : E3;
	46390 : E3;
	46391 : E3;
	46392 : E3;
	46393 : E3;
	46394 : E3;
	46395 : E3;
	46396 : E3;
	46397 : E3;
	46398 : E3;
	46399 : E3;
	46400 : E3;
	46401 : E3;
	46402 : E3;
	46403 : E3;
	46404 : E3;
	46405 : E3;
	46406 : E3;
	46407 : E3;
	46408 : E3;
	46409 : E3;
	46410 : E3;
	46411 : E3;
	46412 : E3;
	46413 : E3;
	46414 : E3;
	46415 : E3;
	46416 : E3;
	46417 : E3;
	46418 : E3;
	46419 : E3;
	46420 : E3;
	46421 : E3;
	46422 : E3;
	46423 : E3;
	46424 : E3;
	46425 : E3;
	46426 : 2E;
	46427 : 12;
	46428 : 12;
	46429 : 1B;
	46430 : 1B;
	46431 : 1B;
	46432 : 12;
	46433 : 2A;
	46434 : 0E;
	46435 : 0E;
	46436 : 0E;
	46437 : 0E;
	46438 : 0E;
	46439 : 0E;
	46440 : 0E;
	46441 : 0E;
	46442 : 0E;
	46443 : 0E;
	46444 : E3;
	46445 : E3;
	46446 : E3;
	46447 : E3;
	46448 : E3;
	46449 : E3;
	46450 : E3;
	46451 : E3;
	46452 : E3;
	46453 : E3;
	46454 : E3;
	46455 : E3;
	46456 : E3;
	46457 : E3;
	46458 : E3;
	46459 : E3;
	46460 : E3;
	46461 : E3;
	46462 : E3;
	46463 : E3;
	46464 : E3;
	46465 : E3;
	46466 : E3;
	46467 : E3;
	46468 : E3;
	46469 : E3;
	46470 : E3;
	46471 : E3;
	46472 : E3;
	46473 : E3;
	46474 : E3;
	46475 : E3;
	46476 : E3;
	46477 : E3;
	46478 : E3;
	46479 : E3;
	46480 : E3;
	46481 : E3;
	46482 : E3;
	46483 : E3;
	46484 : E3;
	46485 : E3;
	46486 : E3;
	46487 : E3;
	46488 : E3;
	46489 : E3;
	46490 : E3;
	46491 : 12;
	46492 : 0E;
	46493 : 17;
	46494 : 17;
	46495 : 17;
	46496 : 12;
	46497 : E3;
	46498 : E3;
	46499 : E3;
	46500 : E3;
	46501 : 2E;
	46502 : 0E;
	46503 : 0E;
	46504 : 0E;
	46505 : 0E;
	46506 : 0E;
	46507 : 2A;
	46508 : E3;
	46509 : E3;
	46510 : E3;
	46511 : E3;
	46512 : E3;
	46513 : E3;
	46514 : E3;
	46515 : E3;
	46516 : E3;
	46517 : E3;
	46518 : E3;
	46519 : E3;
	46520 : E3;
	46521 : E3;
	46522 : E3;
	46523 : E3;
	46524 : E3;
	46525 : E3;
	46526 : E3;
	46527 : E3;
	46528 : E3;
	46529 : E3;
	46530 : E3;
	46531 : E3;
	46532 : E3;
	46533 : E3;
	46534 : E3;
	46535 : E3;
	46536 : E3;
	46537 : E3;
	46538 : E3;
	46539 : E3;
	46540 : E3;
	46541 : E3;
	46542 : E3;
	46543 : E3;
	46544 : E3;
	46545 : E3;
	46546 : E3;
	46547 : E3;
	46548 : E3;
	46549 : E3;
	46550 : E3;
	46551 : E3;
	46552 : E3;
	46553 : E3;
	46554 : E3;
	46555 : 4A;
	46556 : 0E;
	46557 : 0E;
	46558 : 0E;
	46559 : 17;
	46560 : 17;
	46561 : E3;
	46562 : E3;
	46563 : E3;
	46564 : E3;
	46565 : 2E;
	46566 : 0E;
	46567 : 0E;
	46568 : 0E;
	46569 : 0E;
	46570 : 0E;
	46571 : E3;
	46572 : E3;
	46573 : E3;
	46574 : E3;
	46575 : E3;
	46576 : E3;
	46577 : E3;
	46578 : E3;
	46579 : E3;
	46580 : E3;
	46581 : E3;
	46582 : E3;
	46583 : E3;
	46584 : E3;
	46585 : E3;
	46586 : E3;
	46587 : E3;
	46588 : E3;
	46589 : E3;
	46590 : E3;
	46591 : E3;
	46592 : E3;
	46593 : E3;
	46594 : E3;
	46595 : E3;
	46596 : E3;
	46597 : E3;
	46598 : E3;
	46599 : E3;
	46600 : E3;
	46601 : E3;
	46602 : E3;
	46603 : E3;
	46604 : E3;
	46605 : E3;
	46606 : E3;
	46607 : E3;
	46608 : E3;
	46609 : E3;
	46610 : E3;
	46611 : E3;
	46612 : E3;
	46613 : E3;
	46614 : E3;
	46615 : E3;
	46616 : E3;
	46617 : E3;
	46618 : E3;
	46619 : E3;
	46620 : 0D;
	46621 : 0E;
	46622 : 0E;
	46623 : 0E;
	46624 : 12;
	46625 : E3;
	46626 : E3;
	46627 : E3;
	46628 : E3;
	46629 : 0E;
	46630 : 0E;
	46631 : 0E;
	46632 : 0E;
	46633 : 0E;
	46634 : E3;
	46635 : E3;
	46636 : E3;
	46637 : E3;
	46638 : E3;
	46639 : E3;
	46640 : E3;
	46641 : E3;
	46642 : E3;
	46643 : E3;
	46644 : E3;
	46645 : E3;
	46646 : E3;
	46647 : E3;
	46648 : E3;
	46649 : E3;
	46650 : E3;
	46651 : E3;
	46652 : E3;
	46653 : E3;
	46654 : E3;
	46655 : E3;
	46656 : E3;
	46657 : E3;
	46658 : E3;
	46659 : E3;
	46660 : E3;
	46661 : E3;
	46662 : E3;
	46663 : E3;
	46664 : E3;
	46665 : E3;
	46666 : E3;
	46667 : E3;
	46668 : E3;
	46669 : E3;
	46670 : E3;
	46671 : E3;
	46672 : E3;
	46673 : E3;
	46674 : E3;
	46675 : E3;
	46676 : E3;
	46677 : E3;
	46678 : E3;
	46679 : E3;
	46680 : E3;
	46681 : E3;
	46682 : E3;
	46683 : 33;
	46684 : 12;
	46685 : 0E;
	46686 : 0E;
	46687 : 0E;
	46688 : 4A;
	46689 : E3;
	46690 : E3;
	46691 : E3;
	46692 : 0E;
	46693 : 0E;
	46694 : 0E;
	46695 : 0E;
	46696 : 2A;
	46697 : E3;
	46698 : E3;
	46699 : E3;
	46700 : E3;
	46701 : E3;
	46702 : E3;
	46703 : E3;
	46704 : E3;
	46705 : E3;
	46706 : E3;
	46707 : E3;
	46708 : E3;
	46709 : E3;
	46710 : E3;
	46711 : E3;
	46712 : E3;
	46713 : E3;
	46714 : E3;
	46715 : E3;
	46716 : E3;
	46717 : E3;
	46718 : E3;
	46719 : E3;
	46720 : E3;
	46721 : E3;
	46722 : E3;
	46723 : E3;
	46724 : E3;
	46725 : E3;
	46726 : E3;
	46727 : E3;
	46728 : E3;
	46729 : E3;
	46730 : E3;
	46731 : E3;
	46732 : E3;
	46733 : E3;
	46734 : E3;
	46735 : E3;
	46736 : E3;
	46737 : E3;
	46738 : E3;
	46739 : E3;
	46740 : E3;
	46741 : E3;
	46742 : E3;
	46743 : E3;
	46744 : E3;
	46745 : E3;
	46746 : E3;
	46747 : 17;
	46748 : 0E;
	46749 : 0E;
	46750 : 0E;
	46751 : 0E;
	46752 : E3;
	46753 : E3;
	46754 : 92;
	46755 : 92;
	46756 : 0D;
	46757 : 0E;
	46758 : 0E;
	46759 : E3;
	46760 : E3;
	46761 : E3;
	46762 : E3;
	46763 : E3;
	46764 : E3;
	46765 : E3;
	46766 : E3;
	46767 : E3;
	46768 : E3;
	46769 : E3;
	46770 : E3;
	46771 : E3;
	46772 : E3;
	46773 : E3;
	46774 : E3;
	46775 : E3;
	46776 : E3;
	46777 : E3;
	46778 : E3;
	46779 : E3;
	46780 : E3;
	46781 : E3;
	46782 : E3;
	46783 : E3;
	46784 : E3;
	46785 : E3;
	46786 : E3;
	46787 : E3;
	46788 : E3;
	46789 : E3;
	46790 : E3;
	46791 : E3;
	46792 : E3;
	46793 : E3;
	46794 : E3;
	46795 : E3;
	46796 : E3;
	46797 : E3;
	46798 : E3;
	46799 : E3;
	46800 : E3;
	46801 : E3;
	46802 : E3;
	46803 : E3;
	46804 : E3;
	46805 : E3;
	46806 : E3;
	46807 : E3;
	46808 : E3;
	46809 : E3;
	46810 : 4A;
	46811 : 12;
	46812 : 0E;
	46813 : 0E;
	46814 : 0E;
	46815 : 0E;
	46816 : E3;
	46817 : E3;
	46818 : 92;
	46819 : B7;
	46820 : 6E;
	46821 : 2A;
	46822 : E3;
	46823 : E3;
	46824 : E3;
	46825 : E3;
	46826 : E3;
	46827 : E3;
	46828 : E3;
	46829 : E3;
	46830 : E3;
	46831 : E3;
	46832 : E3;
	46833 : E3;
	46834 : E3;
	46835 : E3;
	46836 : E3;
	46837 : E3;
	46838 : E3;
	46839 : E3;
	46840 : E3;
	46841 : E3;
	46842 : E3;
	46843 : E3;
	46844 : E3;
	46845 : E3;
	46846 : E3;
	46847 : E3;
	46848 : E3;
	46849 : E3;
	46850 : E3;
	46851 : E3;
	46852 : E3;
	46853 : E3;
	46854 : E3;
	46855 : E3;
	46856 : E3;
	46857 : E3;
	46858 : E3;
	46859 : E3;
	46860 : E3;
	46861 : E3;
	46862 : E3;
	46863 : E3;
	46864 : E3;
	46865 : E3;
	46866 : E3;
	46867 : E3;
	46868 : E3;
	46869 : E3;
	46870 : E3;
	46871 : E3;
	46872 : E3;
	46873 : E3;
	46874 : 4A;
	46875 : 0E;
	46876 : 0E;
	46877 : 0E;
	46878 : 0E;
	46879 : E3;
	46880 : E3;
	46881 : E3;
	46882 : 92;
	46883 : 96;
	46884 : 92;
	46885 : E3;
	46886 : E3;
	46887 : E3;
	46888 : E3;
	46889 : E3;
	46890 : E3;
	46891 : E3;
	46892 : E3;
	46893 : E3;
	46894 : E3;
	46895 : E3;
	46896 : E3;
	46897 : E3;
	46898 : E3;
	46899 : E3;
	46900 : E3;
	46901 : E3;
	46902 : E3;
	46903 : E3;
	46904 : E3;
	46905 : E3;
	46906 : E3;
	46907 : E3;
	46908 : E3;
	46909 : E3;
	46910 : E3;
	46911 : E3;
	46912 : E3;
	46913 : E3;
	46914 : E3;
	46915 : E3;
	46916 : E3;
	46917 : E3;
	46918 : E3;
	46919 : E3;
	46920 : E3;
	46921 : E3;
	46922 : E3;
	46923 : E3;
	46924 : E3;
	46925 : E3;
	46926 : E3;
	46927 : E3;
	46928 : E3;
	46929 : E3;
	46930 : E3;
	46931 : E3;
	46932 : E3;
	46933 : E3;
	46934 : E3;
	46935 : E3;
	46936 : E3;
	46937 : E3;
	46938 : 4A;
	46939 : 0E;
	46940 : 0E;
	46941 : 0E;
	46942 : E3;
	46943 : E3;
	46944 : E3;
	46945 : E3;
	46946 : 92;
	46947 : 92;
	46948 : E3;
	46949 : E3;
	46950 : E3;
	46951 : E3;
	46952 : E3;
	46953 : E3;
	46954 : E3;
	46955 : E3;
	46956 : E3;
	46957 : E3;
	46958 : E3;
	46959 : E3;
	46960 : E3;
	46961 : E3;
	46962 : E3;
	46963 : E3;
	46964 : E3;
	46965 : E3;
	46966 : E3;
	46967 : E3;
	46968 : E3;
	46969 : E3;
	46970 : E3;
	46971 : E3;
	46972 : E3;
	46973 : E3;
	46974 : E3;
	46975 : E3;
	46976 : E3;
	46977 : E3;
	46978 : E3;
	46979 : E3;
	46980 : E3;
	46981 : E3;
	46982 : E3;
	46983 : E3;
	46984 : E3;
	46985 : E3;
	46986 : E3;
	46987 : E3;
	46988 : E3;
	46989 : E3;
	46990 : E3;
	46991 : E3;
	46992 : E3;
	46993 : E3;
	46994 : E3;
	46995 : E3;
	46996 : E3;
	46997 : E3;
	46998 : E3;
	46999 : E3;
	47000 : E3;
	47001 : E3;
	47002 : 2A;
	47003 : 0E;
	47004 : 0E;
	47005 : E3;
	47006 : E3;
	47007 : E3;
	47008 : E3;
	47009 : E3;
	47010 : 92;
	47011 : B6;
	47012 : 92;
	47013 : E3;
	47014 : E3;
	47015 : E3;
	47016 : E3;
	47017 : E3;
	47018 : E3;
	47019 : E3;
	47020 : E3;
	47021 : E3;
	47022 : E3;
	47023 : E3;
	47024 : E3;
	47025 : E3;
	47026 : E3;
	47027 : E3;
	47028 : E3;
	47029 : E3;
	47030 : E3;
	47031 : E3;
	47032 : E3;
	47033 : E3;
	47034 : E3;
	47035 : E3;
	47036 : E3;
	47037 : E3;
	47038 : E3;
	47039 : E3;
	47040 : E3;
	47041 : E3;
	47042 : E3;
	47043 : E3;
	47044 : E3;
	47045 : E3;
	47046 : E3;
	47047 : E3;
	47048 : E3;
	47049 : E3;
	47050 : E3;
	47051 : E3;
	47052 : E3;
	47053 : E3;
	47054 : E3;
	47055 : E3;
	47056 : E3;
	47057 : E3;
	47058 : E3;
	47059 : E3;
	47060 : E3;
	47061 : E3;
	47062 : E3;
	47063 : E3;
	47064 : E3;
	47065 : B7;
	47066 : 2E;
	47067 : 0D;
	47068 : 2A;
	47069 : E3;
	47070 : E3;
	47071 : E3;
	47072 : E3;
	47073 : E3;
	47074 : 8E;
	47075 : B7;
	47076 : B7;
	47077 : E3;
	47078 : E3;
	47079 : E3;
	47080 : E3;
	47081 : E3;
	47082 : E3;
	47083 : E3;
	47084 : E3;
	47085 : E3;
	47086 : E3;
	47087 : E3;
	47088 : E3;
	47089 : E3;
	47090 : E3;
	47091 : E3;
	47092 : E3;
	47093 : E3;
	47094 : E3;
	47095 : E3;
	47096 : E3;
	47097 : E3;
	47098 : E3;
	47099 : E3;
	47100 : E3;
	47101 : E3;
	47102 : E3;
	47103 : E3;
	47104 : E3;
	47105 : E3;
	47106 : E3;
	47107 : E3;
	47108 : E3;
	47109 : E3;
	47110 : E3;
	47111 : E3;
	47112 : E3;
	47113 : E3;
	47114 : E3;
	47115 : E3;
	47116 : E3;
	47117 : E3;
	47118 : E3;
	47119 : E3;
	47120 : E3;
	47121 : E3;
	47122 : E3;
	47123 : E3;
	47124 : E3;
	47125 : E3;
	47126 : E3;
	47127 : E3;
	47128 : E3;
	47129 : B7;
	47130 : 96;
	47131 : 72;
	47132 : E3;
	47133 : E3;
	47134 : E3;
	47135 : E3;
	47136 : E3;
	47137 : E3;
	47138 : E3;
	47139 : E3;
	47140 : E3;
	47141 : E3;
	47142 : E3;
	47143 : E3;
	47144 : E3;
	47145 : E3;
	47146 : E3;
	47147 : E3;
	47148 : E3;
	47149 : E3;
	47150 : E3;
	47151 : E3;
	47152 : E3;
	47153 : E3;
	47154 : E3;
	47155 : E3;
	47156 : E3;
	47157 : E3;
	47158 : E3;
	47159 : E3;
	47160 : E3;
	47161 : E3;
	47162 : E3;
	47163 : E3;
	47164 : E3;
	47165 : E3;
	47166 : E3;
	47167 : E3;
	47168 : E3;
	47169 : E3;
	47170 : E3;
	47171 : E3;
	47172 : E3;
	47173 : E3;
	47174 : E3;
	47175 : E3;
	47176 : E3;
	47177 : E3;
	47178 : E3;
	47179 : E3;
	47180 : E3;
	47181 : E3;
	47182 : E3;
	47183 : E3;
	47184 : E3;
	47185 : E3;
	47186 : E3;
	47187 : E3;
	47188 : E3;
	47189 : E3;
	47190 : E3;
	47191 : E3;
	47192 : E3;
	47193 : 92;
	47194 : B7;
	47195 : 92;
	47196 : E3;
	47197 : E3;
	47198 : E3;
	47199 : E3;
	47200 : E3;
	47201 : E3;
	47202 : E3;
	47203 : E3;
	47204 : E3;
	47205 : E3;
	47206 : E3;
	47207 : E3;
	47208 : E3;
	47209 : E3;
	47210 : E3;
	47211 : E3;
	47212 : E3;
	47213 : E3;
	47214 : E3;
	47215 : E3;
	47216 : E3;
	47217 : E3;
	47218 : E3;
	47219 : E3;
	47220 : E3;
	47221 : E3;
	47222 : E3;
	47223 : E3;
	47224 : E3;
	47225 : E3;
	47226 : E3;
	47227 : E3;
	47228 : E3;
	47229 : E3;
	47230 : E3;
	47231 : E3;
	47232 : E3;
	47233 : E3;
	47234 : E3;
	47235 : E3;
	47236 : E3;
	47237 : E3;
	47238 : E3;
	47239 : E3;
	47240 : E3;
	47241 : E3;
	47242 : E3;
	47243 : E3;
	47244 : E3;
	47245 : E3;
	47246 : E3;
	47247 : E3;
	47248 : E3;
	47249 : E3;
	47250 : E3;
	47251 : E3;
	47252 : E3;
	47253 : E3;
	47254 : E3;
	47255 : E3;
	47256 : E3;
	47257 : BB;
	47258 : B7;
	47259 : B7;
	47260 : E3;
	47261 : E3;
	47262 : E3;
	47263 : E3;
	47264 : E3;
	47265 : E3;
	47266 : E3;
	47267 : E3;
	47268 : E3;
	47269 : E3;
	47270 : E3;
	47271 : E3;
	47272 : E3;
	47273 : E3;
	47274 : E3;
	47275 : E3;
	47276 : E3;
	47277 : E3;
	47278 : E3;
	47279 : E3;
	47280 : E3;
	47281 : E3;
	47282 : E3;
	47283 : E3;
	47284 : E3;
	47285 : E3;
	47286 : E3;
	47287 : E3;
	47288 : E3;
	47289 : E3;
	47290 : E3;
	47291 : E3;
	47292 : E3;
	47293 : E3;
	47294 : E3;
	47295 : E3;
	47296 : E3;
	47297 : E3;
	47298 : E3;
	47299 : E3;
	47300 : E3;
	47301 : E3;
	47302 : E3;
	47303 : E3;
	47304 : E3;
	47305 : E3;
	47306 : E3;
	47307 : E3;
	47308 : E3;
	47309 : E3;
	47310 : E3;
	47311 : E3;
	47312 : E3;
	47313 : E3;
	47314 : E3;
	47315 : E3;
	47316 : E3;
	47317 : E3;
	47318 : E3;
	47319 : E3;
	47320 : E3;
	47321 : DB;
	47322 : B7;
	47323 : DB;
	47324 : E3;
	47325 : E3;
	47326 : E3;
	47327 : E3;
	47328 : E3;
	47329 : E3;
	47330 : E3;
	47331 : E3;
	47332 : E3;
	47333 : E3;
	47334 : E3;
	47335 : E3;
	47336 : E3;
	47337 : E3;
	47338 : E3;
	47339 : E3;
	47340 : E3;
	47341 : E3;
	47342 : E3;
	47343 : E3;
	47344 : E3;
	47345 : E3;
	47346 : E3;
	47347 : E3;
	47348 : E3;
	47349 : E3;
	47350 : E3;
	47351 : E3;
	47352 : E3;
	47353 : E3;
	47354 : E3;
	47355 : E3;
	47356 : E3;
	47357 : E3;
	47358 : E3;
	47359 : E3;
	47360 : E3;
	47361 : E3;
	47362 : E3;
	47363 : E3;
	47364 : E3;
	47365 : E3;
	47366 : E3;
	47367 : E3;
	47368 : E3;
	47369 : E3;
	47370 : E3;
	47371 : E3;
	47372 : E3;
	47373 : E3;
	47374 : E3;
	47375 : E3;
	47376 : E3;
	47377 : E3;
	47378 : E3;
	47379 : E3;
	47380 : E3;
	47381 : E3;
	47382 : E3;
	47383 : E3;
	47384 : E3;
	47385 : B3;
	47386 : B7;
	47387 : DB;
	47388 : E3;
	47389 : E3;
	47390 : E3;
	47391 : E3;
	47392 : E3;
	47393 : E3;
	47394 : E3;
	47395 : E3;
	47396 : E3;
	47397 : E3;
	47398 : E3;
	47399 : E3;
	47400 : E3;
	47401 : E3;
	47402 : E3;
	47403 : E3;
	47404 : E3;
	47405 : E3;
	47406 : E3;
	47407 : E3;
	47408 : E3;
	47409 : E3;
	47410 : E3;
	47411 : E3;
	47412 : E3;
	47413 : E3;
	47414 : E3;
	47415 : E3;
	47416 : E3;
	47417 : E3;
	47418 : E3;
	47419 : E3;
	47420 : E3;
	47421 : E3;
	47422 : E3;
	47423 : E3;
	47424 : E3;
	47425 : E3;
	47426 : E3;
	47427 : E3;
	47428 : E3;
	47429 : E3;
	47430 : E3;
	47431 : E3;
	47432 : E3;
	47433 : E3;
	47434 : E3;
	47435 : E3;
	47436 : E3;
	47437 : E3;
	47438 : E3;
	47439 : E3;
	47440 : E3;
	47441 : E3;
	47442 : E3;
	47443 : E3;
	47444 : E3;
	47445 : E3;
	47446 : E3;
	47447 : E3;
	47448 : E3;
	47449 : E3;
	47450 : E3;
	47451 : E3;
	47452 : E3;
	47453 : E3;
	47454 : E3;
	47455 : E3;
	47456 : E3;
	47457 : E3;
	47458 : E3;
	47459 : E3;
	47460 : E3;
	47461 : E3;
	47462 : E3;
	47463 : E3;
	47464 : E3;
	47465 : E3;
	47466 : E3;
	47467 : E3;
	47468 : E3;
	47469 : E3;
	47470 : E3;
	47471 : E3;
	47472 : E3;
	47473 : E3;
	47474 : E3;
	47475 : E3;
	47476 : E3;
	47477 : E3;
	47478 : E3;
	47479 : E3;
	47480 : E3;
	47481 : E3;
	47482 : E3;
	47483 : E3;
	47484 : E3;
	47485 : E3;
	47486 : E3;
	47487 : E3;
	47488 : E3;
	47489 : E3;
	47490 : E3;
	47491 : E3;
	47492 : E3;
	47493 : E3;
	47494 : E3;
	47495 : E3;
	47496 : E3;
	47497 : E3;
	47498 : E3;
	47499 : E3;
	47500 : E3;
	47501 : E3;
	47502 : E3;
	47503 : E3;
	47504 : E3;
	47505 : E3;
	47506 : E3;
	47507 : E3;
	47508 : E3;
	47509 : E3;
	47510 : E3;
	47511 : E3;
	47512 : E3;
	47513 : E3;
	47514 : E3;
	47515 : E3;
	47516 : E3;
	47517 : E3;
	47518 : E3;
	47519 : E3;
	47520 : E3;
	47521 : E3;
	47522 : E3;
	47523 : E3;
	47524 : E3;
	47525 : E3;
	47526 : E3;
	47527 : E3;
	47528 : E3;
	47529 : E3;
	47530 : E3;
	47531 : E3;
	47532 : E3;
	47533 : E3;
	47534 : E3;
	47535 : E3;
	47536 : E3;
	47537 : E3;
	47538 : E3;
	47539 : E3;
	47540 : E3;
	47541 : E3;
	47542 : E3;
	47543 : E3;
	47544 : E3;
	47545 : E3;
	47546 : E3;
	47547 : E3;
	47548 : E3;
	47549 : E3;
	47550 : E3;
	47551 : E3;
	47552 : E3;
	47553 : E3;
	47554 : E3;
	47555 : E3;
	47556 : E3;
	47557 : E3;
	47558 : E3;
	47559 : E3;
	47560 : E3;
	47561 : E3;
	47562 : E3;
	47563 : E3;
	47564 : E3;
	47565 : E3;
	47566 : E3;
	47567 : E3;
	47568 : E3;
	47569 : E3;
	47570 : E3;
	47571 : E3;
	47572 : E3;
	47573 : E3;
	47574 : E3;
	47575 : E3;
	47576 : E3;
	47577 : E3;
	47578 : E3;
	47579 : E3;
	47580 : E3;
	47581 : E3;
	47582 : E3;
	47583 : E3;
	47584 : E3;
	47585 : E3;
	47586 : E3;
	47587 : E3;
	47588 : E3;
	47589 : E3;
	47590 : E3;
	47591 : E3;
	47592 : E3;
	47593 : E3;
	47594 : E3;
	47595 : E3;
	47596 : E3;
	47597 : E3;
	47598 : E3;
	47599 : E3;
	47600 : E3;
	47601 : E3;
	47602 : E3;
	47603 : E3;
	47604 : E3;
	47605 : E3;
	47606 : E3;
	47607 : E3;
	47608 : E3;
	47609 : E3;
	47610 : E3;
	47611 : E3;
	47612 : E3;
	47613 : E3;
	47614 : E3;
	47615 : E3;
	47616 : E3;
	47617 : E3;
	47618 : E3;
	47619 : E3;
	47620 : E3;
	47621 : E3;
	47622 : E3;
	47623 : E3;
	47624 : E3;
	47625 : E3;
	47626 : E3;
	47627 : E3;
	47628 : E3;
	47629 : E3;
	47630 : E3;
	47631 : E3;
	47632 : E3;
	47633 : E3;
	47634 : E3;
	47635 : E3;
	47636 : E3;
	47637 : E3;
	47638 : E3;
	47639 : E3;
	47640 : E3;
	47641 : E3;
	47642 : E3;
	47643 : E3;
	47644 : E3;
	47645 : E3;
	47646 : E3;
	47647 : E3;
	47648 : E3;
	47649 : E3;
	47650 : E3;
	47651 : E3;
	47652 : E3;
	47653 : E3;
	47654 : E3;
	47655 : E3;
	47656 : E3;
	47657 : E3;
	47658 : E3;
	47659 : E3;
	47660 : E3;
	47661 : E3;
	47662 : E3;
	47663 : E3;
	47664 : E3;
	47665 : E3;
	47666 : E3;
	47667 : E3;
	47668 : E3;
	47669 : E3;
	47670 : E3;
	47671 : E3;
	47672 : E3;
	47673 : E3;
	47674 : E3;
	47675 : E3;
	47676 : E3;
	47677 : E3;
	47678 : E3;
	47679 : E3;
	47680 : E3;
	47681 : E3;
	47682 : E3;
	47683 : E3;
	47684 : E3;
	47685 : E3;
	47686 : E3;
	47687 : E3;
	47688 : E3;
	47689 : E3;
	47690 : E3;
	47691 : E3;
	47692 : E3;
	47693 : E3;
	47694 : E3;
	47695 : E3;
	47696 : E3;
	47697 : E3;
	47698 : E3;
	47699 : E3;
	47700 : E3;
	47701 : E3;
	47702 : E3;
	47703 : E3;
	47704 : E3;
	47705 : E3;
	47706 : E3;
	47707 : E3;
	47708 : E3;
	47709 : E3;
	47710 : E3;
	47711 : E3;
	47712 : E3;
	47713 : E3;
	47714 : E3;
	47715 : E3;
	47716 : E3;
	47717 : E3;
	47718 : E3;
	47719 : E3;
	47720 : E3;
	47721 : E3;
	47722 : E3;
	47723 : E3;
	47724 : E3;
	47725 : E3;
	47726 : E3;
	47727 : E3;
	47728 : E3;
	47729 : E3;
	47730 : E3;
	47731 : E3;
	47732 : E3;
	47733 : E3;
	47734 : E3;
	47735 : E3;
	47736 : E3;
	47737 : E3;
	47738 : E3;
	47739 : E3;
	47740 : E3;
	47741 : E3;
	47742 : E3;
	47743 : E3;
	47744 : E3;
	47745 : E3;
	47746 : E3;
	47747 : E3;
	47748 : E3;
	47749 : E3;
	47750 : E3;
	47751 : E3;
	47752 : E3;
	47753 : E3;
	47754 : E3;
	47755 : E3;
	47756 : E3;
	47757 : E3;
	47758 : E3;
	47759 : E3;
	47760 : E3;
	47761 : E3;
	47762 : E3;
	47763 : E3;
	47764 : E3;
	47765 : E3;
	47766 : E3;
	47767 : E3;
	47768 : E3;
	47769 : E3;
	47770 : E3;
	47771 : E3;
	47772 : E3;
	47773 : E3;
	47774 : E3;
	47775 : E3;
	47776 : E3;
	47777 : E3;
	47778 : E3;
	47779 : E3;
	47780 : E3;
	47781 : E3;
	47782 : E3;
	47783 : E3;
	47784 : E3;
	47785 : E3;
	47786 : E3;
	47787 : E3;
	47788 : E3;
	47789 : E3;
	47790 : E3;
	47791 : E3;
	47792 : E3;
	47793 : E3;
	47794 : E3;
	47795 : E3;
	47796 : E3;
	47797 : E3;
	47798 : E3;
	47799 : E3;
	47800 : E3;
	47801 : E3;
	47802 : E3;
	47803 : E3;
	47804 : E3;
	47805 : E3;
	47806 : E3;
	47807 : E3;
	47808 : E3;
	47809 : E3;
	47810 : E3;
	47811 : E3;
	47812 : E3;
	47813 : E3;
	47814 : E3;
	47815 : E3;
	47816 : E3;
	47817 : E3;
	47818 : E3;
	47819 : E3;
	47820 : E3;
	47821 : E3;
	47822 : E3;
	47823 : E3;
	47824 : E3;
	47825 : E3;
	47826 : E3;
	47827 : E3;
	47828 : E3;
	47829 : E3;
	47830 : E3;
	47831 : E3;
	47832 : E3;
	47833 : E3;
	47834 : E3;
	47835 : E3;
	47836 : E3;
	47837 : E3;
	47838 : E3;
	47839 : E3;
	47840 : E3;
	47841 : E3;
	47842 : E3;
	47843 : E3;
	47844 : E3;
	47845 : E3;
	47846 : E3;
	47847 : E3;
	47848 : E3;
	47849 : E3;
	47850 : E3;
	47851 : E3;
	47852 : E3;
	47853 : E3;
	47854 : E3;
	47855 : E3;
	47856 : E3;
	47857 : E3;
	47858 : E3;
	47859 : E3;
	47860 : E3;
	47861 : E3;
	47862 : E3;
	47863 : E3;
	47864 : E3;
	47865 : E3;
	47866 : E3;
	47867 : E3;
	47868 : E3;
	47869 : E3;
	47870 : E3;
	47871 : E3;
	47872 : E3;
	47873 : E3;
	47874 : E3;
	47875 : E3;
	47876 : E3;
	47877 : E3;
	47878 : E3;
	47879 : E3;
	47880 : E3;
	47881 : E3;
	47882 : E3;
	47883 : E3;
	47884 : E3;
	47885 : E3;
	47886 : E3;
	47887 : E3;
	47888 : E3;
	47889 : E3;
	47890 : E3;
	47891 : E3;
	47892 : E3;
	47893 : E3;
	47894 : E3;
	47895 : E3;
	47896 : E3;
	47897 : E3;
	47898 : E3;
	47899 : E3;
	47900 : E3;
	47901 : E3;
	47902 : E3;
	47903 : E3;
	47904 : E3;
	47905 : E3;
	47906 : E3;
	47907 : E3;
	47908 : E3;
	47909 : E3;
	47910 : E3;
	47911 : E3;
	47912 : E3;
	47913 : E3;
	47914 : E3;
	47915 : E3;
	47916 : E3;
	47917 : E3;
	47918 : E3;
	47919 : E3;
	47920 : E3;
	47921 : E3;
	47922 : E3;
	47923 : E3;
	47924 : E3;
	47925 : E3;
	47926 : E3;
	47927 : E3;
	47928 : E3;
	47929 : E3;
	47930 : E3;
	47931 : E3;
	47932 : E3;
	47933 : E3;
	47934 : E3;
	47935 : E3;
	47936 : E3;
	47937 : E3;
	47938 : E3;
	47939 : E3;
	47940 : E3;
	47941 : E3;
	47942 : E3;
	47943 : E3;
	47944 : E3;
	47945 : E3;
	47946 : E3;
	47947 : E3;
	47948 : E3;
	47949 : E3;
	47950 : E3;
	47951 : E3;
	47952 : E3;
	47953 : E3;
	47954 : E3;
	47955 : E3;
	47956 : E3;
	47957 : E3;
	47958 : E3;
	47959 : E3;
	47960 : E3;
	47961 : E3;
	47962 : E3;
	47963 : E3;
	47964 : E3;
	47965 : E3;
	47966 : E3;
	47967 : E3;
	47968 : E3;
	47969 : E3;
	47970 : E3;
	47971 : E3;
	47972 : E3;
	47973 : E3;
	47974 : E3;
	47975 : E3;
	47976 : E3;
	47977 : E3;
	47978 : E3;
	47979 : E3;
	47980 : E3;
	47981 : E3;
	47982 : E3;
	47983 : E3;
	47984 : E3;
	47985 : E3;
	47986 : E3;
	47987 : E3;
	47988 : E3;
	47989 : E3;
	47990 : E3;
	47991 : E3;
	47992 : E3;
	47993 : E3;
	47994 : E3;
	47995 : E3;
	47996 : E3;
	47997 : E3;
	47998 : E3;
	47999 : E3;
	48000 : E3;
	48001 : E3;
	48002 : E3;
	48003 : E3;
	48004 : E3;
	48005 : E3;
	48006 : E3;
	48007 : E3;
	48008 : E3;
	48009 : E3;
	48010 : E3;
	48011 : E3;
	48012 : E3;
	48013 : E3;
	48014 : E3;
	48015 : E3;
	48016 : E3;
	48017 : E3;
	48018 : E3;
	48019 : E3;
	48020 : E3;
	48021 : E3;
	48022 : E3;
	48023 : E3;
	48024 : E3;
	48025 : E3;
	48026 : E3;
	48027 : E3;
	48028 : E3;
	48029 : E3;
	48030 : E3;
	48031 : E3;
	48032 : E3;
	48033 : E3;
	48034 : E3;
	48035 : E3;
	48036 : E3;
	48037 : E3;
	48038 : E3;
	48039 : E3;
	48040 : E3;
	48041 : E3;
	48042 : E3;
	48043 : E3;
	48044 : E3;
	48045 : E3;
	48046 : E3;
	48047 : E3;
	48048 : E3;
	48049 : E3;
	48050 : E3;
	48051 : E3;
	48052 : E3;
	48053 : E3;
	48054 : E3;
	48055 : E3;
	48056 : E3;
	48057 : E3;
	48058 : E3;
	48059 : E3;
	48060 : E3;
	48061 : E3;
	48062 : E3;
	48063 : E3;
	48064 : E3;
	48065 : E3;
	48066 : E3;
	48067 : E3;
	48068 : E3;
	48069 : E3;
	48070 : E3;
	48071 : E3;
	48072 : E3;
	48073 : E3;
	48074 : E3;
	48075 : E3;
	48076 : E3;
	48077 : E3;
	48078 : E3;
	48079 : E3;
	48080 : E3;
	48081 : E3;
	48082 : E3;
	48083 : E3;
	48084 : E3;
	48085 : E3;
	48086 : E3;
	48087 : E3;
	48088 : E3;
	48089 : E3;
	48090 : E3;
	48091 : E3;
	48092 : E3;
	48093 : E3;
	48094 : E3;
	48095 : E3;
	48096 : E3;
	48097 : E3;
	48098 : E3;
	48099 : E3;
	48100 : E3;
	48101 : E3;
	48102 : E3;
	48103 : E3;
	48104 : E3;
	48105 : E3;
	48106 : E3;
	48107 : E3;
	48108 : E3;
	48109 : E3;
	48110 : E3;
	48111 : E3;
	48112 : E3;
	48113 : E3;
	48114 : E3;
	48115 : E3;
	48116 : E3;
	48117 : E3;
	48118 : E3;
	48119 : E3;
	48120 : E3;
	48121 : E3;
	48122 : E3;
	48123 : E3;
	48124 : E3;
	48125 : E3;
	48126 : E3;
	48127 : E3;
	48128 : E3;
	48129 : E3;
	48130 : E3;
	48131 : E3;
	48132 : E3;
	48133 : E3;
	48134 : E3;
	48135 : E3;
	48136 : E3;
	48137 : E3;
	48138 : E3;
	48139 : E3;
	48140 : E3;
	48141 : E3;
	48142 : E3;
	48143 : E3;
	48144 : E3;
	48145 : E3;
	48146 : E3;
	48147 : E3;
	48148 : E3;
	48149 : E3;
	48150 : E3;
	48151 : E3;
	48152 : E3;
	48153 : E3;
	48154 : E3;
	48155 : E3;
	48156 : E3;
	48157 : E3;
	48158 : E3;
	48159 : E3;
	48160 : E3;
	48161 : E3;
	48162 : E3;
	48163 : E3;
	48164 : E3;
	48165 : E3;
	48166 : E3;
	48167 : E3;
	48168 : E3;
	48169 : E3;
	48170 : E3;
	48171 : E3;
	48172 : E3;
	48173 : E3;
	48174 : E3;
	48175 : E3;
	48176 : E3;
	48177 : E3;
	48178 : E3;
	48179 : E3;
	48180 : E3;
	48181 : E3;
	48182 : E3;
	48183 : E3;
	48184 : E3;
	48185 : E3;
	48186 : E3;
	48187 : E3;
	48188 : E3;
	48189 : E3;
	48190 : E3;
	48191 : E3;
	48192 : E3;
	48193 : E3;
	48194 : E3;
	48195 : E3;
	48196 : E3;
	48197 : E3;
	48198 : E3;
	48199 : E3;
	48200 : E3;
	48201 : E3;
	48202 : E3;
	48203 : E3;
	48204 : E3;
	48205 : E3;
	48206 : E3;
	48207 : E3;
	48208 : E3;
	48209 : E3;
	48210 : E3;
	48211 : E3;
	48212 : E3;
	48213 : E3;
	48214 : E3;
	48215 : E3;
	48216 : E3;
	48217 : E3;
	48218 : E3;
	48219 : E3;
	48220 : E3;
	48221 : E3;
	48222 : E3;
	48223 : E3;
	48224 : E3;
	48225 : E3;
	48226 : E3;
	48227 : E3;
	48228 : E3;
	48229 : E3;
	48230 : E3;
	48231 : E3;
	48232 : E3;
	48233 : E3;
	48234 : E3;
	48235 : E3;
	48236 : E3;
	48237 : E3;
	48238 : E3;
	48239 : E3;
	48240 : E3;
	48241 : E3;
	48242 : E3;
	48243 : E3;
	48244 : E3;
	48245 : E3;
	48246 : E3;
	48247 : E3;
	48248 : E3;
	48249 : E3;
	48250 : E3;
	48251 : E3;
	48252 : E3;
	48253 : E3;
	48254 : E3;
	48255 : E3;
	48256 : E3;
	48257 : E3;
	48258 : E3;
	48259 : E3;
	48260 : E3;
	48261 : E3;
	48262 : E3;
	48263 : E3;
	48264 : E3;
	48265 : E3;
	48266 : E3;
	48267 : E3;
	48268 : E3;
	48269 : E3;
	48270 : E3;
	48271 : E3;
	48272 : E3;
	48273 : E3;
	48274 : E3;
	48275 : E3;
	48276 : E3;
	48277 : E3;
	48278 : E3;
	48279 : E3;
	48280 : E3;
	48281 : E3;
	48282 : E3;
	48283 : E3;
	48284 : E3;
	48285 : E3;
	48286 : E3;
	48287 : E3;
	48288 : E3;
	48289 : E3;
	48290 : E3;
	48291 : E3;
	48292 : E3;
	48293 : E3;
	48294 : E3;
	48295 : E3;
	48296 : E3;
	48297 : E3;
	48298 : E3;
	48299 : E3;
	48300 : E3;
	48301 : E3;
	48302 : E3;
	48303 : E3;
	48304 : E3;
	48305 : E3;
	48306 : E3;
	48307 : E3;
	48308 : E3;
	48309 : E3;
	48310 : E3;
	48311 : E3;
	48312 : E3;
	48313 : E3;
	48314 : E3;
	48315 : E3;
	48316 : E3;
	48317 : E3;
	48318 : E3;
	48319 : E3;
	48320 : E3;
	48321 : E3;
	48322 : E3;
	48323 : E3;
	48324 : E3;
	48325 : E3;
	48326 : E3;
	48327 : E3;
	48328 : E3;
	48329 : E3;
	48330 : E3;
	48331 : E3;
	48332 : E3;
	48333 : E3;
	48334 : E3;
	48335 : E3;
	48336 : E3;
	48337 : E3;
	48338 : E3;
	48339 : E3;
	48340 : E3;
	48341 : E3;
	48342 : E3;
	48343 : E3;
	48344 : E3;
	48345 : E3;
	48346 : E3;
	48347 : E3;
	48348 : E3;
	48349 : E3;
	48350 : E3;
	48351 : E3;
	48352 : E3;
	48353 : E3;
	48354 : E3;
	48355 : E3;
	48356 : E3;
	48357 : E3;
	48358 : E3;
	48359 : E3;
	48360 : E3;
	48361 : E3;
	48362 : E3;
	48363 : E3;
	48364 : E3;
	48365 : E3;
	48366 : E3;
	48367 : E3;
	48368 : E3;
	48369 : E3;
	48370 : E3;
	48371 : E3;
	48372 : E3;
	48373 : E3;
	48374 : E3;
	48375 : E3;
	48376 : E3;
	48377 : E3;
	48378 : E3;
	48379 : E3;
	48380 : E3;
	48381 : E3;
	48382 : E3;
	48383 : E3;
	48384 : E3;
	48385 : E3;
	48386 : E3;
	48387 : E3;
	48388 : E3;
	48389 : E3;
	48390 : E3;
	48391 : E3;
	48392 : E3;
	48393 : E3;
	48394 : E3;
	48395 : E3;
	48396 : E3;
	48397 : E3;
	48398 : E3;
	48399 : E3;
	48400 : E3;
	48401 : E3;
	48402 : E3;
	48403 : E3;
	48404 : E3;
	48405 : E3;
	48406 : E3;
	48407 : E3;
	48408 : E3;
	48409 : E3;
	48410 : E3;
	48411 : E3;
	48412 : E3;
	48413 : E3;
	48414 : E3;
	48415 : E3;
	48416 : E3;
	48417 : E3;
	48418 : E3;
	48419 : E3;
	48420 : E3;
	48421 : E3;
	48422 : E3;
	48423 : E3;
	48424 : E3;
	48425 : E3;
	48426 : E3;
	48427 : E3;
	48428 : E3;
	48429 : E3;
	48430 : E3;
	48431 : E3;
	48432 : E3;
	48433 : E3;
	48434 : E3;
	48435 : E3;
	48436 : E3;
	48437 : E3;
	48438 : E3;
	48439 : E3;
	48440 : E3;
	48441 : E3;
	48442 : E3;
	48443 : E3;
	48444 : E3;
	48445 : E3;
	48446 : E3;
	48447 : E3;
	48448 : E3;
	48449 : E3;
	48450 : E3;
	48451 : E3;
	48452 : E3;
	48453 : E3;
	48454 : E3;
	48455 : E3;
	48456 : E3;
	48457 : E3;
	48458 : E3;
	48459 : E3;
	48460 : E3;
	48461 : E3;
	48462 : E3;
	48463 : E3;
	48464 : E3;
	48465 : E3;
	48466 : E3;
	48467 : E3;
	48468 : E3;
	48469 : E3;
	48470 : E3;
	48471 : E3;
	48472 : E3;
	48473 : E3;
	48474 : E3;
	48475 : E3;
	48476 : E3;
	48477 : E3;
	48478 : E3;
	48479 : E3;
	48480 : E3;
	48481 : E3;
	48482 : E3;
	48483 : E3;
	48484 : E3;
	48485 : E3;
	48486 : E3;
	48487 : E3;
	48488 : E3;
	48489 : E3;
	48490 : E3;
	48491 : E3;
	48492 : E3;
	48493 : E3;
	48494 : E3;
	48495 : E3;
	48496 : E3;
	48497 : E3;
	48498 : E3;
	48499 : E3;
	48500 : E3;
	48501 : E3;
	48502 : E3;
	48503 : E3;
	48504 : E3;
	48505 : E3;
	48506 : E3;
	48507 : E3;
	48508 : E3;
	48509 : E3;
	48510 : E3;
	48511 : E3;
	48512 : E3;
	48513 : E3;
	48514 : E3;
	48515 : E3;
	48516 : E3;
	48517 : E3;
	48518 : E3;
	48519 : E3;
	48520 : E3;
	48521 : E3;
	48522 : E3;
	48523 : E3;
	48524 : E3;
	48525 : E3;
	48526 : E3;
	48527 : E3;
	48528 : E3;
	48529 : E3;
	48530 : E3;
	48531 : E3;
	48532 : E3;
	48533 : E3;
	48534 : E3;
	48535 : E3;
	48536 : E3;
	48537 : E3;
	48538 : E3;
	48539 : E3;
	48540 : E3;
	48541 : E3;
	48542 : E3;
	48543 : E3;
	48544 : E3;
	48545 : E3;
	48546 : E3;
	48547 : E3;
	48548 : E3;
	48549 : E3;
	48550 : E3;
	48551 : E3;
	48552 : E3;
	48553 : E3;
	48554 : E3;
	48555 : E3;
	48556 : E3;
	48557 : E3;
	48558 : E3;
	48559 : E3;
	48560 : E3;
	48561 : E3;
	48562 : E3;
	48563 : E3;
	48564 : E3;
	48565 : E3;
	48566 : E3;
	48567 : E3;
	48568 : E3;
	48569 : E3;
	48570 : E3;
	48571 : E3;
	48572 : E3;
	48573 : E3;
	48574 : E3;
	48575 : E3;
	48576 : E3;
	48577 : E3;
	48578 : E3;
	48579 : E3;
	48580 : E3;
	48581 : E3;
	48582 : E3;
	48583 : E3;
	48584 : E3;
	48585 : E3;
	48586 : E3;
	48587 : E3;
	48588 : E3;
	48589 : E3;
	48590 : E3;
	48591 : E3;
	48592 : E3;
	48593 : E3;
	48594 : E3;
	48595 : E3;
	48596 : E3;
	48597 : E3;
	48598 : E3;
	48599 : E3;
	48600 : E3;
	48601 : E3;
	48602 : E3;
	48603 : E3;
	48604 : E3;
	48605 : E3;
	48606 : E3;
	48607 : E3;
	48608 : E3;
	48609 : E3;
	48610 : E3;
	48611 : E3;
	48612 : E3;
	48613 : E3;
	48614 : E3;
	48615 : E3;
	48616 : E3;
	48617 : E3;
	48618 : E3;
	48619 : E3;
	48620 : E3;
	48621 : E3;
	48622 : E3;
	48623 : E3;
	48624 : E3;
	48625 : E3;
	48626 : E3;
	48627 : E3;
	48628 : E3;
	48629 : E3;
	48630 : E3;
	48631 : E3;
	48632 : E3;
	48633 : E3;
	48634 : E3;
	48635 : E3;
	48636 : E3;
	48637 : E3;
	48638 : E3;
	48639 : E3;
	48640 : E3;
	48641 : E3;
	48642 : E3;
	48643 : E3;
	48644 : E3;
	48645 : E3;
	48646 : E3;
	48647 : E3;
	48648 : E3;
	48649 : E3;
	48650 : E3;
	48651 : E3;
	48652 : E3;
	48653 : E3;
	48654 : E3;
	48655 : E3;
	48656 : E3;
	48657 : E3;
	48658 : E3;
	48659 : E3;
	48660 : E3;
	48661 : E3;
	48662 : E3;
	48663 : E3;
	48664 : E3;
	48665 : E3;
	48666 : E3;
	48667 : E3;
	48668 : E3;
	48669 : E3;
	48670 : E3;
	48671 : E3;
	48672 : E3;
	48673 : E3;
	48674 : E3;
	48675 : E3;
	48676 : E3;
	48677 : E3;
	48678 : E3;
	48679 : E3;
	48680 : E3;
	48681 : E3;
	48682 : E3;
	48683 : E3;
	48684 : E3;
	48685 : E3;
	48686 : E3;
	48687 : E3;
	48688 : E3;
	48689 : E3;
	48690 : E3;
	48691 : E3;
	48692 : E3;
	48693 : E3;
	48694 : E3;
	48695 : E3;
	48696 : E3;
	48697 : E3;
	48698 : E3;
	48699 : E3;
	48700 : E3;
	48701 : E3;
	48702 : E3;
	48703 : E3;
	48704 : E3;
	48705 : E3;
	48706 : E3;
	48707 : E3;
	48708 : E3;
	48709 : E3;
	48710 : E3;
	48711 : E3;
	48712 : E3;
	48713 : E3;
	48714 : E3;
	48715 : E3;
	48716 : E3;
	48717 : E3;
	48718 : E3;
	48719 : E3;
	48720 : E3;
	48721 : E3;
	48722 : E3;
	48723 : E3;
	48724 : E3;
	48725 : E3;
	48726 : E3;
	48727 : E3;
	48728 : E3;
	48729 : E3;
	48730 : E3;
	48731 : E3;
	48732 : E3;
	48733 : E3;
	48734 : E3;
	48735 : E3;
	48736 : E3;
	48737 : E3;
	48738 : E3;
	48739 : E3;
	48740 : E3;
	48741 : E3;
	48742 : E3;
	48743 : 24;
	48744 : 24;
	48745 : E3;
	48746 : E3;
	48747 : E3;
	48748 : E3;
	48749 : E3;
	48750 : E3;
	48751 : E3;
	48752 : E3;
	48753 : E3;
	48754 : E3;
	48755 : E3;
	48756 : E3;
	48757 : E3;
	48758 : E3;
	48759 : E3;
	48760 : E3;
	48761 : E3;
	48762 : E3;
	48763 : E3;
	48764 : E3;
	48765 : E3;
	48766 : E3;
	48767 : E3;
	48768 : E3;
	48769 : E3;
	48770 : E3;
	48771 : E3;
	48772 : E3;
	48773 : E3;
	48774 : E3;
	48775 : E3;
	48776 : E3;
	48777 : E3;
	48778 : E3;
	48779 : E3;
	48780 : E3;
	48781 : E3;
	48782 : E3;
	48783 : E3;
	48784 : E3;
	48785 : E3;
	48786 : E3;
	48787 : E3;
	48788 : E3;
	48789 : E3;
	48790 : E3;
	48791 : E3;
	48792 : E3;
	48793 : E3;
	48794 : E3;
	48795 : E3;
	48796 : E3;
	48797 : E3;
	48798 : E3;
	48799 : E3;
	48800 : E3;
	48801 : E3;
	48802 : E3;
	48803 : E3;
	48804 : A0;
	48805 : 60;
	48806 : 24;
	48807 : 24;
	48808 : 44;
	48809 : 44;
	48810 : 24;
	48811 : E3;
	48812 : E3;
	48813 : E3;
	48814 : E3;
	48815 : E3;
	48816 : E3;
	48817 : E3;
	48818 : E3;
	48819 : E3;
	48820 : E3;
	48821 : E3;
	48822 : E3;
	48823 : E3;
	48824 : E3;
	48825 : E3;
	48826 : E3;
	48827 : E3;
	48828 : E3;
	48829 : E3;
	48830 : E3;
	48831 : E3;
	48832 : E3;
	48833 : E3;
	48834 : E3;
	48835 : E3;
	48836 : E3;
	48837 : E3;
	48838 : E3;
	48839 : E3;
	48840 : E3;
	48841 : E3;
	48842 : E3;
	48843 : E3;
	48844 : E3;
	48845 : E3;
	48846 : E3;
	48847 : E3;
	48848 : E3;
	48849 : E3;
	48850 : E3;
	48851 : E3;
	48852 : E3;
	48853 : E3;
	48854 : E3;
	48855 : E3;
	48856 : E3;
	48857 : E3;
	48858 : E3;
	48859 : E3;
	48860 : E3;
	48861 : E3;
	48862 : E3;
	48863 : E3;
	48864 : C0;
	48865 : C0;
	48866 : E0;
	48867 : E0;
	48868 : C0;
	48869 : 64;
	48870 : 24;
	48871 : 64;
	48872 : CC;
	48873 : C8;
	48874 : A8;
	48875 : E3;
	48876 : E3;
	48877 : E3;
	48878 : E3;
	48879 : E3;
	48880 : E3;
	48881 : E3;
	48882 : E3;
	48883 : E3;
	48884 : E3;
	48885 : E3;
	48886 : E3;
	48887 : E3;
	48888 : E3;
	48889 : E3;
	48890 : E3;
	48891 : E3;
	48892 : E3;
	48893 : E3;
	48894 : E3;
	48895 : E3;
	48896 : E3;
	48897 : E3;
	48898 : E3;
	48899 : E3;
	48900 : E3;
	48901 : E3;
	48902 : E3;
	48903 : E3;
	48904 : E3;
	48905 : E3;
	48906 : E3;
	48907 : E3;
	48908 : E3;
	48909 : E3;
	48910 : E3;
	48911 : E3;
	48912 : E3;
	48913 : E3;
	48914 : E3;
	48915 : E3;
	48916 : E3;
	48917 : E3;
	48918 : E3;
	48919 : E3;
	48920 : E3;
	48921 : E3;
	48922 : E3;
	48923 : E3;
	48924 : E3;
	48925 : E3;
	48926 : C0;
	48927 : C0;
	48928 : E0;
	48929 : E0;
	48930 : E0;
	48931 : E0;
	48932 : E0;
	48933 : 84;
	48934 : 64;
	48935 : A8;
	48936 : 64;
	48937 : AD;
	48938 : A8;
	48939 : 88;
	48940 : A9;
	48941 : AD;
	48942 : B6;
	48943 : E3;
	48944 : E3;
	48945 : E3;
	48946 : E3;
	48947 : E3;
	48948 : E3;
	48949 : E3;
	48950 : E3;
	48951 : E3;
	48952 : E3;
	48953 : E3;
	48954 : E3;
	48955 : E3;
	48956 : E3;
	48957 : E3;
	48958 : E3;
	48959 : E3;
	48960 : E3;
	48961 : E3;
	48962 : E3;
	48963 : E3;
	48964 : E3;
	48965 : E3;
	48966 : E3;
	48967 : E3;
	48968 : E3;
	48969 : E3;
	48970 : E3;
	48971 : E3;
	48972 : E3;
	48973 : E3;
	48974 : E3;
	48975 : E3;
	48976 : E3;
	48977 : E3;
	48978 : E3;
	48979 : E3;
	48980 : E3;
	48981 : E3;
	48982 : E3;
	48983 : E3;
	48984 : E3;
	48985 : E3;
	48986 : E3;
	48987 : E3;
	48988 : E3;
	48989 : C0;
	48990 : A0;
	48991 : E0;
	48992 : E0;
	48993 : E0;
	48994 : E0;
	48995 : C0;
	48996 : E0;
	48997 : A4;
	48998 : 88;
	48999 : A8;
	49000 : A8;
	49001 : A8;
	49002 : 88;
	49003 : 8D;
	49004 : 88;
	49005 : A8;
	49006 : A8;
	49007 : AD;
	49008 : B6;
	49009 : E3;
	49010 : E3;
	49011 : E3;
	49012 : E3;
	49013 : E3;
	49014 : E3;
	49015 : E3;
	49016 : E3;
	49017 : E3;
	49018 : E3;
	49019 : E3;
	49020 : E3;
	49021 : E3;
	49022 : E3;
	49023 : E3;
	49024 : E3;
	49025 : E3;
	49026 : E3;
	49027 : E3;
	49028 : E3;
	49029 : E3;
	49030 : E3;
	49031 : E3;
	49032 : E3;
	49033 : E3;
	49034 : E3;
	49035 : E3;
	49036 : E3;
	49037 : E3;
	49038 : E3;
	49039 : E3;
	49040 : E3;
	49041 : E3;
	49042 : E3;
	49043 : E3;
	49044 : E3;
	49045 : E3;
	49046 : E3;
	49047 : E3;
	49048 : E3;
	49049 : E3;
	49050 : E3;
	49051 : E3;
	49052 : E3;
	49053 : C0;
	49054 : A0;
	49055 : C0;
	49056 : E0;
	49057 : E0;
	49058 : C0;
	49059 : A0;
	49060 : C0;
	49061 : C0;
	49062 : A8;
	49063 : 88;
	49064 : A8;
	49065 : AD;
	49066 : 88;
	49067 : A8;
	49068 : CD;
	49069 : 88;
	49070 : 88;
	49071 : A8;
	49072 : B1;
	49073 : E3;
	49074 : E3;
	49075 : E3;
	49076 : E3;
	49077 : E3;
	49078 : E3;
	49079 : E3;
	49080 : E3;
	49081 : E3;
	49082 : E3;
	49083 : E3;
	49084 : E3;
	49085 : E3;
	49086 : E3;
	49087 : E3;
	49088 : E3;
	49089 : E3;
	49090 : E3;
	49091 : E3;
	49092 : E3;
	49093 : E3;
	49094 : E3;
	49095 : E3;
	49096 : E3;
	49097 : E3;
	49098 : E3;
	49099 : E3;
	49100 : E3;
	49101 : E3;
	49102 : E3;
	49103 : E3;
	49104 : E3;
	49105 : E3;
	49106 : E3;
	49107 : E3;
	49108 : E3;
	49109 : E3;
	49110 : E3;
	49111 : E3;
	49112 : E3;
	49113 : E3;
	49114 : E3;
	49115 : E3;
	49116 : A0;
	49117 : A0;
	49118 : A0;
	49119 : A0;
	49120 : C0;
	49121 : C8;
	49122 : C9;
	49123 : C8;
	49124 : C0;
	49125 : E0;
	49126 : A0;
	49127 : A8;
	49128 : AD;
	49129 : A8;
	49130 : A8;
	49131 : AD;
	49132 : B1;
	49133 : 91;
	49134 : 91;
	49135 : 91;
	49136 : B1;
	49137 : E3;
	49138 : E3;
	49139 : E3;
	49140 : E3;
	49141 : E3;
	49142 : E3;
	49143 : E3;
	49144 : E3;
	49145 : E3;
	49146 : E3;
	49147 : E3;
	49148 : E3;
	49149 : E3;
	49150 : E3;
	49151 : E3;
	49152 : E3;
	49153 : E3;
	49154 : E3;
	49155 : E3;
	49156 : E3;
	49157 : E3;
	49158 : E3;
	49159 : E3;
	49160 : E3;
	49161 : E3;
	49162 : E3;
	49163 : E3;
	49164 : E3;
	49165 : E3;
	49166 : E3;
	49167 : E3;
	49168 : E3;
	49169 : E3;
	49170 : E3;
	49171 : E3;
	49172 : E3;
	49173 : E3;
	49174 : E3;
	49175 : E3;
	49176 : E3;
	49177 : E3;
	49178 : E3;
	49179 : E3;
	49180 : A0;
	49181 : C0;
	49182 : 80;
	49183 : A4;
	49184 : C8;
	49185 : ED;
	49186 : ED;
	49187 : ED;
	49188 : A4;
	49189 : C0;
	49190 : E0;
	49191 : D2;
	49192 : DA;
	49193 : AD;
	49194 : B6;
	49195 : B1;
	49196 : 91;
	49197 : 91;
	49198 : 91;
	49199 : B6;
	49200 : 91;
	49201 : E3;
	49202 : E3;
	49203 : E3;
	49204 : E3;
	49205 : E3;
	49206 : E3;
	49207 : E3;
	49208 : E3;
	49209 : E3;
	49210 : E3;
	49211 : E3;
	49212 : E3;
	49213 : E3;
	49214 : E3;
	49215 : E3;
	49216 : E3;
	49217 : E3;
	49218 : E3;
	49219 : E3;
	49220 : E3;
	49221 : E3;
	49222 : E3;
	49223 : E3;
	49224 : E3;
	49225 : E3;
	49226 : E3;
	49227 : E3;
	49228 : E3;
	49229 : E3;
	49230 : E3;
	49231 : E3;
	49232 : E3;
	49233 : E3;
	49234 : E3;
	49235 : E3;
	49236 : E3;
	49237 : E3;
	49238 : E3;
	49239 : E3;
	49240 : E3;
	49241 : E3;
	49242 : E3;
	49243 : E3;
	49244 : A0;
	49245 : C0;
	49246 : C4;
	49247 : CD;
	49248 : C8;
	49249 : CC;
	49250 : CD;
	49251 : CC;
	49252 : A4;
	49253 : A4;
	49254 : C4;
	49255 : B6;
	49256 : DA;
	49257 : DA;
	49258 : DA;
	49259 : DA;
	49260 : 8D;
	49261 : 91;
	49262 : B6;
	49263 : B6;
	49264 : B6;
	49265 : E3;
	49266 : E3;
	49267 : E3;
	49268 : E3;
	49269 : E3;
	49270 : E3;
	49271 : E3;
	49272 : E3;
	49273 : E3;
	49274 : E3;
	49275 : E3;
	49276 : E3;
	49277 : E3;
	49278 : E3;
	49279 : E3;
	49280 : E3;
	49281 : E3;
	49282 : E3;
	49283 : E3;
	49284 : E3;
	49285 : E3;
	49286 : E3;
	49287 : E3;
	49288 : E3;
	49289 : E3;
	49290 : E3;
	49291 : E3;
	49292 : E3;
	49293 : E3;
	49294 : E3;
	49295 : E3;
	49296 : E3;
	49297 : E3;
	49298 : E3;
	49299 : E3;
	49300 : E3;
	49301 : E3;
	49302 : E3;
	49303 : E3;
	49304 : E3;
	49305 : E3;
	49306 : E3;
	49307 : E3;
	49308 : E3;
	49309 : A0;
	49310 : C4;
	49311 : CD;
	49312 : CD;
	49313 : CC;
	49314 : ED;
	49315 : ED;
	49316 : C8;
	49317 : D1;
	49318 : DA;
	49319 : DA;
	49320 : FF;
	49321 : DA;
	49322 : DA;
	49323 : DA;
	49324 : B1;
	49325 : B6;
	49326 : DA;
	49327 : B6;
	49328 : E3;
	49329 : E3;
	49330 : E3;
	49331 : E3;
	49332 : E3;
	49333 : E3;
	49334 : E3;
	49335 : E3;
	49336 : E3;
	49337 : E3;
	49338 : E3;
	49339 : E3;
	49340 : E3;
	49341 : E3;
	49342 : E3;
	49343 : E3;
	49344 : E3;
	49345 : E3;
	49346 : E3;
	49347 : E3;
	49348 : E3;
	49349 : E3;
	49350 : E3;
	49351 : E3;
	49352 : E3;
	49353 : E3;
	49354 : E3;
	49355 : E3;
	49356 : E3;
	49357 : E3;
	49358 : E3;
	49359 : E3;
	49360 : E3;
	49361 : E3;
	49362 : E3;
	49363 : E3;
	49364 : E3;
	49365 : E3;
	49366 : E3;
	49367 : E3;
	49368 : E3;
	49369 : E3;
	49370 : E3;
	49371 : E3;
	49372 : E3;
	49373 : 84;
	49374 : A0;
	49375 : C8;
	49376 : CD;
	49377 : ED;
	49378 : ED;
	49379 : C8;
	49380 : C8;
	49381 : D6;
	49382 : DA;
	49383 : DA;
	49384 : DA;
	49385 : B6;
	49386 : DA;
	49387 : B5;
	49388 : CC;
	49389 : AD;
	49390 : B6;
	49391 : B2;
	49392 : E3;
	49393 : E3;
	49394 : E3;
	49395 : E3;
	49396 : E3;
	49397 : E3;
	49398 : E3;
	49399 : E3;
	49400 : E3;
	49401 : E3;
	49402 : E3;
	49403 : E3;
	49404 : E3;
	49405 : E3;
	49406 : E3;
	49407 : E3;
	49408 : E3;
	49409 : E3;
	49410 : E3;
	49411 : E3;
	49412 : E3;
	49413 : E3;
	49414 : E3;
	49415 : E3;
	49416 : E3;
	49417 : E3;
	49418 : E3;
	49419 : E3;
	49420 : E3;
	49421 : E3;
	49422 : E3;
	49423 : E3;
	49424 : E3;
	49425 : E3;
	49426 : E3;
	49427 : E3;
	49428 : E3;
	49429 : E3;
	49430 : E3;
	49431 : E3;
	49432 : E3;
	49433 : E3;
	49434 : E3;
	49435 : E3;
	49436 : 09;
	49437 : 69;
	49438 : 65;
	49439 : 84;
	49440 : ED;
	49441 : ED;
	49442 : CC;
	49443 : CD;
	49444 : ED;
	49445 : D1;
	49446 : DA;
	49447 : B6;
	49448 : B6;
	49449 : B1;
	49450 : B1;
	49451 : CD;
	49452 : C8;
	49453 : C8;
	49454 : C8;
	49455 : A5;
	49456 : E3;
	49457 : E3;
	49458 : E3;
	49459 : E3;
	49460 : E3;
	49461 : E3;
	49462 : E3;
	49463 : E3;
	49464 : E3;
	49465 : E3;
	49466 : E3;
	49467 : E3;
	49468 : E3;
	49469 : E3;
	49470 : E3;
	49471 : E3;
	49472 : E3;
	49473 : E3;
	49474 : E3;
	49475 : E3;
	49476 : E3;
	49477 : E3;
	49478 : E3;
	49479 : E3;
	49480 : E3;
	49481 : E3;
	49482 : E3;
	49483 : E3;
	49484 : E3;
	49485 : E3;
	49486 : E3;
	49487 : E3;
	49488 : E3;
	49489 : E3;
	49490 : E3;
	49491 : E3;
	49492 : E3;
	49493 : E3;
	49494 : E3;
	49495 : E3;
	49496 : E3;
	49497 : E3;
	49498 : E3;
	49499 : E3;
	49500 : 0E;
	49501 : 2D;
	49502 : 49;
	49503 : 68;
	49504 : CD;
	49505 : ED;
	49506 : ED;
	49507 : CD;
	49508 : A8;
	49509 : AD;
	49510 : 96;
	49511 : 56;
	49512 : 9A;
	49513 : B1;
	49514 : C8;
	49515 : C8;
	49516 : C8;
	49517 : A8;
	49518 : A8;
	49519 : E3;
	49520 : E3;
	49521 : E3;
	49522 : E3;
	49523 : E3;
	49524 : E3;
	49525 : E3;
	49526 : E3;
	49527 : E3;
	49528 : E3;
	49529 : E3;
	49530 : E3;
	49531 : E3;
	49532 : E3;
	49533 : E3;
	49534 : E3;
	49535 : E3;
	49536 : E3;
	49537 : E3;
	49538 : E3;
	49539 : E3;
	49540 : E3;
	49541 : E3;
	49542 : E3;
	49543 : E3;
	49544 : E3;
	49545 : E3;
	49546 : E3;
	49547 : E3;
	49548 : E3;
	49549 : E3;
	49550 : E3;
	49551 : E3;
	49552 : E3;
	49553 : E3;
	49554 : E3;
	49555 : E3;
	49556 : E3;
	49557 : E3;
	49558 : E3;
	49559 : E3;
	49560 : E3;
	49561 : E3;
	49562 : E3;
	49563 : E3;
	49564 : 12;
	49565 : 17;
	49566 : 12;
	49567 : 2E;
	49568 : 29;
	49569 : 69;
	49570 : A8;
	49571 : 88;
	49572 : 88;
	49573 : 2D;
	49574 : 17;
	49575 : 17;
	49576 : 12;
	49577 : 56;
	49578 : 69;
	49579 : A8;
	49580 : A8;
	49581 : 84;
	49582 : E3;
	49583 : E3;
	49584 : E3;
	49585 : E3;
	49586 : E3;
	49587 : E3;
	49588 : E3;
	49589 : E3;
	49590 : E3;
	49591 : E3;
	49592 : E3;
	49593 : E3;
	49594 : E3;
	49595 : E3;
	49596 : E3;
	49597 : E3;
	49598 : E3;
	49599 : E3;
	49600 : E3;
	49601 : E3;
	49602 : E3;
	49603 : E3;
	49604 : E3;
	49605 : E3;
	49606 : E3;
	49607 : E3;
	49608 : E3;
	49609 : E3;
	49610 : E3;
	49611 : E3;
	49612 : E3;
	49613 : E3;
	49614 : E3;
	49615 : E3;
	49616 : E3;
	49617 : E3;
	49618 : E3;
	49619 : E3;
	49620 : E3;
	49621 : E3;
	49622 : E3;
	49623 : E3;
	49624 : E3;
	49625 : E3;
	49626 : E3;
	49627 : 0E;
	49628 : 17;
	49629 : 1B;
	49630 : 1B;
	49631 : 1B;
	49632 : 0E;
	49633 : 0D;
	49634 : 0E;
	49635 : 0D;
	49636 : 0E;
	49637 : 12;
	49638 : 1B;
	49639 : 1B;
	49640 : 1B;
	49641 : 1B;
	49642 : 17;
	49643 : 4A;
	49644 : E3;
	49645 : E3;
	49646 : E3;
	49647 : E3;
	49648 : E3;
	49649 : E3;
	49650 : E3;
	49651 : E3;
	49652 : E3;
	49653 : E3;
	49654 : E3;
	49655 : E3;
	49656 : E3;
	49657 : E3;
	49658 : E3;
	49659 : E3;
	49660 : E3;
	49661 : E3;
	49662 : E3;
	49663 : E3;
	49664 : E3;
	49665 : E3;
	49666 : E3;
	49667 : E3;
	49668 : E3;
	49669 : E3;
	49670 : E3;
	49671 : E3;
	49672 : E3;
	49673 : E3;
	49674 : E3;
	49675 : E3;
	49676 : E3;
	49677 : E3;
	49678 : E3;
	49679 : E3;
	49680 : E3;
	49681 : E3;
	49682 : E3;
	49683 : E3;
	49684 : E3;
	49685 : E3;
	49686 : E3;
	49687 : E3;
	49688 : E3;
	49689 : E3;
	49690 : E3;
	49691 : 0E;
	49692 : 17;
	49693 : 1B;
	49694 : 1B;
	49695 : 1B;
	49696 : 17;
	49697 : 0E;
	49698 : 0E;
	49699 : 0E;
	49700 : 0E;
	49701 : 0E;
	49702 : 12;
	49703 : 17;
	49704 : 1B;
	49705 : 1B;
	49706 : 1B;
	49707 : 17;
	49708 : E3;
	49709 : E3;
	49710 : E3;
	49711 : E3;
	49712 : E3;
	49713 : E3;
	49714 : E3;
	49715 : E3;
	49716 : E3;
	49717 : E3;
	49718 : E3;
	49719 : E3;
	49720 : E3;
	49721 : E3;
	49722 : E3;
	49723 : E3;
	49724 : E3;
	49725 : E3;
	49726 : E3;
	49727 : E3;
	49728 : E3;
	49729 : E3;
	49730 : E3;
	49731 : E3;
	49732 : E3;
	49733 : E3;
	49734 : E3;
	49735 : E3;
	49736 : E3;
	49737 : E3;
	49738 : E3;
	49739 : E3;
	49740 : E3;
	49741 : E3;
	49742 : E3;
	49743 : E3;
	49744 : E3;
	49745 : E3;
	49746 : E3;
	49747 : E3;
	49748 : E3;
	49749 : E3;
	49750 : E3;
	49751 : E3;
	49752 : E3;
	49753 : E3;
	49754 : E3;
	49755 : 0E;
	49756 : 17;
	49757 : 1B;
	49758 : 1B;
	49759 : 1B;
	49760 : 1B;
	49761 : 0E;
	49762 : 0E;
	49763 : 09;
	49764 : 0E;
	49765 : 0E;
	49766 : 0E;
	49767 : 0E;
	49768 : 12;
	49769 : 1B;
	49770 : 1B;
	49771 : 1B;
	49772 : 17;
	49773 : E3;
	49774 : E3;
	49775 : E3;
	49776 : E3;
	49777 : E3;
	49778 : E3;
	49779 : E3;
	49780 : E3;
	49781 : E3;
	49782 : E3;
	49783 : E3;
	49784 : E3;
	49785 : E3;
	49786 : E3;
	49787 : E3;
	49788 : E3;
	49789 : E3;
	49790 : E3;
	49791 : E3;
	49792 : E3;
	49793 : E3;
	49794 : E3;
	49795 : E3;
	49796 : E3;
	49797 : E3;
	49798 : E3;
	49799 : E3;
	49800 : E3;
	49801 : E3;
	49802 : E3;
	49803 : E3;
	49804 : E3;
	49805 : E3;
	49806 : E3;
	49807 : E3;
	49808 : E3;
	49809 : E3;
	49810 : E3;
	49811 : E3;
	49812 : E3;
	49813 : E3;
	49814 : E3;
	49815 : E3;
	49816 : E3;
	49817 : E3;
	49818 : E3;
	49819 : 0A;
	49820 : 17;
	49821 : 1B;
	49822 : 1B;
	49823 : 1B;
	49824 : 1B;
	49825 : 0E;
	49826 : 09;
	49827 : 09;
	49828 : 0E;
	49829 : 2A;
	49830 : 4A;
	49831 : 0D;
	49832 : 0E;
	49833 : 0E;
	49834 : 12;
	49835 : 17;
	49836 : 1B;
	49837 : E3;
	49838 : E3;
	49839 : E3;
	49840 : E3;
	49841 : E3;
	49842 : E3;
	49843 : E3;
	49844 : E3;
	49845 : E3;
	49846 : E3;
	49847 : E3;
	49848 : E3;
	49849 : E3;
	49850 : E3;
	49851 : E3;
	49852 : E3;
	49853 : E3;
	49854 : E3;
	49855 : E3;
	49856 : E3;
	49857 : E3;
	49858 : E3;
	49859 : E3;
	49860 : E3;
	49861 : E3;
	49862 : E3;
	49863 : E3;
	49864 : E3;
	49865 : E3;
	49866 : E3;
	49867 : E3;
	49868 : E3;
	49869 : E3;
	49870 : E3;
	49871 : E3;
	49872 : E3;
	49873 : E3;
	49874 : E3;
	49875 : E3;
	49876 : E3;
	49877 : E3;
	49878 : E3;
	49879 : E3;
	49880 : E3;
	49881 : E3;
	49882 : E3;
	49883 : 2E;
	49884 : 16;
	49885 : 1B;
	49886 : 17;
	49887 : 1B;
	49888 : 17;
	49889 : E3;
	49890 : E3;
	49891 : E3;
	49892 : E3;
	49893 : E3;
	49894 : 0E;
	49895 : 0E;
	49896 : 0E;
	49897 : 0E;
	49898 : 0E;
	49899 : 12;
	49900 : 12;
	49901 : E3;
	49902 : E3;
	49903 : E3;
	49904 : E3;
	49905 : E3;
	49906 : E3;
	49907 : E3;
	49908 : E3;
	49909 : E3;
	49910 : E3;
	49911 : E3;
	49912 : E3;
	49913 : E3;
	49914 : E3;
	49915 : E3;
	49916 : E3;
	49917 : E3;
	49918 : E3;
	49919 : E3;
	49920 : E3;
	49921 : E3;
	49922 : E3;
	49923 : E3;
	49924 : E3;
	49925 : E3;
	49926 : E3;
	49927 : E3;
	49928 : E3;
	49929 : E3;
	49930 : E3;
	49931 : E3;
	49932 : E3;
	49933 : E3;
	49934 : E3;
	49935 : E3;
	49936 : E3;
	49937 : E3;
	49938 : E3;
	49939 : E3;
	49940 : E3;
	49941 : E3;
	49942 : E3;
	49943 : E3;
	49944 : E3;
	49945 : E3;
	49946 : E3;
	49947 : 2A;
	49948 : 12;
	49949 : 16;
	49950 : 17;
	49951 : 16;
	49952 : 17;
	49953 : E3;
	49954 : E3;
	49955 : E3;
	49956 : E3;
	49957 : 2E;
	49958 : 0D;
	49959 : 0E;
	49960 : 0E;
	49961 : 0E;
	49962 : 0E;
	49963 : 4A;
	49964 : E3;
	49965 : E3;
	49966 : E3;
	49967 : E3;
	49968 : E3;
	49969 : E3;
	49970 : E3;
	49971 : E3;
	49972 : E3;
	49973 : E3;
	49974 : E3;
	49975 : E3;
	49976 : E3;
	49977 : E3;
	49978 : E3;
	49979 : E3;
	49980 : E3;
	49981 : E3;
	49982 : E3;
	49983 : E3;
	49984 : E3;
	49985 : E3;
	49986 : E3;
	49987 : E3;
	49988 : E3;
	49989 : E3;
	49990 : E3;
	49991 : E3;
	49992 : E3;
	49993 : E3;
	49994 : E3;
	49995 : E3;
	49996 : E3;
	49997 : E3;
	49998 : E3;
	49999 : E3;
	50000 : E3;
	50001 : E3;
	50002 : E3;
	50003 : E3;
	50004 : E3;
	50005 : E3;
	50006 : E3;
	50007 : E3;
	50008 : E3;
	50009 : E3;
	50010 : E3;
	50011 : E3;
	50012 : 0E;
	50013 : 0E;
	50014 : 17;
	50015 : 12;
	50016 : 2E;
	50017 : E3;
	50018 : 6E;
	50019 : 92;
	50020 : B7;
	50021 : 52;
	50022 : 0E;
	50023 : 0E;
	50024 : 0E;
	50025 : 4A;
	50026 : E3;
	50027 : E3;
	50028 : E3;
	50029 : E3;
	50030 : E3;
	50031 : E3;
	50032 : E3;
	50033 : E3;
	50034 : E3;
	50035 : E3;
	50036 : E3;
	50037 : E3;
	50038 : E3;
	50039 : E3;
	50040 : E3;
	50041 : E3;
	50042 : E3;
	50043 : E3;
	50044 : E3;
	50045 : E3;
	50046 : E3;
	50047 : E3;
	50048 : E3;
	50049 : E3;
	50050 : E3;
	50051 : E3;
	50052 : E3;
	50053 : E3;
	50054 : E3;
	50055 : E3;
	50056 : E3;
	50057 : E3;
	50058 : E3;
	50059 : E3;
	50060 : E3;
	50061 : E3;
	50062 : E3;
	50063 : E3;
	50064 : E3;
	50065 : E3;
	50066 : E3;
	50067 : E3;
	50068 : E3;
	50069 : E3;
	50070 : E3;
	50071 : E3;
	50072 : E3;
	50073 : E3;
	50074 : E3;
	50075 : E3;
	50076 : 0E;
	50077 : 12;
	50078 : 1B;
	50079 : 12;
	50080 : E3;
	50081 : E3;
	50082 : E3;
	50083 : 97;
	50084 : B7;
	50085 : 6E;
	50086 : 4A;
	50087 : E3;
	50088 : E3;
	50089 : E3;
	50090 : E3;
	50091 : E3;
	50092 : E3;
	50093 : E3;
	50094 : E3;
	50095 : E3;
	50096 : E3;
	50097 : E3;
	50098 : E3;
	50099 : E3;
	50100 : E3;
	50101 : E3;
	50102 : E3;
	50103 : E3;
	50104 : E3;
	50105 : E3;
	50106 : E3;
	50107 : E3;
	50108 : E3;
	50109 : E3;
	50110 : E3;
	50111 : E3;
	50112 : E3;
	50113 : E3;
	50114 : E3;
	50115 : E3;
	50116 : E3;
	50117 : E3;
	50118 : E3;
	50119 : E3;
	50120 : E3;
	50121 : E3;
	50122 : E3;
	50123 : E3;
	50124 : E3;
	50125 : E3;
	50126 : E3;
	50127 : E3;
	50128 : E3;
	50129 : E3;
	50130 : E3;
	50131 : E3;
	50132 : E3;
	50133 : E3;
	50134 : E3;
	50135 : E3;
	50136 : E3;
	50137 : E3;
	50138 : E3;
	50139 : 32;
	50140 : 12;
	50141 : 0E;
	50142 : 16;
	50143 : 0E;
	50144 : E3;
	50145 : E3;
	50146 : E3;
	50147 : 97;
	50148 : 97;
	50149 : E3;
	50150 : E3;
	50151 : E3;
	50152 : E3;
	50153 : E3;
	50154 : E3;
	50155 : E3;
	50156 : E3;
	50157 : E3;
	50158 : E3;
	50159 : E3;
	50160 : E3;
	50161 : E3;
	50162 : E3;
	50163 : E3;
	50164 : E3;
	50165 : E3;
	50166 : E3;
	50167 : E3;
	50168 : E3;
	50169 : E3;
	50170 : E3;
	50171 : E3;
	50172 : E3;
	50173 : E3;
	50174 : E3;
	50175 : E3;
	50176 : E3;
	50177 : E3;
	50178 : E3;
	50179 : E3;
	50180 : E3;
	50181 : E3;
	50182 : E3;
	50183 : E3;
	50184 : E3;
	50185 : E3;
	50186 : E3;
	50187 : E3;
	50188 : E3;
	50189 : E3;
	50190 : E3;
	50191 : E3;
	50192 : E3;
	50193 : E3;
	50194 : E3;
	50195 : E3;
	50196 : E3;
	50197 : E3;
	50198 : E3;
	50199 : E3;
	50200 : E3;
	50201 : E3;
	50202 : 6A;
	50203 : 17;
	50204 : 12;
	50205 : 0E;
	50206 : 0E;
	50207 : 0E;
	50208 : E3;
	50209 : E3;
	50210 : 6E;
	50211 : 97;
	50212 : 92;
	50213 : E3;
	50214 : E3;
	50215 : E3;
	50216 : E3;
	50217 : E3;
	50218 : E3;
	50219 : E3;
	50220 : E3;
	50221 : E3;
	50222 : E3;
	50223 : E3;
	50224 : E3;
	50225 : E3;
	50226 : E3;
	50227 : E3;
	50228 : E3;
	50229 : E3;
	50230 : E3;
	50231 : E3;
	50232 : E3;
	50233 : E3;
	50234 : E3;
	50235 : E3;
	50236 : E3;
	50237 : E3;
	50238 : E3;
	50239 : E3;
	50240 : E3;
	50241 : E3;
	50242 : E3;
	50243 : E3;
	50244 : E3;
	50245 : E3;
	50246 : E3;
	50247 : E3;
	50248 : E3;
	50249 : E3;
	50250 : E3;
	50251 : E3;
	50252 : E3;
	50253 : E3;
	50254 : E3;
	50255 : E3;
	50256 : E3;
	50257 : E3;
	50258 : E3;
	50259 : E3;
	50260 : E3;
	50261 : E3;
	50262 : E3;
	50263 : E3;
	50264 : E3;
	50265 : E3;
	50266 : 4A;
	50267 : 12;
	50268 : 0E;
	50269 : 0E;
	50270 : 0E;
	50271 : 4A;
	50272 : E3;
	50273 : E3;
	50274 : 6E;
	50275 : 97;
	50276 : 92;
	50277 : E3;
	50278 : E3;
	50279 : E3;
	50280 : E3;
	50281 : E3;
	50282 : E3;
	50283 : E3;
	50284 : E3;
	50285 : E3;
	50286 : E3;
	50287 : E3;
	50288 : E3;
	50289 : E3;
	50290 : E3;
	50291 : E3;
	50292 : E3;
	50293 : E3;
	50294 : E3;
	50295 : E3;
	50296 : E3;
	50297 : E3;
	50298 : E3;
	50299 : E3;
	50300 : E3;
	50301 : E3;
	50302 : E3;
	50303 : E3;
	50304 : E3;
	50305 : E3;
	50306 : E3;
	50307 : E3;
	50308 : E3;
	50309 : E3;
	50310 : E3;
	50311 : E3;
	50312 : E3;
	50313 : E3;
	50314 : E3;
	50315 : E3;
	50316 : E3;
	50317 : E3;
	50318 : E3;
	50319 : E3;
	50320 : E3;
	50321 : E3;
	50322 : E3;
	50323 : E3;
	50324 : E3;
	50325 : E3;
	50326 : E3;
	50327 : E3;
	50328 : E3;
	50329 : E3;
	50330 : 2A;
	50331 : 0E;
	50332 : 0E;
	50333 : 0E;
	50334 : 2E;
	50335 : E3;
	50336 : E3;
	50337 : E3;
	50338 : E3;
	50339 : 8E;
	50340 : B7;
	50341 : E3;
	50342 : E3;
	50343 : E3;
	50344 : E3;
	50345 : E3;
	50346 : E3;
	50347 : E3;
	50348 : E3;
	50349 : E3;
	50350 : E3;
	50351 : E3;
	50352 : E3;
	50353 : E3;
	50354 : E3;
	50355 : E3;
	50356 : E3;
	50357 : E3;
	50358 : E3;
	50359 : E3;
	50360 : E3;
	50361 : E3;
	50362 : E3;
	50363 : E3;
	50364 : E3;
	50365 : E3;
	50366 : E3;
	50367 : E3;
	50368 : E3;
	50369 : E3;
	50370 : E3;
	50371 : E3;
	50372 : E3;
	50373 : E3;
	50374 : E3;
	50375 : E3;
	50376 : E3;
	50377 : E3;
	50378 : E3;
	50379 : E3;
	50380 : E3;
	50381 : E3;
	50382 : E3;
	50383 : E3;
	50384 : E3;
	50385 : E3;
	50386 : E3;
	50387 : E3;
	50388 : E3;
	50389 : E3;
	50390 : E3;
	50391 : E3;
	50392 : E3;
	50393 : E3;
	50394 : 2E;
	50395 : 0E;
	50396 : 0E;
	50397 : 2A;
	50398 : E3;
	50399 : E3;
	50400 : E3;
	50401 : E3;
	50402 : E3;
	50403 : E3;
	50404 : E3;
	50405 : E3;
	50406 : E3;
	50407 : E3;
	50408 : E3;
	50409 : E3;
	50410 : E3;
	50411 : E3;
	50412 : E3;
	50413 : E3;
	50414 : E3;
	50415 : E3;
	50416 : E3;
	50417 : E3;
	50418 : E3;
	50419 : E3;
	50420 : E3;
	50421 : E3;
	50422 : E3;
	50423 : E3;
	50424 : E3;
	50425 : E3;
	50426 : E3;
	50427 : E3;
	50428 : E3;
	50429 : E3;
	50430 : E3;
	50431 : E3;
	50432 : E3;
	50433 : E3;
	50434 : E3;
	50435 : E3;
	50436 : E3;
	50437 : E3;
	50438 : E3;
	50439 : E3;
	50440 : E3;
	50441 : E3;
	50442 : E3;
	50443 : E3;
	50444 : E3;
	50445 : E3;
	50446 : E3;
	50447 : E3;
	50448 : E3;
	50449 : E3;
	50450 : E3;
	50451 : E3;
	50452 : E3;
	50453 : E3;
	50454 : E3;
	50455 : E3;
	50456 : E3;
	50457 : 92;
	50458 : 96;
	50459 : 2E;
	50460 : 2A;
	50461 : E3;
	50462 : E3;
	50463 : E3;
	50464 : E3;
	50465 : E3;
	50466 : E3;
	50467 : E3;
	50468 : E3;
	50469 : E3;
	50470 : E3;
	50471 : E3;
	50472 : E3;
	50473 : E3;
	50474 : E3;
	50475 : E3;
	50476 : E3;
	50477 : E3;
	50478 : E3;
	50479 : E3;
	50480 : E3;
	50481 : E3;
	50482 : E3;
	50483 : E3;
	50484 : E3;
	50485 : E3;
	50486 : E3;
	50487 : E3;
	50488 : E3;
	50489 : E3;
	50490 : E3;
	50491 : E3;
	50492 : E3;
	50493 : E3;
	50494 : E3;
	50495 : E3;
	50496 : E3;
	50497 : E3;
	50498 : E3;
	50499 : E3;
	50500 : E3;
	50501 : E3;
	50502 : E3;
	50503 : E3;
	50504 : E3;
	50505 : E3;
	50506 : E3;
	50507 : E3;
	50508 : E3;
	50509 : E3;
	50510 : E3;
	50511 : E3;
	50512 : E3;
	50513 : E3;
	50514 : E3;
	50515 : E3;
	50516 : E3;
	50517 : E3;
	50518 : E3;
	50519 : E3;
	50520 : E3;
	50521 : 6A;
	50522 : B7;
	50523 : 92;
	50524 : E3;
	50525 : E3;
	50526 : E3;
	50527 : E3;
	50528 : E3;
	50529 : E3;
	50530 : E3;
	50531 : E3;
	50532 : E3;
	50533 : E3;
	50534 : E3;
	50535 : E3;
	50536 : E3;
	50537 : E3;
	50538 : E3;
	50539 : E3;
	50540 : E3;
	50541 : E3;
	50542 : E3;
	50543 : E3;
	50544 : E3;
	50545 : E3;
	50546 : E3;
	50547 : E3;
	50548 : E3;
	50549 : E3;
	50550 : E3;
	50551 : E3;
	50552 : E3;
	50553 : E3;
	50554 : E3;
	50555 : E3;
	50556 : E3;
	50557 : E3;
	50558 : E3;
	50559 : E3;
	50560 : E3;
	50561 : E3;
	50562 : E3;
	50563 : E3;
	50564 : E3;
	50565 : E3;
	50566 : E3;
	50567 : E3;
	50568 : E3;
	50569 : E3;
	50570 : E3;
	50571 : E3;
	50572 : E3;
	50573 : E3;
	50574 : E3;
	50575 : E3;
	50576 : E3;
	50577 : E3;
	50578 : E3;
	50579 : E3;
	50580 : E3;
	50581 : E3;
	50582 : E3;
	50583 : E3;
	50584 : E3;
	50585 : 92;
	50586 : B7;
	50587 : B6;
	50588 : E3;
	50589 : E3;
	50590 : E3;
	50591 : E3;
	50592 : E3;
	50593 : E3;
	50594 : E3;
	50595 : E3;
	50596 : E3;
	50597 : E3;
	50598 : E3;
	50599 : E3;
	50600 : E3;
	50601 : E3;
	50602 : E3;
	50603 : E3;
	50604 : E3;
	50605 : E3;
	50606 : E3;
	50607 : E3;
	50608 : E3;
	50609 : E3;
	50610 : E3;
	50611 : E3;
	50612 : E3;
	50613 : E3;
	50614 : E3;
	50615 : E3;
	50616 : E3;
	50617 : E3;
	50618 : E3;
	50619 : E3;
	50620 : E3;
	50621 : E3;
	50622 : E3;
	50623 : E3;
	50624 : E3;
	50625 : E3;
	50626 : E3;
	50627 : E3;
	50628 : E3;
	50629 : E3;
	50630 : E3;
	50631 : E3;
	50632 : E3;
	50633 : E3;
	50634 : E3;
	50635 : E3;
	50636 : E3;
	50637 : E3;
	50638 : E3;
	50639 : E3;
	50640 : E3;
	50641 : E3;
	50642 : E3;
	50643 : E3;
	50644 : E3;
	50645 : E3;
	50646 : E3;
	50647 : E3;
	50648 : E3;
	50649 : 92;
	50650 : B7;
	50651 : B6;
	50652 : E3;
	50653 : E3;
	50654 : E3;
	50655 : E3;
	50656 : E3;
	50657 : E3;
	50658 : E3;
	50659 : E3;
	50660 : E3;
	50661 : E3;
	50662 : E3;
	50663 : E3;
	50664 : E3;
	50665 : E3;
	50666 : E3;
	50667 : E3;
	50668 : E3;
	50669 : E3;
	50670 : E3;
	50671 : E3;
	50672 : E3;
	50673 : E3;
	50674 : E3;
	50675 : E3;
	50676 : E3;
	50677 : E3;
	50678 : E3;
	50679 : E3;
	50680 : E3;
	50681 : E3;
	50682 : E3;
	50683 : E3;
	50684 : E3;
	50685 : E3;
	50686 : E3;
	50687 : E3;
	50688 : E3;
	50689 : E3;
	50690 : E3;
	50691 : E3;
	50692 : E3;
	50693 : E3;
	50694 : E3;
	50695 : E3;
	50696 : E3;
	50697 : E3;
	50698 : E3;
	50699 : E3;
	50700 : E3;
	50701 : E3;
	50702 : E3;
	50703 : E3;
	50704 : E3;
	50705 : E3;
	50706 : E3;
	50707 : E3;
	50708 : E3;
	50709 : E3;
	50710 : E3;
	50711 : E3;
	50712 : E3;
	50713 : 92;
	50714 : B7;
	50715 : DB;
	50716 : E3;
	50717 : E3;
	50718 : E3;
	50719 : E3;
	50720 : E3;
	50721 : E3;
	50722 : E3;
	50723 : E3;
	50724 : E3;
	50725 : E3;
	50726 : E3;
	50727 : E3;
	50728 : E3;
	50729 : E3;
	50730 : E3;
	50731 : E3;
	50732 : E3;
	50733 : E3;
	50734 : E3;
	50735 : E3;
	50736 : E3;
	50737 : E3;
	50738 : E3;
	50739 : E3;
	50740 : E3;
	50741 : E3;
	50742 : E3;
	50743 : E3;
	50744 : E3;
	50745 : E3;
	50746 : E3;
	50747 : E3;
	50748 : E3;
	50749 : E3;
	50750 : E3;
	50751 : E3;
	50752 : E3;
	50753 : E3;
	50754 : E3;
	50755 : E3;
	50756 : E3;
	50757 : E3;
	50758 : E3;
	50759 : E3;
	50760 : E3;
	50761 : E3;
	50762 : E3;
	50763 : E3;
	50764 : E3;
	50765 : E3;
	50766 : E3;
	50767 : E3;
	50768 : E3;
	50769 : E3;
	50770 : E3;
	50771 : E3;
	50772 : E3;
	50773 : E3;
	50774 : E3;
	50775 : E3;
	50776 : E3;
	50777 : E3;
	50778 : 92;
	50779 : B7;
	50780 : E3;
	50781 : E3;
	50782 : E3;
	50783 : E3;
	50784 : E3;
	50785 : E3;
	50786 : E3;
	50787 : E3;
	50788 : E3;
	50789 : E3;
	50790 : E3;
	50791 : E3;
	50792 : E3;
	50793 : E3;
	50794 : E3;
	50795 : E3;
	50796 : E3;
	50797 : E3;
	50798 : E3;
	50799 : E3;
	50800 : E3;
	50801 : E3;
	50802 : E3;
	50803 : E3;
	50804 : E3;
	50805 : E3;
	50806 : E3;
	50807 : E3;
	50808 : E3;
	50809 : E3;
	50810 : E3;
	50811 : E3;
	50812 : E3;
	50813 : E3;
	50814 : E3;
	50815 : E3;
	50816 : E3;
	50817 : E3;
	50818 : E3;
	50819 : E3;
	50820 : E3;
	50821 : E3;
	50822 : E3;
	50823 : E3;
	50824 : E3;
	50825 : E3;
	50826 : E3;
	50827 : E3;
	50828 : E3;
	50829 : E3;
	50830 : E3;
	50831 : E3;
	50832 : E3;
	50833 : E3;
	50834 : E3;
	50835 : E3;
	50836 : E3;
	50837 : E3;
	50838 : E3;
	50839 : E3;
	50840 : E3;
	50841 : E3;
	50842 : E3;
	50843 : E3;
	50844 : E3;
	50845 : E3;
	50846 : E3;
	50847 : E3;
	50848 : E3;
	50849 : E3;
	50850 : E3;
	50851 : E3;
	50852 : E3;
	50853 : E3;
	50854 : E3;
	50855 : E3;
	50856 : E3;
	50857 : E3;
	50858 : E3;
	50859 : E3;
	50860 : E3;
	50861 : E3;
	50862 : E3;
	50863 : E3;
	50864 : E3;
	50865 : E3;
	50866 : E3;
	50867 : E3;
	50868 : E3;
	50869 : E3;
	50870 : E3;
	50871 : E3;
	50872 : E3;
	50873 : E3;
	50874 : E3;
	50875 : E3;
	50876 : E3;
	50877 : E3;
	50878 : E3;
	50879 : E3;
	50880 : E3;
	50881 : E3;
	50882 : E3;
	50883 : E3;
	50884 : E3;
	50885 : E3;
	50886 : E3;
	50887 : E3;
	50888 : E3;
	50889 : E3;
	50890 : E3;
	50891 : E3;
	50892 : E3;
	50893 : E3;
	50894 : E3;
	50895 : E3;
	50896 : E3;
	50897 : E3;
	50898 : E3;
	50899 : E3;
	50900 : E3;
	50901 : E3;
	50902 : E3;
	50903 : E3;
	50904 : E3;
	50905 : E3;
	50906 : E3;
	50907 : E3;
	50908 : E3;
	50909 : E3;
	50910 : E3;
	50911 : E3;
	50912 : E3;
	50913 : E3;
	50914 : E3;
	50915 : E3;
	50916 : E3;
	50917 : E3;
	50918 : E3;
	50919 : E3;
	50920 : E3;
	50921 : E3;
	50922 : E3;
	50923 : E3;
	50924 : E3;
	50925 : E3;
	50926 : E3;
	50927 : E3;
	50928 : E3;
	50929 : E3;
	50930 : E3;
	50931 : E3;
	50932 : E3;
	50933 : E3;
	50934 : E3;
	50935 : E3;
	50936 : E3;
	50937 : E3;
	50938 : E3;
	50939 : E3;
	50940 : E3;
	50941 : E3;
	50942 : E3;
	50943 : E3;
	50944 : E3;
	50945 : E3;
	50946 : E3;
	50947 : E3;
	50948 : E3;
	50949 : E3;
	50950 : E3;
	50951 : E3;
	50952 : E3;
	50953 : E3;
	50954 : E3;
	50955 : E3;
	50956 : E3;
	50957 : E3;
	50958 : E3;
	50959 : E3;
	50960 : E3;
	50961 : E3;
	50962 : E3;
	50963 : E3;
	50964 : E3;
	50965 : E3;
	50966 : E3;
	50967 : E3;
	50968 : E3;
	50969 : E3;
	50970 : E3;
	50971 : E3;
	50972 : E3;
	50973 : E3;
	50974 : E3;
	50975 : E3;
	50976 : E3;
	50977 : E3;
	50978 : E3;
	50979 : E3;
	50980 : E3;
	50981 : E3;
	50982 : E3;
	50983 : E3;
	50984 : E3;
	50985 : E3;
	50986 : E3;
	50987 : E3;
	50988 : E3;
	50989 : E3;
	50990 : E3;
	50991 : E3;
	50992 : E3;
	50993 : E3;
	50994 : E3;
	50995 : E3;
	50996 : E3;
	50997 : E3;
	50998 : E3;
	50999 : E3;
	51000 : E3;
	51001 : E3;
	51002 : E3;
	51003 : E3;
	51004 : E3;
	51005 : E3;
	51006 : E3;
	51007 : E3;
	51008 : E3;
	51009 : E3;
	51010 : E3;
	51011 : E3;
	51012 : E3;
	51013 : E3;
	51014 : E3;
	51015 : E3;
	51016 : E3;
	51017 : E3;
	51018 : E3;
	51019 : E3;
	51020 : E3;
	51021 : E3;
	51022 : E3;
	51023 : E3;
	51024 : E3;
	51025 : E3;
	51026 : E3;
	51027 : E3;
	51028 : E3;
	51029 : E3;
	51030 : E3;
	51031 : E3;
	51032 : E3;
	51033 : E3;
	51034 : E3;
	51035 : E3;
	51036 : E3;
	51037 : E3;
	51038 : E3;
	51039 : E3;
	51040 : E3;
	51041 : E3;
	51042 : E3;
	51043 : E3;
	51044 : E3;
	51045 : E3;
	51046 : E3;
	51047 : E3;
	51048 : E3;
	51049 : E3;
	51050 : E3;
	51051 : E3;
	51052 : E3;
	51053 : E3;
	51054 : E3;
	51055 : E3;
	51056 : E3;
	51057 : E3;
	51058 : E3;
	51059 : E3;
	51060 : E3;
	51061 : E3;
	51062 : E3;
	51063 : E3;
	51064 : E3;
	51065 : E3;
	51066 : E3;
	51067 : E3;
	51068 : E3;
	51069 : E3;
	51070 : E3;
	51071 : E3;
	51072 : E3;
	51073 : E3;
	51074 : E3;
	51075 : E3;
	51076 : E3;
	51077 : E3;
	51078 : E3;
	51079 : E3;
	51080 : E3;
	51081 : E3;
	51082 : E3;
	51083 : E3;
	51084 : E3;
	51085 : E3;
	51086 : E3;
	51087 : E3;
	51088 : E3;
	51089 : E3;
	51090 : E3;
	51091 : E3;
	51092 : E3;
	51093 : E3;
	51094 : E3;
	51095 : E3;
	51096 : E3;
	51097 : E3;
	51098 : E3;
	51099 : E3;
	51100 : E3;
	51101 : E3;
	51102 : E3;
	51103 : E3;
	51104 : E3;
	51105 : E3;
	51106 : E3;
	51107 : E3;
	51108 : E3;
	51109 : E3;
	51110 : E3;
	51111 : E3;
	51112 : E3;
	51113 : E3;
	51114 : E3;
	51115 : E3;
	51116 : E3;
	51117 : E3;
	51118 : E3;
	51119 : E3;
	51120 : E3;
	51121 : E3;
	51122 : E3;
	51123 : E3;
	51124 : E3;
	51125 : E3;
	51126 : E3;
	51127 : E3;
	51128 : E3;
	51129 : E3;
	51130 : E3;
	51131 : E3;
	51132 : E3;
	51133 : E3;
	51134 : E3;
	51135 : E3;
	51136 : E3;
	51137 : E3;
	51138 : E3;
	51139 : E3;
	51140 : E3;
	51141 : E3;
	51142 : E3;
	51143 : E3;
	51144 : E3;
	51145 : E3;
	51146 : E3;
	51147 : E3;
	51148 : E3;
	51149 : E3;
	51150 : E3;
	51151 : E3;
	51152 : E3;
	51153 : E3;
	51154 : E3;
	51155 : E3;
	51156 : E3;
	51157 : E3;
	51158 : E3;
	51159 : E3;
	51160 : E3;
	51161 : E3;
	51162 : E3;
	51163 : E3;
	51164 : E3;
	51165 : E3;
	51166 : E3;
	51167 : E3;
	51168 : E3;
	51169 : E3;
	51170 : E3;
	51171 : E3;
	51172 : E3;
	51173 : E3;
	51174 : E3;
	51175 : E3;
	51176 : E3;
	51177 : E3;
	51178 : E3;
	51179 : E3;
	51180 : E3;
	51181 : E3;
	51182 : E3;
	51183 : E3;
	51184 : E3;
	51185 : E3;
	51186 : E3;
	51187 : E3;
	51188 : E3;
	51189 : E3;
	51190 : E3;
	51191 : E3;
	51192 : E3;
	51193 : E3;
	51194 : E3;
	51195 : E3;
	51196 : E3;
	51197 : E3;
	51198 : E3;
	51199 : E3;
	51200 : E3;
	51201 : E3;
	51202 : E3;
	51203 : E3;
	51204 : E3;
	51205 : E3;
	51206 : E3;
	51207 : E3;
	51208 : E3;
	51209 : E3;
	51210 : E3;
	51211 : E3;
	51212 : E3;
	51213 : E3;
	51214 : E3;
	51215 : E3;
	51216 : E3;
	51217 : E3;
	51218 : E3;
	51219 : E3;
	51220 : E3;
	51221 : E3;
	51222 : E3;
	51223 : E3;
	51224 : E3;
	51225 : E3;
	51226 : E3;
	51227 : E3;
	51228 : E3;
	51229 : E3;
	51230 : E3;
	51231 : E3;
	51232 : E3;
	51233 : E3;
	51234 : E3;
	51235 : E3;
	51236 : E3;
	51237 : E3;
	51238 : E3;
	51239 : E3;
	51240 : E3;
	51241 : E3;
	51242 : E3;
	51243 : E3;
	51244 : E3;
	51245 : E3;
	51246 : E3;
	51247 : E3;
	51248 : E3;
	51249 : E3;
	51250 : E3;
	51251 : E3;
	51252 : E3;
	51253 : E3;
	51254 : E3;
	51255 : E3;
	51256 : E3;
	51257 : E3;
	51258 : E3;
	51259 : E3;
	51260 : E3;
	51261 : E3;
	51262 : E3;
	51263 : E3;
	51264 : E3;
	51265 : E3;
	51266 : E3;
	51267 : E3;
	51268 : E3;
	51269 : E3;
	51270 : E3;
	51271 : E3;
	51272 : E3;
	51273 : E3;
	51274 : E3;
	51275 : E3;
	51276 : E3;
	51277 : E3;
	51278 : E3;
	51279 : E3;
	51280 : E3;
	51281 : E3;
	51282 : E3;
	51283 : E3;
	51284 : E3;
	51285 : E3;
	51286 : E3;
	51287 : E3;
	51288 : E3;
	51289 : E3;
	51290 : E3;
	51291 : E3;
	51292 : E3;
	51293 : E3;
	51294 : E3;
	51295 : E3;
	51296 : E3;
	51297 : E3;
	51298 : E3;
	51299 : E3;
	51300 : E3;
	51301 : E3;
	51302 : E3;
	51303 : E3;
	51304 : E3;
	51305 : E3;
	51306 : E3;
	51307 : E3;
	51308 : E3;
	51309 : E3;
	51310 : E3;
	51311 : E3;
	51312 : E3;
	51313 : E3;
	51314 : E3;
	51315 : E3;
	51316 : E3;
	51317 : E3;
	51318 : E3;
	51319 : E3;
	51320 : E3;
	51321 : E3;
	51322 : E3;
	51323 : E3;
	51324 : E3;
	51325 : E3;
	51326 : E3;
	51327 : E3;
	51328 : E3;
	51329 : E3;
	51330 : E3;
	51331 : E3;
	51332 : E3;
	51333 : E3;
	51334 : E3;
	51335 : E3;
	51336 : E3;
	51337 : E3;
	51338 : E3;
	51339 : E3;
	51340 : E3;
	51341 : E3;
	51342 : E3;
	51343 : E3;
	51344 : E3;
	51345 : E3;
	51346 : E3;
	51347 : E3;
	51348 : E3;
	51349 : E3;
	51350 : E3;
	51351 : E3;
	51352 : E3;
	51353 : E3;
	51354 : E3;
	51355 : E3;
	51356 : E3;
	51357 : E3;
	51358 : E3;
	51359 : E3;
	51360 : E3;
	51361 : E3;
	51362 : E3;
	51363 : E3;
	51364 : E3;
	51365 : E3;
	51366 : E3;
	51367 : E3;
	51368 : E3;
	51369 : E3;
	51370 : E3;
	51371 : E3;
	51372 : E3;
	51373 : E3;
	51374 : E3;
	51375 : E3;
	51376 : E3;
	51377 : E3;
	51378 : E3;
	51379 : E3;
	51380 : E3;
	51381 : E3;
	51382 : E3;
	51383 : E3;
	51384 : E3;
	51385 : E3;
	51386 : E3;
	51387 : E3;
	51388 : E3;
	51389 : E3;
	51390 : E3;
	51391 : E3;
	51392 : E3;
	51393 : E3;
	51394 : E3;
	51395 : E3;
	51396 : E3;
	51397 : E3;
	51398 : E3;
	51399 : E3;
	51400 : E3;
	51401 : E3;
	51402 : E3;
	51403 : E3;
	51404 : E3;
	51405 : E3;
	51406 : E3;
	51407 : E3;
	51408 : E3;
	51409 : E3;
	51410 : E3;
	51411 : E3;
	51412 : E3;
	51413 : E3;
	51414 : E3;
	51415 : E3;
	51416 : E3;
	51417 : E3;
	51418 : E3;
	51419 : E3;
	51420 : E3;
	51421 : E3;
	51422 : E3;
	51423 : E3;
	51424 : E3;
	51425 : E3;
	51426 : E3;
	51427 : E3;
	51428 : E3;
	51429 : E3;
	51430 : E3;
	51431 : E3;
	51432 : E3;
	51433 : E3;
	51434 : E3;
	51435 : E3;
	51436 : E3;
	51437 : E3;
	51438 : E3;
	51439 : E3;
	51440 : E3;
	51441 : E3;
	51442 : E3;
	51443 : E3;
	51444 : E3;
	51445 : E3;
	51446 : E3;
	51447 : E3;
	51448 : E3;
	51449 : E3;
	51450 : E3;
	51451 : E3;
	51452 : E3;
	51453 : E3;
	51454 : E3;
	51455 : E3;
	51456 : E3;
	51457 : E3;
	51458 : E3;
	51459 : E3;
	51460 : E3;
	51461 : E3;
	51462 : E3;
	51463 : E3;
	51464 : E3;
	51465 : E3;
	51466 : E3;
	51467 : E3;
	51468 : E3;
	51469 : E3;
	51470 : E3;
	51471 : E3;
	51472 : E3;
	51473 : E3;
	51474 : E3;
	51475 : E3;
	51476 : E3;
	51477 : E3;
	51478 : E3;
	51479 : E3;
	51480 : E3;
	51481 : E3;
	51482 : E3;
	51483 : E3;
	51484 : E3;
	51485 : E3;
	51486 : E3;
	51487 : E3;
	51488 : E3;
	51489 : E3;
	51490 : E3;
	51491 : E3;
	51492 : E3;
	51493 : E3;
	51494 : E3;
	51495 : E3;
	51496 : E3;
	51497 : E3;
	51498 : E3;
	51499 : E3;
	51500 : E3;
	51501 : E3;
	51502 : E3;
	51503 : E3;
	51504 : E3;
	51505 : E3;
	51506 : E3;
	51507 : E3;
	51508 : E3;
	51509 : E3;
	51510 : E3;
	51511 : E3;
	51512 : E3;
	51513 : E3;
	51514 : E3;
	51515 : E3;
	51516 : E3;
	51517 : E3;
	51518 : E3;
	51519 : E3;
	51520 : E3;
	51521 : E3;
	51522 : E3;
	51523 : E3;
	51524 : E3;
	51525 : E3;
	51526 : E3;
	51527 : E3;
	51528 : E3;
	51529 : E3;
	51530 : E3;
	51531 : E3;
	51532 : E3;
	51533 : E3;
	51534 : E3;
	51535 : E3;
	51536 : E3;
	51537 : E3;
	51538 : E3;
	51539 : E3;
	51540 : E3;
	51541 : E3;
	51542 : E3;
	51543 : E3;
	51544 : E3;
	51545 : E3;
	51546 : E3;
	51547 : E3;
	51548 : E3;
	51549 : E3;
	51550 : E3;
	51551 : E3;
	51552 : E3;
	51553 : E3;
	51554 : E3;
	51555 : E3;
	51556 : E3;
	51557 : E3;
	51558 : E3;
	51559 : E3;
	51560 : E3;
	51561 : E3;
	51562 : E3;
	51563 : E3;
	51564 : E3;
	51565 : E3;
	51566 : E3;
	51567 : E3;
	51568 : E3;
	51569 : E3;
	51570 : E3;
	51571 : E3;
	51572 : E3;
	51573 : E3;
	51574 : E3;
	51575 : E3;
	51576 : E3;
	51577 : E3;
	51578 : E3;
	51579 : E3;
	51580 : E3;
	51581 : E3;
	51582 : E3;
	51583 : E3;
	51584 : E3;
	51585 : E3;
	51586 : E3;
	51587 : E3;
	51588 : E3;
	51589 : E3;
	51590 : E3;
	51591 : E3;
	51592 : E3;
	51593 : E3;
	51594 : E3;
	51595 : E3;
	51596 : E3;
	51597 : E3;
	51598 : E3;
	51599 : E3;
	51600 : E3;
	51601 : E3;
	51602 : E3;
	51603 : E3;
	51604 : E3;
	51605 : E3;
	51606 : E3;
	51607 : E3;
	51608 : E3;
	51609 : E3;
	51610 : E3;
	51611 : E3;
	51612 : E3;
	51613 : E3;
	51614 : E3;
	51615 : E3;
	51616 : E3;
	51617 : E3;
	51618 : E3;
	51619 : E3;
	51620 : E3;
	51621 : E3;
	51622 : E3;
	51623 : E3;
	51624 : E3;
	51625 : E3;
	51626 : E3;
	51627 : E3;
	51628 : E3;
	51629 : E3;
	51630 : E3;
	51631 : E3;
	51632 : E3;
	51633 : E3;
	51634 : E3;
	51635 : E3;
	51636 : E3;
	51637 : E3;
	51638 : E3;
	51639 : E3;
	51640 : E3;
	51641 : E3;
	51642 : E3;
	51643 : E3;
	51644 : E3;
	51645 : E3;
	51646 : E3;
	51647 : E3;
	51648 : E3;
	51649 : E3;
	51650 : E3;
	51651 : E3;
	51652 : E3;
	51653 : E3;
	51654 : E3;
	51655 : E3;
	51656 : E3;
	51657 : E3;
	51658 : E3;
	51659 : E3;
	51660 : E3;
	51661 : E3;
	51662 : E3;
	51663 : E3;
	51664 : E3;
	51665 : E3;
	51666 : E3;
	51667 : E3;
	51668 : E3;
	51669 : E3;
	51670 : E3;
	51671 : E3;
	51672 : E3;
	51673 : E3;
	51674 : E3;
	51675 : E3;
	51676 : E3;
	51677 : E3;
	51678 : E3;
	51679 : E3;
	51680 : E3;
	51681 : E3;
	51682 : E3;
	51683 : E3;
	51684 : E3;
	51685 : E3;
	51686 : E3;
	51687 : E3;
	51688 : E3;
	51689 : E3;
	51690 : E3;
	51691 : E3;
	51692 : E3;
	51693 : E3;
	51694 : E3;
	51695 : E3;
	51696 : E3;
	51697 : E3;
	51698 : E3;
	51699 : E3;
	51700 : E3;
	51701 : E3;
	51702 : E3;
	51703 : E3;
	51704 : E3;
	51705 : E3;
	51706 : E3;
	51707 : E3;
	51708 : E3;
	51709 : E3;
	51710 : E3;
	51711 : E3;
	51712 : E3;
	51713 : E3;
	51714 : E3;
	51715 : E3;
	51716 : E3;
	51717 : E3;
	51718 : E3;
	51719 : E3;
	51720 : E3;
	51721 : E3;
	51722 : E3;
	51723 : E3;
	51724 : E3;
	51725 : E3;
	51726 : E3;
	51727 : E3;
	51728 : E3;
	51729 : E3;
	51730 : E3;
	51731 : E3;
	51732 : E3;
	51733 : E3;
	51734 : E3;
	51735 : E3;
	51736 : E3;
	51737 : E3;
	51738 : E3;
	51739 : E3;
	51740 : E3;
	51741 : E3;
	51742 : E3;
	51743 : E3;
	51744 : E3;
	51745 : E3;
	51746 : E3;
	51747 : E3;
	51748 : E3;
	51749 : E3;
	51750 : E3;
	51751 : E3;
	51752 : E3;
	51753 : E3;
	51754 : E3;
	51755 : E3;
	51756 : E3;
	51757 : E3;
	51758 : E3;
	51759 : E3;
	51760 : E3;
	51761 : E3;
	51762 : E3;
	51763 : E3;
	51764 : E3;
	51765 : E3;
	51766 : E3;
	51767 : E3;
	51768 : E3;
	51769 : E3;
	51770 : E3;
	51771 : E3;
	51772 : E3;
	51773 : E3;
	51774 : E3;
	51775 : E3;
	51776 : E3;
	51777 : E3;
	51778 : E3;
	51779 : E3;
	51780 : E3;
	51781 : E3;
	51782 : E3;
	51783 : E3;
	51784 : E3;
	51785 : E3;
	51786 : E3;
	51787 : E3;
	51788 : E3;
	51789 : E3;
	51790 : E3;
	51791 : E3;
	51792 : E3;
	51793 : E3;
	51794 : E3;
	51795 : E3;
	51796 : E3;
	51797 : E3;
	51798 : E3;
	51799 : E3;
	51800 : E3;
	51801 : E3;
	51802 : E3;
	51803 : E3;
	51804 : E3;
	51805 : E3;
	51806 : E3;
	51807 : E3;
	51808 : E3;
	51809 : E3;
	51810 : E3;
	51811 : E3;
	51812 : E3;
	51813 : E3;
	51814 : E3;
	51815 : E3;
	51816 : E3;
	51817 : E3;
	51818 : E3;
	51819 : E3;
	51820 : E3;
	51821 : E3;
	51822 : E3;
	51823 : E3;
	51824 : E3;
	51825 : E3;
	51826 : E3;
	51827 : E3;
	51828 : E3;
	51829 : E3;
	51830 : E3;
	51831 : E3;
	51832 : E3;
	51833 : E3;
	51834 : E3;
	51835 : E3;
	51836 : E3;
	51837 : E3;
	51838 : E3;
	51839 : E3;
	51840 : E3;
	51841 : E3;
	51842 : E3;
	51843 : E3;
	51844 : E3;
	51845 : E3;
	51846 : E3;
	51847 : E3;
	51848 : E3;
	51849 : E3;
	51850 : E3;
	51851 : E3;
	51852 : E3;
	51853 : E3;
	51854 : E3;
	51855 : E3;
	51856 : E3;
	51857 : E3;
	51858 : E3;
	51859 : E3;
	51860 : E3;
	51861 : E3;
	51862 : E3;
	51863 : E3;
	51864 : E3;
	51865 : E3;
	51866 : E3;
	51867 : E3;
	51868 : E3;
	51869 : E3;
	51870 : E3;
	51871 : E3;
	51872 : E3;
	51873 : E3;
	51874 : E3;
	51875 : E3;
	51876 : E3;
	51877 : E3;
	51878 : E3;
	51879 : E3;
	51880 : E3;
	51881 : E3;
	51882 : E3;
	51883 : E3;
	51884 : E3;
	51885 : E3;
	51886 : E3;
	51887 : E3;
	51888 : E3;
	51889 : E3;
	51890 : E3;
	51891 : E3;
	51892 : E3;
	51893 : E3;
	51894 : E3;
	51895 : E3;
	51896 : E3;
	51897 : E3;
	51898 : E3;
	51899 : E3;
	51900 : E3;
	51901 : E3;
	51902 : E3;
	51903 : E3;
	51904 : E3;
	51905 : E3;
	51906 : E3;
	51907 : E3;
	51908 : E3;
	51909 : E3;
	51910 : E3;
	51911 : E3;
	51912 : E3;
	51913 : E3;
	51914 : E3;
	51915 : E3;
	51916 : E3;
	51917 : E3;
	51918 : E3;
	51919 : E3;
	51920 : E3;
	51921 : E3;
	51922 : E3;
	51923 : E3;
	51924 : E3;
	51925 : E3;
	51926 : E3;
	51927 : E3;
	51928 : E3;
	51929 : E3;
	51930 : E3;
	51931 : E3;
	51932 : E3;
	51933 : E3;
	51934 : E3;
	51935 : E3;
	51936 : E3;
	51937 : E3;
	51938 : E3;
	51939 : E3;
	51940 : E3;
	51941 : E3;
	51942 : E3;
	51943 : E3;
	51944 : E3;
	51945 : E3;
	51946 : E3;
	51947 : E3;
	51948 : E3;
	51949 : E3;
	51950 : E3;
	51951 : E3;
	51952 : E3;
	51953 : E3;
	51954 : E3;
	51955 : E3;
	51956 : E3;
	51957 : E3;
	51958 : E3;
	51959 : E3;
	51960 : E3;
	51961 : E3;
	51962 : E3;
	51963 : E3;
	51964 : E3;
	51965 : E3;
	51966 : E3;
	51967 : E3;
	51968 : E3;
	51969 : E3;
	51970 : E3;
	51971 : E3;
	51972 : E3;
	51973 : E3;
	51974 : E3;
	51975 : E3;
	51976 : E3;
	51977 : E3;
	51978 : E3;
	51979 : E3;
	51980 : E3;
	51981 : E3;
	51982 : E3;
	51983 : E3;
	51984 : E3;
	51985 : E3;
	51986 : E3;
	51987 : E3;
	51988 : E3;
	51989 : E3;
	51990 : E3;
	51991 : E3;
	51992 : E3;
	51993 : E3;
	51994 : E3;
	51995 : E3;
	51996 : E3;
	51997 : E3;
	51998 : E3;
	51999 : E3;
	52000 : E3;
	52001 : E3;
	52002 : E3;
	52003 : E3;
	52004 : E3;
	52005 : E3;
	52006 : E3;
	52007 : E3;
	52008 : E3;
	52009 : E3;
	52010 : E3;
	52011 : E3;
	52012 : E3;
	52013 : E3;
	52014 : E3;
	52015 : E3;
	52016 : E3;
	52017 : E3;
	52018 : E3;
	52019 : E3;
	52020 : E3;
	52021 : E3;
	52022 : E3;
	52023 : E3;
	52024 : E3;
	52025 : E3;
	52026 : E3;
	52027 : E3;
	52028 : E3;
	52029 : E3;
	52030 : E3;
	52031 : E3;
	52032 : E3;
	52033 : E3;
	52034 : E3;
	52035 : E3;
	52036 : E3;
	52037 : E3;
	52038 : E3;
	52039 : E3;
	52040 : E3;
	52041 : E3;
	52042 : E3;
	52043 : E3;
	52044 : E3;
	52045 : E3;
	52046 : E3;
	52047 : E3;
	52048 : E3;
	52049 : E3;
	52050 : E3;
	52051 : E3;
	52052 : E3;
	52053 : E3;
	52054 : E3;
	52055 : E3;
	52056 : E3;
	52057 : E3;
	52058 : E3;
	52059 : E3;
	52060 : E3;
	52061 : E3;
	52062 : E3;
	52063 : E3;
	52064 : E3;
	52065 : E3;
	52066 : E3;
	52067 : E3;
	52068 : E3;
	52069 : E3;
	52070 : E3;
	52071 : E3;
	52072 : E3;
	52073 : E3;
	52074 : E3;
	52075 : E3;
	52076 : E3;
	52077 : E3;
	52078 : E3;
	52079 : E3;
	52080 : E3;
	52081 : E3;
	52082 : E3;
	52083 : E3;
	52084 : E3;
	52085 : E3;
	52086 : E3;
	52087 : E3;
	52088 : E3;
	52089 : E3;
	52090 : E3;
	52091 : E3;
	52092 : E3;
	52093 : E3;
	52094 : E3;
	52095 : E3;
	52096 : E3;
	52097 : E3;
	52098 : E3;
	52099 : E3;
	52100 : E3;
	52101 : E3;
	52102 : E3;
	52103 : E3;
	52104 : E3;
	52105 : E3;
	52106 : E3;
	52107 : E3;
	52108 : E3;
	52109 : E3;
	52110 : E3;
	52111 : E3;
	52112 : E3;
	52113 : E3;
	52114 : E3;
	52115 : E3;
	52116 : E3;
	52117 : E3;
	52118 : E3;
	52119 : E3;
	52120 : E3;
	52121 : E3;
	52122 : E3;
	52123 : E3;
	52124 : E3;
	52125 : E3;
	52126 : E3;
	52127 : E3;
	52128 : E3;
	52129 : E3;
	52130 : E3;
	52131 : E3;
	52132 : E3;
	52133 : E3;
	52134 : E3;
	52135 : E3;
	52136 : E3;
	52137 : E3;
	52138 : E3;
	52139 : E3;
	52140 : E3;
	52141 : E3;
	52142 : E3;
	52143 : E3;
	52144 : E3;
	52145 : E3;
	52146 : E3;
	52147 : E3;
	52148 : E3;
	52149 : E3;
	52150 : E3;
	52151 : E3;
	52152 : E3;
	52153 : E3;
	52154 : E3;
	52155 : E3;
	52156 : E3;
	52157 : E3;
	52158 : E3;
	52159 : E3;
	52160 : E3;
	52161 : E3;
	52162 : E3;
	52163 : E3;
	52164 : E3;
	52165 : E3;
	52166 : E3;
	52167 : E3;
	52168 : E3;
	52169 : E3;
	52170 : E3;
	52171 : E3;
	52172 : E3;
	52173 : E3;
	52174 : E3;
	52175 : E3;
	52176 : E3;
	52177 : E3;
	52178 : E3;
	52179 : E3;
	52180 : E3;
	52181 : E3;
	52182 : E3;
	52183 : E3;
	52184 : E3;
	52185 : E3;
	52186 : E3;
	52187 : E3;
	52188 : E3;
	52189 : E3;
	52190 : E3;
	52191 : E3;
	52192 : E3;
	52193 : E3;
	52194 : E3;
	52195 : E3;
	52196 : E3;
	52197 : E3;
	52198 : E3;
	52199 : E3;
	52200 : E3;
	52201 : E3;
	52202 : E3;
	52203 : E3;
	52204 : E3;
	52205 : E3;
	52206 : E3;
	52207 : E3;
	52208 : E3;
	52209 : E3;
	52210 : E3;
	52211 : E3;
	52212 : E3;
	52213 : E3;
	52214 : E3;
	52215 : E3;
	52216 : E3;
	52217 : E3;
	52218 : E3;
	52219 : E3;
	52220 : E3;
	52221 : E3;
	52222 : E3;
	52223 : E3;
	52224 : E3;
	52225 : E3;
	52226 : E3;
	52227 : E3;
	52228 : E3;
	52229 : E3;
	52230 : E3;
	52231 : E3;
	52232 : E3;
	52233 : E3;
	52234 : E3;
	52235 : E3;
	52236 : E3;
	52237 : E3;
	52238 : E3;
	52239 : E3;
	52240 : E3;
	52241 : E3;
	52242 : E3;
	52243 : E3;
	52244 : E3;
	52245 : E3;
	52246 : E3;
	52247 : E3;
	52248 : E3;
	52249 : E3;
	52250 : E3;
	52251 : E3;
	52252 : E3;
	52253 : E3;
	52254 : E3;
	52255 : E3;
	52256 : E3;
	52257 : E3;
	52258 : E3;
	52259 : E3;
	52260 : E3;
	52261 : E3;
	52262 : E3;
	52263 : E3;
	52264 : E3;
	52265 : E3;
	52266 : E3;
	52267 : E3;
	52268 : E3;
	52269 : E3;
	52270 : E3;
	52271 : E3;
	52272 : E3;
	52273 : E3;
	52274 : E3;
	52275 : E3;
	52276 : E3;
	52277 : E3;
	52278 : E3;
	52279 : E3;
	52280 : E3;
	52281 : E3;
	52282 : E3;
	52283 : E3;
	52284 : E3;
	52285 : E3;
	52286 : E3;
	52287 : E3;
	52288 : E3;
	52289 : E3;
	52290 : E3;
	52291 : E3;
	52292 : E3;
	52293 : E3;
	52294 : E3;
	52295 : E3;
	52296 : E3;
	52297 : E3;
	52298 : E3;
	52299 : E3;
	52300 : E3;
	52301 : E3;
	52302 : E3;
	52303 : E3;
	52304 : E3;
	52305 : E3;
	52306 : E3;
	52307 : E3;
	52308 : E3;
	52309 : E3;
	52310 : E3;
	52311 : E3;
	52312 : E3;
	52313 : E3;
	52314 : E3;
	52315 : E3;
	52316 : E3;
	52317 : E3;
	52318 : E3;
	52319 : E3;
	52320 : E3;
	52321 : E3;
	52322 : E3;
	52323 : E3;
	52324 : E3;
	52325 : E3;
	52326 : E3;
	52327 : E3;
	52328 : E3;
	52329 : E3;
	52330 : E3;
	52331 : E3;
	52332 : E3;
	52333 : E3;
	52334 : E3;
	52335 : E3;
	52336 : E3;
	52337 : E3;
	52338 : E3;
	52339 : E3;
	52340 : E3;
	52341 : E3;
	52342 : E3;
	52343 : E3;
	52344 : E3;
	52345 : E3;
	52346 : E3;
	52347 : E3;
	52348 : E3;
	52349 : E3;
	52350 : E3;
	52351 : E3;
	52352 : E3;
	52353 : E3;
	52354 : E3;
	52355 : E3;
	52356 : E3;
	52357 : E3;
	52358 : E3;
	52359 : E3;
	52360 : E3;
	52361 : E3;
	52362 : E3;
	52363 : E3;
	52364 : E3;
	52365 : E3;
	52366 : E3;
	52367 : E3;
	52368 : E3;
	52369 : E3;
	52370 : E3;
	52371 : E3;
	52372 : E3;
	52373 : E3;
	52374 : E3;
	52375 : E3;
	52376 : E3;
	52377 : E3;
	52378 : E3;
	52379 : E3;
	52380 : E3;
	52381 : E3;
	52382 : E3;
	52383 : E3;
	52384 : E3;
	52385 : E3;
	52386 : E3;
	52387 : E3;
	52388 : E3;
	52389 : E3;
	52390 : E3;
	52391 : E3;
	52392 : E3;
	52393 : E3;
	52394 : E3;
	52395 : E3;
	52396 : E3;
	52397 : E3;
	52398 : E3;
	52399 : E3;
	52400 : E3;
	52401 : E3;
	52402 : E3;
	52403 : E3;
	52404 : E3;
	52405 : E3;
	52406 : E3;
	52407 : E3;
	52408 : E3;
	52409 : E3;
	52410 : E3;
	52411 : E3;
	52412 : E3;
	52413 : E3;
	52414 : E3;
	52415 : E3;
	52416 : E3;
	52417 : E3;
	52418 : E3;
	52419 : E3;
	52420 : E3;
	52421 : E3;
	52422 : E3;
	52423 : E3;
	52424 : E3;
	52425 : E3;
	52426 : E3;
	52427 : E3;
	52428 : E3;
	52429 : E3;
	52430 : E3;
	52431 : E3;
	52432 : E3;
	52433 : E3;
	52434 : E3;
	52435 : E3;
	52436 : E3;
	52437 : E3;
	52438 : E3;
	52439 : E3;
	52440 : E3;
	52441 : E3;
	52442 : E3;
	52443 : E3;
	52444 : E3;
	52445 : E3;
	52446 : E3;
	52447 : E3;
	52448 : E3;
	52449 : E3;
	52450 : E3;
	52451 : E3;
	52452 : E3;
	52453 : E3;
	52454 : E3;
	52455 : E3;
	52456 : E3;
	52457 : E3;
	52458 : E3;
	52459 : E3;
	52460 : E3;
	52461 : E3;
	52462 : E3;
	52463 : E3;
	52464 : E3;
	52465 : E3;
	52466 : E3;
	52467 : E3;
	52468 : E3;
	52469 : E3;
	52470 : E3;
	52471 : E3;
	52472 : E3;
	52473 : E3;
	52474 : E3;
	52475 : E3;
	52476 : E3;
	52477 : E3;
	52478 : E3;
	52479 : E3;
	52480 : E3;
	52481 : E3;
	52482 : E3;
	52483 : E3;
	52484 : E3;
	52485 : E3;
	52486 : E3;
	52487 : E3;
	52488 : E3;
	52489 : E3;
	52490 : E3;
	52491 : E3;
	52492 : E3;
	52493 : E3;
	52494 : E3;
	52495 : E3;
	52496 : E3;
	52497 : E3;
	52498 : E3;
	52499 : E3;
	52500 : E3;
	52501 : E3;
	52502 : E3;
	52503 : E3;
	52504 : E3;
	52505 : E3;
	52506 : E3;
	52507 : E3;
	52508 : E3;
	52509 : E3;
	52510 : E3;
	52511 : E3;
	52512 : E3;
	52513 : E3;
	52514 : E3;
	52515 : E3;
	52516 : E3;
	52517 : E3;
	52518 : E3;
	52519 : E3;
	52520 : E3;
	52521 : E3;
	52522 : E3;
	52523 : E3;
	52524 : E3;
	52525 : E3;
	52526 : E3;
	52527 : E3;
	52528 : E3;
	52529 : E3;
	52530 : E3;
	52531 : E3;
	52532 : E3;
	52533 : E3;
	52534 : E3;
	52535 : E3;
	52536 : E3;
	52537 : E3;
	52538 : E3;
	52539 : E3;
	52540 : E3;
	52541 : E3;
	52542 : E3;
	52543 : E3;
	52544 : E3;
	52545 : E3;
	52546 : E3;
	52547 : E3;
	52548 : E3;
	52549 : E3;
	52550 : E3;
	52551 : E3;
	52552 : E3;
	52553 : E3;
	52554 : E3;
	52555 : E3;
	52556 : E3;
	52557 : E3;
	52558 : E3;
	52559 : E3;
	52560 : E3;
	52561 : E3;
	52562 : E3;
	52563 : E3;
	52564 : E3;
	52565 : E3;
	52566 : E3;
	52567 : E3;
	52568 : E3;
	52569 : E3;
	52570 : E3;
	52571 : E3;
	52572 : E3;
	52573 : E3;
	52574 : E3;
	52575 : E3;
	52576 : E3;
	52577 : E3;
	52578 : E3;
	52579 : E3;
	52580 : E3;
	52581 : E3;
	52582 : E3;
	52583 : E3;
	52584 : E3;
	52585 : E3;
	52586 : E3;
	52587 : E3;
	52588 : E3;
	52589 : E3;
	52590 : E3;
	52591 : E3;
	52592 : E3;
	52593 : E3;
	52594 : E3;
	52595 : E3;
	52596 : E3;
	52597 : E3;
	52598 : E3;
	52599 : E3;
	52600 : E3;
	52601 : E3;
	52602 : E3;
	52603 : E3;
	52604 : E3;
	52605 : E3;
	52606 : E3;
	52607 : E3;
	52608 : E3;
	52609 : E3;
	52610 : E3;
	52611 : E3;
	52612 : E3;
	52613 : E3;
	52614 : E3;
	52615 : E3;
	52616 : E3;
	52617 : E3;
	52618 : E3;
	52619 : E3;
	52620 : E3;
	52621 : E3;
	52622 : E3;
	52623 : E3;
	52624 : E3;
	52625 : E3;
	52626 : E3;
	52627 : E3;
	52628 : E3;
	52629 : E3;
	52630 : E3;
	52631 : E3;
	52632 : E3;
	52633 : E3;
	52634 : E3;
	52635 : E3;
	52636 : E3;
	52637 : E3;
	52638 : E3;
	52639 : E3;
	52640 : E3;
	52641 : E3;
	52642 : E3;
	52643 : E3;
	52644 : 24;
	52645 : 24;
	52646 : 24;
	52647 : E3;
	52648 : E3;
	52649 : E3;
	52650 : E3;
	52651 : E3;
	52652 : E3;
	52653 : E3;
	52654 : E3;
	52655 : E3;
	52656 : E3;
	52657 : E3;
	52658 : E3;
	52659 : E3;
	52660 : E3;
	52661 : E3;
	52662 : E3;
	52663 : E3;
	52664 : E3;
	52665 : E3;
	52666 : E3;
	52667 : E3;
	52668 : E3;
	52669 : E3;
	52670 : E3;
	52671 : E3;
	52672 : E3;
	52673 : E3;
	52674 : E3;
	52675 : E3;
	52676 : E3;
	52677 : E3;
	52678 : E3;
	52679 : E3;
	52680 : E3;
	52681 : E3;
	52682 : E3;
	52683 : E3;
	52684 : E3;
	52685 : E3;
	52686 : E3;
	52687 : E3;
	52688 : E3;
	52689 : E3;
	52690 : E3;
	52691 : E3;
	52692 : E3;
	52693 : E3;
	52694 : E3;
	52695 : E3;
	52696 : E3;
	52697 : E3;
	52698 : E3;
	52699 : E3;
	52700 : E3;
	52701 : E3;
	52702 : E3;
	52703 : E3;
	52704 : E3;
	52705 : E3;
	52706 : E3;
	52707 : 24;
	52708 : 24;
	52709 : 44;
	52710 : 24;
	52711 : E3;
	52712 : E3;
	52713 : E3;
	52714 : E3;
	52715 : E3;
	52716 : E3;
	52717 : E3;
	52718 : E3;
	52719 : E3;
	52720 : E3;
	52721 : E3;
	52722 : E3;
	52723 : E3;
	52724 : E3;
	52725 : E3;
	52726 : E3;
	52727 : E3;
	52728 : E3;
	52729 : E3;
	52730 : E3;
	52731 : E3;
	52732 : E3;
	52733 : E3;
	52734 : E3;
	52735 : E3;
	52736 : E3;
	52737 : E3;
	52738 : E3;
	52739 : E3;
	52740 : E3;
	52741 : E3;
	52742 : E3;
	52743 : E3;
	52744 : E3;
	52745 : E3;
	52746 : E3;
	52747 : E3;
	52748 : E3;
	52749 : E3;
	52750 : E3;
	52751 : E3;
	52752 : E3;
	52753 : E3;
	52754 : E3;
	52755 : E3;
	52756 : E3;
	52757 : E3;
	52758 : E3;
	52759 : E3;
	52760 : E3;
	52761 : E3;
	52762 : E3;
	52763 : E3;
	52764 : E3;
	52765 : E3;
	52766 : E3;
	52767 : A0;
	52768 : A0;
	52769 : 80;
	52770 : 44;
	52771 : 24;
	52772 : A8;
	52773 : C8;
	52774 : A8;
	52775 : 84;
	52776 : E3;
	52777 : E3;
	52778 : E3;
	52779 : E3;
	52780 : E3;
	52781 : E3;
	52782 : E3;
	52783 : E3;
	52784 : E3;
	52785 : E3;
	52786 : E3;
	52787 : E3;
	52788 : E3;
	52789 : E3;
	52790 : E3;
	52791 : E3;
	52792 : E3;
	52793 : E3;
	52794 : E3;
	52795 : E3;
	52796 : E3;
	52797 : E3;
	52798 : E3;
	52799 : E3;
	52800 : E3;
	52801 : E3;
	52802 : E3;
	52803 : E3;
	52804 : E3;
	52805 : E3;
	52806 : E3;
	52807 : E3;
	52808 : E3;
	52809 : E3;
	52810 : E3;
	52811 : E3;
	52812 : E3;
	52813 : E3;
	52814 : E3;
	52815 : E3;
	52816 : E3;
	52817 : E3;
	52818 : E3;
	52819 : E3;
	52820 : E3;
	52821 : E3;
	52822 : E3;
	52823 : E3;
	52824 : E3;
	52825 : E3;
	52826 : E3;
	52827 : E3;
	52828 : C0;
	52829 : C0;
	52830 : C0;
	52831 : E0;
	52832 : E0;
	52833 : C0;
	52834 : 64;
	52835 : 64;
	52836 : 88;
	52837 : A9;
	52838 : A8;
	52839 : A8;
	52840 : E3;
	52841 : E3;
	52842 : E3;
	52843 : E3;
	52844 : E3;
	52845 : E3;
	52846 : E3;
	52847 : E3;
	52848 : E3;
	52849 : E3;
	52850 : E3;
	52851 : E3;
	52852 : E3;
	52853 : E3;
	52854 : E3;
	52855 : E3;
	52856 : E3;
	52857 : E3;
	52858 : E3;
	52859 : E3;
	52860 : E3;
	52861 : E3;
	52862 : E3;
	52863 : E3;
	52864 : E3;
	52865 : E3;
	52866 : E3;
	52867 : E3;
	52868 : E3;
	52869 : E3;
	52870 : E3;
	52871 : E3;
	52872 : E3;
	52873 : E3;
	52874 : E3;
	52875 : E3;
	52876 : E3;
	52877 : E3;
	52878 : E3;
	52879 : E3;
	52880 : E3;
	52881 : E3;
	52882 : E3;
	52883 : E3;
	52884 : E3;
	52885 : E3;
	52886 : E3;
	52887 : E3;
	52888 : E3;
	52889 : E3;
	52890 : E3;
	52891 : E0;
	52892 : E0;
	52893 : E0;
	52894 : E0;
	52895 : E0;
	52896 : C0;
	52897 : C0;
	52898 : A8;
	52899 : 88;
	52900 : CD;
	52901 : 84;
	52902 : 64;
	52903 : 88;
	52904 : E3;
	52905 : A5;
	52906 : 84;
	52907 : AD;
	52908 : B2;
	52909 : E3;
	52910 : E3;
	52911 : E3;
	52912 : E3;
	52913 : E3;
	52914 : E3;
	52915 : E3;
	52916 : E3;
	52917 : E3;
	52918 : E3;
	52919 : E3;
	52920 : E3;
	52921 : E3;
	52922 : E3;
	52923 : E3;
	52924 : E3;
	52925 : E3;
	52926 : E3;
	52927 : E3;
	52928 : E3;
	52929 : E3;
	52930 : E3;
	52931 : E3;
	52932 : E3;
	52933 : E3;
	52934 : E3;
	52935 : E3;
	52936 : E3;
	52937 : E3;
	52938 : E3;
	52939 : E3;
	52940 : E3;
	52941 : E3;
	52942 : E3;
	52943 : E3;
	52944 : E3;
	52945 : E3;
	52946 : E3;
	52947 : E3;
	52948 : E3;
	52949 : E3;
	52950 : E3;
	52951 : E3;
	52952 : E3;
	52953 : E3;
	52954 : A0;
	52955 : C0;
	52956 : E0;
	52957 : E0;
	52958 : C0;
	52959 : C0;
	52960 : A0;
	52961 : C0;
	52962 : C0;
	52963 : 84;
	52964 : A8;
	52965 : AD;
	52966 : 89;
	52967 : 88;
	52968 : E3;
	52969 : A8;
	52970 : A8;
	52971 : CD;
	52972 : DA;
	52973 : E3;
	52974 : E3;
	52975 : E3;
	52976 : E3;
	52977 : E3;
	52978 : E3;
	52979 : E3;
	52980 : E3;
	52981 : E3;
	52982 : E3;
	52983 : E3;
	52984 : E3;
	52985 : E3;
	52986 : E3;
	52987 : E3;
	52988 : E3;
	52989 : E3;
	52990 : E3;
	52991 : E3;
	52992 : E3;
	52993 : E3;
	52994 : E3;
	52995 : E3;
	52996 : E3;
	52997 : E3;
	52998 : E3;
	52999 : E3;
	53000 : E3;
	53001 : E3;
	53002 : E3;
	53003 : E3;
	53004 : E3;
	53005 : E3;
	53006 : E3;
	53007 : E3;
	53008 : E3;
	53009 : E3;
	53010 : E3;
	53011 : E3;
	53012 : E3;
	53013 : E3;
	53014 : E3;
	53015 : E3;
	53016 : E3;
	53017 : E3;
	53018 : A0;
	53019 : A0;
	53020 : A0;
	53021 : C8;
	53022 : ED;
	53023 : CD;
	53024 : 84;
	53025 : C0;
	53026 : E0;
	53027 : A4;
	53028 : AD;
	53029 : 88;
	53030 : 88;
	53031 : A8;
	53032 : 84;
	53033 : 64;
	53034 : 88;
	53035 : A8;
	53036 : B6;
	53037 : B6;
	53038 : E3;
	53039 : E3;
	53040 : E3;
	53041 : E3;
	53042 : E3;
	53043 : E3;
	53044 : E3;
	53045 : E3;
	53046 : E3;
	53047 : E3;
	53048 : E3;
	53049 : E3;
	53050 : E3;
	53051 : E3;
	53052 : E3;
	53053 : E3;
	53054 : E3;
	53055 : E3;
	53056 : E3;
	53057 : E3;
	53058 : E3;
	53059 : E3;
	53060 : E3;
	53061 : E3;
	53062 : E3;
	53063 : E3;
	53064 : E3;
	53065 : E3;
	53066 : E3;
	53067 : E3;
	53068 : E3;
	53069 : E3;
	53070 : E3;
	53071 : E3;
	53072 : E3;
	53073 : E3;
	53074 : E3;
	53075 : E3;
	53076 : E3;
	53077 : E3;
	53078 : E3;
	53079 : E3;
	53080 : E3;
	53081 : E3;
	53082 : 80;
	53083 : A0;
	53084 : A8;
	53085 : ED;
	53086 : ED;
	53087 : ED;
	53088 : A8;
	53089 : A0;
	53090 : C0;
	53091 : CD;
	53092 : DA;
	53093 : B1;
	53094 : B1;
	53095 : B1;
	53096 : 84;
	53097 : A8;
	53098 : AC;
	53099 : B1;
	53100 : B6;
	53101 : B6;
	53102 : B2;
	53103 : E3;
	53104 : E3;
	53105 : E3;
	53106 : E3;
	53107 : E3;
	53108 : E3;
	53109 : E3;
	53110 : E3;
	53111 : E3;
	53112 : E3;
	53113 : E3;
	53114 : E3;
	53115 : E3;
	53116 : E3;
	53117 : E3;
	53118 : E3;
	53119 : E3;
	53120 : E3;
	53121 : E3;
	53122 : E3;
	53123 : E3;
	53124 : E3;
	53125 : E3;
	53126 : E3;
	53127 : E3;
	53128 : E3;
	53129 : E3;
	53130 : E3;
	53131 : E3;
	53132 : E3;
	53133 : E3;
	53134 : E3;
	53135 : E3;
	53136 : E3;
	53137 : E3;
	53138 : E3;
	53139 : E3;
	53140 : E3;
	53141 : E3;
	53142 : E3;
	53143 : E3;
	53144 : E3;
	53145 : E3;
	53146 : E3;
	53147 : A4;
	53148 : CC;
	53149 : C8;
	53150 : CC;
	53151 : CC;
	53152 : A8;
	53153 : A4;
	53154 : A9;
	53155 : D6;
	53156 : DA;
	53157 : DA;
	53158 : DA;
	53159 : FF;
	53160 : 89;
	53161 : 88;
	53162 : AD;
	53163 : 91;
	53164 : B6;
	53165 : B6;
	53166 : B6;
	53167 : E3;
	53168 : E3;
	53169 : E3;
	53170 : E3;
	53171 : E3;
	53172 : E3;
	53173 : E3;
	53174 : E3;
	53175 : E3;
	53176 : E3;
	53177 : E3;
	53178 : E3;
	53179 : E3;
	53180 : E3;
	53181 : E3;
	53182 : E3;
	53183 : E3;
	53184 : E3;
	53185 : E3;
	53186 : E3;
	53187 : E3;
	53188 : E3;
	53189 : E3;
	53190 : E3;
	53191 : E3;
	53192 : E3;
	53193 : E3;
	53194 : E3;
	53195 : E3;
	53196 : E3;
	53197 : E3;
	53198 : E3;
	53199 : E3;
	53200 : E3;
	53201 : E3;
	53202 : E3;
	53203 : E3;
	53204 : E3;
	53205 : E3;
	53206 : E3;
	53207 : E3;
	53208 : E3;
	53209 : E3;
	53210 : E3;
	53211 : A8;
	53212 : CD;
	53213 : CC;
	53214 : ED;
	53215 : ED;
	53216 : CD;
	53217 : D1;
	53218 : DA;
	53219 : DA;
	53220 : DB;
	53221 : DA;
	53222 : DA;
	53223 : DA;
	53224 : B1;
	53225 : A8;
	53226 : A8;
	53227 : AD;
	53228 : B6;
	53229 : D6;
	53230 : B5;
	53231 : E3;
	53232 : E3;
	53233 : E3;
	53234 : E3;
	53235 : E3;
	53236 : E3;
	53237 : E3;
	53238 : E3;
	53239 : E3;
	53240 : E3;
	53241 : E3;
	53242 : E3;
	53243 : E3;
	53244 : E3;
	53245 : E3;
	53246 : E3;
	53247 : E3;
	53248 : E3;
	53249 : E3;
	53250 : E3;
	53251 : E3;
	53252 : E3;
	53253 : E3;
	53254 : E3;
	53255 : E3;
	53256 : E3;
	53257 : E3;
	53258 : E3;
	53259 : E3;
	53260 : E3;
	53261 : E3;
	53262 : E3;
	53263 : E3;
	53264 : E3;
	53265 : E3;
	53266 : E3;
	53267 : E3;
	53268 : E3;
	53269 : E3;
	53270 : E3;
	53271 : E3;
	53272 : E3;
	53273 : E3;
	53274 : E3;
	53275 : 84;
	53276 : CC;
	53277 : CD;
	53278 : ED;
	53279 : CC;
	53280 : CC;
	53281 : D1;
	53282 : DA;
	53283 : DA;
	53284 : DA;
	53285 : DA;
	53286 : B6;
	53287 : B6;
	53288 : 88;
	53289 : A8;
	53290 : A8;
	53291 : A8;
	53292 : CC;
	53293 : CC;
	53294 : CC;
	53295 : A5;
	53296 : E3;
	53297 : E3;
	53298 : E3;
	53299 : E3;
	53300 : E3;
	53301 : E3;
	53302 : E3;
	53303 : E3;
	53304 : E3;
	53305 : E3;
	53306 : E3;
	53307 : E3;
	53308 : E3;
	53309 : E3;
	53310 : E3;
	53311 : E3;
	53312 : E3;
	53313 : E3;
	53314 : E3;
	53315 : E3;
	53316 : E3;
	53317 : E3;
	53318 : E3;
	53319 : E3;
	53320 : E3;
	53321 : E3;
	53322 : E3;
	53323 : E3;
	53324 : E3;
	53325 : E3;
	53326 : E3;
	53327 : E3;
	53328 : E3;
	53329 : E3;
	53330 : E3;
	53331 : E3;
	53332 : E3;
	53333 : E3;
	53334 : E3;
	53335 : E3;
	53336 : E3;
	53337 : E3;
	53338 : 4A;
	53339 : 32;
	53340 : CC;
	53341 : ED;
	53342 : C8;
	53343 : CD;
	53344 : ED;
	53345 : CD;
	53346 : B6;
	53347 : B6;
	53348 : B6;
	53349 : 96;
	53350 : 96;
	53351 : 9A;
	53352 : 6D;
	53353 : A8;
	53354 : C8;
	53355 : A8;
	53356 : C8;
	53357 : C8;
	53358 : A8;
	53359 : E3;
	53360 : E3;
	53361 : E3;
	53362 : E3;
	53363 : E3;
	53364 : E3;
	53365 : E3;
	53366 : E3;
	53367 : E3;
	53368 : E3;
	53369 : E3;
	53370 : E3;
	53371 : E3;
	53372 : E3;
	53373 : E3;
	53374 : E3;
	53375 : E3;
	53376 : E3;
	53377 : E3;
	53378 : E3;
	53379 : E3;
	53380 : E3;
	53381 : E3;
	53382 : E3;
	53383 : E3;
	53384 : E3;
	53385 : E3;
	53386 : E3;
	53387 : E3;
	53388 : E3;
	53389 : E3;
	53390 : E3;
	53391 : E3;
	53392 : E3;
	53393 : E3;
	53394 : E3;
	53395 : E3;
	53396 : E3;
	53397 : E3;
	53398 : E3;
	53399 : E3;
	53400 : E3;
	53401 : E3;
	53402 : 12;
	53403 : 1B;
	53404 : 8D;
	53405 : CD;
	53406 : CD;
	53407 : CC;
	53408 : CC;
	53409 : AD;
	53410 : 72;
	53411 : 4D;
	53412 : 2D;
	53413 : 32;
	53414 : 37;
	53415 : 37;
	53416 : 37;
	53417 : 4E;
	53418 : 88;
	53419 : A8;
	53420 : A8;
	53421 : A8;
	53422 : E3;
	53423 : E3;
	53424 : E3;
	53425 : E3;
	53426 : E3;
	53427 : E3;
	53428 : E3;
	53429 : E3;
	53430 : E3;
	53431 : E3;
	53432 : E3;
	53433 : E3;
	53434 : E3;
	53435 : E3;
	53436 : E3;
	53437 : E3;
	53438 : E3;
	53439 : E3;
	53440 : E3;
	53441 : E3;
	53442 : E3;
	53443 : E3;
	53444 : E3;
	53445 : E3;
	53446 : E3;
	53447 : E3;
	53448 : E3;
	53449 : E3;
	53450 : E3;
	53451 : E3;
	53452 : E3;
	53453 : E3;
	53454 : E3;
	53455 : E3;
	53456 : E3;
	53457 : E3;
	53458 : E3;
	53459 : E3;
	53460 : E3;
	53461 : E3;
	53462 : E3;
	53463 : E3;
	53464 : E3;
	53465 : 0E;
	53466 : 0E;
	53467 : 12;
	53468 : 12;
	53469 : 49;
	53470 : 88;
	53471 : A8;
	53472 : 88;
	53473 : 29;
	53474 : 09;
	53475 : 0E;
	53476 : 12;
	53477 : 1B;
	53478 : 1B;
	53479 : 17;
	53480 : 17;
	53481 : 1B;
	53482 : 1B;
	53483 : 2D;
	53484 : 88;
	53485 : E3;
	53486 : E3;
	53487 : E3;
	53488 : E3;
	53489 : E3;
	53490 : E3;
	53491 : E3;
	53492 : E3;
	53493 : E3;
	53494 : E3;
	53495 : E3;
	53496 : E3;
	53497 : E3;
	53498 : E3;
	53499 : E3;
	53500 : E3;
	53501 : E3;
	53502 : E3;
	53503 : E3;
	53504 : E3;
	53505 : E3;
	53506 : E3;
	53507 : E3;
	53508 : E3;
	53509 : E3;
	53510 : E3;
	53511 : E3;
	53512 : E3;
	53513 : E3;
	53514 : E3;
	53515 : E3;
	53516 : E3;
	53517 : E3;
	53518 : E3;
	53519 : E3;
	53520 : E3;
	53521 : E3;
	53522 : E3;
	53523 : E3;
	53524 : E3;
	53525 : E3;
	53526 : E3;
	53527 : E3;
	53528 : E3;
	53529 : 0E;
	53530 : 0E;
	53531 : 0E;
	53532 : 0E;
	53533 : 0E;
	53534 : 0D;
	53535 : 0D;
	53536 : 09;
	53537 : 0E;
	53538 : 0D;
	53539 : 16;
	53540 : 1B;
	53541 : 17;
	53542 : 12;
	53543 : 12;
	53544 : 0E;
	53545 : 12;
	53546 : 16;
	53547 : 17;
	53548 : E3;
	53549 : E3;
	53550 : E3;
	53551 : E3;
	53552 : E3;
	53553 : E3;
	53554 : E3;
	53555 : E3;
	53556 : E3;
	53557 : E3;
	53558 : E3;
	53559 : E3;
	53560 : E3;
	53561 : E3;
	53562 : E3;
	53563 : E3;
	53564 : E3;
	53565 : E3;
	53566 : E3;
	53567 : E3;
	53568 : E3;
	53569 : E3;
	53570 : E3;
	53571 : E3;
	53572 : E3;
	53573 : E3;
	53574 : E3;
	53575 : E3;
	53576 : E3;
	53577 : E3;
	53578 : E3;
	53579 : E3;
	53580 : E3;
	53581 : E3;
	53582 : E3;
	53583 : E3;
	53584 : E3;
	53585 : E3;
	53586 : E3;
	53587 : E3;
	53588 : E3;
	53589 : E3;
	53590 : E3;
	53591 : E3;
	53592 : E3;
	53593 : 09;
	53594 : 12;
	53595 : 0E;
	53596 : 0E;
	53597 : 0E;
	53598 : 0E;
	53599 : 0E;
	53600 : 09;
	53601 : 0D;
	53602 : 0E;
	53603 : 12;
	53604 : 12;
	53605 : 0E;
	53606 : 17;
	53607 : 1B;
	53608 : 17;
	53609 : 12;
	53610 : 0E;
	53611 : 0E;
	53612 : E3;
	53613 : E3;
	53614 : E3;
	53615 : E3;
	53616 : E3;
	53617 : E3;
	53618 : E3;
	53619 : E3;
	53620 : E3;
	53621 : E3;
	53622 : E3;
	53623 : E3;
	53624 : E3;
	53625 : E3;
	53626 : E3;
	53627 : E3;
	53628 : E3;
	53629 : E3;
	53630 : E3;
	53631 : E3;
	53632 : E3;
	53633 : E3;
	53634 : E3;
	53635 : E3;
	53636 : E3;
	53637 : E3;
	53638 : E3;
	53639 : E3;
	53640 : E3;
	53641 : E3;
	53642 : E3;
	53643 : E3;
	53644 : E3;
	53645 : E3;
	53646 : E3;
	53647 : E3;
	53648 : E3;
	53649 : E3;
	53650 : E3;
	53651 : E3;
	53652 : E3;
	53653 : E3;
	53654 : E3;
	53655 : E3;
	53656 : E3;
	53657 : 09;
	53658 : 0E;
	53659 : 0E;
	53660 : 0E;
	53661 : 0E;
	53662 : 0D;
	53663 : 09;
	53664 : 09;
	53665 : 0E;
	53666 : 0E;
	53667 : 0E;
	53668 : 0E;
	53669 : 0E;
	53670 : 12;
	53671 : 12;
	53672 : 12;
	53673 : 0E;
	53674 : 0E;
	53675 : 4A;
	53676 : E3;
	53677 : E3;
	53678 : E3;
	53679 : E3;
	53680 : E3;
	53681 : E3;
	53682 : E3;
	53683 : E3;
	53684 : E3;
	53685 : E3;
	53686 : E3;
	53687 : E3;
	53688 : E3;
	53689 : E3;
	53690 : E3;
	53691 : E3;
	53692 : E3;
	53693 : E3;
	53694 : E3;
	53695 : E3;
	53696 : E3;
	53697 : E3;
	53698 : E3;
	53699 : E3;
	53700 : E3;
	53701 : E3;
	53702 : E3;
	53703 : E3;
	53704 : E3;
	53705 : E3;
	53706 : E3;
	53707 : E3;
	53708 : E3;
	53709 : E3;
	53710 : E3;
	53711 : E3;
	53712 : E3;
	53713 : E3;
	53714 : E3;
	53715 : E3;
	53716 : E3;
	53717 : E3;
	53718 : E3;
	53719 : E3;
	53720 : E3;
	53721 : 09;
	53722 : 0D;
	53723 : 0E;
	53724 : 0E;
	53725 : 0E;
	53726 : 09;
	53727 : 09;
	53728 : 09;
	53729 : 2E;
	53730 : 2E;
	53731 : 0E;
	53732 : 09;
	53733 : 0E;
	53734 : 0E;
	53735 : 0E;
	53736 : 0E;
	53737 : 0E;
	53738 : 4A;
	53739 : E3;
	53740 : E3;
	53741 : E3;
	53742 : E3;
	53743 : E3;
	53744 : E3;
	53745 : E3;
	53746 : E3;
	53747 : E3;
	53748 : E3;
	53749 : E3;
	53750 : E3;
	53751 : E3;
	53752 : E3;
	53753 : E3;
	53754 : E3;
	53755 : E3;
	53756 : E3;
	53757 : E3;
	53758 : E3;
	53759 : E3;
	53760 : E3;
	53761 : E3;
	53762 : E3;
	53763 : E3;
	53764 : E3;
	53765 : E3;
	53766 : E3;
	53767 : E3;
	53768 : E3;
	53769 : E3;
	53770 : E3;
	53771 : E3;
	53772 : E3;
	53773 : E3;
	53774 : E3;
	53775 : E3;
	53776 : E3;
	53777 : E3;
	53778 : E3;
	53779 : E3;
	53780 : E3;
	53781 : E3;
	53782 : E3;
	53783 : E3;
	53784 : E3;
	53785 : E3;
	53786 : 09;
	53787 : 0E;
	53788 : 0E;
	53789 : 0E;
	53790 : 09;
	53791 : E3;
	53792 : E3;
	53793 : 92;
	53794 : 96;
	53795 : 4E;
	53796 : 0E;
	53797 : 0E;
	53798 : 0E;
	53799 : 4A;
	53800 : E3;
	53801 : E3;
	53802 : E3;
	53803 : E3;
	53804 : E3;
	53805 : E3;
	53806 : E3;
	53807 : E3;
	53808 : E3;
	53809 : E3;
	53810 : E3;
	53811 : E3;
	53812 : E3;
	53813 : E3;
	53814 : E3;
	53815 : E3;
	53816 : E3;
	53817 : E3;
	53818 : E3;
	53819 : E3;
	53820 : E3;
	53821 : E3;
	53822 : E3;
	53823 : E3;
	53824 : E3;
	53825 : E3;
	53826 : E3;
	53827 : E3;
	53828 : E3;
	53829 : E3;
	53830 : E3;
	53831 : E3;
	53832 : E3;
	53833 : E3;
	53834 : E3;
	53835 : E3;
	53836 : E3;
	53837 : E3;
	53838 : E3;
	53839 : E3;
	53840 : E3;
	53841 : E3;
	53842 : E3;
	53843 : E3;
	53844 : E3;
	53845 : E3;
	53846 : E3;
	53847 : E3;
	53848 : E3;
	53849 : E3;
	53850 : E3;
	53851 : 0E;
	53852 : 0E;
	53853 : 0D;
	53854 : E3;
	53855 : E3;
	53856 : E3;
	53857 : 92;
	53858 : B7;
	53859 : 4E;
	53860 : 0E;
	53861 : 4A;
	53862 : E3;
	53863 : E3;
	53864 : E3;
	53865 : E3;
	53866 : E3;
	53867 : E3;
	53868 : E3;
	53869 : E3;
	53870 : E3;
	53871 : E3;
	53872 : E3;
	53873 : E3;
	53874 : E3;
	53875 : E3;
	53876 : E3;
	53877 : E3;
	53878 : E3;
	53879 : E3;
	53880 : E3;
	53881 : E3;
	53882 : E3;
	53883 : E3;
	53884 : E3;
	53885 : E3;
	53886 : E3;
	53887 : E3;
	53888 : E3;
	53889 : E3;
	53890 : E3;
	53891 : E3;
	53892 : E3;
	53893 : E3;
	53894 : E3;
	53895 : E3;
	53896 : E3;
	53897 : E3;
	53898 : E3;
	53899 : E3;
	53900 : E3;
	53901 : E3;
	53902 : E3;
	53903 : E3;
	53904 : E3;
	53905 : E3;
	53906 : E3;
	53907 : E3;
	53908 : E3;
	53909 : E3;
	53910 : E3;
	53911 : E3;
	53912 : E3;
	53913 : E3;
	53914 : E3;
	53915 : 2A;
	53916 : 09;
	53917 : 09;
	53918 : E3;
	53919 : E3;
	53920 : E3;
	53921 : 92;
	53922 : B7;
	53923 : E3;
	53924 : E3;
	53925 : E3;
	53926 : E3;
	53927 : E3;
	53928 : E3;
	53929 : E3;
	53930 : E3;
	53931 : E3;
	53932 : E3;
	53933 : E3;
	53934 : E3;
	53935 : E3;
	53936 : E3;
	53937 : E3;
	53938 : E3;
	53939 : E3;
	53940 : E3;
	53941 : E3;
	53942 : E3;
	53943 : E3;
	53944 : E3;
	53945 : E3;
	53946 : E3;
	53947 : E3;
	53948 : E3;
	53949 : E3;
	53950 : E3;
	53951 : E3;
	53952 : E3;
	53953 : E3;
	53954 : E3;
	53955 : E3;
	53956 : E3;
	53957 : E3;
	53958 : E3;
	53959 : E3;
	53960 : E3;
	53961 : E3;
	53962 : E3;
	53963 : E3;
	53964 : E3;
	53965 : E3;
	53966 : E3;
	53967 : E3;
	53968 : E3;
	53969 : E3;
	53970 : E3;
	53971 : E3;
	53972 : E3;
	53973 : E3;
	53974 : E3;
	53975 : E3;
	53976 : E3;
	53977 : E3;
	53978 : E3;
	53979 : E3;
	53980 : 6E;
	53981 : 6A;
	53982 : E3;
	53983 : E3;
	53984 : E3;
	53985 : B7;
	53986 : 92;
	53987 : E3;
	53988 : E3;
	53989 : E3;
	53990 : E3;
	53991 : E3;
	53992 : E3;
	53993 : E3;
	53994 : E3;
	53995 : E3;
	53996 : E3;
	53997 : E3;
	53998 : E3;
	53999 : E3;
	54000 : E3;
	54001 : E3;
	54002 : E3;
	54003 : E3;
	54004 : E3;
	54005 : E3;
	54006 : E3;
	54007 : E3;
	54008 : E3;
	54009 : E3;
	54010 : E3;
	54011 : E3;
	54012 : E3;
	54013 : E3;
	54014 : E3;
	54015 : E3;
	54016 : E3;
	54017 : E3;
	54018 : E3;
	54019 : E3;
	54020 : E3;
	54021 : E3;
	54022 : E3;
	54023 : E3;
	54024 : E3;
	54025 : E3;
	54026 : E3;
	54027 : E3;
	54028 : E3;
	54029 : E3;
	54030 : E3;
	54031 : E3;
	54032 : E3;
	54033 : E3;
	54034 : E3;
	54035 : E3;
	54036 : E3;
	54037 : E3;
	54038 : E3;
	54039 : E3;
	54040 : E3;
	54041 : E3;
	54042 : E3;
	54043 : B3;
	54044 : 92;
	54045 : B2;
	54046 : E3;
	54047 : E3;
	54048 : E3;
	54049 : B7;
	54050 : 92;
	54051 : E3;
	54052 : E3;
	54053 : E3;
	54054 : E3;
	54055 : E3;
	54056 : E3;
	54057 : E3;
	54058 : E3;
	54059 : E3;
	54060 : E3;
	54061 : E3;
	54062 : E3;
	54063 : E3;
	54064 : E3;
	54065 : E3;
	54066 : E3;
	54067 : E3;
	54068 : E3;
	54069 : E3;
	54070 : E3;
	54071 : E3;
	54072 : E3;
	54073 : E3;
	54074 : E3;
	54075 : E3;
	54076 : E3;
	54077 : E3;
	54078 : E3;
	54079 : E3;
	54080 : E3;
	54081 : E3;
	54082 : E3;
	54083 : E3;
	54084 : E3;
	54085 : E3;
	54086 : E3;
	54087 : E3;
	54088 : E3;
	54089 : E3;
	54090 : E3;
	54091 : E3;
	54092 : E3;
	54093 : E3;
	54094 : E3;
	54095 : E3;
	54096 : E3;
	54097 : E3;
	54098 : E3;
	54099 : E3;
	54100 : E3;
	54101 : E3;
	54102 : E3;
	54103 : E3;
	54104 : E3;
	54105 : E3;
	54106 : E3;
	54107 : B7;
	54108 : BB;
	54109 : B7;
	54110 : E3;
	54111 : E3;
	54112 : E3;
	54113 : 92;
	54114 : 92;
	54115 : E3;
	54116 : E3;
	54117 : E3;
	54118 : E3;
	54119 : E3;
	54120 : E3;
	54121 : E3;
	54122 : E3;
	54123 : E3;
	54124 : E3;
	54125 : E3;
	54126 : E3;
	54127 : E3;
	54128 : E3;
	54129 : E3;
	54130 : E3;
	54131 : E3;
	54132 : E3;
	54133 : E3;
	54134 : E3;
	54135 : E3;
	54136 : E3;
	54137 : E3;
	54138 : E3;
	54139 : E3;
	54140 : E3;
	54141 : E3;
	54142 : E3;
	54143 : E3;
	54144 : E3;
	54145 : E3;
	54146 : E3;
	54147 : E3;
	54148 : E3;
	54149 : E3;
	54150 : E3;
	54151 : E3;
	54152 : E3;
	54153 : E3;
	54154 : E3;
	54155 : E3;
	54156 : E3;
	54157 : E3;
	54158 : E3;
	54159 : E3;
	54160 : E3;
	54161 : E3;
	54162 : E3;
	54163 : E3;
	54164 : E3;
	54165 : E3;
	54166 : E3;
	54167 : E3;
	54168 : E3;
	54169 : E3;
	54170 : E3;
	54171 : E3;
	54172 : BB;
	54173 : B7;
	54174 : E3;
	54175 : E3;
	54176 : E3;
	54177 : E3;
	54178 : E3;
	54179 : E3;
	54180 : E3;
	54181 : E3;
	54182 : E3;
	54183 : E3;
	54184 : E3;
	54185 : E3;
	54186 : E3;
	54187 : E3;
	54188 : E3;
	54189 : E3;
	54190 : E3;
	54191 : E3;
	54192 : E3;
	54193 : E3;
	54194 : E3;
	54195 : E3;
	54196 : E3;
	54197 : E3;
	54198 : E3;
	54199 : E3;
	54200 : E3;
	54201 : E3;
	54202 : E3;
	54203 : E3;
	54204 : E3;
	54205 : E3;
	54206 : E3;
	54207 : E3;
	54208 : E3;
	54209 : E3;
	54210 : E3;
	54211 : E3;
	54212 : E3;
	54213 : E3;
	54214 : E3;
	54215 : E3;
	54216 : E3;
	54217 : E3;
	54218 : E3;
	54219 : E3;
	54220 : E3;
	54221 : E3;
	54222 : E3;
	54223 : E3;
	54224 : E3;
	54225 : E3;
	54226 : E3;
	54227 : E3;
	54228 : E3;
	54229 : E3;
	54230 : E3;
	54231 : E3;
	54232 : E3;
	54233 : E3;
	54234 : E3;
	54235 : E3;
	54236 : 6D;
	54237 : E3;
	54238 : E3;
	54239 : E3;
	54240 : E3;
	54241 : E3;
	54242 : E3;
	54243 : E3;
	54244 : E3;
	54245 : E3;
	54246 : E3;
	54247 : E3;
	54248 : E3;
	54249 : E3;
	54250 : E3;
	54251 : E3;
	54252 : E3;
	54253 : E3;
	54254 : E3;
	54255 : E3;
	54256 : E3;
	54257 : E3;
	54258 : E3;
	54259 : E3;
	54260 : E3;
	54261 : E3;
	54262 : E3;
	54263 : E3;
	54264 : E3;
	54265 : E3;
	54266 : E3;
	54267 : E3;
	54268 : E3;
	54269 : E3;
	54270 : E3;
	54271 : E3;
END;
