DEPTH = 14555;
WIDTH = 8;
ADDRESS_RADIX = UNS;
DATA_RADIX = HEX;

CONTENT BEGIN
	0 : FF;
	1 : FF;
	2 : FF;
	3 : FF;
	4 : FF;
	5 : FF;
	6 : FF;
	7 : FF;
	8 : FF;
	9 : FF;
	10 : FF;
	11 : FF;
	12 : FF;
	13 : FF;
	14 : E3;
	15 : E3;
	16 : E3;
	17 : E3;
	18 : E3;
	19 : E3;
	20 : E3;
	21 : E3;
	22 : E3;
	23 : E3;
	24 : E3;
	25 : E3;
	26 : E3;
	27 : E3;
	28 : E3;
	29 : E3;
	30 : E3;
	31 : FF;
	32 : E3;
	33 : E3;
	34 : E3;
	35 : E3;
	36 : E3;
	37 : E3;
	38 : E3;
	39 : E3;
	40 : E3;
	41 : E3;
	42 : E3;
	43 : E3;
	44 : FF;
	45 : E3;
	46 : E3;
	47 : E3;
	48 : E3;
	49 : E3;
	50 : E3;
	51 : E3;
	52 : E3;
	53 : E3;
	54 : E3;
	55 : E3;
	56 : E3;
	57 : E3;
	58 : E3;
	59 : E3;
	60 : E3;
	61 : E3;
	62 : FF;
	63 : 24;
	64 : 48;
	65 : 48;
	66 : 48;
	67 : 24;
	68 : 24;
	69 : 48;
	70 : 48;
	71 : E3;
	72 : E3;
	73 : E3;
	74 : E3;
	75 : FF;
	76 : E3;
	77 : E3;
	78 : E3;
	79 : E3;
	80 : E3;
	81 : E3;
	82 : E3;
	83 : E3;
	84 : E3;
	85 : E3;
	86 : E3;
	87 : E3;
	88 : E3;
	89 : E3;
	90 : E3;
	91 : E3;
	92 : E3;
	93 : FF;
	94 : 24;
	95 : 24;
	96 : 44;
	97 : 68;
	98 : 88;
	99 : AC;
	100 : A8;
	101 : 88;
	102 : E3;
	103 : E3;
	104 : E3;
	105 : E3;
	106 : FF;
	107 : E3;
	108 : E3;
	109 : E3;
	110 : E3;
	111 : E3;
	112 : E3;
	113 : E3;
	114 : E3;
	115 : E3;
	116 : E3;
	117 : E3;
	118 : E3;
	119 : E3;
	120 : E3;
	121 : E3;
	122 : E3;
	123 : E3;
	124 : FF;
	125 : 24;
	126 : 24;
	127 : 44;
	128 : 88;
	129 : 88;
	130 : CC;
	131 : D1;
	132 : CC;
	133 : CC;
	134 : E3;
	135 : E3;
	136 : E3;
	137 : FF;
	138 : E3;
	139 : E3;
	140 : E3;
	141 : E3;
	142 : E3;
	143 : E3;
	144 : E3;
	145 : E3;
	146 : E3;
	147 : E3;
	148 : E3;
	149 : E3;
	150 : E3;
	151 : E3;
	152 : E3;
	153 : E3;
	154 : E3;
	155 : FF;
	156 : 64;
	157 : 44;
	158 : 68;
	159 : 88;
	160 : 88;
	161 : 88;
	162 : 88;
	163 : A8;
	164 : 88;
	165 : E3;
	166 : E3;
	167 : E3;
	168 : FF;
	169 : E3;
	170 : E3;
	171 : E3;
	172 : E3;
	173 : E3;
	174 : E3;
	175 : E3;
	176 : E3;
	177 : E3;
	178 : E3;
	179 : E3;
	180 : E3;
	181 : E3;
	182 : E3;
	183 : E3;
	184 : E3;
	185 : E3;
	186 : FF;
	187 : 88;
	188 : 88;
	189 : A8;
	190 : AC;
	191 : A8;
	192 : 88;
	193 : 64;
	194 : 88;
	195 : 88;
	196 : E3;
	197 : E3;
	198 : E3;
	199 : FF;
	200 : E3;
	201 : E3;
	202 : E3;
	203 : E3;
	204 : E3;
	205 : E3;
	206 : E3;
	207 : E3;
	208 : E3;
	209 : E3;
	210 : E3;
	211 : E3;
	212 : E3;
	213 : E3;
	214 : E3;
	215 : E3;
	216 : E3;
	217 : FF;
	218 : 88;
	219 : 88;
	220 : A8;
	221 : AC;
	222 : AC;
	223 : A8;
	224 : 88;
	225 : A8;
	226 : CC;
	227 : E3;
	228 : E3;
	229 : E3;
	230 : FF;
	231 : E3;
	232 : E3;
	233 : E3;
	234 : E3;
	235 : E3;
	236 : E3;
	237 : E3;
	238 : E3;
	239 : E3;
	240 : E3;
	241 : E3;
	242 : E3;
	243 : E3;
	244 : E3;
	245 : E3;
	246 : E3;
	247 : E3;
	248 : FF;
	249 : 88;
	250 : 88;
	251 : 88;
	252 : A8;
	253 : AC;
	254 : 88;
	255 : 88;
	256 : 88;
	257 : 88;
	258 : E3;
	259 : E3;
	260 : E3;
	261 : FF;
	262 : E3;
	263 : E3;
	264 : E3;
	265 : FF;
	266 : FF;
	267 : FF;
	268 : FF;
	269 : FF;
	270 : FF;
	271 : E3;
	272 : E3;
	273 : E3;
	274 : E3;
	275 : FF;
	276 : FF;
	277 : E3;
	278 : E3;
	279 : FF;
	280 : 88;
	281 : 88;
	282 : 88;
	283 : 88;
	284 : 88;
	285 : A8;
	286 : AC;
	287 : 8D;
	288 : AC;
	289 : E3;
	290 : E3;
	291 : E3;
	292 : FF;
	293 : E3;
	294 : E3;
	295 : E3;
	296 : FF;
	297 : FF;
	298 : E3;
	299 : E3;
	300 : E3;
	301 : FF;
	302 : FF;
	303 : E3;
	304 : E3;
	305 : FF;
	306 : FF;
	307 : FF;
	308 : E3;
	309 : E3;
	310 : FF;
	311 : 88;
	312 : 88;
	313 : 88;
	314 : 88;
	315 : 88;
	316 : A8;
	317 : AC;
	318 : 88;
	319 : A8;
	320 : E3;
	321 : E3;
	322 : E3;
	323 : FF;
	324 : E3;
	325 : E3;
	326 : E3;
	327 : FF;
	328 : FF;
	329 : E3;
	330 : E3;
	331 : E3;
	332 : FF;
	333 : FF;
	334 : E3;
	335 : E3;
	336 : E3;
	337 : FF;
	338 : FF;
	339 : E3;
	340 : E3;
	341 : FF;
	342 : 84;
	343 : 84;
	344 : 84;
	345 : 84;
	346 : 64;
	347 : 88;
	348 : A8;
	349 : A4;
	350 : E3;
	351 : E3;
	352 : E3;
	353 : E3;
	354 : FF;
	355 : E3;
	356 : E3;
	357 : E3;
	358 : FF;
	359 : FF;
	360 : E3;
	361 : E3;
	362 : E3;
	363 : FF;
	364 : FF;
	365 : E3;
	366 : E3;
	367 : E3;
	368 : FF;
	369 : FF;
	370 : E3;
	371 : E3;
	372 : FF;
	373 : C0;
	374 : C0;
	375 : C0;
	376 : C0;
	377 : A0;
	378 : 84;
	379 : A4;
	380 : E3;
	381 : E3;
	382 : E3;
	383 : E3;
	384 : E3;
	385 : FF;
	386 : E3;
	387 : E3;
	388 : E3;
	389 : FF;
	390 : FF;
	391 : FF;
	392 : FF;
	393 : FF;
	394 : FF;
	395 : E3;
	396 : E3;
	397 : E3;
	398 : E3;
	399 : FF;
	400 : FF;
	401 : E3;
	402 : E3;
	403 : FF;
	404 : A0;
	405 : A0;
	406 : C0;
	407 : C0;
	408 : C0;
	409 : C0;
	410 : A0;
	411 : A4;
	412 : E3;
	413 : E3;
	414 : E3;
	415 : E3;
	416 : FF;
	417 : E3;
	418 : E3;
	419 : E3;
	420 : FF;
	421 : FF;
	422 : E3;
	423 : E3;
	424 : E3;
	425 : E3;
	426 : E3;
	427 : E3;
	428 : E3;
	429 : E3;
	430 : FF;
	431 : FF;
	432 : E3;
	433 : E3;
	434 : FF;
	435 : A0;
	436 : A0;
	437 : A0;
	438 : A0;
	439 : A0;
	440 : C0;
	441 : C0;
	442 : C0;
	443 : C0;
	444 : C0;
	445 : E3;
	446 : E3;
	447 : FF;
	448 : E3;
	449 : E3;
	450 : E3;
	451 : FF;
	452 : FF;
	453 : E3;
	454 : E3;
	455 : E3;
	456 : E3;
	457 : E3;
	458 : E3;
	459 : FF;
	460 : FF;
	461 : FF;
	462 : FF;
	463 : FF;
	464 : FF;
	465 : FF;
	466 : A0;
	467 : A0;
	468 : A0;
	469 : A0;
	470 : A0;
	471 : C0;
	472 : C0;
	473 : C0;
	474 : C0;
	475 : C0;
	476 : C0;
	477 : C0;
	478 : FF;
	479 : E3;
	480 : E3;
	481 : E3;
	482 : E3;
	483 : E3;
	484 : E3;
	485 : E3;
	486 : E3;
	487 : E3;
	488 : E3;
	489 : E3;
	490 : E3;
	491 : E3;
	492 : E3;
	493 : E3;
	494 : E3;
	495 : E3;
	496 : FF;
	497 : FF;
	498 : FF;
	499 : FF;
	500 : FF;
	501 : FF;
	502 : FF;
	503 : FF;
	504 : FF;
	505 : FF;
	506 : FF;
	507 : FF;
	508 : FF;
	509 : FF;
	510 : E3;
	511 : E3;
	512 : E3;
	513 : E3;
	514 : E3;
	515 : E3;
	516 : E3;
	517 : E3;
	518 : E3;
	519 : E3;
	520 : E3;
	521 : E3;
	522 : E3;
	523 : E3;
	524 : E3;
	525 : E3;
	526 : E3;
	527 : E3;
	528 : E3;
	529 : E3;
	530 : E3;
	531 : E3;
	532 : E3;
	533 : E3;
	534 : E3;
	535 : E3;
	536 : E3;
	537 : E3;
	538 : E3;
	539 : E3;
	540 : E3;
	541 : E3;
	542 : E3;
	543 : E3;
	544 : FF;
	545 : FF;
	546 : FF;
	547 : FF;
	548 : FF;
	549 : FF;
	550 : FF;
	551 : FF;
	552 : FF;
	553 : FF;
	554 : FF;
	555 : FF;
	556 : FF;
	557 : FF;
	558 : E3;
	559 : E3;
	560 : E3;
	561 : E3;
	562 : E3;
	563 : E3;
	564 : E3;
	565 : E3;
	566 : E3;
	567 : E3;
	568 : E3;
	569 : E3;
	570 : E3;
	571 : E3;
	572 : E3;
	573 : E3;
	574 : E3;
	575 : FF;
	576 : E3;
	577 : E3;
	578 : E3;
	579 : E3;
	580 : D6;
	581 : DA;
	582 : DA;
	583 : DA;
	584 : DA;
	585 : DA;
	586 : D5;
	587 : D5;
	588 : FF;
	589 : E3;
	590 : E3;
	591 : E3;
	592 : E3;
	593 : E3;
	594 : E3;
	595 : E3;
	596 : E3;
	597 : E3;
	598 : E3;
	599 : E3;
	600 : E3;
	601 : E3;
	602 : E3;
	603 : E3;
	604 : E3;
	605 : E3;
	606 : FF;
	607 : E3;
	608 : E3;
	609 : E3;
	610 : D6;
	611 : FA;
	612 : FA;
	613 : FA;
	614 : FA;
	615 : FA;
	616 : D6;
	617 : D6;
	618 : D5;
	619 : FF;
	620 : E3;
	621 : E3;
	622 : E3;
	623 : E3;
	624 : E3;
	625 : E3;
	626 : E3;
	627 : E3;
	628 : E3;
	629 : E3;
	630 : E3;
	631 : E3;
	632 : E3;
	633 : E3;
	634 : E3;
	635 : E3;
	636 : E3;
	637 : FF;
	638 : E3;
	639 : E3;
	640 : D1;
	641 : FA;
	642 : FA;
	643 : FA;
	644 : FA;
	645 : D5;
	646 : D5;
	647 : D6;
	648 : D6;
	649 : D1;
	650 : FF;
	651 : E3;
	652 : E3;
	653 : E3;
	654 : E3;
	655 : E3;
	656 : E3;
	657 : E3;
	658 : E3;
	659 : E3;
	660 : E3;
	661 : E3;
	662 : E3;
	663 : E3;
	664 : E3;
	665 : E3;
	666 : E3;
	667 : E3;
	668 : FF;
	669 : E3;
	670 : E3;
	671 : D5;
	672 : D6;
	673 : FA;
	674 : FA;
	675 : B1;
	676 : 8C;
	677 : D1;
	678 : D5;
	679 : D5;
	680 : B1;
	681 : FF;
	682 : E3;
	683 : E3;
	684 : E3;
	685 : E3;
	686 : E3;
	687 : E3;
	688 : E3;
	689 : E3;
	690 : E3;
	691 : E3;
	692 : E3;
	693 : E3;
	694 : E3;
	695 : E3;
	696 : E3;
	697 : E3;
	698 : E3;
	699 : FF;
	700 : E3;
	701 : E3;
	702 : D5;
	703 : D1;
	704 : D1;
	705 : 68;
	706 : 24;
	707 : 44;
	708 : D1;
	709 : D1;
	710 : D1;
	711 : B1;
	712 : FF;
	713 : E3;
	714 : E3;
	715 : E3;
	716 : E3;
	717 : E3;
	718 : E3;
	719 : E3;
	720 : E3;
	721 : E3;
	722 : E3;
	723 : E3;
	724 : E3;
	725 : E3;
	726 : E3;
	727 : E3;
	728 : E3;
	729 : E3;
	730 : FF;
	731 : E3;
	732 : E3;
	733 : 44;
	734 : 68;
	735 : 44;
	736 : 24;
	737 : 48;
	738 : B1;
	739 : D5;
	740 : D1;
	741 : D1;
	742 : D1;
	743 : FF;
	744 : E3;
	745 : E3;
	746 : E3;
	747 : E3;
	748 : E3;
	749 : E3;
	750 : E3;
	751 : E3;
	752 : E3;
	753 : E3;
	754 : E3;
	755 : E3;
	756 : E3;
	757 : E3;
	758 : E3;
	759 : E3;
	760 : E3;
	761 : FF;
	762 : E3;
	763 : E3;
	764 : 88;
	765 : 8C;
	766 : AC;
	767 : B1;
	768 : D5;
	769 : D6;
	770 : D5;
	771 : D1;
	772 : D1;
	773 : AD;
	774 : FF;
	775 : FF;
	776 : FF;
	777 : FF;
	778 : FF;
	779 : FF;
	780 : FF;
	781 : E3;
	782 : E3;
	783 : E3;
	784 : FF;
	785 : FF;
	786 : FF;
	787 : FF;
	788 : FF;
	789 : E3;
	790 : E3;
	791 : E3;
	792 : FF;
	793 : E3;
	794 : E3;
	795 : E3;
	796 : D1;
	797 : B1;
	798 : D1;
	799 : D5;
	800 : D5;
	801 : D1;
	802 : D1;
	803 : D1;
	804 : AD;
	805 : FF;
	806 : FF;
	807 : FF;
	808 : E3;
	809 : E3;
	810 : E3;
	811 : FF;
	812 : FF;
	813 : E3;
	814 : FF;
	815 : FF;
	816 : E3;
	817 : E3;
	818 : E3;
	819 : FF;
	820 : FF;
	821 : E3;
	822 : E3;
	823 : FF;
	824 : E3;
	825 : E3;
	826 : E3;
	827 : AD;
	828 : AC;
	829 : 8C;
	830 : 88;
	831 : AC;
	832 : D1;
	833 : D1;
	834 : AC;
	835 : D1;
	836 : FF;
	837 : FF;
	838 : FF;
	839 : E3;
	840 : E3;
	841 : E3;
	842 : FF;
	843 : FF;
	844 : E3;
	845 : E3;
	846 : E3;
	847 : E3;
	848 : E3;
	849 : FF;
	850 : FF;
	851 : FF;
	852 : E3;
	853 : E3;
	854 : FF;
	855 : E3;
	856 : E3;
	857 : E3;
	858 : E3;
	859 : CD;
	860 : D1;
	861 : D1;
	862 : D1;
	863 : D1;
	864 : AC;
	865 : B1;
	866 : D5;
	867 : FF;
	868 : FF;
	869 : FF;
	870 : E3;
	871 : E3;
	872 : E3;
	873 : FF;
	874 : FF;
	875 : E3;
	876 : E3;
	877 : E3;
	878 : FF;
	879 : FF;
	880 : FF;
	881 : E3;
	882 : E3;
	883 : E3;
	884 : E3;
	885 : FF;
	886 : E3;
	887 : E3;
	888 : E3;
	889 : E3;
	890 : E3;
	891 : D1;
	892 : D1;
	893 : AC;
	894 : AC;
	895 : AC;
	896 : D1;
	897 : D5;
	898 : FF;
	899 : FF;
	900 : FF;
	901 : FF;
	902 : FF;
	903 : FF;
	904 : FF;
	905 : E3;
	906 : E3;
	907 : E3;
	908 : FF;
	909 : FF;
	910 : FF;
	911 : E3;
	912 : E3;
	913 : E3;
	914 : E3;
	915 : E3;
	916 : FF;
	917 : E3;
	918 : E3;
	919 : E3;
	920 : E3;
	921 : E3;
	922 : E3;
	923 : E3;
	924 : AC;
	925 : AC;
	926 : D1;
	927 : D1;
	928 : B1;
	929 : FF;
	930 : FF;
	931 : FF;
	932 : E3;
	933 : E3;
	934 : E3;
	935 : E3;
	936 : E3;
	937 : E3;
	938 : FF;
	939 : FF;
	940 : E3;
	941 : E3;
	942 : E3;
	943 : E3;
	944 : E3;
	945 : E3;
	946 : E3;
	947 : FF;
	948 : E3;
	949 : E3;
	950 : E3;
	951 : E3;
	952 : E3;
	953 : E3;
	954 : E3;
	955 : B1;
	956 : AC;
	957 : AC;
	958 : 8D;
	959 : 6E;
	960 : FF;
	961 : FF;
	962 : FF;
	963 : E3;
	964 : E3;
	965 : E3;
	966 : E3;
	967 : E3;
	968 : E3;
	969 : FF;
	970 : FF;
	971 : FF;
	972 : FF;
	973 : FF;
	974 : FF;
	975 : FF;
	976 : E3;
	977 : E3;
	978 : FF;
	979 : E3;
	980 : E3;
	981 : E3;
	982 : E3;
	983 : E3;
	984 : E3;
	985 : E3;
	986 : B1;
	987 : AD;
	988 : 8D;
	989 : 6E;
	990 : 92;
	991 : FF;
	992 : E3;
	993 : E3;
	994 : E3;
	995 : E3;
	996 : E3;
	997 : E3;
	998 : E3;
	999 : E3;
	1000 : E3;
	1001 : E3;
	1002 : E3;
	1003 : E3;
	1004 : E3;
	1005 : E3;
	1006 : E3;
	1007 : E3;
	1008 : E3;
	1009 : FF;
	1010 : E3;
	1011 : E3;
	1012 : E3;
	1013 : E3;
	1014 : E3;
	1015 : E3;
	1016 : 48;
	1017 : 8D;
	1018 : 6D;
	1019 : 6E;
	1020 : 92;
	1021 : DB;
	1022 : FF;
	1023 : E3;
	1024 : E3;
	1025 : E3;
	1026 : E3;
	1027 : E3;
	1028 : E3;
	1029 : E3;
	1030 : E3;
	1031 : E3;
	1032 : E3;
	1033 : E3;
	1034 : E3;
	1035 : E3;
	1036 : E3;
	1037 : E3;
	1038 : E3;
	1039 : E3;
	1040 : FF;
	1041 : FF;
	1042 : FF;
	1043 : FF;
	1044 : FF;
	1045 : FF;
	1046 : FF;
	1047 : FF;
	1048 : FF;
	1049 : FF;
	1050 : FF;
	1051 : FF;
	1052 : FF;
	1053 : FF;
	1054 : E3;
	1055 : E3;
	1056 : FF;
	1057 : FF;
	1058 : FF;
	1059 : FF;
	1060 : FF;
	1061 : FF;
	1062 : FF;
	1063 : E3;
	1064 : FF;
	1065 : FF;
	1066 : FF;
	1067 : FF;
	1068 : FF;
	1069 : FF;
	1070 : FF;
	1071 : FF;
	1072 : FF;
	1073 : FF;
	1074 : FF;
	1075 : E3;
	1076 : FF;
	1077 : FF;
	1078 : FF;
	1079 : FF;
	1080 : FF;
	1081 : FF;
	1082 : FF;
	1083 : FF;
	1084 : FF;
	1085 : FF;
	1086 : FF;
	1087 : FF;
	1088 : FF;
	1089 : FF;
	1090 : FF;
	1091 : FF;
	1092 : FF;
	1093 : FF;
	1094 : FF;
	1095 : FF;
	1096 : FF;
	1097 : FF;
	1098 : FF;
	1099 : FF;
	1100 : FF;
	1101 : FF;
	1102 : FF;
	1103 : FF;
	1104 : FF;
	1105 : FF;
	1106 : FF;
	1107 : FF;
	1108 : FF;
	1109 : FF;
	1110 : FF;
	1111 : FF;
	1112 : FF;
	1113 : FF;
	1114 : FF;
	1115 : FF;
	1116 : FF;
	1117 : FF;
	1118 : E3;
	1119 : FF;
	1120 : FF;
	1121 : FF;
	1122 : FF;
	1123 : FF;
	1124 : FF;
	1125 : FF;
	1126 : FF;
	1127 : FF;
	1128 : FF;
	1129 : FF;
	1130 : FF;
	1131 : FF;
	1132 : FF;
	1133 : FF;
	1134 : FF;
	1135 : FF;
	1136 : FF;
	1137 : FF;
	1138 : FF;
	1139 : FF;
	1140 : FF;
	1141 : E3;
	1142 : E3;
	1143 : FF;
	1144 : FF;
	1145 : FF;
	1146 : FF;
	1147 : FF;
	1148 : FF;
	1149 : FF;
	1150 : FF;
	1151 : FF;
	1152 : FF;
	1153 : FF;
	1154 : FF;
	1155 : FF;
	1156 : E3;
	1157 : FF;
	1158 : FF;
	1159 : FF;
	1160 : FF;
	1161 : FF;
	1162 : FF;
	1163 : FF;
	1164 : FF;
	1165 : FF;
	1166 : FF;
	1167 : FF;
	1168 : FF;
	1169 : FF;
	1170 : FF;
	1171 : FF;
	1172 : E3;
	1173 : FF;
	1174 : FF;
	1175 : FF;
	1176 : FF;
	1177 : FF;
	1178 : FF;
	1179 : FF;
	1180 : FF;
	1181 : FF;
	1182 : FF;
	1183 : FF;
	1184 : FF;
	1185 : FF;
	1186 : FF;
	1187 : FF;
	1188 : FF;
	1189 : FF;
	1190 : FF;
	1191 : FF;
	1192 : FF;
	1193 : FF;
	1194 : FF;
	1195 : E3;
	1196 : E3;
	1197 : FF;
	1198 : FF;
	1199 : F4;
	1200 : F4;
	1201 : F4;
	1202 : F4;
	1203 : F4;
	1204 : FF;
	1205 : FF;
	1206 : FF;
	1207 : F4;
	1208 : F4;
	1209 : F4;
	1210 : F4;
	1211 : F4;
	1212 : F4;
	1213 : F4;
	1214 : F4;
	1215 : F4;
	1216 : FF;
	1217 : E3;
	1218 : FF;
	1219 : F4;
	1220 : F4;
	1221 : F4;
	1222 : F4;
	1223 : F4;
	1224 : F4;
	1225 : F4;
	1226 : F4;
	1227 : FF;
	1228 : FF;
	1229 : FF;
	1230 : F4;
	1231 : F4;
	1232 : F4;
	1233 : F4;
	1234 : F4;
	1235 : F4;
	1236 : F4;
	1237 : F4;
	1238 : F4;
	1239 : F4;
	1240 : FF;
	1241 : F4;
	1242 : F4;
	1243 : F4;
	1244 : F4;
	1245 : F4;
	1246 : F4;
	1247 : F4;
	1248 : F4;
	1249 : F4;
	1250 : FF;
	1251 : FF;
	1252 : F4;
	1253 : F4;
	1254 : F4;
	1255 : F4;
	1256 : F4;
	1257 : F4;
	1258 : F4;
	1259 : FF;
	1260 : E3;
	1261 : FF;
	1262 : F4;
	1263 : F4;
	1264 : F4;
	1265 : F4;
	1266 : F4;
	1267 : F4;
	1268 : F4;
	1269 : F4;
	1270 : F4;
	1271 : FF;
	1272 : FF;
	1273 : FF;
	1274 : F4;
	1275 : F4;
	1276 : F4;
	1277 : F4;
	1278 : F4;
	1279 : F4;
	1280 : F4;
	1281 : F4;
	1282 : FF;
	1283 : FF;
	1284 : FF;
	1285 : FF;
	1286 : F4;
	1287 : F4;
	1288 : F4;
	1289 : F4;
	1290 : F4;
	1291 : F4;
	1292 : F4;
	1293 : FF;
	1294 : F4;
	1295 : F4;
	1296 : F4;
	1297 : FF;
	1298 : E3;
	1299 : FF;
	1300 : FF;
	1301 : F4;
	1302 : F4;
	1303 : F4;
	1304 : FF;
	1305 : F4;
	1306 : F4;
	1307 : F4;
	1308 : F4;
	1309 : F4;
	1310 : F4;
	1311 : F4;
	1312 : F4;
	1313 : FF;
	1314 : E3;
	1315 : FF;
	1316 : F4;
	1317 : F4;
	1318 : F4;
	1319 : F4;
	1320 : F4;
	1321 : F4;
	1322 : F4;
	1323 : F4;
	1324 : F4;
	1325 : FF;
	1326 : FF;
	1327 : F4;
	1328 : F4;
	1329 : F4;
	1330 : F4;
	1331 : F4;
	1332 : F4;
	1333 : F4;
	1334 : F4;
	1335 : FF;
	1336 : FF;
	1337 : FF;
	1338 : FF;
	1339 : FF;
	1340 : FF;
	1341 : F4;
	1342 : F4;
	1343 : F4;
	1344 : F4;
	1345 : F4;
	1346 : F4;
	1347 : FF;
	1348 : FF;
	1349 : F4;
	1350 : F4;
	1351 : F4;
	1352 : F4;
	1353 : F4;
	1354 : F4;
	1355 : F4;
	1356 : F4;
	1357 : F4;
	1358 : FF;
	1359 : E3;
	1360 : FF;
	1361 : F4;
	1362 : F4;
	1363 : F4;
	1364 : F4;
	1365 : F4;
	1366 : F4;
	1367 : F4;
	1368 : F4;
	1369 : FF;
	1370 : FF;
	1371 : FF;
	1372 : F4;
	1373 : F4;
	1374 : F4;
	1375 : F4;
	1376 : F4;
	1377 : F4;
	1378 : F4;
	1379 : F4;
	1380 : F4;
	1381 : F4;
	1382 : FF;
	1383 : F4;
	1384 : F4;
	1385 : F4;
	1386 : F4;
	1387 : F4;
	1388 : F4;
	1389 : F4;
	1390 : F4;
	1391 : F4;
	1392 : FF;
	1393 : FF;
	1394 : F4;
	1395 : F4;
	1396 : F4;
	1397 : F4;
	1398 : F4;
	1399 : F4;
	1400 : F4;
	1401 : FF;
	1402 : E3;
	1403 : FF;
	1404 : F4;
	1405 : F4;
	1406 : F4;
	1407 : F4;
	1408 : F4;
	1409 : F4;
	1410 : F4;
	1411 : F4;
	1412 : F4;
	1413 : FF;
	1414 : FF;
	1415 : FF;
	1416 : F4;
	1417 : F4;
	1418 : F4;
	1419 : F4;
	1420 : F4;
	1421 : F4;
	1422 : F4;
	1423 : F4;
	1424 : FF;
	1425 : FF;
	1426 : FF;
	1427 : F4;
	1428 : F4;
	1429 : F4;
	1430 : F4;
	1431 : F4;
	1432 : F4;
	1433 : F4;
	1434 : F4;
	1435 : FF;
	1436 : F4;
	1437 : F4;
	1438 : F4;
	1439 : FF;
	1440 : E3;
	1441 : FF;
	1442 : FF;
	1443 : F4;
	1444 : F4;
	1445 : F4;
	1446 : FF;
	1447 : F4;
	1448 : F4;
	1449 : F4;
	1450 : F4;
	1451 : F4;
	1452 : F4;
	1453 : F4;
	1454 : F4;
	1455 : FF;
	1456 : E3;
	1457 : FF;
	1458 : F4;
	1459 : F4;
	1460 : F4;
	1461 : F4;
	1462 : F4;
	1463 : F4;
	1464 : F4;
	1465 : F4;
	1466 : F4;
	1467 : FF;
	1468 : F4;
	1469 : F4;
	1470 : F4;
	1471 : F4;
	1472 : F4;
	1473 : F4;
	1474 : F4;
	1475 : F4;
	1476 : F4;
	1477 : F4;
	1478 : FF;
	1479 : FF;
	1480 : FF;
	1481 : F4;
	1482 : F4;
	1483 : F4;
	1484 : FF;
	1485 : FF;
	1486 : FF;
	1487 : F4;
	1488 : F4;
	1489 : F4;
	1490 : FF;
	1491 : FF;
	1492 : FF;
	1493 : FF;
	1494 : F4;
	1495 : F4;
	1496 : F4;
	1497 : FF;
	1498 : FF;
	1499 : FF;
	1500 : FF;
	1501 : E3;
	1502 : FF;
	1503 : F4;
	1504 : F4;
	1505 : F4;
	1506 : FF;
	1507 : FF;
	1508 : FF;
	1509 : FF;
	1510 : F4;
	1511 : F4;
	1512 : F4;
	1513 : FF;
	1514 : F4;
	1515 : F4;
	1516 : F4;
	1517 : FF;
	1518 : FF;
	1519 : FF;
	1520 : FF;
	1521 : FF;
	1522 : FF;
	1523 : FF;
	1524 : FF;
	1525 : F4;
	1526 : F4;
	1527 : F4;
	1528 : FF;
	1529 : FF;
	1530 : FF;
	1531 : FF;
	1532 : FF;
	1533 : FF;
	1534 : FF;
	1535 : FF;
	1536 : FF;
	1537 : FF;
	1538 : F4;
	1539 : F4;
	1540 : FF;
	1541 : FF;
	1542 : FF;
	1543 : FF;
	1544 : E3;
	1545 : FF;
	1546 : F4;
	1547 : F4;
	1548 : F4;
	1549 : FF;
	1550 : FF;
	1551 : FF;
	1552 : FF;
	1553 : FF;
	1554 : FF;
	1555 : E3;
	1556 : E3;
	1557 : FF;
	1558 : FF;
	1559 : FF;
	1560 : F4;
	1561 : F4;
	1562 : F4;
	1563 : FF;
	1564 : FF;
	1565 : FF;
	1566 : FF;
	1567 : FF;
	1568 : F4;
	1569 : F4;
	1570 : F4;
	1571 : F4;
	1572 : FF;
	1573 : FF;
	1574 : FF;
	1575 : FF;
	1576 : FF;
	1577 : FF;
	1578 : F4;
	1579 : F4;
	1580 : F4;
	1581 : FF;
	1582 : FF;
	1583 : FF;
	1584 : FF;
	1585 : F4;
	1586 : F4;
	1587 : F4;
	1588 : FF;
	1589 : FF;
	1590 : FF;
	1591 : F4;
	1592 : F4;
	1593 : F4;
	1594 : FF;
	1595 : FF;
	1596 : FF;
	1597 : FF;
	1598 : E3;
	1599 : FF;
	1600 : F4;
	1601 : F4;
	1602 : F4;
	1603 : FF;
	1604 : FF;
	1605 : FF;
	1606 : FF;
	1607 : FF;
	1608 : FF;
	1609 : FF;
	1610 : F4;
	1611 : F4;
	1612 : F4;
	1613 : FF;
	1614 : FF;
	1615 : FF;
	1616 : FF;
	1617 : F4;
	1618 : F4;
	1619 : F4;
	1620 : F4;
	1621 : FF;
	1622 : FF;
	1623 : F4;
	1624 : F4;
	1625 : F4;
	1626 : FF;
	1627 : FF;
	1628 : FF;
	1629 : FF;
	1630 : FF;
	1631 : FF;
	1632 : FF;
	1633 : E3;
	1634 : E3;
	1635 : FF;
	1636 : F4;
	1637 : F0;
	1638 : F4;
	1639 : FF;
	1640 : FF;
	1641 : E3;
	1642 : E3;
	1643 : E3;
	1644 : FF;
	1645 : F4;
	1646 : F4;
	1647 : F4;
	1648 : FF;
	1649 : FF;
	1650 : FF;
	1651 : FF;
	1652 : F0;
	1653 : F4;
	1654 : F4;
	1655 : FF;
	1656 : F4;
	1657 : F4;
	1658 : F4;
	1659 : FF;
	1660 : FF;
	1661 : FF;
	1662 : FF;
	1663 : FF;
	1664 : E3;
	1665 : E3;
	1666 : FF;
	1667 : F4;
	1668 : F0;
	1669 : F4;
	1670 : FF;
	1671 : FF;
	1672 : FF;
	1673 : FF;
	1674 : FF;
	1675 : E3;
	1676 : E3;
	1677 : E3;
	1678 : E3;
	1679 : FF;
	1680 : F4;
	1681 : F4;
	1682 : FF;
	1683 : E3;
	1684 : E3;
	1685 : E3;
	1686 : E3;
	1687 : FF;
	1688 : F4;
	1689 : F4;
	1690 : F4;
	1691 : FF;
	1692 : FF;
	1693 : FF;
	1694 : FF;
	1695 : FF;
	1696 : FF;
	1697 : E3;
	1698 : E3;
	1699 : E3;
	1700 : E3;
	1701 : FF;
	1702 : F4;
	1703 : F4;
	1704 : F4;
	1705 : FF;
	1706 : FF;
	1707 : E3;
	1708 : FF;
	1709 : F4;
	1710 : F4;
	1711 : F4;
	1712 : F4;
	1713 : FF;
	1714 : FF;
	1715 : FF;
	1716 : FF;
	1717 : FF;
	1718 : FF;
	1719 : FF;
	1720 : F4;
	1721 : F4;
	1722 : F4;
	1723 : FF;
	1724 : FF;
	1725 : FF;
	1726 : FF;
	1727 : F4;
	1728 : F0;
	1729 : F4;
	1730 : FF;
	1731 : E3;
	1732 : FF;
	1733 : F4;
	1734 : F4;
	1735 : F4;
	1736 : FF;
	1737 : E3;
	1738 : E3;
	1739 : E3;
	1740 : E3;
	1741 : FF;
	1742 : F4;
	1743 : F0;
	1744 : F4;
	1745 : FF;
	1746 : FF;
	1747 : FF;
	1748 : FF;
	1749 : FF;
	1750 : FF;
	1751 : FF;
	1752 : F4;
	1753 : F4;
	1754 : F4;
	1755 : FF;
	1756 : FF;
	1757 : FF;
	1758 : FF;
	1759 : F4;
	1760 : F0;
	1761 : F0;
	1762 : F4;
	1763 : FF;
	1764 : FF;
	1765 : FF;
	1766 : EC;
	1767 : F0;
	1768 : C8;
	1769 : C8;
	1770 : C8;
	1771 : C8;
	1772 : C8;
	1773 : C8;
	1774 : FF;
	1775 : E3;
	1776 : E3;
	1777 : FF;
	1778 : F0;
	1779 : F0;
	1780 : F0;
	1781 : FF;
	1782 : FF;
	1783 : E3;
	1784 : E3;
	1785 : E3;
	1786 : FF;
	1787 : F0;
	1788 : F0;
	1789 : EC;
	1790 : FF;
	1791 : FF;
	1792 : FF;
	1793 : C8;
	1794 : EC;
	1795 : F5;
	1796 : F1;
	1797 : FF;
	1798 : F0;
	1799 : F0;
	1800 : F0;
	1801 : C8;
	1802 : C8;
	1803 : C8;
	1804 : C8;
	1805 : FF;
	1806 : E3;
	1807 : E3;
	1808 : FF;
	1809 : F1;
	1810 : F0;
	1811 : F0;
	1812 : C8;
	1813 : C8;
	1814 : C8;
	1815 : C8;
	1816 : FF;
	1817 : E3;
	1818 : E3;
	1819 : E3;
	1820 : E3;
	1821 : FF;
	1822 : F1;
	1823 : F1;
	1824 : FF;
	1825 : E3;
	1826 : E3;
	1827 : E3;
	1828 : E3;
	1829 : FF;
	1830 : F1;
	1831 : F0;
	1832 : F0;
	1833 : C8;
	1834 : C8;
	1835 : C8;
	1836 : C8;
	1837 : C8;
	1838 : FF;
	1839 : E3;
	1840 : E3;
	1841 : E3;
	1842 : E3;
	1843 : FF;
	1844 : F0;
	1845 : F0;
	1846 : F0;
	1847 : FF;
	1848 : FF;
	1849 : E3;
	1850 : FF;
	1851 : F4;
	1852 : F4;
	1853 : F0;
	1854 : F4;
	1855 : FF;
	1856 : FF;
	1857 : C8;
	1858 : C8;
	1859 : C8;
	1860 : C8;
	1861 : FF;
	1862 : F4;
	1863 : F0;
	1864 : EC;
	1865 : C8;
	1866 : C8;
	1867 : C8;
	1868 : C8;
	1869 : EC;
	1870 : F0;
	1871 : F0;
	1872 : FF;
	1873 : E3;
	1874 : FF;
	1875 : EC;
	1876 : F0;
	1877 : F0;
	1878 : FF;
	1879 : E3;
	1880 : E3;
	1881 : E3;
	1882 : E3;
	1883 : FF;
	1884 : EC;
	1885 : F0;
	1886 : F0;
	1887 : C8;
	1888 : C8;
	1889 : C8;
	1890 : C8;
	1891 : FF;
	1892 : FF;
	1893 : FF;
	1894 : EC;
	1895 : F0;
	1896 : F0;
	1897 : FF;
	1898 : FF;
	1899 : FF;
	1900 : C8;
	1901 : EC;
	1902 : EC;
	1903 : F0;
	1904 : EC;
	1905 : FF;
	1906 : E3;
	1907 : FF;
	1908 : FF;
	1909 : C8;
	1910 : C8;
	1911 : C8;
	1912 : C8;
	1913 : C8;
	1914 : C8;
	1915 : C8;
	1916 : FF;
	1917 : FF;
	1918 : E3;
	1919 : FF;
	1920 : C8;
	1921 : EC;
	1922 : C8;
	1923 : FF;
	1924 : FF;
	1925 : E3;
	1926 : E3;
	1927 : E3;
	1928 : FF;
	1929 : CC;
	1930 : EC;
	1931 : C8;
	1932 : C8;
	1933 : C8;
	1934 : C8;
	1935 : C8;
	1936 : C8;
	1937 : C8;
	1938 : CC;
	1939 : FF;
	1940 : F1;
	1941 : F1;
	1942 : EC;
	1943 : C8;
	1944 : C8;
	1945 : C8;
	1946 : C8;
	1947 : FB;
	1948 : E3;
	1949 : E3;
	1950 : FF;
	1951 : F1;
	1952 : EC;
	1953 : CC;
	1954 : C8;
	1955 : C8;
	1956 : C8;
	1957 : C8;
	1958 : FF;
	1959 : E3;
	1960 : E3;
	1961 : E3;
	1962 : E3;
	1963 : FF;
	1964 : F1;
	1965 : ED;
	1966 : FF;
	1967 : E3;
	1968 : E3;
	1969 : E3;
	1970 : E3;
	1971 : FF;
	1972 : EC;
	1973 : ED;
	1974 : C8;
	1975 : C8;
	1976 : C8;
	1977 : C8;
	1978 : C8;
	1979 : C8;
	1980 : FF;
	1981 : E3;
	1982 : E3;
	1983 : E3;
	1984 : E3;
	1985 : FF;
	1986 : ED;
	1987 : F1;
	1988 : EC;
	1989 : FF;
	1990 : FF;
	1991 : E3;
	1992 : FF;
	1993 : EC;
	1994 : F0;
	1995 : F0;
	1996 : EC;
	1997 : FF;
	1998 : FF;
	1999 : C8;
	2000 : CC;
	2001 : CC;
	2002 : C8;
	2003 : FF;
	2004 : F1;
	2005 : ED;
	2006 : EC;
	2007 : C8;
	2008 : C8;
	2009 : C8;
	2010 : C8;
	2011 : EC;
	2012 : F0;
	2013 : F0;
	2014 : FF;
	2015 : E3;
	2016 : FF;
	2017 : EC;
	2018 : ED;
	2019 : EC;
	2020 : FF;
	2021 : E3;
	2022 : E3;
	2023 : E3;
	2024 : E3;
	2025 : FF;
	2026 : CC;
	2027 : EC;
	2028 : CC;
	2029 : C8;
	2030 : C8;
	2031 : C8;
	2032 : C8;
	2033 : FF;
	2034 : FF;
	2035 : FF;
	2036 : CC;
	2037 : CC;
	2038 : CC;
	2039 : C8;
	2040 : C8;
	2041 : C8;
	2042 : C8;
	2043 : C8;
	2044 : C8;
	2045 : C8;
	2046 : C8;
	2047 : FF;
	2048 : E3;
	2049 : FF;
	2050 : FF;
	2051 : FF;
	2052 : FF;
	2053 : FF;
	2054 : FF;
	2055 : FF;
	2056 : C8;
	2057 : CD;
	2058 : CC;
	2059 : FF;
	2060 : E3;
	2061 : FF;
	2062 : CC;
	2063 : CC;
	2064 : CC;
	2065 : FF;
	2066 : FF;
	2067 : E3;
	2068 : E3;
	2069 : E3;
	2070 : FF;
	2071 : ED;
	2072 : C8;
	2073 : C8;
	2074 : C8;
	2075 : C8;
	2076 : C8;
	2077 : C8;
	2078 : FF;
	2079 : FF;
	2080 : FF;
	2081 : FF;
	2082 : EC;
	2083 : F0;
	2084 : CC;
	2085 : FF;
	2086 : FF;
	2087 : FF;
	2088 : FF;
	2089 : FF;
	2090 : E3;
	2091 : E3;
	2092 : FF;
	2093 : C8;
	2094 : CC;
	2095 : C8;
	2096 : FF;
	2097 : FF;
	2098 : FF;
	2099 : FF;
	2100 : FF;
	2101 : E3;
	2102 : E3;
	2103 : E3;
	2104 : E3;
	2105 : FF;
	2106 : CD;
	2107 : CD;
	2108 : FF;
	2109 : E3;
	2110 : E3;
	2111 : E3;
	2112 : E3;
	2113 : FF;
	2114 : CC;
	2115 : CD;
	2116 : FF;
	2117 : FF;
	2118 : FF;
	2119 : FF;
	2120 : FF;
	2121 : FF;
	2122 : FF;
	2123 : E3;
	2124 : E3;
	2125 : E3;
	2126 : E3;
	2127 : FF;
	2128 : C8;
	2129 : CC;
	2130 : C8;
	2131 : FF;
	2132 : FF;
	2133 : FF;
	2134 : FF;
	2135 : FF;
	2136 : C8;
	2137 : C8;
	2138 : C4;
	2139 : C4;
	2140 : FF;
	2141 : FF;
	2142 : C8;
	2143 : CC;
	2144 : C8;
	2145 : FF;
	2146 : F1;
	2147 : CD;
	2148 : C8;
	2149 : FF;
	2150 : FF;
	2151 : FF;
	2152 : FF;
	2153 : C8;
	2154 : EC;
	2155 : C8;
	2156 : FB;
	2157 : E3;
	2158 : FF;
	2159 : C8;
	2160 : CD;
	2161 : CC;
	2162 : FF;
	2163 : E3;
	2164 : E3;
	2165 : E3;
	2166 : E3;
	2167 : FF;
	2168 : C8;
	2169 : C8;
	2170 : C4;
	2171 : FF;
	2172 : FF;
	2173 : FF;
	2174 : FF;
	2175 : FF;
	2176 : FF;
	2177 : FF;
	2178 : ED;
	2179 : CC;
	2180 : C8;
	2181 : C8;
	2182 : C8;
	2183 : C8;
	2184 : C8;
	2185 : C8;
	2186 : FF;
	2187 : FF;
	2188 : FF;
	2189 : FF;
	2190 : FF;
	2191 : C4;
	2192 : C4;
	2193 : C4;
	2194 : FF;
	2195 : FF;
	2196 : FF;
	2197 : FF;
	2198 : C8;
	2199 : C8;
	2200 : C8;
	2201 : FB;
	2202 : E3;
	2203 : FF;
	2204 : CD;
	2205 : CC;
	2206 : C8;
	2207 : FF;
	2208 : FF;
	2209 : E3;
	2210 : E3;
	2211 : E3;
	2212 : FF;
	2213 : CD;
	2214 : C8;
	2215 : C4;
	2216 : C4;
	2217 : C8;
	2218 : C8;
	2219 : C8;
	2220 : C4;
	2221 : FF;
	2222 : FF;
	2223 : FF;
	2224 : C4;
	2225 : C4;
	2226 : C8;
	2227 : FF;
	2228 : FF;
	2229 : FF;
	2230 : FF;
	2231 : FF;
	2232 : FF;
	2233 : FF;
	2234 : FF;
	2235 : C4;
	2236 : C8;
	2237 : C4;
	2238 : FF;
	2239 : FF;
	2240 : FF;
	2241 : FF;
	2242 : FF;
	2243 : FF;
	2244 : FF;
	2245 : FF;
	2246 : E3;
	2247 : FF;
	2248 : C8;
	2249 : C4;
	2250 : FF;
	2251 : E3;
	2252 : E3;
	2253 : E3;
	2254 : E3;
	2255 : FF;
	2256 : C8;
	2257 : C4;
	2258 : FF;
	2259 : E3;
	2260 : E3;
	2261 : E3;
	2262 : E3;
	2263 : E3;
	2264 : E3;
	2265 : E3;
	2266 : FF;
	2267 : FF;
	2268 : FF;
	2269 : FF;
	2270 : C4;
	2271 : C8;
	2272 : C4;
	2273 : FF;
	2274 : FF;
	2275 : FF;
	2276 : FF;
	2277 : FF;
	2278 : C4;
	2279 : C4;
	2280 : C4;
	2281 : C4;
	2282 : FF;
	2283 : FF;
	2284 : C4;
	2285 : C4;
	2286 : C4;
	2287 : FF;
	2288 : C8;
	2289 : CC;
	2290 : C4;
	2291 : FF;
	2292 : E3;
	2293 : E3;
	2294 : FF;
	2295 : C4;
	2296 : C4;
	2297 : C4;
	2298 : FF;
	2299 : E3;
	2300 : FF;
	2301 : C4;
	2302 : C8;
	2303 : C8;
	2304 : FF;
	2305 : E3;
	2306 : E3;
	2307 : E3;
	2308 : E3;
	2309 : FF;
	2310 : C4;
	2311 : C4;
	2312 : C4;
	2313 : FF;
	2314 : FF;
	2315 : FF;
	2316 : FF;
	2317 : FF;
	2318 : FF;
	2319 : FF;
	2320 : C8;
	2321 : C8;
	2322 : C4;
	2323 : C8;
	2324 : C4;
	2325 : C4;
	2326 : C4;
	2327 : C4;
	2328 : C4;
	2329 : FF;
	2330 : FF;
	2331 : E3;
	2332 : FF;
	2333 : C4;
	2334 : C4;
	2335 : C4;
	2336 : C4;
	2337 : C4;
	2338 : C4;
	2339 : C4;
	2340 : C4;
	2341 : C4;
	2342 : C4;
	2343 : FF;
	2344 : E3;
	2345 : FF;
	2346 : C4;
	2347 : C4;
	2348 : C4;
	2349 : FF;
	2350 : FF;
	2351 : E3;
	2352 : E3;
	2353 : E3;
	2354 : FF;
	2355 : C4;
	2356 : C4;
	2357 : C4;
	2358 : FF;
	2359 : C4;
	2360 : C4;
	2361 : C4;
	2362 : C4;
	2363 : C4;
	2364 : FF;
	2365 : FF;
	2366 : C4;
	2367 : C4;
	2368 : C4;
	2369 : C4;
	2370 : C4;
	2371 : C4;
	2372 : C4;
	2373 : C4;
	2374 : C4;
	2375 : C4;
	2376 : FF;
	2377 : C4;
	2378 : C4;
	2379 : C4;
	2380 : C4;
	2381 : C4;
	2382 : C4;
	2383 : C4;
	2384 : C4;
	2385 : C4;
	2386 : FF;
	2387 : FF;
	2388 : E3;
	2389 : FF;
	2390 : C4;
	2391 : C4;
	2392 : FF;
	2393 : E3;
	2394 : E3;
	2395 : E3;
	2396 : E3;
	2397 : FF;
	2398 : C4;
	2399 : C4;
	2400 : FF;
	2401 : E3;
	2402 : E3;
	2403 : E3;
	2404 : E3;
	2405 : E3;
	2406 : E3;
	2407 : E3;
	2408 : FF;
	2409 : C4;
	2410 : C4;
	2411 : C4;
	2412 : C4;
	2413 : C4;
	2414 : C4;
	2415 : C4;
	2416 : C4;
	2417 : C4;
	2418 : FF;
	2419 : FF;
	2420 : FF;
	2421 : C4;
	2422 : C4;
	2423 : C4;
	2424 : C4;
	2425 : C4;
	2426 : C4;
	2427 : C4;
	2428 : C4;
	2429 : FF;
	2430 : C4;
	2431 : C4;
	2432 : C4;
	2433 : FF;
	2434 : E3;
	2435 : E3;
	2436 : FF;
	2437 : C4;
	2438 : C4;
	2439 : C4;
	2440 : FF;
	2441 : E3;
	2442 : FF;
	2443 : C4;
	2444 : C4;
	2445 : C4;
	2446 : FF;
	2447 : E3;
	2448 : E3;
	2449 : E3;
	2450 : E3;
	2451 : FF;
	2452 : C4;
	2453 : C4;
	2454 : C4;
	2455 : C4;
	2456 : C4;
	2457 : C4;
	2458 : C4;
	2459 : C4;
	2460 : C4;
	2461 : FF;
	2462 : C4;
	2463 : C4;
	2464 : C4;
	2465 : C4;
	2466 : FF;
	2467 : C4;
	2468 : C4;
	2469 : C4;
	2470 : C4;
	2471 : C4;
	2472 : FF;
	2473 : E3;
	2474 : FF;
	2475 : FF;
	2476 : FF;
	2477 : C4;
	2478 : C4;
	2479 : C4;
	2480 : C4;
	2481 : C4;
	2482 : C4;
	2483 : C4;
	2484 : FF;
	2485 : FF;
	2486 : E3;
	2487 : FF;
	2488 : C4;
	2489 : C4;
	2490 : C4;
	2491 : FF;
	2492 : FF;
	2493 : E3;
	2494 : E3;
	2495 : E3;
	2496 : FF;
	2497 : C4;
	2498 : C4;
	2499 : C4;
	2500 : FF;
	2501 : FF;
	2502 : FF;
	2503 : C4;
	2504 : C4;
	2505 : C4;
	2506 : C4;
	2507 : FF;
	2508 : C4;
	2509 : C4;
	2510 : C4;
	2511 : C4;
	2512 : C4;
	2513 : C4;
	2514 : C4;
	2515 : C4;
	2516 : C4;
	2517 : C4;
	2518 : FF;
	2519 : C4;
	2520 : C4;
	2521 : C4;
	2522 : C4;
	2523 : C4;
	2524 : C4;
	2525 : C4;
	2526 : C4;
	2527 : C4;
	2528 : FF;
	2529 : FF;
	2530 : E3;
	2531 : FF;
	2532 : C4;
	2533 : C4;
	2534 : FF;
	2535 : E3;
	2536 : E3;
	2537 : E3;
	2538 : E3;
	2539 : FF;
	2540 : C4;
	2541 : C4;
	2542 : FF;
	2543 : E3;
	2544 : E3;
	2545 : E3;
	2546 : E3;
	2547 : E3;
	2548 : E3;
	2549 : E3;
	2550 : FF;
	2551 : C4;
	2552 : C4;
	2553 : C4;
	2554 : C4;
	2555 : C4;
	2556 : C4;
	2557 : C4;
	2558 : C4;
	2559 : C4;
	2560 : FF;
	2561 : FF;
	2562 : FF;
	2563 : FF;
	2564 : C4;
	2565 : C4;
	2566 : C4;
	2567 : C4;
	2568 : C4;
	2569 : C4;
	2570 : C4;
	2571 : FF;
	2572 : C4;
	2573 : C4;
	2574 : C4;
	2575 : FF;
	2576 : E3;
	2577 : E3;
	2578 : FF;
	2579 : C4;
	2580 : C4;
	2581 : C4;
	2582 : FF;
	2583 : E3;
	2584 : FF;
	2585 : C4;
	2586 : C4;
	2587 : C4;
	2588 : FF;
	2589 : E3;
	2590 : E3;
	2591 : E3;
	2592 : E3;
	2593 : FF;
	2594 : C4;
	2595 : C4;
	2596 : C4;
	2597 : C4;
	2598 : C4;
	2599 : C4;
	2600 : C4;
	2601 : C4;
	2602 : C4;
	2603 : FF;
	2604 : C4;
	2605 : C4;
	2606 : C4;
	2607 : C4;
	2608 : FF;
	2609 : FF;
	2610 : C4;
	2611 : C4;
	2612 : C4;
	2613 : C4;
	2614 : FF;
	2615 : E3;
	2616 : E3;
	2617 : E3;
	2618 : FF;
	2619 : FF;
	2620 : FF;
	2621 : FF;
	2622 : FF;
	2623 : FF;
	2624 : FF;
	2625 : FF;
	2626 : FF;
	2627 : E3;
	2628 : E3;
	2629 : FF;
	2630 : FF;
	2631 : FF;
	2632 : FF;
	2633 : FF;
	2634 : FF;
	2635 : E3;
	2636 : E3;
	2637 : E3;
	2638 : FF;
	2639 : FF;
	2640 : FF;
	2641 : FF;
	2642 : FF;
	2643 : E3;
	2644 : FF;
	2645 : FF;
	2646 : FF;
	2647 : FF;
	2648 : FF;
	2649 : FF;
	2650 : FF;
	2651 : FF;
	2652 : FF;
	2653 : FF;
	2654 : FF;
	2655 : FF;
	2656 : FF;
	2657 : FF;
	2658 : FF;
	2659 : FF;
	2660 : FF;
	2661 : FF;
	2662 : FF;
	2663 : FF;
	2664 : FF;
	2665 : FF;
	2666 : FF;
	2667 : FF;
	2668 : FF;
	2669 : FF;
	2670 : FF;
	2671 : FF;
	2672 : E3;
	2673 : FF;
	2674 : FF;
	2675 : FF;
	2676 : FF;
	2677 : E3;
	2678 : E3;
	2679 : E3;
	2680 : E3;
	2681 : FF;
	2682 : FF;
	2683 : FF;
	2684 : FF;
	2685 : E3;
	2686 : E3;
	2687 : E3;
	2688 : E3;
	2689 : E3;
	2690 : E3;
	2691 : E3;
	2692 : FF;
	2693 : FF;
	2694 : FF;
	2695 : FF;
	2696 : FF;
	2697 : FF;
	2698 : FF;
	2699 : FF;
	2700 : FF;
	2701 : FF;
	2702 : FF;
	2703 : E3;
	2704 : E3;
	2705 : FF;
	2706 : FF;
	2707 : FF;
	2708 : FF;
	2709 : FF;
	2710 : FF;
	2711 : FF;
	2712 : FF;
	2713 : FF;
	2714 : FF;
	2715 : FF;
	2716 : FF;
	2717 : FF;
	2718 : E3;
	2719 : E3;
	2720 : FF;
	2721 : FF;
	2722 : FF;
	2723 : FF;
	2724 : FF;
	2725 : E3;
	2726 : FF;
	2727 : FF;
	2728 : FF;
	2729 : FF;
	2730 : FF;
	2731 : E3;
	2732 : E3;
	2733 : E3;
	2734 : E3;
	2735 : FF;
	2736 : FF;
	2737 : FF;
	2738 : FF;
	2739 : FF;
	2740 : FF;
	2741 : FF;
	2742 : FF;
	2743 : FF;
	2744 : FF;
	2745 : FF;
	2746 : FF;
	2747 : FF;
	2748 : FF;
	2749 : FF;
	2750 : FF;
	2751 : FF;
	2752 : FF;
	2753 : FF;
	2754 : FF;
	2755 : FF;
	2756 : FF;
	2757 : E3;
	2758 : E3;
	2759 : E3;
	2760 : E3;
	2761 : E3;
	2762 : E3;
	2763 : E3;
	2764 : E3;
	2765 : E3;
	2766 : E3;
	2767 : E3;
	2768 : E3;
	2769 : E3;
	2770 : E3;
	2771 : E3;
	2772 : E3;
	2773 : E3;
	2774 : E3;
	2775 : E3;
	2776 : E3;
	2777 : E3;
	2778 : E3;
	2779 : E3;
	2780 : E3;
	2781 : E3;
	2782 : E3;
	2783 : E3;
	2784 : E3;
	2785 : E3;
	2786 : E3;
	2787 : E3;
	2788 : E3;
	2789 : E3;
	2790 : E3;
	2791 : E3;
	2792 : E3;
	2793 : E3;
	2794 : E3;
	2795 : E3;
	2796 : E3;
	2797 : E3;
	2798 : E3;
	2799 : E3;
	2800 : E3;
	2801 : E3;
	2802 : E3;
	2803 : E3;
	2804 : E3;
	2805 : E3;
	2806 : E3;
	2807 : E3;
	2808 : E3;
	2809 : E3;
	2810 : E3;
	2811 : E3;
	2812 : E3;
	2813 : E3;
	2814 : E3;
	2815 : E3;
	2816 : E3;
	2817 : E3;
	2818 : E3;
	2819 : E3;
	2820 : E3;
	2821 : E3;
	2822 : E3;
	2823 : E3;
	2824 : E3;
	2825 : E3;
	2826 : E3;
	2827 : E3;
	2828 : E3;
	2829 : E3;
	2830 : E3;
	2831 : E3;
	2832 : E3;
	2833 : E3;
	2834 : E3;
	2835 : E3;
	2836 : E3;
	2837 : E3;
	2838 : E3;
	2839 : E3;
	2840 : E3;
	2841 : E3;
	2842 : E3;
	2843 : E3;
	2844 : E3;
	2845 : E3;
	2846 : E3;
	2847 : E3;
	2848 : E3;
	2849 : E3;
	2850 : E3;
	2851 : E3;
	2852 : E3;
	2853 : E3;
	2854 : E3;
	2855 : E3;
	2856 : E3;
	2857 : E3;
	2858 : E3;
	2859 : E3;
	2860 : E3;
	2861 : E3;
	2862 : E3;
	2863 : E3;
	2864 : E3;
	2865 : E3;
	2866 : E3;
	2867 : E3;
	2868 : E3;
	2869 : E3;
	2870 : E3;
	2871 : E3;
	2872 : E3;
	2873 : E3;
	2874 : E3;
	2875 : E3;
	2876 : E3;
	2877 : E3;
	2878 : E3;
	2879 : E3;
	2880 : E3;
	2881 : E3;
	2882 : E3;
	2883 : E3;
	2884 : E3;
	2885 : E3;
	2886 : E3;
	2887 : E3;
	2888 : E3;
	2889 : E3;
	2890 : E3;
	2891 : E3;
	2892 : E3;
	2893 : E3;
	2894 : E3;
	2895 : E3;
	2896 : E3;
	2897 : E3;
	2898 : E3;
	2899 : E3;
	2900 : E3;
	2901 : E3;
	2902 : E3;
	2903 : E3;
	2904 : E3;
	2905 : E3;
	2906 : E3;
	2907 : E3;
	2908 : E3;
	2909 : E3;
	2910 : E3;
	2911 : E3;
	2912 : E3;
	2913 : E3;
	2914 : E3;
	2915 : E3;
	2916 : E3;
	2917 : E3;
	2918 : E3;
	2919 : E3;
	2920 : E3;
	2921 : E3;
	2922 : E3;
	2923 : E3;
	2924 : E3;
	2925 : E3;
	2926 : E3;
	2927 : E3;
	2928 : E3;
	2929 : E3;
	2930 : E3;
	2931 : E3;
	2932 : E3;
	2933 : E3;
	2934 : E3;
	2935 : E3;
	2936 : E3;
	2937 : E3;
	2938 : E3;
	2939 : E3;
	2940 : E3;
	2941 : E3;
	2942 : E3;
	2943 : E3;
	2944 : E3;
	2945 : E3;
	2946 : E3;
	2947 : E3;
	2948 : E3;
	2949 : E3;
	2950 : E3;
	2951 : E3;
	2952 : E3;
	2953 : E3;
	2954 : E3;
	2955 : E3;
	2956 : E3;
	2957 : E3;
	2958 : E3;
	2959 : E3;
	2960 : E3;
	2961 : E3;
	2962 : E3;
	2963 : E3;
	2964 : E3;
	2965 : E3;
	2966 : E3;
	2967 : E3;
	2968 : E3;
	2969 : E3;
	2970 : E3;
	2971 : E3;
	2972 : E3;
	2973 : E3;
	2974 : E3;
	2975 : E3;
	2976 : E3;
	2977 : E3;
	2978 : E3;
	2979 : E3;
	2980 : E3;
	2981 : E3;
	2982 : E3;
	2983 : E3;
	2984 : E3;
	2985 : E3;
	2986 : E3;
	2987 : E3;
	2988 : E3;
	2989 : E3;
	2990 : E3;
	2991 : E3;
	2992 : E3;
	2993 : E3;
	2994 : E3;
	2995 : E3;
	2996 : E3;
	2997 : E3;
	2998 : E3;
	2999 : E3;
	3000 : E3;
	3001 : E3;
	3002 : E3;
	3003 : E3;
	3004 : E3;
	3005 : E3;
	3006 : E3;
	3007 : E3;
	3008 : E3;
	3009 : E3;
	3010 : E3;
	3011 : E3;
	3012 : E3;
	3013 : E3;
	3014 : E3;
	3015 : E3;
	3016 : E3;
	3017 : E3;
	3018 : E3;
	3019 : E3;
	3020 : E3;
	3021 : E3;
	3022 : E3;
	3023 : E3;
	3024 : E3;
	3025 : E3;
	3026 : E3;
	3027 : E3;
	3028 : E3;
	3029 : E3;
	3030 : E3;
	3031 : E3;
	3032 : E3;
	3033 : E3;
	3034 : E3;
	3035 : E3;
	3036 : E3;
	3037 : E3;
	3038 : E3;
	3039 : E3;
	3040 : E3;
	3041 : E3;
	3042 : E3;
	3043 : E3;
	3044 : E3;
	3045 : E3;
	3046 : E3;
	3047 : E3;
	3048 : E3;
	3049 : E3;
	3050 : E3;
	3051 : E3;
	3052 : E3;
	3053 : E3;
	3054 : E3;
	3055 : E3;
	3056 : E3;
	3057 : E3;
	3058 : E3;
	3059 : E3;
	3060 : E3;
	3061 : E3;
	3062 : E3;
	3063 : E3;
	3064 : E3;
	3065 : E3;
	3066 : E3;
	3067 : E3;
	3068 : E3;
	3069 : E3;
	3070 : E3;
	3071 : E3;
	3072 : E3;
	3073 : E3;
	3074 : E3;
	3075 : E3;
	3076 : E3;
	3077 : E3;
	3078 : E3;
	3079 : E3;
	3080 : E3;
	3081 : E3;
	3082 : E3;
	3083 : E3;
	3084 : E3;
	3085 : E3;
	3086 : E3;
	3087 : E3;
	3088 : E3;
	3089 : E3;
	3090 : E3;
	3091 : E3;
	3092 : E3;
	3093 : E3;
	3094 : E3;
	3095 : E3;
	3096 : E3;
	3097 : E3;
	3098 : E3;
	3099 : E3;
	3100 : E3;
	3101 : E3;
	3102 : E3;
	3103 : E3;
	3104 : E3;
	3105 : E3;
	3106 : E3;
	3107 : E3;
	3108 : E3;
	3109 : E3;
	3110 : E3;
	3111 : E3;
	3112 : E3;
	3113 : E3;
	3114 : E3;
	3115 : E3;
	3116 : E3;
	3117 : E3;
	3118 : E3;
	3119 : E3;
	3120 : E3;
	3121 : E3;
	3122 : E3;
	3123 : E3;
	3124 : E3;
	3125 : E3;
	3126 : E3;
	3127 : E3;
	3128 : E3;
	3129 : E3;
	3130 : E3;
	3131 : E3;
	3132 : E3;
	3133 : E3;
	3134 : E3;
	3135 : E3;
	3136 : E3;
	3137 : E3;
	3138 : E3;
	3139 : E3;
	3140 : E3;
	3141 : E3;
	3142 : E3;
	3143 : E3;
	3144 : E3;
	3145 : E3;
	3146 : E3;
	3147 : E3;
	3148 : E3;
	3149 : E3;
	3150 : E3;
	3151 : E3;
	3152 : E3;
	3153 : E3;
	3154 : E3;
	3155 : E3;
	3156 : E3;
	3157 : E3;
	3158 : E3;
	3159 : E3;
	3160 : E3;
	3161 : E3;
	3162 : E3;
	3163 : E3;
	3164 : E3;
	3165 : E3;
	3166 : E3;
	3167 : E3;
	3168 : E3;
	3169 : E3;
	3170 : E3;
	3171 : E3;
	3172 : E3;
	3173 : E3;
	3174 : E3;
	3175 : E3;
	3176 : E3;
	3177 : E3;
	3178 : E3;
	3179 : E3;
	3180 : E3;
	3181 : E3;
	3182 : E3;
	3183 : E3;
	3184 : E3;
	3185 : E3;
	3186 : E3;
	3187 : E3;
	3188 : E3;
	3189 : E3;
	3190 : E3;
	3191 : E3;
	3192 : E3;
	3193 : E3;
	3194 : E3;
	3195 : E3;
	3196 : E3;
	3197 : E3;
	3198 : E3;
	3199 : E3;
	3200 : E3;
	3201 : E3;
	3202 : E3;
	3203 : E3;
	3204 : E3;
	3205 : E3;
	3206 : E3;
	3207 : E3;
	3208 : E3;
	3209 : E3;
	3210 : E3;
	3211 : E3;
	3212 : E3;
	3213 : E3;
	3214 : E3;
	3215 : E3;
	3216 : E3;
	3217 : E3;
	3218 : E3;
	3219 : E3;
	3220 : E3;
	3221 : E3;
	3222 : E3;
	3223 : E3;
	3224 : E3;
	3225 : E3;
	3226 : E3;
	3227 : E3;
	3228 : E3;
	3229 : E3;
	3230 : E3;
	3231 : E3;
	3232 : E3;
	3233 : E3;
	3234 : E3;
	3235 : E3;
	3236 : E3;
	3237 : E3;
	3238 : E3;
	3239 : E3;
	3240 : E3;
	3241 : E3;
	3242 : E3;
	3243 : E3;
	3244 : E3;
	3245 : E3;
	3246 : E3;
	3247 : E3;
	3248 : E3;
	3249 : E3;
	3250 : E3;
	3251 : E3;
	3252 : E3;
	3253 : E3;
	3254 : E3;
	3255 : E3;
	3256 : E3;
	3257 : E3;
	3258 : E3;
	3259 : E3;
	3260 : E3;
	3261 : E3;
	3262 : E3;
	3263 : E3;
	3264 : E3;
	3265 : E3;
	3266 : E3;
	3267 : E3;
	3268 : E3;
	3269 : E3;
	3270 : E3;
	3271 : E3;
	3272 : E3;
	3273 : E3;
	3274 : E3;
	3275 : E3;
	3276 : E3;
	3277 : E3;
	3278 : E3;
	3279 : E3;
	3280 : E3;
	3281 : E3;
	3282 : E3;
	3283 : E3;
	3284 : E3;
	3285 : E3;
	3286 : E3;
	3287 : E3;
	3288 : E3;
	3289 : E3;
	3290 : E3;
	3291 : E3;
	3292 : E3;
	3293 : E3;
	3294 : E3;
	3295 : E3;
	3296 : E3;
	3297 : E3;
	3298 : E3;
	3299 : E3;
	3300 : E3;
	3301 : E3;
	3302 : E3;
	3303 : E3;
	3304 : E3;
	3305 : E3;
	3306 : E3;
	3307 : E3;
	3308 : E3;
	3309 : E3;
	3310 : E3;
	3311 : E3;
	3312 : E3;
	3313 : E3;
	3314 : E3;
	3315 : E3;
	3316 : E3;
	3317 : E3;
	3318 : E3;
	3319 : E3;
	3320 : E3;
	3321 : E3;
	3322 : E3;
	3323 : E3;
	3324 : E3;
	3325 : E3;
	3326 : E3;
	3327 : E3;
	3328 : E3;
	3329 : E3;
	3330 : E3;
	3331 : E3;
	3332 : E3;
	3333 : E3;
	3334 : E3;
	3335 : E3;
	3336 : E3;
	3337 : E3;
	3338 : E3;
	3339 : E3;
	3340 : E3;
	3341 : E3;
	3342 : E3;
	3343 : E3;
	3344 : E3;
	3345 : E3;
	3346 : E3;
	3347 : E3;
	3348 : E3;
	3349 : E3;
	3350 : E3;
	3351 : E3;
	3352 : E3;
	3353 : E3;
	3354 : E3;
	3355 : E3;
	3356 : E3;
	3357 : E3;
	3358 : E3;
	3359 : E3;
	3360 : E3;
	3361 : E3;
	3362 : E3;
	3363 : E3;
	3364 : E3;
	3365 : E3;
	3366 : E3;
	3367 : E3;
	3368 : E3;
	3369 : E3;
	3370 : E3;
	3371 : E3;
	3372 : E3;
	3373 : E3;
	3374 : E3;
	3375 : E3;
	3376 : E3;
	3377 : E3;
	3378 : E3;
	3379 : E3;
	3380 : E3;
	3381 : FF;
	3382 : FF;
	3383 : FF;
	3384 : FF;
	3385 : FF;
	3386 : FF;
	3387 : FF;
	3388 : FF;
	3389 : FF;
	3390 : FF;
	3391 : FF;
	3392 : FF;
	3393 : FF;
	3394 : FF;
	3395 : FF;
	3396 : FF;
	3397 : FF;
	3398 : FF;
	3399 : FF;
	3400 : FF;
	3401 : FF;
	3402 : FF;
	3403 : FF;
	3404 : FF;
	3405 : FF;
	3406 : FF;
	3407 : FF;
	3408 : FF;
	3409 : FF;
	3410 : FF;
	3411 : FF;
	3412 : FF;
	3413 : E3;
	3414 : E3;
	3415 : E3;
	3416 : E3;
	3417 : E3;
	3418 : E3;
	3419 : E3;
	3420 : E3;
	3421 : E3;
	3422 : E3;
	3423 : E3;
	3424 : E3;
	3425 : E3;
	3426 : E3;
	3427 : E3;
	3428 : E3;
	3429 : E3;
	3430 : E3;
	3431 : E3;
	3432 : E3;
	3433 : E3;
	3434 : E3;
	3435 : E3;
	3436 : E3;
	3437 : E3;
	3438 : E3;
	3439 : E3;
	3440 : E3;
	3441 : E3;
	3442 : E3;
	3443 : E3;
	3444 : E3;
	3445 : E3;
	3446 : E3;
	3447 : E3;
	3448 : E3;
	3449 : E3;
	3450 : E3;
	3451 : E3;
	3452 : E3;
	3453 : E3;
	3454 : E3;
	3455 : E3;
	3456 : E3;
	3457 : E3;
	3458 : E3;
	3459 : E3;
	3460 : E3;
	3461 : E3;
	3462 : E3;
	3463 : E3;
	3464 : E3;
	3465 : E3;
	3466 : E3;
	3467 : E3;
	3468 : E3;
	3469 : E3;
	3470 : E3;
	3471 : E3;
	3472 : E3;
	3473 : E3;
	3474 : E3;
	3475 : E3;
	3476 : E3;
	3477 : E3;
	3478 : E3;
	3479 : E3;
	3480 : E3;
	3481 : E3;
	3482 : E3;
	3483 : E3;
	3484 : E3;
	3485 : E3;
	3486 : E3;
	3487 : E3;
	3488 : E3;
	3489 : E3;
	3490 : E3;
	3491 : E3;
	3492 : E3;
	3493 : E3;
	3494 : E3;
	3495 : E3;
	3496 : E3;
	3497 : E3;
	3498 : E3;
	3499 : E3;
	3500 : E3;
	3501 : E3;
	3502 : E3;
	3503 : E3;
	3504 : E3;
	3505 : E3;
	3506 : E3;
	3507 : E3;
	3508 : E3;
	3509 : E3;
	3510 : E3;
	3511 : E3;
	3512 : E3;
	3513 : E3;
	3514 : E3;
	3515 : E3;
	3516 : E3;
	3517 : E3;
	3518 : E3;
	3519 : E3;
	3520 : E3;
	3521 : E3;
	3522 : E3;
	3523 : FF;
	3524 : F4;
	3525 : F4;
	3526 : F4;
	3527 : F4;
	3528 : F4;
	3529 : F4;
	3530 : F4;
	3531 : F4;
	3532 : F4;
	3533 : FF;
	3534 : F4;
	3535 : F4;
	3536 : F4;
	3537 : F4;
	3538 : F4;
	3539 : F4;
	3540 : F4;
	3541 : F4;
	3542 : F4;
	3543 : F4;
	3544 : FF;
	3545 : F4;
	3546 : F4;
	3547 : F4;
	3548 : F4;
	3549 : F4;
	3550 : F4;
	3551 : F4;
	3552 : F4;
	3553 : F4;
	3554 : FF;
	3555 : E3;
	3556 : E3;
	3557 : E3;
	3558 : E3;
	3559 : E3;
	3560 : E3;
	3561 : E3;
	3562 : E3;
	3563 : E3;
	3564 : E3;
	3565 : E3;
	3566 : E3;
	3567 : E3;
	3568 : E3;
	3569 : E3;
	3570 : E3;
	3571 : E3;
	3572 : E3;
	3573 : E3;
	3574 : E3;
	3575 : E3;
	3576 : E3;
	3577 : E3;
	3578 : E3;
	3579 : E3;
	3580 : E3;
	3581 : E3;
	3582 : E3;
	3583 : E3;
	3584 : E3;
	3585 : E3;
	3586 : E3;
	3587 : E3;
	3588 : E3;
	3589 : E3;
	3590 : E3;
	3591 : E3;
	3592 : E3;
	3593 : E3;
	3594 : E3;
	3595 : E3;
	3596 : E3;
	3597 : E3;
	3598 : E3;
	3599 : E3;
	3600 : E3;
	3601 : E3;
	3602 : E3;
	3603 : E3;
	3604 : E3;
	3605 : E3;
	3606 : E3;
	3607 : E3;
	3608 : E3;
	3609 : E3;
	3610 : E3;
	3611 : E3;
	3612 : E3;
	3613 : E3;
	3614 : E3;
	3615 : E3;
	3616 : E3;
	3617 : E3;
	3618 : E3;
	3619 : E3;
	3620 : E3;
	3621 : E3;
	3622 : E3;
	3623 : E3;
	3624 : E3;
	3625 : E3;
	3626 : E3;
	3627 : E3;
	3628 : E3;
	3629 : E3;
	3630 : E3;
	3631 : E3;
	3632 : E3;
	3633 : E3;
	3634 : E3;
	3635 : E3;
	3636 : E3;
	3637 : E3;
	3638 : E3;
	3639 : E3;
	3640 : E3;
	3641 : E3;
	3642 : E3;
	3643 : E3;
	3644 : E3;
	3645 : E3;
	3646 : E3;
	3647 : E3;
	3648 : E3;
	3649 : E3;
	3650 : E3;
	3651 : E3;
	3652 : E3;
	3653 : E3;
	3654 : E3;
	3655 : E3;
	3656 : E3;
	3657 : E3;
	3658 : E3;
	3659 : E3;
	3660 : E3;
	3661 : E3;
	3662 : E3;
	3663 : E3;
	3664 : E3;
	3665 : FF;
	3666 : F4;
	3667 : F4;
	3668 : F4;
	3669 : F4;
	3670 : F4;
	3671 : F4;
	3672 : F4;
	3673 : F4;
	3674 : FB;
	3675 : FF;
	3676 : F4;
	3677 : F4;
	3678 : F4;
	3679 : F4;
	3680 : F4;
	3681 : F4;
	3682 : F4;
	3683 : F4;
	3684 : F4;
	3685 : F4;
	3686 : FF;
	3687 : F4;
	3688 : F4;
	3689 : F4;
	3690 : F4;
	3691 : F4;
	3692 : F4;
	3693 : F4;
	3694 : F4;
	3695 : F4;
	3696 : FF;
	3697 : E3;
	3698 : E3;
	3699 : E3;
	3700 : E3;
	3701 : E3;
	3702 : E3;
	3703 : E3;
	3704 : E3;
	3705 : E3;
	3706 : E3;
	3707 : E3;
	3708 : E3;
	3709 : E3;
	3710 : E3;
	3711 : E3;
	3712 : E3;
	3713 : E3;
	3714 : E3;
	3715 : E3;
	3716 : E3;
	3717 : E3;
	3718 : E3;
	3719 : E3;
	3720 : E3;
	3721 : E3;
	3722 : E3;
	3723 : E3;
	3724 : E3;
	3725 : E3;
	3726 : E3;
	3727 : E3;
	3728 : E3;
	3729 : E3;
	3730 : E3;
	3731 : E3;
	3732 : E3;
	3733 : E3;
	3734 : E3;
	3735 : E3;
	3736 : E3;
	3737 : E3;
	3738 : E3;
	3739 : E3;
	3740 : E3;
	3741 : E3;
	3742 : E3;
	3743 : E3;
	3744 : E3;
	3745 : E3;
	3746 : E3;
	3747 : E3;
	3748 : E3;
	3749 : E3;
	3750 : E3;
	3751 : E3;
	3752 : E3;
	3753 : E3;
	3754 : E3;
	3755 : E3;
	3756 : E3;
	3757 : E3;
	3758 : E3;
	3759 : E3;
	3760 : E3;
	3761 : E3;
	3762 : E3;
	3763 : E3;
	3764 : E3;
	3765 : E3;
	3766 : E3;
	3767 : E3;
	3768 : E3;
	3769 : E3;
	3770 : E3;
	3771 : E3;
	3772 : E3;
	3773 : E3;
	3774 : E3;
	3775 : E3;
	3776 : E3;
	3777 : E3;
	3778 : E3;
	3779 : E3;
	3780 : E3;
	3781 : E3;
	3782 : E3;
	3783 : E3;
	3784 : E3;
	3785 : E3;
	3786 : E3;
	3787 : E3;
	3788 : E3;
	3789 : E3;
	3790 : E3;
	3791 : E3;
	3792 : E3;
	3793 : E3;
	3794 : E3;
	3795 : E3;
	3796 : E3;
	3797 : E3;
	3798 : E3;
	3799 : E3;
	3800 : E3;
	3801 : E3;
	3802 : E3;
	3803 : E3;
	3804 : E3;
	3805 : E3;
	3806 : E3;
	3807 : FF;
	3808 : FF;
	3809 : FF;
	3810 : FF;
	3811 : FF;
	3812 : F0;
	3813 : F0;
	3814 : F4;
	3815 : FF;
	3816 : E3;
	3817 : FF;
	3818 : F4;
	3819 : F4;
	3820 : F4;
	3821 : FF;
	3822 : FF;
	3823 : FF;
	3824 : F4;
	3825 : F0;
	3826 : F4;
	3827 : FF;
	3828 : FF;
	3829 : FF;
	3830 : FF;
	3831 : FF;
	3832 : FF;
	3833 : FF;
	3834 : F0;
	3835 : F0;
	3836 : F4;
	3837 : FF;
	3838 : FF;
	3839 : E3;
	3840 : E3;
	3841 : E3;
	3842 : E3;
	3843 : E3;
	3844 : E3;
	3845 : E3;
	3846 : E3;
	3847 : E3;
	3848 : E3;
	3849 : E3;
	3850 : E3;
	3851 : E3;
	3852 : E3;
	3853 : E3;
	3854 : E3;
	3855 : E3;
	3856 : E3;
	3857 : E3;
	3858 : E3;
	3859 : E3;
	3860 : E3;
	3861 : E3;
	3862 : E3;
	3863 : E3;
	3864 : E3;
	3865 : E3;
	3866 : E3;
	3867 : E3;
	3868 : E3;
	3869 : E3;
	3870 : E3;
	3871 : E3;
	3872 : E3;
	3873 : E3;
	3874 : E3;
	3875 : E3;
	3876 : E3;
	3877 : E3;
	3878 : E3;
	3879 : E3;
	3880 : E3;
	3881 : E3;
	3882 : E3;
	3883 : E3;
	3884 : E3;
	3885 : E3;
	3886 : E3;
	3887 : E3;
	3888 : E3;
	3889 : E3;
	3890 : E3;
	3891 : E3;
	3892 : E3;
	3893 : E3;
	3894 : E3;
	3895 : E3;
	3896 : E3;
	3897 : E3;
	3898 : E3;
	3899 : E3;
	3900 : E3;
	3901 : E3;
	3902 : E3;
	3903 : E3;
	3904 : E3;
	3905 : E3;
	3906 : E3;
	3907 : E3;
	3908 : E3;
	3909 : E3;
	3910 : E3;
	3911 : E3;
	3912 : E3;
	3913 : E3;
	3914 : E3;
	3915 : E3;
	3916 : E3;
	3917 : E3;
	3918 : E3;
	3919 : E3;
	3920 : E3;
	3921 : E3;
	3922 : E3;
	3923 : E3;
	3924 : E3;
	3925 : E3;
	3926 : E3;
	3927 : E3;
	3928 : E3;
	3929 : E3;
	3930 : E3;
	3931 : E3;
	3932 : E3;
	3933 : E3;
	3934 : E3;
	3935 : E3;
	3936 : E3;
	3937 : E3;
	3938 : E3;
	3939 : E3;
	3940 : E3;
	3941 : E3;
	3942 : E3;
	3943 : E3;
	3944 : E3;
	3945 : E3;
	3946 : E3;
	3947 : E3;
	3948 : E3;
	3949 : E3;
	3950 : FF;
	3951 : FF;
	3952 : FF;
	3953 : C8;
	3954 : EC;
	3955 : EC;
	3956 : FF;
	3957 : FF;
	3958 : E3;
	3959 : FF;
	3960 : FF;
	3961 : FF;
	3962 : FF;
	3963 : FF;
	3964 : FF;
	3965 : FF;
	3966 : EC;
	3967 : EC;
	3968 : FF;
	3969 : FF;
	3970 : E3;
	3971 : E3;
	3972 : E3;
	3973 : FF;
	3974 : C8;
	3975 : C8;
	3976 : EC;
	3977 : EC;
	3978 : FF;
	3979 : FF;
	3980 : FF;
	3981 : E3;
	3982 : E3;
	3983 : E3;
	3984 : E3;
	3985 : E3;
	3986 : E3;
	3987 : E3;
	3988 : E3;
	3989 : E3;
	3990 : E3;
	3991 : E3;
	3992 : E3;
	3993 : E3;
	3994 : E3;
	3995 : E3;
	3996 : E3;
	3997 : E3;
	3998 : E3;
	3999 : E3;
	4000 : E3;
	4001 : E3;
	4002 : E3;
	4003 : E3;
	4004 : E3;
	4005 : E3;
	4006 : E3;
	4007 : E3;
	4008 : E3;
	4009 : E3;
	4010 : E3;
	4011 : E3;
	4012 : E3;
	4013 : E3;
	4014 : E3;
	4015 : E3;
	4016 : E3;
	4017 : E3;
	4018 : E3;
	4019 : E3;
	4020 : E3;
	4021 : E3;
	4022 : E3;
	4023 : E3;
	4024 : E3;
	4025 : E3;
	4026 : E3;
	4027 : E3;
	4028 : E3;
	4029 : E3;
	4030 : E3;
	4031 : E3;
	4032 : E3;
	4033 : E3;
	4034 : E3;
	4035 : E3;
	4036 : E3;
	4037 : E3;
	4038 : E3;
	4039 : E3;
	4040 : E3;
	4041 : E3;
	4042 : E3;
	4043 : E3;
	4044 : E3;
	4045 : E3;
	4046 : E3;
	4047 : E3;
	4048 : E3;
	4049 : E3;
	4050 : E3;
	4051 : E3;
	4052 : E3;
	4053 : E3;
	4054 : E3;
	4055 : E3;
	4056 : E3;
	4057 : E3;
	4058 : E3;
	4059 : E3;
	4060 : E3;
	4061 : E3;
	4062 : E3;
	4063 : E3;
	4064 : E3;
	4065 : E3;
	4066 : E3;
	4067 : E3;
	4068 : E3;
	4069 : E3;
	4070 : E3;
	4071 : E3;
	4072 : E3;
	4073 : E3;
	4074 : E3;
	4075 : E3;
	4076 : E3;
	4077 : E3;
	4078 : E3;
	4079 : E3;
	4080 : E3;
	4081 : E3;
	4082 : E3;
	4083 : E3;
	4084 : E3;
	4085 : E3;
	4086 : E3;
	4087 : E3;
	4088 : E3;
	4089 : E3;
	4090 : E3;
	4091 : E3;
	4092 : FF;
	4093 : C8;
	4094 : C8;
	4095 : C8;
	4096 : C8;
	4097 : C8;
	4098 : C8;
	4099 : FF;
	4100 : FF;
	4101 : E3;
	4102 : E3;
	4103 : E3;
	4104 : FF;
	4105 : C8;
	4106 : C8;
	4107 : C8;
	4108 : C8;
	4109 : FF;
	4110 : FF;
	4111 : E3;
	4112 : E3;
	4113 : E3;
	4114 : FF;
	4115 : C8;
	4116 : C8;
	4117 : C8;
	4118 : C8;
	4119 : C8;
	4120 : C8;
	4121 : C8;
	4122 : FF;
	4123 : E3;
	4124 : E3;
	4125 : E3;
	4126 : E3;
	4127 : E3;
	4128 : E3;
	4129 : E3;
	4130 : E3;
	4131 : E3;
	4132 : E3;
	4133 : E3;
	4134 : E3;
	4135 : E3;
	4136 : E3;
	4137 : E3;
	4138 : E3;
	4139 : E3;
	4140 : E3;
	4141 : E3;
	4142 : E3;
	4143 : E3;
	4144 : E3;
	4145 : E3;
	4146 : E3;
	4147 : E3;
	4148 : E3;
	4149 : E3;
	4150 : E3;
	4151 : E3;
	4152 : E3;
	4153 : E3;
	4154 : E3;
	4155 : E3;
	4156 : E3;
	4157 : E3;
	4158 : E3;
	4159 : E3;
	4160 : E3;
	4161 : E3;
	4162 : E3;
	4163 : E3;
	4164 : E3;
	4165 : E3;
	4166 : E3;
	4167 : E3;
	4168 : E3;
	4169 : E3;
	4170 : E3;
	4171 : E3;
	4172 : E3;
	4173 : E3;
	4174 : E3;
	4175 : E3;
	4176 : E3;
	4177 : E3;
	4178 : E3;
	4179 : E3;
	4180 : E3;
	4181 : E3;
	4182 : E3;
	4183 : E3;
	4184 : E3;
	4185 : E3;
	4186 : E3;
	4187 : E3;
	4188 : E3;
	4189 : E3;
	4190 : E3;
	4191 : E3;
	4192 : E3;
	4193 : E3;
	4194 : E3;
	4195 : E3;
	4196 : E3;
	4197 : E3;
	4198 : E3;
	4199 : E3;
	4200 : E3;
	4201 : E3;
	4202 : E3;
	4203 : E3;
	4204 : E3;
	4205 : E3;
	4206 : E3;
	4207 : E3;
	4208 : E3;
	4209 : E3;
	4210 : E3;
	4211 : E3;
	4212 : E3;
	4213 : E3;
	4214 : E3;
	4215 : E3;
	4216 : E3;
	4217 : E3;
	4218 : E3;
	4219 : E3;
	4220 : E3;
	4221 : E3;
	4222 : E3;
	4223 : E3;
	4224 : E3;
	4225 : E3;
	4226 : E3;
	4227 : E3;
	4228 : E3;
	4229 : E3;
	4230 : E3;
	4231 : E3;
	4232 : E3;
	4233 : E3;
	4234 : FF;
	4235 : C8;
	4236 : C8;
	4237 : C8;
	4238 : C8;
	4239 : C8;
	4240 : C8;
	4241 : C8;
	4242 : FF;
	4243 : E3;
	4244 : E3;
	4245 : FF;
	4246 : FF;
	4247 : C8;
	4248 : C4;
	4249 : C8;
	4250 : C8;
	4251 : FF;
	4252 : E3;
	4253 : E3;
	4254 : E3;
	4255 : E3;
	4256 : FF;
	4257 : C8;
	4258 : C8;
	4259 : C8;
	4260 : C8;
	4261 : C8;
	4262 : C8;
	4263 : C8;
	4264 : FF;
	4265 : E3;
	4266 : E3;
	4267 : E3;
	4268 : E3;
	4269 : E3;
	4270 : E3;
	4271 : E3;
	4272 : E3;
	4273 : E3;
	4274 : E3;
	4275 : E3;
	4276 : E3;
	4277 : E3;
	4278 : E3;
	4279 : E3;
	4280 : E3;
	4281 : E3;
	4282 : E3;
	4283 : E3;
	4284 : E3;
	4285 : E3;
	4286 : E3;
	4287 : E3;
	4288 : E3;
	4289 : E3;
	4290 : E3;
	4291 : E3;
	4292 : E3;
	4293 : E3;
	4294 : E3;
	4295 : E3;
	4296 : E3;
	4297 : E3;
	4298 : E3;
	4299 : E3;
	4300 : E3;
	4301 : E3;
	4302 : E3;
	4303 : E3;
	4304 : E3;
	4305 : E3;
	4306 : E3;
	4307 : E3;
	4308 : E3;
	4309 : E3;
	4310 : E3;
	4311 : E3;
	4312 : E3;
	4313 : E3;
	4314 : E3;
	4315 : E3;
	4316 : E3;
	4317 : E3;
	4318 : E3;
	4319 : E3;
	4320 : E3;
	4321 : E3;
	4322 : E3;
	4323 : E3;
	4324 : E3;
	4325 : E3;
	4326 : E3;
	4327 : E3;
	4328 : E3;
	4329 : E3;
	4330 : E3;
	4331 : E3;
	4332 : E3;
	4333 : E3;
	4334 : E3;
	4335 : E3;
	4336 : E3;
	4337 : E3;
	4338 : E3;
	4339 : E3;
	4340 : E3;
	4341 : E3;
	4342 : E3;
	4343 : E3;
	4344 : E3;
	4345 : E3;
	4346 : E3;
	4347 : E3;
	4348 : E3;
	4349 : E3;
	4350 : E3;
	4351 : E3;
	4352 : E3;
	4353 : E3;
	4354 : E3;
	4355 : E3;
	4356 : E3;
	4357 : E3;
	4358 : E3;
	4359 : E3;
	4360 : E3;
	4361 : E3;
	4362 : E3;
	4363 : E3;
	4364 : E3;
	4365 : E3;
	4366 : E3;
	4367 : E3;
	4368 : E3;
	4369 : E3;
	4370 : E3;
	4371 : E3;
	4372 : E3;
	4373 : E3;
	4374 : FF;
	4375 : FF;
	4376 : FF;
	4377 : FF;
	4378 : FF;
	4379 : FF;
	4380 : FF;
	4381 : C4;
	4382 : C4;
	4383 : C4;
	4384 : C4;
	4385 : FF;
	4386 : E3;
	4387 : FF;
	4388 : C4;
	4389 : C4;
	4390 : C4;
	4391 : C8;
	4392 : FF;
	4393 : E3;
	4394 : E3;
	4395 : E3;
	4396 : FF;
	4397 : FF;
	4398 : FF;
	4399 : FF;
	4400 : FF;
	4401 : FF;
	4402 : FF;
	4403 : C4;
	4404 : C4;
	4405 : C4;
	4406 : C4;
	4407 : FF;
	4408 : E3;
	4409 : E3;
	4410 : E3;
	4411 : E3;
	4412 : E3;
	4413 : E3;
	4414 : E3;
	4415 : E3;
	4416 : E3;
	4417 : E3;
	4418 : E3;
	4419 : E3;
	4420 : E3;
	4421 : E3;
	4422 : E3;
	4423 : E3;
	4424 : E3;
	4425 : E3;
	4426 : E3;
	4427 : E3;
	4428 : E3;
	4429 : E3;
	4430 : E3;
	4431 : E3;
	4432 : E3;
	4433 : E3;
	4434 : E3;
	4435 : E3;
	4436 : E3;
	4437 : E3;
	4438 : E3;
	4439 : E3;
	4440 : E3;
	4441 : E3;
	4442 : E3;
	4443 : E3;
	4444 : E3;
	4445 : E3;
	4446 : E3;
	4447 : E3;
	4448 : E3;
	4449 : E3;
	4450 : E3;
	4451 : E3;
	4452 : E3;
	4453 : E3;
	4454 : E3;
	4455 : E3;
	4456 : E3;
	4457 : E3;
	4458 : E3;
	4459 : E3;
	4460 : E3;
	4461 : E3;
	4462 : E3;
	4463 : E3;
	4464 : E3;
	4465 : E3;
	4466 : E3;
	4467 : E3;
	4468 : E3;
	4469 : E3;
	4470 : E3;
	4471 : E3;
	4472 : E3;
	4473 : E3;
	4474 : E3;
	4475 : E3;
	4476 : E3;
	4477 : E3;
	4478 : E3;
	4479 : E3;
	4480 : E3;
	4481 : E3;
	4482 : E3;
	4483 : E3;
	4484 : E3;
	4485 : E3;
	4486 : E3;
	4487 : E3;
	4488 : E3;
	4489 : E3;
	4490 : E3;
	4491 : E3;
	4492 : E3;
	4493 : E3;
	4494 : E3;
	4495 : E3;
	4496 : E3;
	4497 : E3;
	4498 : E3;
	4499 : E3;
	4500 : E3;
	4501 : E3;
	4502 : E3;
	4503 : E3;
	4504 : E3;
	4505 : E3;
	4506 : E3;
	4507 : E3;
	4508 : E3;
	4509 : E3;
	4510 : E3;
	4511 : E3;
	4512 : E3;
	4513 : E3;
	4514 : E3;
	4515 : FF;
	4516 : C4;
	4517 : C4;
	4518 : C4;
	4519 : C4;
	4520 : FF;
	4521 : FF;
	4522 : FF;
	4523 : C4;
	4524 : C4;
	4525 : C4;
	4526 : C4;
	4527 : FF;
	4528 : E3;
	4529 : FF;
	4530 : C4;
	4531 : C4;
	4532 : C4;
	4533 : C4;
	4534 : FF;
	4535 : E3;
	4536 : E3;
	4537 : FF;
	4538 : C4;
	4539 : C4;
	4540 : C4;
	4541 : FF;
	4542 : FF;
	4543 : FF;
	4544 : FF;
	4545 : C4;
	4546 : C4;
	4547 : C4;
	4548 : C4;
	4549 : FF;
	4550 : E3;
	4551 : E3;
	4552 : E3;
	4553 : E3;
	4554 : E3;
	4555 : E3;
	4556 : E3;
	4557 : E3;
	4558 : E3;
	4559 : E3;
	4560 : E3;
	4561 : E3;
	4562 : E3;
	4563 : E3;
	4564 : E3;
	4565 : E3;
	4566 : E3;
	4567 : E3;
	4568 : E3;
	4569 : E3;
	4570 : E3;
	4571 : E3;
	4572 : E3;
	4573 : E3;
	4574 : E3;
	4575 : E3;
	4576 : E3;
	4577 : E3;
	4578 : E3;
	4579 : E3;
	4580 : E3;
	4581 : E3;
	4582 : E3;
	4583 : E3;
	4584 : E3;
	4585 : E3;
	4586 : E3;
	4587 : E3;
	4588 : E3;
	4589 : E3;
	4590 : E3;
	4591 : E3;
	4592 : E3;
	4593 : E3;
	4594 : E3;
	4595 : E3;
	4596 : E3;
	4597 : E3;
	4598 : E3;
	4599 : E3;
	4600 : E3;
	4601 : E3;
	4602 : E3;
	4603 : E3;
	4604 : E3;
	4605 : E3;
	4606 : E3;
	4607 : E3;
	4608 : E3;
	4609 : E3;
	4610 : E3;
	4611 : E3;
	4612 : E3;
	4613 : E3;
	4614 : E3;
	4615 : E3;
	4616 : E3;
	4617 : E3;
	4618 : E3;
	4619 : E3;
	4620 : E3;
	4621 : E3;
	4622 : E3;
	4623 : E3;
	4624 : E3;
	4625 : E3;
	4626 : E3;
	4627 : E3;
	4628 : E3;
	4629 : E3;
	4630 : E3;
	4631 : E3;
	4632 : E3;
	4633 : E3;
	4634 : E3;
	4635 : E3;
	4636 : E3;
	4637 : E3;
	4638 : E3;
	4639 : E3;
	4640 : E3;
	4641 : E3;
	4642 : E3;
	4643 : E3;
	4644 : E3;
	4645 : E3;
	4646 : E3;
	4647 : E3;
	4648 : E3;
	4649 : E3;
	4650 : E3;
	4651 : E3;
	4652 : E3;
	4653 : E3;
	4654 : E3;
	4655 : E3;
	4656 : E3;
	4657 : FF;
	4658 : C4;
	4659 : C4;
	4660 : C4;
	4661 : C4;
	4662 : C4;
	4663 : C4;
	4664 : C4;
	4665 : C4;
	4666 : C4;
	4667 : C4;
	4668 : C4;
	4669 : FF;
	4670 : E3;
	4671 : FF;
	4672 : C4;
	4673 : C4;
	4674 : C4;
	4675 : C4;
	4676 : FF;
	4677 : E3;
	4678 : E3;
	4679 : FF;
	4680 : C4;
	4681 : C4;
	4682 : C4;
	4683 : C4;
	4684 : C4;
	4685 : C4;
	4686 : C4;
	4687 : C4;
	4688 : C4;
	4689 : C4;
	4690 : C4;
	4691 : FF;
	4692 : E3;
	4693 : E3;
	4694 : E3;
	4695 : E3;
	4696 : E3;
	4697 : E3;
	4698 : E3;
	4699 : E3;
	4700 : E3;
	4701 : E3;
	4702 : E3;
	4703 : E3;
	4704 : E3;
	4705 : E3;
	4706 : E3;
	4707 : E3;
	4708 : E3;
	4709 : E3;
	4710 : E3;
	4711 : E3;
	4712 : E3;
	4713 : E3;
	4714 : E3;
	4715 : E3;
	4716 : E3;
	4717 : E3;
	4718 : E3;
	4719 : E3;
	4720 : E3;
	4721 : E3;
	4722 : E3;
	4723 : E3;
	4724 : E3;
	4725 : E3;
	4726 : E3;
	4727 : E3;
	4728 : E3;
	4729 : E3;
	4730 : E3;
	4731 : E3;
	4732 : E3;
	4733 : E3;
	4734 : E3;
	4735 : E3;
	4736 : E3;
	4737 : E3;
	4738 : E3;
	4739 : E3;
	4740 : E3;
	4741 : E3;
	4742 : E3;
	4743 : E3;
	4744 : E3;
	4745 : E3;
	4746 : E3;
	4747 : E3;
	4748 : E3;
	4749 : E3;
	4750 : E3;
	4751 : E3;
	4752 : E3;
	4753 : E3;
	4754 : E3;
	4755 : E3;
	4756 : E3;
	4757 : E3;
	4758 : E3;
	4759 : E3;
	4760 : E3;
	4761 : E3;
	4762 : E3;
	4763 : E3;
	4764 : E3;
	4765 : E3;
	4766 : E3;
	4767 : E3;
	4768 : E3;
	4769 : E3;
	4770 : E3;
	4771 : E3;
	4772 : E3;
	4773 : E3;
	4774 : E3;
	4775 : E3;
	4776 : E3;
	4777 : E3;
	4778 : E3;
	4779 : E3;
	4780 : E3;
	4781 : E3;
	4782 : E3;
	4783 : E3;
	4784 : E3;
	4785 : E3;
	4786 : E3;
	4787 : E3;
	4788 : E3;
	4789 : E3;
	4790 : E3;
	4791 : E3;
	4792 : E3;
	4793 : E3;
	4794 : E3;
	4795 : E3;
	4796 : E3;
	4797 : E3;
	4798 : E3;
	4799 : FF;
	4800 : FF;
	4801 : C4;
	4802 : C4;
	4803 : C4;
	4804 : C4;
	4805 : C4;
	4806 : C4;
	4807 : C4;
	4808 : C4;
	4809 : FF;
	4810 : FF;
	4811 : E3;
	4812 : E3;
	4813 : FF;
	4814 : C4;
	4815 : C4;
	4816 : C4;
	4817 : C4;
	4818 : FF;
	4819 : E3;
	4820 : E3;
	4821 : FF;
	4822 : FF;
	4823 : C4;
	4824 : C4;
	4825 : C4;
	4826 : C4;
	4827 : C4;
	4828 : C4;
	4829 : C4;
	4830 : C4;
	4831 : FF;
	4832 : FF;
	4833 : E3;
	4834 : E3;
	4835 : E3;
	4836 : E3;
	4837 : E3;
	4838 : E3;
	4839 : E3;
	4840 : E3;
	4841 : E3;
	4842 : E3;
	4843 : E3;
	4844 : E3;
	4845 : E3;
	4846 : E3;
	4847 : E3;
	4848 : E3;
	4849 : E3;
	4850 : E3;
	4851 : E3;
	4852 : E3;
	4853 : E3;
	4854 : E3;
	4855 : E3;
	4856 : E3;
	4857 : E3;
	4858 : E3;
	4859 : E3;
	4860 : E3;
	4861 : E3;
	4862 : E3;
	4863 : E3;
	4864 : E3;
	4865 : E3;
	4866 : E3;
	4867 : E3;
	4868 : E3;
	4869 : E3;
	4870 : E3;
	4871 : E3;
	4872 : E3;
	4873 : E3;
	4874 : E3;
	4875 : E3;
	4876 : E3;
	4877 : E3;
	4878 : E3;
	4879 : E3;
	4880 : E3;
	4881 : E3;
	4882 : E3;
	4883 : E3;
	4884 : E3;
	4885 : E3;
	4886 : E3;
	4887 : E3;
	4888 : E3;
	4889 : E3;
	4890 : E3;
	4891 : E3;
	4892 : E3;
	4893 : E3;
	4894 : E3;
	4895 : E3;
	4896 : E3;
	4897 : E3;
	4898 : E3;
	4899 : E3;
	4900 : E3;
	4901 : E3;
	4902 : E3;
	4903 : E3;
	4904 : E3;
	4905 : E3;
	4906 : E3;
	4907 : E3;
	4908 : E3;
	4909 : E3;
	4910 : E3;
	4911 : E3;
	4912 : E3;
	4913 : E3;
	4914 : E3;
	4915 : E3;
	4916 : E3;
	4917 : E3;
	4918 : E3;
	4919 : E3;
	4920 : E3;
	4921 : E3;
	4922 : E3;
	4923 : E3;
	4924 : E3;
	4925 : E3;
	4926 : E3;
	4927 : E3;
	4928 : E3;
	4929 : E3;
	4930 : E3;
	4931 : E3;
	4932 : E3;
	4933 : E3;
	4934 : E3;
	4935 : E3;
	4936 : E3;
	4937 : E3;
	4938 : E3;
	4939 : E3;
	4940 : E3;
	4941 : E3;
	4942 : FF;
	4943 : FF;
	4944 : FF;
	4945 : FF;
	4946 : FF;
	4947 : FF;
	4948 : FF;
	4949 : FF;
	4950 : FF;
	4951 : FF;
	4952 : E3;
	4953 : E3;
	4954 : E3;
	4955 : FF;
	4956 : FF;
	4957 : FF;
	4958 : FF;
	4959 : FF;
	4960 : FF;
	4961 : E3;
	4962 : E3;
	4963 : E3;
	4964 : FF;
	4965 : FF;
	4966 : FF;
	4967 : FF;
	4968 : FF;
	4969 : FF;
	4970 : FF;
	4971 : FF;
	4972 : FF;
	4973 : FF;
	4974 : E3;
	4975 : E3;
	4976 : E3;
	4977 : E3;
	4978 : E3;
	4979 : E3;
	4980 : E3;
	4981 : E3;
	4982 : E3;
	4983 : E3;
	4984 : E3;
	4985 : E3;
	4986 : E3;
	4987 : E3;
	4988 : E3;
	4989 : E3;
	4990 : E3;
	4991 : E3;
	4992 : E3;
	4993 : E3;
	4994 : E3;
	4995 : E3;
	4996 : E3;
	4997 : E3;
	4998 : E3;
	4999 : E3;
	5000 : E3;
	5001 : E3;
	5002 : E3;
	5003 : E3;
	5004 : E3;
	5005 : E3;
	5006 : E3;
	5007 : E3;
	5008 : E3;
	5009 : E3;
	5010 : E3;
	5011 : E3;
	5012 : E3;
	5013 : E3;
	5014 : E3;
	5015 : E3;
	5016 : E3;
	5017 : E3;
	5018 : E3;
	5019 : E3;
	5020 : E3;
	5021 : E3;
	5022 : E3;
	5023 : E3;
	5024 : E3;
	5025 : E3;
	5026 : E3;
	5027 : E3;
	5028 : E3;
	5029 : E3;
	5030 : E3;
	5031 : E3;
	5032 : E3;
	5033 : E3;
	5034 : E3;
	5035 : E3;
	5036 : E3;
	5037 : E3;
	5038 : E3;
	5039 : E3;
	5040 : E3;
	5041 : E3;
	5042 : E3;
	5043 : E3;
	5044 : E3;
	5045 : E3;
	5046 : E3;
	5047 : E3;
	5048 : E3;
	5049 : E3;
	5050 : E3;
	5051 : E3;
	5052 : E3;
	5053 : E3;
	5054 : E3;
	5055 : E3;
	5056 : E3;
	5057 : E3;
	5058 : E3;
	5059 : E3;
	5060 : E3;
	5061 : E3;
	5062 : E3;
	5063 : E3;
	5064 : E3;
	5065 : E3;
	5066 : E3;
	5067 : E3;
	5068 : E3;
	5069 : E3;
	5070 : E3;
	5071 : E3;
	5072 : E3;
	5073 : E3;
	5074 : E3;
	5075 : E3;
	5076 : E3;
	5077 : E3;
	5078 : E3;
	5079 : E3;
	5080 : E3;
	5081 : E3;
	5082 : E3;
	5083 : E3;
	5084 : E3;
	5085 : E3;
	5086 : E3;
	5087 : E3;
	5088 : E3;
	5089 : E3;
	5090 : E3;
	5091 : E3;
	5092 : E3;
	5093 : E3;
	5094 : E3;
	5095 : E3;
	5096 : E3;
	5097 : E3;
	5098 : E3;
	5099 : E3;
	5100 : E3;
	5101 : E3;
	5102 : E3;
	5103 : E3;
	5104 : E3;
	5105 : E3;
	5106 : E3;
	5107 : E3;
	5108 : E3;
	5109 : E3;
	5110 : E3;
	5111 : E3;
	5112 : E3;
	5113 : E3;
	5114 : E3;
	5115 : E3;
	5116 : E3;
	5117 : E3;
	5118 : E3;
	5119 : E3;
	5120 : E3;
	5121 : E3;
	5122 : E3;
	5123 : E3;
	5124 : E3;
	5125 : E3;
	5126 : E3;
	5127 : E3;
	5128 : E3;
	5129 : E3;
	5130 : E3;
	5131 : E3;
	5132 : E3;
	5133 : E3;
	5134 : E3;
	5135 : E3;
	5136 : E3;
	5137 : E3;
	5138 : E3;
	5139 : E3;
	5140 : E3;
	5141 : E3;
	5142 : E3;
	5143 : E3;
	5144 : E3;
	5145 : E3;
	5146 : E3;
	5147 : E3;
	5148 : E3;
	5149 : E3;
	5150 : E3;
	5151 : E3;
	5152 : E3;
	5153 : E3;
	5154 : E3;
	5155 : E3;
	5156 : E3;
	5157 : E3;
	5158 : E3;
	5159 : E3;
	5160 : E3;
	5161 : E3;
	5162 : E3;
	5163 : E3;
	5164 : E3;
	5165 : E3;
	5166 : E3;
	5167 : E3;
	5168 : E3;
	5169 : E3;
	5170 : E3;
	5171 : E3;
	5172 : E3;
	5173 : E3;
	5174 : E3;
	5175 : E3;
	5176 : E3;
	5177 : E3;
	5178 : E3;
	5179 : E3;
	5180 : E3;
	5181 : E3;
	5182 : E3;
	5183 : E3;
	5184 : E3;
	5185 : E3;
	5186 : E3;
	5187 : E3;
	5188 : E3;
	5189 : E3;
	5190 : E3;
	5191 : E3;
	5192 : E3;
	5193 : E3;
	5194 : E3;
	5195 : E3;
	5196 : E3;
	5197 : E3;
	5198 : E3;
	5199 : E3;
	5200 : E3;
	5201 : E3;
	5202 : E3;
	5203 : E3;
	5204 : E3;
	5205 : E3;
	5206 : E3;
	5207 : E3;
	5208 : E3;
	5209 : E3;
	5210 : E3;
	5211 : E3;
	5212 : E3;
	5213 : E3;
	5214 : E3;
	5215 : E3;
	5216 : E3;
	5217 : E3;
	5218 : E3;
	5219 : E3;
	5220 : E3;
	5221 : E3;
	5222 : E3;
	5223 : E3;
	5224 : E3;
	5225 : E3;
	5226 : E3;
	5227 : E3;
	5228 : E3;
	5229 : E3;
	5230 : 20;
	5231 : E3;
	5232 : E3;
	5233 : E3;
	5234 : E3;
	5235 : E3;
	5236 : E3;
	5237 : E3;
	5238 : E3;
	5239 : E3;
	5240 : E3;
	5241 : E3;
	5242 : E3;
	5243 : E3;
	5244 : E3;
	5245 : E3;
	5246 : E3;
	5247 : E3;
	5248 : E3;
	5249 : E3;
	5250 : E3;
	5251 : E3;
	5252 : E3;
	5253 : E3;
	5254 : E3;
	5255 : E3;
	5256 : E3;
	5257 : E3;
	5258 : E3;
	5259 : E3;
	5260 : E3;
	5261 : E3;
	5262 : E3;
	5263 : E3;
	5264 : E3;
	5265 : E3;
	5266 : E3;
	5267 : E3;
	5268 : E3;
	5269 : E3;
	5270 : E3;
	5271 : E3;
	5272 : E3;
	5273 : E3;
	5274 : E3;
	5275 : E3;
	5276 : E3;
	5277 : E3;
	5278 : E3;
	5279 : E3;
	5280 : E3;
	5281 : E3;
	5282 : E3;
	5283 : E3;
	5284 : E3;
	5285 : E3;
	5286 : E3;
	5287 : E3;
	5288 : E3;
	5289 : E3;
	5290 : E3;
	5291 : E3;
	5292 : E3;
	5293 : E3;
	5294 : E3;
	5295 : E3;
	5296 : E3;
	5297 : E3;
	5298 : E3;
	5299 : E3;
	5300 : E3;
	5301 : E3;
	5302 : E3;
	5303 : E3;
	5304 : E3;
	5305 : E3;
	5306 : E3;
	5307 : 20;
	5308 : 20;
	5309 : 20;
	5310 : E3;
	5311 : E3;
	5312 : E3;
	5313 : E3;
	5314 : E3;
	5315 : E3;
	5316 : E3;
	5317 : E3;
	5318 : E3;
	5319 : E3;
	5320 : E3;
	5321 : E3;
	5322 : E3;
	5323 : E3;
	5324 : E3;
	5325 : E3;
	5326 : E3;
	5327 : E3;
	5328 : E3;
	5329 : E3;
	5330 : E3;
	5331 : E3;
	5332 : E3;
	5333 : E3;
	5334 : E3;
	5335 : E3;
	5336 : E3;
	5337 : E3;
	5338 : E3;
	5339 : E3;
	5340 : E3;
	5341 : E3;
	5342 : E3;
	5343 : E3;
	5344 : E3;
	5345 : E3;
	5346 : E3;
	5347 : E3;
	5348 : E3;
	5349 : E3;
	5350 : E3;
	5351 : E3;
	5352 : E3;
	5353 : E3;
	5354 : E3;
	5355 : E3;
	5356 : E3;
	5357 : E3;
	5358 : E3;
	5359 : E3;
	5360 : E3;
	5361 : E3;
	5362 : E3;
	5363 : E3;
	5364 : E3;
	5365 : E3;
	5366 : E3;
	5367 : E3;
	5368 : E3;
	5369 : E3;
	5370 : E3;
	5371 : E3;
	5372 : E3;
	5373 : E3;
	5374 : E3;
	5375 : E3;
	5376 : E3;
	5377 : E3;
	5378 : E3;
	5379 : E3;
	5380 : E3;
	5381 : E3;
	5382 : E3;
	5383 : E3;
	5384 : E3;
	5385 : E3;
	5386 : 20;
	5387 : E3;
	5388 : E3;
	5389 : E3;
	5390 : E3;
	5391 : E3;
	5392 : E3;
	5393 : E3;
	5394 : E3;
	5395 : E3;
	5396 : E3;
	5397 : E3;
	5398 : E3;
	5399 : E3;
	5400 : E3;
	5401 : E3;
	5402 : E3;
	5403 : E3;
	5404 : E3;
	5405 : E3;
	5406 : E3;
	5407 : E3;
	5408 : E3;
	5409 : E3;
	5410 : E3;
	5411 : E3;
	5412 : E3;
	5413 : E3;
	5414 : E3;
	5415 : E3;
	5416 : E3;
	5417 : E3;
	5418 : E3;
	5419 : E3;
	5420 : E3;
	5421 : E3;
	5422 : E3;
	5423 : E3;
	5424 : E3;
	5425 : E3;
	5426 : E3;
	5427 : E3;
	5428 : E3;
	5429 : E3;
	5430 : E3;
	5431 : E3;
	5432 : E3;
	5433 : E3;
	5434 : E3;
	5435 : E3;
	5436 : E3;
	5437 : E3;
	5438 : E3;
	5439 : E3;
	5440 : E3;
	5441 : E3;
	5442 : E3;
	5443 : E3;
	5444 : E3;
	5445 : E3;
	5446 : E3;
	5447 : E3;
	5448 : E3;
	5449 : E3;
	5450 : E3;
	5451 : E3;
	5452 : E3;
	5453 : E3;
	5454 : E3;
	5455 : E3;
	5456 : E3;
	5457 : E3;
	5458 : E3;
	5459 : E3;
	5460 : E3;
	5461 : E3;
	5462 : E3;
	5463 : E3;
	5464 : 20;
	5465 : 00;
	5466 : E3;
	5467 : E3;
	5468 : 20;
	5469 : E3;
	5470 : E3;
	5471 : E3;
	5472 : E3;
	5473 : E3;
	5474 : E3;
	5475 : E3;
	5476 : E3;
	5477 : E3;
	5478 : E3;
	5479 : E3;
	5480 : E3;
	5481 : E3;
	5482 : E3;
	5483 : E3;
	5484 : E3;
	5485 : E3;
	5486 : E3;
	5487 : E3;
	5488 : E3;
	5489 : E3;
	5490 : E3;
	5491 : E3;
	5492 : E3;
	5493 : E3;
	5494 : E3;
	5495 : E3;
	5496 : E3;
	5497 : E3;
	5498 : E3;
	5499 : E3;
	5500 : E3;
	5501 : E3;
	5502 : E3;
	5503 : E3;
	5504 : E3;
	5505 : E3;
	5506 : E3;
	5507 : E3;
	5508 : E3;
	5509 : E3;
	5510 : E3;
	5511 : E3;
	5512 : E3;
	5513 : E3;
	5514 : E3;
	5515 : E3;
	5516 : E3;
	5517 : E3;
	5518 : E3;
	5519 : E3;
	5520 : E3;
	5521 : E3;
	5522 : E3;
	5523 : E3;
	5524 : E3;
	5525 : E3;
	5526 : E3;
	5527 : E3;
	5528 : E3;
	5529 : E3;
	5530 : E3;
	5531 : E3;
	5532 : E3;
	5533 : E3;
	5534 : E3;
	5535 : E3;
	5536 : E3;
	5537 : E3;
	5538 : E3;
	5539 : E3;
	5540 : E3;
	5541 : E3;
	5542 : E3;
	5543 : 20;
	5544 : E3;
	5545 : E3;
	5546 : E3;
	5547 : 00;
	5548 : E3;
	5549 : E3;
	5550 : E3;
	5551 : E3;
	5552 : E3;
	5553 : E3;
	5554 : E3;
	5555 : E3;
	5556 : E3;
	5557 : E3;
	5558 : E3;
	5559 : E3;
	5560 : E3;
	5561 : E3;
	5562 : E3;
	5563 : E3;
	5564 : E3;
	5565 : E3;
	5566 : E3;
	5567 : E3;
	5568 : E3;
	5569 : E3;
	5570 : E3;
	5571 : E3;
	5572 : E3;
	5573 : E3;
	5574 : E3;
	5575 : E3;
	5576 : E3;
	5577 : E3;
	5578 : E3;
	5579 : E3;
	5580 : E3;
	5581 : E3;
	5582 : E3;
	5583 : E3;
	5584 : E3;
	5585 : E3;
	5586 : E3;
	5587 : E3;
	5588 : E3;
	5589 : E3;
	5590 : E3;
	5591 : E3;
	5592 : E3;
	5593 : E3;
	5594 : E3;
	5595 : E3;
	5596 : E3;
	5597 : E3;
	5598 : E3;
	5599 : E3;
	5600 : E3;
	5601 : E3;
	5602 : E3;
	5603 : E3;
	5604 : E3;
	5605 : E3;
	5606 : E3;
	5607 : E3;
	5608 : E3;
	5609 : E3;
	5610 : E3;
	5611 : 20;
	5612 : E3;
	5613 : E3;
	5614 : E3;
	5615 : E3;
	5616 : E3;
	5617 : E3;
	5618 : E3;
	5619 : E3;
	5620 : E3;
	5621 : E3;
	5622 : E3;
	5623 : E3;
	5624 : 20;
	5625 : 00;
	5626 : E3;
	5627 : E3;
	5628 : E3;
	5629 : E3;
	5630 : E3;
	5631 : E3;
	5632 : E3;
	5633 : E3;
	5634 : E3;
	5635 : E3;
	5636 : E3;
	5637 : E3;
	5638 : E3;
	5639 : E3;
	5640 : E3;
	5641 : E3;
	5642 : E3;
	5643 : E3;
	5644 : E3;
	5645 : E3;
	5646 : E3;
	5647 : E3;
	5648 : E3;
	5649 : E3;
	5650 : E3;
	5651 : E3;
	5652 : E3;
	5653 : E3;
	5654 : E3;
	5655 : E3;
	5656 : E3;
	5657 : E3;
	5658 : E3;
	5659 : E3;
	5660 : E3;
	5661 : E3;
	5662 : E3;
	5663 : E3;
	5664 : E3;
	5665 : E3;
	5666 : E3;
	5667 : E3;
	5668 : E3;
	5669 : E3;
	5670 : E3;
	5671 : E3;
	5672 : E3;
	5673 : E3;
	5674 : E3;
	5675 : E3;
	5676 : E3;
	5677 : E3;
	5678 : E3;
	5679 : E3;
	5680 : E3;
	5681 : E3;
	5682 : E3;
	5683 : E3;
	5684 : E3;
	5685 : E3;
	5686 : E3;
	5687 : E3;
	5688 : 00;
	5689 : 20;
	5690 : E3;
	5691 : E3;
	5692 : E3;
	5693 : E3;
	5694 : E3;
	5695 : E3;
	5696 : E3;
	5697 : 00;
	5698 : E3;
	5699 : E3;
	5700 : E3;
	5701 : 20;
	5702 : 20;
	5703 : 00;
	5704 : 00;
	5705 : E3;
	5706 : E3;
	5707 : E3;
	5708 : E3;
	5709 : E3;
	5710 : E3;
	5711 : E3;
	5712 : E3;
	5713 : E3;
	5714 : E3;
	5715 : E3;
	5716 : E3;
	5717 : E3;
	5718 : E3;
	5719 : E3;
	5720 : E3;
	5721 : E3;
	5722 : E3;
	5723 : E3;
	5724 : E3;
	5725 : E3;
	5726 : E3;
	5727 : E3;
	5728 : E3;
	5729 : E3;
	5730 : E3;
	5731 : E3;
	5732 : E3;
	5733 : E3;
	5734 : E3;
	5735 : E3;
	5736 : E3;
	5737 : E3;
	5738 : E3;
	5739 : E3;
	5740 : E3;
	5741 : E3;
	5742 : E3;
	5743 : E3;
	5744 : E3;
	5745 : E3;
	5746 : E3;
	5747 : E3;
	5748 : E3;
	5749 : E3;
	5750 : E3;
	5751 : E3;
	5752 : E3;
	5753 : E3;
	5754 : E3;
	5755 : E3;
	5756 : E3;
	5757 : E3;
	5758 : E3;
	5759 : E3;
	5760 : E3;
	5761 : E3;
	5762 : E3;
	5763 : E3;
	5764 : E3;
	5765 : E3;
	5766 : E3;
	5767 : 20;
	5768 : 20;
	5769 : E3;
	5770 : E3;
	5771 : E3;
	5772 : E3;
	5773 : E3;
	5774 : E3;
	5775 : 20;
	5776 : E3;
	5777 : E3;
	5778 : E3;
	5779 : 20;
	5780 : 20;
	5781 : 20;
	5782 : E3;
	5783 : E3;
	5784 : E3;
	5785 : E3;
	5786 : E3;
	5787 : E3;
	5788 : E3;
	5789 : E3;
	5790 : E3;
	5791 : E3;
	5792 : E3;
	5793 : E3;
	5794 : E3;
	5795 : E3;
	5796 : E3;
	5797 : E3;
	5798 : E3;
	5799 : E3;
	5800 : E3;
	5801 : E3;
	5802 : E3;
	5803 : E3;
	5804 : E3;
	5805 : E3;
	5806 : E3;
	5807 : E3;
	5808 : E3;
	5809 : E3;
	5810 : E3;
	5811 : E3;
	5812 : E3;
	5813 : E3;
	5814 : E3;
	5815 : E3;
	5816 : E3;
	5817 : E3;
	5818 : E3;
	5819 : E3;
	5820 : E3;
	5821 : E3;
	5822 : E3;
	5823 : E3;
	5824 : E3;
	5825 : E3;
	5826 : E3;
	5827 : E3;
	5828 : E3;
	5829 : E3;
	5830 : E3;
	5831 : E3;
	5832 : E3;
	5833 : E3;
	5834 : E3;
	5835 : E3;
	5836 : E3;
	5837 : E3;
	5838 : E3;
	5839 : E3;
	5840 : E3;
	5841 : E3;
	5842 : E3;
	5843 : 00;
	5844 : 00;
	5845 : 20;
	5846 : 20;
	5847 : E3;
	5848 : E3;
	5849 : E3;
	5850 : E3;
	5851 : E3;
	5852 : E3;
	5853 : E3;
	5854 : E3;
	5855 : E3;
	5856 : E3;
	5857 : 20;
	5858 : 20;
	5859 : 20;
	5860 : 20;
	5861 : E3;
	5862 : E3;
	5863 : E3;
	5864 : E3;
	5865 : E3;
	5866 : E3;
	5867 : E3;
	5868 : E3;
	5869 : E3;
	5870 : E3;
	5871 : E3;
	5872 : E3;
	5873 : E3;
	5874 : E3;
	5875 : E3;
	5876 : E3;
	5877 : E3;
	5878 : E3;
	5879 : E3;
	5880 : E3;
	5881 : E3;
	5882 : E3;
	5883 : E3;
	5884 : E3;
	5885 : E3;
	5886 : E3;
	5887 : E3;
	5888 : E3;
	5889 : E3;
	5890 : E3;
	5891 : E3;
	5892 : E3;
	5893 : E3;
	5894 : E3;
	5895 : E3;
	5896 : E3;
	5897 : E3;
	5898 : E3;
	5899 : E3;
	5900 : E3;
	5901 : E3;
	5902 : E3;
	5903 : E3;
	5904 : E3;
	5905 : E3;
	5906 : E3;
	5907 : E3;
	5908 : E3;
	5909 : E3;
	5910 : E3;
	5911 : E3;
	5912 : E3;
	5913 : E3;
	5914 : E3;
	5915 : E3;
	5916 : E3;
	5917 : E3;
	5918 : E3;
	5919 : E3;
	5920 : E3;
	5921 : 20;
	5922 : 00;
	5923 : 20;
	5924 : E3;
	5925 : E3;
	5926 : E3;
	5927 : E3;
	5928 : E3;
	5929 : E3;
	5930 : E3;
	5931 : E3;
	5932 : E3;
	5933 : E3;
	5934 : E3;
	5935 : 20;
	5936 : 20;
	5937 : 20;
	5938 : E3;
	5939 : E3;
	5940 : E3;
	5941 : E3;
	5942 : E3;
	5943 : E3;
	5944 : E3;
	5945 : E3;
	5946 : E3;
	5947 : E3;
	5948 : E3;
	5949 : E3;
	5950 : E3;
	5951 : E3;
	5952 : E3;
	5953 : E3;
	5954 : E3;
	5955 : E3;
	5956 : E3;
	5957 : E3;
	5958 : E3;
	5959 : E3;
	5960 : E3;
	5961 : E3;
	5962 : E3;
	5963 : E3;
	5964 : E3;
	5965 : E3;
	5966 : E3;
	5967 : E3;
	5968 : E3;
	5969 : E3;
	5970 : E3;
	5971 : E3;
	5972 : E3;
	5973 : E3;
	5974 : E3;
	5975 : E3;
	5976 : E3;
	5977 : E3;
	5978 : E3;
	5979 : E3;
	5980 : E3;
	5981 : E3;
	5982 : E3;
	5983 : E3;
	5984 : E3;
	5985 : E3;
	5986 : E3;
	5987 : E3;
	5988 : E3;
	5989 : E3;
	5990 : E3;
	5991 : E3;
	5992 : E3;
	5993 : E3;
	5994 : E3;
	5995 : E3;
	5996 : E3;
	5997 : E3;
	5998 : 20;
	5999 : 00;
	6000 : 20;
	6001 : E3;
	6002 : 20;
	6003 : E3;
	6004 : 20;
	6005 : 20;
	6006 : E3;
	6007 : E3;
	6008 : E3;
	6009 : E3;
	6010 : 20;
	6011 : E3;
	6012 : 20;
	6013 : 20;
	6014 : 00;
	6015 : 00;
	6016 : E3;
	6017 : E3;
	6018 : E3;
	6019 : E3;
	6020 : E3;
	6021 : E3;
	6022 : E3;
	6023 : E3;
	6024 : E3;
	6025 : E3;
	6026 : E3;
	6027 : E3;
	6028 : E3;
	6029 : E3;
	6030 : E3;
	6031 : E3;
	6032 : E3;
	6033 : E3;
	6034 : E3;
	6035 : E3;
	6036 : E3;
	6037 : E3;
	6038 : E3;
	6039 : E3;
	6040 : E3;
	6041 : E3;
	6042 : E3;
	6043 : E3;
	6044 : E3;
	6045 : E3;
	6046 : E3;
	6047 : E3;
	6048 : E3;
	6049 : E3;
	6050 : E3;
	6051 : E3;
	6052 : E3;
	6053 : E3;
	6054 : E3;
	6055 : E3;
	6056 : E3;
	6057 : E3;
	6058 : E3;
	6059 : E3;
	6060 : E3;
	6061 : E3;
	6062 : E3;
	6063 : E3;
	6064 : E3;
	6065 : E3;
	6066 : E3;
	6067 : E3;
	6068 : E3;
	6069 : E3;
	6070 : E3;
	6071 : E3;
	6072 : E3;
	6073 : E3;
	6074 : E3;
	6075 : E3;
	6076 : E3;
	6077 : 00;
	6078 : 00;
	6079 : E3;
	6080 : E3;
	6081 : E3;
	6082 : 20;
	6083 : 20;
	6084 : E3;
	6085 : E3;
	6086 : E3;
	6087 : E3;
	6088 : 20;
	6089 : 20;
	6090 : E3;
	6091 : E3;
	6092 : 20;
	6093 : 20;
	6094 : E3;
	6095 : E3;
	6096 : E3;
	6097 : E3;
	6098 : E3;
	6099 : E3;
	6100 : E3;
	6101 : E3;
	6102 : E3;
	6103 : E3;
	6104 : E3;
	6105 : E3;
	6106 : E3;
	6107 : E3;
	6108 : E3;
	6109 : E3;
	6110 : E3;
	6111 : E3;
	6112 : E3;
	6113 : E3;
	6114 : E3;
	6115 : E3;
	6116 : E3;
	6117 : E3;
	6118 : E3;
	6119 : E3;
	6120 : E3;
	6121 : E3;
	6122 : E3;
	6123 : E3;
	6124 : E3;
	6125 : E3;
	6126 : E3;
	6127 : E3;
	6128 : E3;
	6129 : E3;
	6130 : E3;
	6131 : E3;
	6132 : E3;
	6133 : E3;
	6134 : E3;
	6135 : E3;
	6136 : E3;
	6137 : E3;
	6138 : E3;
	6139 : E3;
	6140 : E3;
	6141 : E3;
	6142 : E3;
	6143 : E3;
	6144 : E3;
	6145 : E3;
	6146 : E3;
	6147 : E3;
	6148 : E3;
	6149 : E3;
	6150 : E3;
	6151 : E3;
	6152 : E3;
	6153 : E3;
	6154 : E3;
	6155 : 20;
	6156 : E3;
	6157 : E3;
	6158 : E3;
	6159 : 20;
	6160 : 20;
	6161 : 20;
	6162 : E3;
	6163 : E3;
	6164 : E3;
	6165 : E3;
	6166 : 20;
	6167 : E3;
	6168 : 20;
	6169 : 20;
	6170 : 20;
	6171 : 20;
	6172 : E3;
	6173 : E3;
	6174 : E3;
	6175 : E3;
	6176 : E3;
	6177 : E3;
	6178 : E3;
	6179 : E3;
	6180 : E3;
	6181 : E3;
	6182 : E3;
	6183 : E3;
	6184 : E3;
	6185 : E3;
	6186 : E3;
	6187 : E3;
	6188 : E3;
	6189 : E3;
	6190 : E3;
	6191 : E3;
	6192 : E3;
	6193 : E3;
	6194 : E3;
	6195 : E3;
	6196 : E3;
	6197 : E3;
	6198 : E3;
	6199 : E3;
	6200 : E3;
	6201 : E3;
	6202 : E3;
	6203 : E3;
	6204 : E3;
	6205 : E3;
	6206 : E3;
	6207 : E3;
	6208 : E3;
	6209 : E3;
	6210 : E3;
	6211 : E3;
	6212 : E3;
	6213 : E3;
	6214 : E3;
	6215 : E3;
	6216 : E3;
	6217 : E3;
	6218 : E3;
	6219 : E3;
	6220 : E3;
	6221 : E3;
	6222 : E3;
	6223 : E3;
	6224 : E3;
	6225 : E3;
	6226 : E3;
	6227 : E3;
	6228 : E3;
	6229 : E3;
	6230 : E3;
	6231 : E3;
	6232 : E3;
	6233 : 20;
	6234 : E3;
	6235 : E3;
	6236 : E3;
	6237 : 00;
	6238 : 20;
	6239 : E3;
	6240 : 20;
	6241 : 20;
	6242 : E3;
	6243 : E3;
	6244 : 20;
	6245 : 20;
	6246 : 20;
	6247 : 20;
	6248 : 20;
	6249 : E3;
	6250 : 20;
	6251 : 00;
	6252 : E3;
	6253 : E3;
	6254 : E3;
	6255 : E3;
	6256 : E3;
	6257 : E3;
	6258 : E3;
	6259 : E3;
	6260 : E3;
	6261 : E3;
	6262 : E3;
	6263 : E3;
	6264 : E3;
	6265 : E3;
	6266 : E3;
	6267 : E3;
	6268 : E3;
	6269 : E3;
	6270 : E3;
	6271 : E3;
	6272 : E3;
	6273 : E3;
	6274 : E3;
	6275 : E3;
	6276 : E3;
	6277 : E3;
	6278 : E3;
	6279 : E3;
	6280 : E3;
	6281 : E3;
	6282 : E3;
	6283 : E3;
	6284 : E3;
	6285 : E3;
	6286 : E3;
	6287 : E3;
	6288 : E3;
	6289 : E3;
	6290 : E3;
	6291 : E3;
	6292 : E3;
	6293 : E3;
	6294 : E3;
	6295 : E3;
	6296 : E3;
	6297 : E3;
	6298 : E3;
	6299 : E3;
	6300 : E3;
	6301 : E3;
	6302 : E3;
	6303 : E3;
	6304 : E3;
	6305 : E3;
	6306 : E3;
	6307 : E3;
	6308 : E3;
	6309 : E3;
	6310 : E3;
	6311 : E3;
	6312 : E3;
	6313 : E3;
	6314 : E3;
	6315 : 20;
	6316 : 20;
	6317 : 20;
	6318 : E3;
	6319 : E3;
	6320 : E3;
	6321 : E3;
	6322 : E3;
	6323 : E3;
	6324 : E3;
	6325 : E3;
	6326 : E3;
	6327 : E3;
	6328 : E3;
	6329 : 20;
	6330 : E3;
	6331 : E3;
	6332 : E3;
	6333 : E3;
	6334 : E3;
	6335 : E3;
	6336 : E3;
	6337 : E3;
	6338 : E3;
	6339 : E3;
	6340 : E3;
	6341 : E3;
	6342 : E3;
	6343 : E3;
	6344 : E3;
	6345 : E3;
	6346 : E3;
	6347 : E3;
	6348 : E3;
	6349 : E3;
	6350 : E3;
	6351 : E3;
	6352 : E3;
	6353 : E3;
	6354 : E3;
	6355 : E3;
	6356 : E3;
	6357 : E3;
	6358 : E3;
	6359 : E3;
	6360 : E3;
	6361 : E3;
	6362 : E3;
	6363 : E3;
	6364 : E3;
	6365 : E3;
	6366 : E3;
	6367 : E3;
	6368 : E3;
	6369 : E3;
	6370 : E3;
	6371 : E3;
	6372 : E3;
	6373 : E3;
	6374 : E3;
	6375 : E3;
	6376 : E3;
	6377 : E3;
	6378 : E3;
	6379 : E3;
	6380 : E3;
	6381 : E3;
	6382 : E3;
	6383 : E3;
	6384 : E3;
	6385 : E3;
	6386 : FF;
	6387 : FF;
	6388 : FF;
	6389 : FF;
	6390 : FF;
	6391 : FF;
	6392 : DB;
	6393 : 20;
	6394 : E3;
	6395 : E3;
	6396 : E3;
	6397 : E3;
	6398 : E3;
	6399 : E3;
	6400 : B6;
	6401 : FF;
	6402 : FF;
	6403 : FF;
	6404 : FF;
	6405 : FF;
	6406 : FF;
	6407 : FF;
	6408 : E3;
	6409 : E3;
	6410 : E3;
	6411 : E3;
	6412 : E3;
	6413 : E3;
	6414 : E3;
	6415 : E3;
	6416 : E3;
	6417 : E3;
	6418 : E3;
	6419 : E3;
	6420 : E3;
	6421 : E3;
	6422 : E3;
	6423 : E3;
	6424 : E3;
	6425 : FF;
	6426 : FF;
	6427 : FF;
	6428 : FF;
	6429 : FF;
	6430 : FF;
	6431 : FF;
	6432 : FF;
	6433 : FF;
	6434 : FF;
	6435 : FF;
	6436 : FF;
	6437 : FF;
	6438 : FF;
	6439 : FF;
	6440 : E3;
	6441 : E3;
	6442 : E3;
	6443 : E3;
	6444 : E3;
	6445 : E3;
	6446 : E3;
	6447 : E3;
	6448 : E3;
	6449 : E3;
	6450 : E3;
	6451 : E3;
	6452 : E3;
	6453 : E3;
	6454 : E3;
	6455 : E3;
	6456 : E3;
	6457 : E3;
	6458 : E3;
	6459 : E3;
	6460 : E3;
	6461 : E3;
	6462 : E3;
	6463 : E3;
	6464 : E3;
	6465 : 6D;
	6466 : 44;
	6467 : 44;
	6468 : 44;
	6469 : 44;
	6470 : 68;
	6471 : DA;
	6472 : E3;
	6473 : E3;
	6474 : E3;
	6475 : E3;
	6476 : E3;
	6477 : 20;
	6478 : 20;
	6479 : B6;
	6480 : D6;
	6481 : 44;
	6482 : 68;
	6483 : 44;
	6484 : 44;
	6485 : 44;
	6486 : DB;
	6487 : E3;
	6488 : E3;
	6489 : E3;
	6490 : E3;
	6491 : E3;
	6492 : E3;
	6493 : E3;
	6494 : E3;
	6495 : E3;
	6496 : E3;
	6497 : E3;
	6498 : E3;
	6499 : E3;
	6500 : E3;
	6501 : E3;
	6502 : E3;
	6503 : FF;
	6504 : 68;
	6505 : 44;
	6506 : 44;
	6507 : 44;
	6508 : 44;
	6509 : 68;
	6510 : 68;
	6511 : 68;
	6512 : 68;
	6513 : 68;
	6514 : 68;
	6515 : 68;
	6516 : 68;
	6517 : 44;
	6518 : 68;
	6519 : FB;
	6520 : E3;
	6521 : E3;
	6522 : E3;
	6523 : E3;
	6524 : E3;
	6525 : E3;
	6526 : E3;
	6527 : E3;
	6528 : E3;
	6529 : E3;
	6530 : E3;
	6531 : E3;
	6532 : E3;
	6533 : E3;
	6534 : E3;
	6535 : E3;
	6536 : E3;
	6537 : E3;
	6538 : E3;
	6539 : E3;
	6540 : E3;
	6541 : E3;
	6542 : E3;
	6543 : B6;
	6544 : 68;
	6545 : 20;
	6546 : 20;
	6547 : 20;
	6548 : 20;
	6549 : 40;
	6550 : D6;
	6551 : E3;
	6552 : E3;
	6553 : E3;
	6554 : E3;
	6555 : E3;
	6556 : E3;
	6557 : E3;
	6558 : FF;
	6559 : B6;
	6560 : 20;
	6561 : 20;
	6562 : 40;
	6563 : 40;
	6564 : 40;
	6565 : DA;
	6566 : E3;
	6567 : E3;
	6568 : E3;
	6569 : E3;
	6570 : E3;
	6571 : E3;
	6572 : E3;
	6573 : E3;
	6574 : E3;
	6575 : E3;
	6576 : E3;
	6577 : E3;
	6578 : E3;
	6579 : E3;
	6580 : E3;
	6581 : E3;
	6582 : FB;
	6583 : 40;
	6584 : 20;
	6585 : 40;
	6586 : 40;
	6587 : 40;
	6588 : 40;
	6589 : 40;
	6590 : 40;
	6591 : 40;
	6592 : 40;
	6593 : 40;
	6594 : 20;
	6595 : 20;
	6596 : 20;
	6597 : 44;
	6598 : FF;
	6599 : 6D;
	6600 : E3;
	6601 : E3;
	6602 : E3;
	6603 : E3;
	6604 : E3;
	6605 : E3;
	6606 : E3;
	6607 : E3;
	6608 : E3;
	6609 : E3;
	6610 : E3;
	6611 : E3;
	6612 : E3;
	6613 : E3;
	6614 : E3;
	6615 : E3;
	6616 : E3;
	6617 : E3;
	6618 : E3;
	6619 : E3;
	6620 : E3;
	6621 : 20;
	6622 : B6;
	6623 : 68;
	6624 : 40;
	6625 : 40;
	6626 : 40;
	6627 : 40;
	6628 : 44;
	6629 : DA;
	6630 : E3;
	6631 : E3;
	6632 : E3;
	6633 : E3;
	6634 : E3;
	6635 : FF;
	6636 : FF;
	6637 : FF;
	6638 : B6;
	6639 : 20;
	6640 : 40;
	6641 : 68;
	6642 : 8D;
	6643 : AD;
	6644 : FF;
	6645 : E3;
	6646 : E3;
	6647 : E3;
	6648 : E3;
	6649 : E3;
	6650 : E3;
	6651 : E3;
	6652 : E3;
	6653 : E3;
	6654 : E3;
	6655 : E3;
	6656 : E3;
	6657 : E3;
	6658 : E3;
	6659 : E3;
	6660 : FB;
	6661 : FB;
	6662 : 44;
	6663 : 40;
	6664 : 44;
	6665 : 8C;
	6666 : AD;
	6667 : AD;
	6668 : AD;
	6669 : AD;
	6670 : AD;
	6671 : AD;
	6672 : 8D;
	6673 : 68;
	6674 : 44;
	6675 : 40;
	6676 : 44;
	6677 : FF;
	6678 : FF;
	6679 : FF;
	6680 : FB;
	6681 : E3;
	6682 : 00;
	6683 : E3;
	6684 : E3;
	6685 : E3;
	6686 : E3;
	6687 : E3;
	6688 : E3;
	6689 : E3;
	6690 : E3;
	6691 : E3;
	6692 : E3;
	6693 : E3;
	6694 : E3;
	6695 : E3;
	6696 : E3;
	6697 : E3;
	6698 : E3;
	6699 : 20;
	6700 : E3;
	6701 : E3;
	6702 : 88;
	6703 : 40;
	6704 : 40;
	6705 : 44;
	6706 : 44;
	6707 : 64;
	6708 : DA;
	6709 : E3;
	6710 : E3;
	6711 : E3;
	6712 : E3;
	6713 : B6;
	6714 : FA;
	6715 : A8;
	6716 : 68;
	6717 : 64;
	6718 : 40;
	6719 : 40;
	6720 : DA;
	6721 : E3;
	6722 : E3;
	6723 : E3;
	6724 : E3;
	6725 : E3;
	6726 : E3;
	6727 : E3;
	6728 : E3;
	6729 : E3;
	6730 : E3;
	6731 : E3;
	6732 : E3;
	6733 : E3;
	6734 : E3;
	6735 : E3;
	6736 : E3;
	6737 : D6;
	6738 : 68;
	6739 : 68;
	6740 : 64;
	6741 : 44;
	6742 : 40;
	6743 : 88;
	6744 : FB;
	6745 : 92;
	6746 : 92;
	6747 : B2;
	6748 : B2;
	6749 : B2;
	6750 : B2;
	6751 : B6;
	6752 : FF;
	6753 : 44;
	6754 : 40;
	6755 : 44;
	6756 : 64;
	6757 : 68;
	6758 : 88;
	6759 : FF;
	6760 : E3;
	6761 : E3;
	6762 : 00;
	6763 : E3;
	6764 : E3;
	6765 : E3;
	6766 : E3;
	6767 : E3;
	6768 : E3;
	6769 : E3;
	6770 : E3;
	6771 : E3;
	6772 : E3;
	6773 : E3;
	6774 : E3;
	6775 : E3;
	6776 : E3;
	6777 : E3;
	6778 : E3;
	6779 : E3;
	6780 : B6;
	6781 : A8;
	6782 : 64;
	6783 : 64;
	6784 : 84;
	6785 : 84;
	6786 : 84;
	6787 : DA;
	6788 : E3;
	6789 : E3;
	6790 : 20;
	6791 : E3;
	6792 : E3;
	6793 : F6;
	6794 : A0;
	6795 : 64;
	6796 : 60;
	6797 : 40;
	6798 : 60;
	6799 : D6;
	6800 : E3;
	6801 : E3;
	6802 : E3;
	6803 : E3;
	6804 : E3;
	6805 : E3;
	6806 : E3;
	6807 : E3;
	6808 : E3;
	6809 : E3;
	6810 : E3;
	6811 : E3;
	6812 : E3;
	6813 : 00;
	6814 : 00;
	6815 : 6D;
	6816 : B2;
	6817 : 60;
	6818 : 60;
	6819 : 64;
	6820 : 64;
	6821 : 84;
	6822 : A8;
	6823 : B6;
	6824 : 20;
	6825 : E3;
	6826 : E3;
	6827 : 20;
	6828 : E3;
	6829 : 20;
	6830 : E3;
	6831 : FF;
	6832 : 64;
	6833 : 44;
	6834 : 44;
	6835 : 40;
	6836 : 40;
	6837 : 84;
	6838 : FF;
	6839 : E3;
	6840 : 20;
	6841 : 00;
	6842 : 20;
	6843 : E3;
	6844 : E3;
	6845 : E3;
	6846 : E3;
	6847 : E3;
	6848 : E3;
	6849 : E3;
	6850 : E3;
	6851 : E3;
	6852 : E3;
	6853 : E3;
	6854 : E3;
	6855 : E3;
	6856 : E3;
	6857 : E3;
	6858 : 20;
	6859 : B6;
	6860 : CC;
	6861 : A4;
	6862 : A4;
	6863 : A4;
	6864 : A4;
	6865 : A4;
	6866 : DA;
	6867 : 20;
	6868 : 49;
	6869 : B6;
	6870 : B6;
	6871 : DB;
	6872 : F6;
	6873 : C4;
	6874 : A4;
	6875 : A8;
	6876 : AD;
	6877 : AD;
	6878 : FB;
	6879 : E3;
	6880 : E3;
	6881 : E3;
	6882 : E3;
	6883 : E3;
	6884 : E3;
	6885 : E3;
	6886 : E3;
	6887 : E3;
	6888 : E3;
	6889 : E3;
	6890 : E3;
	6891 : 00;
	6892 : 00;
	6893 : 20;
	6894 : E3;
	6895 : D2;
	6896 : A4;
	6897 : A4;
	6898 : A4;
	6899 : A4;
	6900 : A4;
	6901 : C8;
	6902 : D6;
	6903 : 00;
	6904 : 20;
	6905 : 20;
	6906 : 20;
	6907 : 20;
	6908 : 20;
	6909 : 69;
	6910 : FF;
	6911 : A4;
	6912 : 84;
	6913 : 84;
	6914 : 84;
	6915 : 84;
	6916 : A4;
	6917 : FF;
	6918 : E3;
	6919 : E3;
	6920 : E3;
	6921 : E3;
	6922 : E3;
	6923 : E3;
	6924 : E3;
	6925 : E3;
	6926 : E3;
	6927 : E3;
	6928 : E3;
	6929 : E3;
	6930 : E3;
	6931 : E3;
	6932 : E3;
	6933 : E3;
	6934 : E3;
	6935 : E3;
	6936 : E3;
	6937 : E3;
	6938 : D7;
	6939 : EC;
	6940 : C4;
	6941 : E4;
	6942 : E4;
	6943 : E4;
	6944 : E4;
	6945 : FA;
	6946 : E3;
	6947 : E3;
	6948 : F1;
	6949 : EC;
	6950 : EC;
	6951 : E8;
	6952 : E4;
	6953 : C4;
	6954 : FA;
	6955 : E3;
	6956 : E3;
	6957 : E3;
	6958 : E3;
	6959 : E3;
	6960 : E3;
	6961 : E3;
	6962 : E3;
	6963 : E3;
	6964 : E3;
	6965 : E3;
	6966 : 20;
	6967 : 00;
	6968 : 00;
	6969 : 00;
	6970 : 20;
	6971 : E3;
	6972 : E3;
	6973 : E3;
	6974 : F6;
	6975 : C4;
	6976 : C4;
	6977 : C4;
	6978 : C4;
	6979 : E4;
	6980 : E8;
	6981 : B6;
	6982 : 00;
	6983 : 00;
	6984 : 20;
	6985 : 00;
	6986 : 20;
	6987 : 20;
	6988 : E3;
	6989 : FF;
	6990 : C8;
	6991 : C4;
	6992 : C4;
	6993 : C4;
	6994 : C4;
	6995 : C8;
	6996 : FF;
	6997 : E3;
	6998 : E3;
	6999 : E3;
	7000 : E3;
	7001 : E3;
	7002 : E3;
	7003 : E3;
	7004 : E3;
	7005 : E3;
	7006 : E3;
	7007 : E3;
	7008 : E3;
	7009 : E3;
	7010 : E3;
	7011 : E3;
	7012 : E3;
	7013 : E3;
	7014 : E3;
	7015 : E3;
	7016 : E3;
	7017 : D6;
	7018 : EC;
	7019 : E4;
	7020 : E8;
	7021 : E8;
	7022 : E8;
	7023 : E8;
	7024 : FA;
	7025 : E3;
	7026 : E3;
	7027 : EC;
	7028 : E4;
	7029 : E4;
	7030 : E4;
	7031 : E4;
	7032 : E4;
	7033 : FA;
	7034 : E3;
	7035 : E3;
	7036 : E3;
	7037 : E3;
	7038 : E3;
	7039 : E3;
	7040 : E3;
	7041 : E3;
	7042 : E3;
	7043 : 20;
	7044 : 00;
	7045 : 00;
	7046 : 00;
	7047 : 00;
	7048 : 20;
	7049 : 20;
	7050 : 20;
	7051 : 00;
	7052 : 6D;
	7053 : F6;
	7054 : E4;
	7055 : E8;
	7056 : E8;
	7057 : E8;
	7058 : E4;
	7059 : E8;
	7060 : D6;
	7061 : 00;
	7062 : 00;
	7063 : 00;
	7064 : 00;
	7065 : 20;
	7066 : 00;
	7067 : E3;
	7068 : FF;
	7069 : E8;
	7070 : E4;
	7071 : E4;
	7072 : E4;
	7073 : E4;
	7074 : E8;
	7075 : FF;
	7076 : E3;
	7077 : 00;
	7078 : 00;
	7079 : 00;
	7080 : 00;
	7081 : E3;
	7082 : E3;
	7083 : E3;
	7084 : E3;
	7085 : E3;
	7086 : E3;
	7087 : E3;
	7088 : E3;
	7089 : 20;
	7090 : E3;
	7091 : E3;
	7092 : E3;
	7093 : E3;
	7094 : E3;
	7095 : E3;
	7096 : E3;
	7097 : EC;
	7098 : E4;
	7099 : E8;
	7100 : E8;
	7101 : E8;
	7102 : E8;
	7103 : F6;
	7104 : FA;
	7105 : FA;
	7106 : E8;
	7107 : E4;
	7108 : E8;
	7109 : ED;
	7110 : ED;
	7111 : ED;
	7112 : FB;
	7113 : E3;
	7114 : E3;
	7115 : E3;
	7116 : E3;
	7117 : E3;
	7118 : E3;
	7119 : E3;
	7120 : 00;
	7121 : 00;
	7122 : 00;
	7123 : 20;
	7124 : 20;
	7125 : 20;
	7126 : 20;
	7127 : 00;
	7128 : 20;
	7129 : 20;
	7130 : 00;
	7131 : 6D;
	7132 : F6;
	7133 : E4;
	7134 : E8;
	7135 : E8;
	7136 : E8;
	7137 : E4;
	7138 : EC;
	7139 : D6;
	7140 : 00;
	7141 : 20;
	7142 : E3;
	7143 : E3;
	7144 : E3;
	7145 : E3;
	7146 : E3;
	7147 : FF;
	7148 : E8;
	7149 : E4;
	7150 : E8;
	7151 : E8;
	7152 : E4;
	7153 : E8;
	7154 : FF;
	7155 : E3;
	7156 : 20;
	7157 : 00;
	7158 : 00;
	7159 : 20;
	7160 : 00;
	7161 : E3;
	7162 : E3;
	7163 : E3;
	7164 : E3;
	7165 : E3;
	7166 : E3;
	7167 : E3;
	7168 : 00;
	7169 : E3;
	7170 : E3;
	7171 : E3;
	7172 : E3;
	7173 : E3;
	7174 : E3;
	7175 : D7;
	7176 : EC;
	7177 : E4;
	7178 : E8;
	7179 : E8;
	7180 : E8;
	7181 : E8;
	7182 : E4;
	7183 : E4;
	7184 : E4;
	7185 : E8;
	7186 : E4;
	7187 : EC;
	7188 : FF;
	7189 : FF;
	7190 : FF;
	7191 : E3;
	7192 : E3;
	7193 : E3;
	7194 : E3;
	7195 : 00;
	7196 : 00;
	7197 : 20;
	7198 : 00;
	7199 : 00;
	7200 : 00;
	7201 : 20;
	7202 : E3;
	7203 : 20;
	7204 : 20;
	7205 : 20;
	7206 : 00;
	7207 : 00;
	7208 : 20;
	7209 : E3;
	7210 : E3;
	7211 : F6;
	7212 : E4;
	7213 : E8;
	7214 : E8;
	7215 : E8;
	7216 : E4;
	7217 : EC;
	7218 : D6;
	7219 : E3;
	7220 : E3;
	7221 : E3;
	7222 : E3;
	7223 : E3;
	7224 : E3;
	7225 : E3;
	7226 : FF;
	7227 : E8;
	7228 : E8;
	7229 : E8;
	7230 : E8;
	7231 : E4;
	7232 : E8;
	7233 : FF;
	7234 : 49;
	7235 : 20;
	7236 : 00;
	7237 : 20;
	7238 : 20;
	7239 : 00;
	7240 : 00;
	7241 : E3;
	7242 : E3;
	7243 : E3;
	7244 : E3;
	7245 : E3;
	7246 : 20;
	7247 : E3;
	7248 : E3;
	7249 : E3;
	7250 : E3;
	7251 : E3;
	7252 : E3;
	7253 : E3;
	7254 : D6;
	7255 : EC;
	7256 : E4;
	7257 : E8;
	7258 : E8;
	7259 : E8;
	7260 : E8;
	7261 : E8;
	7262 : E8;
	7263 : E8;
	7264 : E8;
	7265 : E4;
	7266 : EC;
	7267 : FF;
	7268 : E3;
	7269 : E3;
	7270 : E3;
	7271 : 20;
	7272 : 00;
	7273 : 00;
	7274 : 20;
	7275 : 20;
	7276 : 20;
	7277 : 00;
	7278 : 20;
	7279 : 00;
	7280 : 20;
	7281 : E3;
	7282 : 20;
	7283 : 20;
	7284 : E3;
	7285 : E3;
	7286 : E3;
	7287 : 20;
	7288 : E3;
	7289 : E3;
	7290 : F6;
	7291 : E4;
	7292 : E8;
	7293 : E8;
	7294 : E8;
	7295 : E4;
	7296 : EC;
	7297 : D7;
	7298 : E3;
	7299 : E3;
	7300 : 20;
	7301 : 20;
	7302 : 20;
	7303 : 20;
	7304 : 69;
	7305 : FF;
	7306 : E8;
	7307 : E8;
	7308 : E8;
	7309 : E8;
	7310 : E4;
	7311 : E8;
	7312 : FF;
	7313 : 49;
	7314 : 00;
	7315 : 00;
	7316 : 20;
	7317 : 20;
	7318 : 00;
	7319 : 00;
	7320 : E3;
	7321 : E3;
	7322 : E3;
	7323 : E3;
	7324 : 20;
	7325 : 00;
	7326 : E3;
	7327 : E3;
	7328 : E3;
	7329 : 00;
	7330 : E3;
	7331 : E3;
	7332 : E3;
	7333 : B6;
	7334 : EC;
	7335 : E4;
	7336 : E8;
	7337 : E8;
	7338 : E8;
	7339 : E8;
	7340 : E8;
	7341 : E8;
	7342 : E8;
	7343 : E8;
	7344 : E4;
	7345 : EC;
	7346 : FF;
	7347 : FF;
	7348 : FF;
	7349 : 92;
	7350 : 20;
	7351 : 20;
	7352 : 00;
	7353 : 20;
	7354 : 20;
	7355 : 20;
	7356 : 20;
	7357 : E3;
	7358 : E3;
	7359 : 20;
	7360 : E3;
	7361 : E3;
	7362 : E3;
	7363 : E3;
	7364 : E3;
	7365 : 20;
	7366 : 20;
	7367 : 00;
	7368 : 6D;
	7369 : F6;
	7370 : E4;
	7371 : E8;
	7372 : E8;
	7373 : E8;
	7374 : E4;
	7375 : EC;
	7376 : D6;
	7377 : 20;
	7378 : 20;
	7379 : 20;
	7380 : 20;
	7381 : 20;
	7382 : E3;
	7383 : E3;
	7384 : FF;
	7385 : E8;
	7386 : E8;
	7387 : E8;
	7388 : E8;
	7389 : E4;
	7390 : E8;
	7391 : FF;
	7392 : 49;
	7393 : 20;
	7394 : 20;
	7395 : 20;
	7396 : 00;
	7397 : 00;
	7398 : 20;
	7399 : E3;
	7400 : E3;
	7401 : E3;
	7402 : E3;
	7403 : 00;
	7404 : E3;
	7405 : E3;
	7406 : E3;
	7407 : 20;
	7408 : E3;
	7409 : E3;
	7410 : 20;
	7411 : 20;
	7412 : B6;
	7413 : EC;
	7414 : E4;
	7415 : E8;
	7416 : E8;
	7417 : E8;
	7418 : E8;
	7419 : E8;
	7420 : E8;
	7421 : E8;
	7422 : E8;
	7423 : E8;
	7424 : E8;
	7425 : EC;
	7426 : EC;
	7427 : EC;
	7428 : FA;
	7429 : E3;
	7430 : 00;
	7431 : 20;
	7432 : 20;
	7433 : 20;
	7434 : 20;
	7435 : E3;
	7436 : E3;
	7437 : E3;
	7438 : E3;
	7439 : E3;
	7440 : E3;
	7441 : 20;
	7442 : 00;
	7443 : 00;
	7444 : 00;
	7445 : 20;
	7446 : 20;
	7447 : E3;
	7448 : F6;
	7449 : E4;
	7450 : E8;
	7451 : E8;
	7452 : E8;
	7453 : E4;
	7454 : EC;
	7455 : D6;
	7456 : 00;
	7457 : 20;
	7458 : E3;
	7459 : E3;
	7460 : E3;
	7461 : E3;
	7462 : E3;
	7463 : FF;
	7464 : E8;
	7465 : E8;
	7466 : E8;
	7467 : E8;
	7468 : E4;
	7469 : E8;
	7470 : FF;
	7471 : 49;
	7472 : 20;
	7473 : 20;
	7474 : 00;
	7475 : 00;
	7476 : 20;
	7477 : 20;
	7478 : E3;
	7479 : E3;
	7480 : E3;
	7481 : 20;
	7482 : 00;
	7483 : E3;
	7484 : E3;
	7485 : 00;
	7486 : E3;
	7487 : E3;
	7488 : E3;
	7489 : 20;
	7490 : 20;
	7491 : B6;
	7492 : EC;
	7493 : E4;
	7494 : E8;
	7495 : E8;
	7496 : E8;
	7497 : E8;
	7498 : E4;
	7499 : E4;
	7500 : E4;
	7501 : E8;
	7502 : E8;
	7503 : E8;
	7504 : E4;
	7505 : E4;
	7506 : E4;
	7507 : FA;
	7508 : 24;
	7509 : 00;
	7510 : 20;
	7511 : 20;
	7512 : E3;
	7513 : E3;
	7514 : E3;
	7515 : E3;
	7516 : 00;
	7517 : 20;
	7518 : 00;
	7519 : 00;
	7520 : 20;
	7521 : 20;
	7522 : 00;
	7523 : 00;
	7524 : E3;
	7525 : E3;
	7526 : E3;
	7527 : F6;
	7528 : E4;
	7529 : E4;
	7530 : E4;
	7531 : E4;
	7532 : E4;
	7533 : E8;
	7534 : E3;
	7535 : E3;
	7536 : E3;
	7537 : E3;
	7538 : E3;
	7539 : E3;
	7540 : E3;
	7541 : E3;
	7542 : FF;
	7543 : E8;
	7544 : E4;
	7545 : E8;
	7546 : E8;
	7547 : E4;
	7548 : E8;
	7549 : FF;
	7550 : E3;
	7551 : 00;
	7552 : 00;
	7553 : 00;
	7554 : 00;
	7555 : 20;
	7556 : E3;
	7557 : E3;
	7558 : E3;
	7559 : E3;
	7560 : 20;
	7561 : E3;
	7562 : E3;
	7563 : E3;
	7564 : 00;
	7565 : E3;
	7566 : 20;
	7567 : 20;
	7568 : 20;
	7569 : 20;
	7570 : B6;
	7571 : EC;
	7572 : E4;
	7573 : E8;
	7574 : E8;
	7575 : E8;
	7576 : E8;
	7577 : EC;
	7578 : F1;
	7579 : ED;
	7580 : E8;
	7581 : E8;
	7582 : E8;
	7583 : E8;
	7584 : E8;
	7585 : E4;
	7586 : FA;
	7587 : B6;
	7588 : B6;
	7589 : E3;
	7590 : E3;
	7591 : E3;
	7592 : E3;
	7593 : E3;
	7594 : E3;
	7595 : 00;
	7596 : 00;
	7597 : 20;
	7598 : E3;
	7599 : E3;
	7600 : E3;
	7601 : 20;
	7602 : 00;
	7603 : E3;
	7604 : E3;
	7605 : E3;
	7606 : F2;
	7607 : C4;
	7608 : C4;
	7609 : C4;
	7610 : C4;
	7611 : C4;
	7612 : E8;
	7613 : E3;
	7614 : E3;
	7615 : E3;
	7616 : E3;
	7617 : E3;
	7618 : E3;
	7619 : E3;
	7620 : E3;
	7621 : FF;
	7622 : E8;
	7623 : E4;
	7624 : E4;
	7625 : C4;
	7626 : C4;
	7627 : E8;
	7628 : FF;
	7629 : E3;
	7630 : 20;
	7631 : 00;
	7632 : 00;
	7633 : 20;
	7634 : E3;
	7635 : 20;
	7636 : E3;
	7637 : E3;
	7638 : E3;
	7639 : 20;
	7640 : E3;
	7641 : E3;
	7642 : 20;
	7643 : 20;
	7644 : 20;
	7645 : 00;
	7646 : 00;
	7647 : 20;
	7648 : 20;
	7649 : B6;
	7650 : EC;
	7651 : E4;
	7652 : E4;
	7653 : E4;
	7654 : E8;
	7655 : E8;
	7656 : FB;
	7657 : 92;
	7658 : DB;
	7659 : EC;
	7660 : E4;
	7661 : E8;
	7662 : E8;
	7663 : E8;
	7664 : E4;
	7665 : E8;
	7666 : EC;
	7667 : EC;
	7668 : FB;
	7669 : E3;
	7670 : 20;
	7671 : E3;
	7672 : E3;
	7673 : 20;
	7674 : 20;
	7675 : 20;
	7676 : E3;
	7677 : E3;
	7678 : 20;
	7679 : 20;
	7680 : E3;
	7681 : E3;
	7682 : E3;
	7683 : E3;
	7684 : E3;
	7685 : D2;
	7686 : 80;
	7687 : 84;
	7688 : 84;
	7689 : 84;
	7690 : A4;
	7691 : C8;
	7692 : E3;
	7693 : E3;
	7694 : E3;
	7695 : E3;
	7696 : E3;
	7697 : E3;
	7698 : E3;
	7699 : E3;
	7700 : FF;
	7701 : C8;
	7702 : A4;
	7703 : A4;
	7704 : A4;
	7705 : A4;
	7706 : A8;
	7707 : FF;
	7708 : E3;
	7709 : 20;
	7710 : 00;
	7711 : 20;
	7712 : E3;
	7713 : E3;
	7714 : 20;
	7715 : E3;
	7716 : E3;
	7717 : E3;
	7718 : E3;
	7719 : 20;
	7720 : 20;
	7721 : E3;
	7722 : 20;
	7723 : 00;
	7724 : 00;
	7725 : 00;
	7726 : 00;
	7727 : 00;
	7728 : B6;
	7729 : EC;
	7730 : C4;
	7731 : C4;
	7732 : C4;
	7733 : E4;
	7734 : E8;
	7735 : FA;
	7736 : 00;
	7737 : B6;
	7738 : EC;
	7739 : E4;
	7740 : E4;
	7741 : E4;
	7742 : E4;
	7743 : C4;
	7744 : C4;
	7745 : E4;
	7746 : E4;
	7747 : FA;
	7748 : E3;
	7749 : 20;
	7750 : 20;
	7751 : 20;
	7752 : 20;
	7753 : E3;
	7754 : E3;
	7755 : E3;
	7756 : E3;
	7757 : E3;
	7758 : E3;
	7759 : E3;
	7760 : E3;
	7761 : E3;
	7762 : E3;
	7763 : E3;
	7764 : D2;
	7765 : 60;
	7766 : 40;
	7767 : 44;
	7768 : 64;
	7769 : 84;
	7770 : A8;
	7771 : E3;
	7772 : E3;
	7773 : E3;
	7774 : E3;
	7775 : E3;
	7776 : E3;
	7777 : E3;
	7778 : E3;
	7779 : FF;
	7780 : 84;
	7781 : 84;
	7782 : 64;
	7783 : 60;
	7784 : 60;
	7785 : 84;
	7786 : FF;
	7787 : E3;
	7788 : 00;
	7789 : 24;
	7790 : E3;
	7791 : E3;
	7792 : E3;
	7793 : E3;
	7794 : E3;
	7795 : E3;
	7796 : E3;
	7797 : E3;
	7798 : 20;
	7799 : 20;
	7800 : 20;
	7801 : 20;
	7802 : 00;
	7803 : 00;
	7804 : 00;
	7805 : 00;
	7806 : 00;
	7807 : B6;
	7808 : C8;
	7809 : A4;
	7810 : A4;
	7811 : A4;
	7812 : C4;
	7813 : C4;
	7814 : FA;
	7815 : 20;
	7816 : 92;
	7817 : F6;
	7818 : EC;
	7819 : C4;
	7820 : C4;
	7821 : A4;
	7822 : A4;
	7823 : A4;
	7824 : A4;
	7825 : A4;
	7826 : FA;
	7827 : B6;
	7828 : B6;
	7829 : B6;
	7830 : E3;
	7831 : 20;
	7832 : E3;
	7833 : FB;
	7834 : F6;
	7835 : FA;
	7836 : FB;
	7837 : E3;
	7838 : E3;
	7839 : E3;
	7840 : E3;
	7841 : E3;
	7842 : E3;
	7843 : B2;
	7844 : 40;
	7845 : 40;
	7846 : 40;
	7847 : 40;
	7848 : 40;
	7849 : 88;
	7850 : FB;
	7851 : E3;
	7852 : E3;
	7853 : E3;
	7854 : E3;
	7855 : E3;
	7856 : E3;
	7857 : E3;
	7858 : FF;
	7859 : 64;
	7860 : 40;
	7861 : 44;
	7862 : 88;
	7863 : 88;
	7864 : 8D;
	7865 : FF;
	7866 : 49;
	7867 : 00;
	7868 : 92;
	7869 : FB;
	7870 : F6;
	7871 : FA;
	7872 : FB;
	7873 : E3;
	7874 : E3;
	7875 : E3;
	7876 : E3;
	7877 : 20;
	7878 : 00;
	7879 : 20;
	7880 : 20;
	7881 : 00;
	7882 : 00;
	7883 : 00;
	7884 : 00;
	7885 : 00;
	7886 : B6;
	7887 : 88;
	7888 : 40;
	7889 : 64;
	7890 : 64;
	7891 : 84;
	7892 : 84;
	7893 : DA;
	7894 : 24;
	7895 : 20;
	7896 : DA;
	7897 : FF;
	7898 : FB;
	7899 : D2;
	7900 : 60;
	7901 : 64;
	7902 : 64;
	7903 : 84;
	7904 : 84;
	7905 : 88;
	7906 : A8;
	7907 : A8;
	7908 : FB;
	7909 : 92;
	7910 : E3;
	7911 : E3;
	7912 : F6;
	7913 : A0;
	7914 : C4;
	7915 : FF;
	7916 : E3;
	7917 : E3;
	7918 : E3;
	7919 : E3;
	7920 : E3;
	7921 : E3;
	7922 : FF;
	7923 : FB;
	7924 : DB;
	7925 : D6;
	7926 : 44;
	7927 : 40;
	7928 : 44;
	7929 : 88;
	7930 : 88;
	7931 : 88;
	7932 : 88;
	7933 : 88;
	7934 : 88;
	7935 : 88;
	7936 : 68;
	7937 : 68;
	7938 : 40;
	7939 : 40;
	7940 : 44;
	7941 : FF;
	7942 : FF;
	7943 : FF;
	7944 : DB;
	7945 : 20;
	7946 : 00;
	7947 : 92;
	7948 : F1;
	7949 : C0;
	7950 : C8;
	7951 : FF;
	7952 : E3;
	7953 : E3;
	7954 : E3;
	7955 : E3;
	7956 : E3;
	7957 : 00;
	7958 : 20;
	7959 : 00;
	7960 : 00;
	7961 : 00;
	7962 : 00;
	7963 : 00;
	7964 : 00;
	7965 : B6;
	7966 : 68;
	7967 : 40;
	7968 : 40;
	7969 : 40;
	7970 : 64;
	7971 : 64;
	7972 : DA;
	7973 : E3;
	7974 : 20;
	7975 : 20;
	7976 : E3;
	7977 : DB;
	7978 : D6;
	7979 : 40;
	7980 : 40;
	7981 : 40;
	7982 : 40;
	7983 : 40;
	7984 : 40;
	7985 : 40;
	7986 : 40;
	7987 : DA;
	7988 : 92;
	7989 : E3;
	7990 : E3;
	7991 : D6;
	7992 : 40;
	7993 : 40;
	7994 : FB;
	7995 : E3;
	7996 : E3;
	7997 : E3;
	7998 : E3;
	7999 : E3;
	8000 : E3;
	8001 : E3;
	8002 : E3;
	8003 : E3;
	8004 : FF;
	8005 : 20;
	8006 : 20;
	8007 : 20;
	8008 : 40;
	8009 : 40;
	8010 : 40;
	8011 : 40;
	8012 : 40;
	8013 : 40;
	8014 : 40;
	8015 : 40;
	8016 : 40;
	8017 : 40;
	8018 : 40;
	8019 : 44;
	8020 : FF;
	8021 : 92;
	8022 : 6D;
	8023 : 69;
	8024 : 00;
	8025 : E3;
	8026 : E3;
	8027 : AD;
	8028 : 60;
	8029 : 88;
	8030 : FF;
	8031 : E3;
	8032 : E3;
	8033 : E3;
	8034 : E3;
	8035 : E3;
	8036 : E3;
	8037 : 00;
	8038 : 00;
	8039 : 00;
	8040 : 00;
	8041 : 00;
	8042 : 20;
	8043 : 20;
	8044 : B6;
	8045 : 68;
	8046 : 20;
	8047 : 20;
	8048 : 20;
	8049 : 20;
	8050 : 40;
	8051 : DA;
	8052 : E3;
	8053 : 20;
	8054 : 00;
	8055 : 20;
	8056 : 6D;
	8057 : FF;
	8058 : DA;
	8059 : D6;
	8060 : D6;
	8061 : D6;
	8062 : D6;
	8063 : D6;
	8064 : D6;
	8065 : D6;
	8066 : FF;
	8067 : E3;
	8068 : E3;
	8069 : E3;
	8070 : FF;
	8071 : D6;
	8072 : D6;
	8073 : FF;
	8074 : E3;
	8075 : E3;
	8076 : E3;
	8077 : E3;
	8078 : E3;
	8079 : E3;
	8080 : E3;
	8081 : E3;
	8082 : E3;
	8083 : FF;
	8084 : 6D;
	8085 : 68;
	8086 : 68;
	8087 : 68;
	8088 : 68;
	8089 : 68;
	8090 : 68;
	8091 : 68;
	8092 : 68;
	8093 : 68;
	8094 : 68;
	8095 : 68;
	8096 : 68;
	8097 : 8D;
	8098 : D6;
	8099 : FF;
	8100 : E3;
	8101 : 00;
	8102 : 00;
	8103 : 20;
	8104 : E3;
	8105 : B2;
	8106 : FB;
	8107 : D6;
	8108 : DA;
	8109 : FF;
	8110 : E3;
	8111 : E3;
	8112 : E3;
	8113 : E3;
	8114 : E3;
	8115 : E3;
	8116 : 20;
	8117 : 00;
	8118 : 00;
	8119 : 20;
	8120 : 20;
	8121 : 20;
	8122 : 20;
	8123 : B2;
	8124 : 6D;
	8125 : 68;
	8126 : 68;
	8127 : 68;
	8128 : 68;
	8129 : 68;
	8130 : B6;
	8131 : 24;
	8132 : 20;
	8133 : 00;
	8134 : 00;
	8135 : E3;
	8136 : 92;
	8137 : B2;
	8138 : B2;
	8139 : 92;
	8140 : B2;
	8141 : E3;
	8142 : E3;
	8143 : E3;
	8144 : E3;
	8145 : E3;
	8146 : E3;
	8147 : E3;
	8148 : E3;
	8149 : E3;
	8150 : E3;
	8151 : E3;
	8152 : E3;
	8153 : E3;
	8154 : E3;
	8155 : E3;
	8156 : E3;
	8157 : E3;
	8158 : E3;
	8159 : E3;
	8160 : E3;
	8161 : E3;
	8162 : FB;
	8163 : FB;
	8164 : FB;
	8165 : FB;
	8166 : FB;
	8167 : FB;
	8168 : FB;
	8169 : FB;
	8170 : FB;
	8171 : FB;
	8172 : FB;
	8173 : FB;
	8174 : FB;
	8175 : FB;
	8176 : E3;
	8177 : E3;
	8178 : B2;
	8179 : E3;
	8180 : 00;
	8181 : 00;
	8182 : 20;
	8183 : 20;
	8184 : E3;
	8185 : B2;
	8186 : E3;
	8187 : E3;
	8188 : E3;
	8189 : E3;
	8190 : E3;
	8191 : E3;
	8192 : E3;
	8193 : E3;
	8194 : E3;
	8195 : E3;
	8196 : 00;
	8197 : E3;
	8198 : E3;
	8199 : E3;
	8200 : 20;
	8201 : E3;
	8202 : 20;
	8203 : E3;
	8204 : 24;
	8205 : 24;
	8206 : E3;
	8207 : E3;
	8208 : E3;
	8209 : 20;
	8210 : 00;
	8211 : E3;
	8212 : E3;
	8213 : E3;
	8214 : 20;
	8215 : 20;
	8216 : 20;
	8217 : E3;
	8218 : E3;
	8219 : E3;
	8220 : E3;
	8221 : E3;
	8222 : E3;
	8223 : E3;
	8224 : E3;
	8225 : E3;
	8226 : E3;
	8227 : E3;
	8228 : E3;
	8229 : E3;
	8230 : E3;
	8231 : E3;
	8232 : E3;
	8233 : E3;
	8234 : E3;
	8235 : E3;
	8236 : E3;
	8237 : E3;
	8238 : E3;
	8239 : E3;
	8240 : E3;
	8241 : E3;
	8242 : E3;
	8243 : E3;
	8244 : E3;
	8245 : E3;
	8246 : E3;
	8247 : E3;
	8248 : E3;
	8249 : E3;
	8250 : E3;
	8251 : E3;
	8252 : E3;
	8253 : E3;
	8254 : E3;
	8255 : E3;
	8256 : E3;
	8257 : E3;
	8258 : 00;
	8259 : 00;
	8260 : 00;
	8261 : 20;
	8262 : 00;
	8263 : 20;
	8264 : E3;
	8265 : E3;
	8266 : E3;
	8267 : E3;
	8268 : E3;
	8269 : E3;
	8270 : E3;
	8271 : E3;
	8272 : E3;
	8273 : E3;
	8274 : 00;
	8275 : 20;
	8276 : E3;
	8277 : E3;
	8278 : E3;
	8279 : E3;
	8280 : E3;
	8281 : 20;
	8282 : 00;
	8283 : 00;
	8284 : 00;
	8285 : 20;
	8286 : 20;
	8287 : 20;
	8288 : E3;
	8289 : E3;
	8290 : E3;
	8291 : E3;
	8292 : E3;
	8293 : E3;
	8294 : 00;
	8295 : E3;
	8296 : E3;
	8297 : E3;
	8298 : E3;
	8299 : E3;
	8300 : E3;
	8301 : E3;
	8302 : E3;
	8303 : E3;
	8304 : E3;
	8305 : E3;
	8306 : E3;
	8307 : E3;
	8308 : E3;
	8309 : E3;
	8310 : E3;
	8311 : E3;
	8312 : E3;
	8313 : E3;
	8314 : E3;
	8315 : E3;
	8316 : E3;
	8317 : E3;
	8318 : E3;
	8319 : E3;
	8320 : E3;
	8321 : E3;
	8322 : E3;
	8323 : E3;
	8324 : E3;
	8325 : E3;
	8326 : E3;
	8327 : E3;
	8328 : E3;
	8329 : E3;
	8330 : E3;
	8331 : E3;
	8332 : E3;
	8333 : E3;
	8334 : E3;
	8335 : E3;
	8336 : E3;
	8337 : 00;
	8338 : 00;
	8339 : 20;
	8340 : 20;
	8341 : 20;
	8342 : 20;
	8343 : E3;
	8344 : E3;
	8345 : E3;
	8346 : E3;
	8347 : E3;
	8348 : E3;
	8349 : E3;
	8350 : E3;
	8351 : E3;
	8352 : E3;
	8353 : E3;
	8354 : E3;
	8355 : E3;
	8356 : E3;
	8357 : E3;
	8358 : E3;
	8359 : E3;
	8360 : E3;
	8361 : E3;
	8362 : E3;
	8363 : E3;
	8364 : E3;
	8365 : E3;
	8366 : E3;
	8367 : E3;
	8368 : E3;
	8369 : E3;
	8370 : E3;
	8371 : E3;
	8372 : E3;
	8373 : E3;
	8374 : E3;
	8375 : E3;
	8376 : E3;
	8377 : E3;
	8378 : E3;
	8379 : E3;
	8380 : E3;
	8381 : E3;
	8382 : E3;
	8383 : E3;
	8384 : E3;
	8385 : E3;
	8386 : E3;
	8387 : E3;
	8388 : E3;
	8389 : E3;
	8390 : E3;
	8391 : E3;
	8392 : E3;
	8393 : E3;
	8394 : E3;
	8395 : E3;
	8396 : E3;
	8397 : E3;
	8398 : E3;
	8399 : E3;
	8400 : E3;
	8401 : E3;
	8402 : E3;
	8403 : E3;
	8404 : E3;
	8405 : E3;
	8406 : E3;
	8407 : E3;
	8408 : E3;
	8409 : E3;
	8410 : E3;
	8411 : E3;
	8412 : E3;
	8413 : E3;
	8414 : E3;
	8415 : 20;
	8416 : 00;
	8417 : 00;
	8418 : 20;
	8419 : 00;
	8420 : 00;
	8421 : E3;
	8422 : E3;
	8423 : E3;
	8424 : E3;
	8425 : E3;
	8426 : E3;
	8427 : E3;
	8428 : E3;
	8429 : E3;
	8430 : E3;
	8431 : E3;
	8432 : E3;
	8433 : E3;
	8434 : E3;
	8435 : E3;
	8436 : E3;
	8437 : E3;
	8438 : E3;
	8439 : E3;
	8440 : E3;
	8441 : E3;
	8442 : E3;
	8443 : E3;
	8444 : E3;
	8445 : E3;
	8446 : E3;
	8447 : E3;
	8448 : E3;
	8449 : E3;
	8450 : E3;
	8451 : E3;
	8452 : E3;
	8453 : E3;
	8454 : E3;
	8455 : E3;
	8456 : E3;
	8457 : E3;
	8458 : E3;
	8459 : E3;
	8460 : E3;
	8461 : E3;
	8462 : E3;
	8463 : E3;
	8464 : E3;
	8465 : E3;
	8466 : E3;
	8467 : E3;
	8468 : E3;
	8469 : E3;
	8470 : E3;
	8471 : E3;
	8472 : E3;
	8473 : E3;
	8474 : E3;
	8475 : E3;
	8476 : E3;
	8477 : E3;
	8478 : E3;
	8479 : E3;
	8480 : E3;
	8481 : E3;
	8482 : E3;
	8483 : E3;
	8484 : E3;
	8485 : E3;
	8486 : E3;
	8487 : E3;
	8488 : E3;
	8489 : E3;
	8490 : E3;
	8491 : E3;
	8492 : E3;
	8493 : E3;
	8494 : 20;
	8495 : 20;
	8496 : 00;
	8497 : 00;
	8498 : 00;
	8499 : 00;
	8500 : E3;
	8501 : E3;
	8502 : E3;
	8503 : E3;
	8504 : E3;
	8505 : E3;
	8506 : E3;
	8507 : E3;
	8508 : E3;
	8509 : E3;
	8510 : E3;
	8511 : E3;
	8512 : E3;
	8513 : E3;
	8514 : E3;
	8515 : E3;
	8516 : E3;
	8517 : E3;
	8518 : E3;
	8519 : E3;
	8520 : E3;
	8521 : E3;
	8522 : E3;
	8523 : E3;
	8524 : E3;
	8525 : E3;
	8526 : E3;
	8527 : E3;
	8528 : E3;
	8529 : E3;
	8530 : E3;
	8531 : E3;
	8532 : E3;
	8533 : E3;
	8534 : E3;
	8535 : E3;
	8536 : E3;
	8537 : E3;
	8538 : E3;
	8539 : E3;
	8540 : E3;
	8541 : E3;
	8542 : E3;
	8543 : E3;
	8544 : E3;
	8545 : E3;
	8546 : E3;
	8547 : E3;
	8548 : E3;
	8549 : E3;
	8550 : E3;
	8551 : E3;
	8552 : E3;
	8553 : E3;
	8554 : E3;
	8555 : E3;
	8556 : E3;
	8557 : E3;
	8558 : E3;
	8559 : E3;
	8560 : E3;
	8561 : E3;
	8562 : E3;
	8563 : E3;
	8564 : E3;
	8565 : E3;
	8566 : E3;
	8567 : E3;
	8568 : E3;
	8569 : E3;
	8570 : E3;
	8571 : E3;
	8572 : E3;
	8573 : 20;
	8574 : 20;
	8575 : 00;
	8576 : 00;
	8577 : 00;
	8578 : E3;
	8579 : E3;
	8580 : E3;
	8581 : E3;
	8582 : E3;
	8583 : E3;
	8584 : E3;
	8585 : E3;
	8586 : E3;
	8587 : E3;
	8588 : E3;
	8589 : E3;
	8590 : E3;
	8591 : E3;
	8592 : E3;
	8593 : E3;
	8594 : E3;
	8595 : E3;
	8596 : E3;
	8597 : E3;
	8598 : E3;
	8599 : E3;
	8600 : E3;
	8601 : E3;
	8602 : E3;
	8603 : E3;
	8604 : E3;
	8605 : E3;
	8606 : E3;
	8607 : E3;
	8608 : E3;
	8609 : E3;
	8610 : E3;
	8611 : E3;
	8612 : E3;
	8613 : E3;
	8614 : E3;
	8615 : E3;
	8616 : E3;
	8617 : E3;
	8618 : E3;
	8619 : E3;
	8620 : E3;
	8621 : E3;
	8622 : E3;
	8623 : E3;
	8624 : E3;
	8625 : E3;
	8626 : E3;
	8627 : E3;
	8628 : E3;
	8629 : E3;
	8630 : E3;
	8631 : E3;
	8632 : E3;
	8633 : E3;
	8634 : E3;
	8635 : E3;
	8636 : E3;
	8637 : E3;
	8638 : E3;
	8639 : E3;
	8640 : E3;
	8641 : E3;
	8642 : E3;
	8643 : E3;
	8644 : E3;
	8645 : E3;
	8646 : E3;
	8647 : E3;
	8648 : E3;
	8649 : E3;
	8650 : E3;
	8651 : E3;
	8652 : E3;
	8653 : 20;
	8654 : 00;
	8655 : 00;
	8656 : E3;
	8657 : E3;
	8658 : E3;
	8659 : E3;
	8660 : E3;
	8661 : E3;
	8662 : E3;
	8663 : E3;
	8664 : E3;
	8665 : E3;
	8666 : E3;
	8667 : E3;
	8668 : E3;
	8669 : E3;
	8670 : E3;
	8671 : E3;
	8672 : E3;
	8673 : E3;
	8674 : E3;
	8675 : E3;
	8676 : E3;
	8677 : E3;
	8678 : E3;
	8679 : E3;
	8680 : E3;
	8681 : E3;
	8682 : E3;
	8683 : E3;
	8684 : E3;
	8685 : E3;
	8686 : E3;
	8687 : E3;
	8688 : E3;
	8689 : E3;
	8690 : E3;
	8691 : E3;
	8692 : E3;
	8693 : E3;
	8694 : E3;
	8695 : E3;
	8696 : E3;
	8697 : E3;
	8698 : E3;
	8699 : E3;
	8700 : E3;
	8701 : E3;
	8702 : E3;
	8703 : E3;
	8704 : E3;
	8705 : E3;
	8706 : E3;
	8707 : E3;
	8708 : E3;
	8709 : E3;
	8710 : E3;
	8711 : E3;
	8712 : E3;
	8713 : E3;
	8714 : E3;
	8715 : E3;
	8716 : E3;
	8717 : E3;
	8718 : E3;
	8719 : E3;
	8720 : E3;
	8721 : E3;
	8722 : E3;
	8723 : E3;
	8724 : E3;
	8725 : E3;
	8726 : E3;
	8727 : E3;
	8728 : E3;
	8729 : E3;
	8730 : E3;
	8731 : E3;
	8732 : 00;
	8733 : 00;
	8734 : 00;
	8735 : E3;
	8736 : E3;
	8737 : E3;
	8738 : E3;
	8739 : E3;
	8740 : E3;
	8741 : E3;
	8742 : E3;
	8743 : E3;
	8744 : E3;
	8745 : E3;
	8746 : E3;
	8747 : E3;
	8748 : E3;
	8749 : E3;
	8750 : E3;
	8751 : E3;
	8752 : E3;
	8753 : E3;
	8754 : E3;
	8755 : E3;
	8756 : E3;
	8757 : E3;
	8758 : E3;
	8759 : E3;
	8760 : E3;
	8761 : E3;
	8762 : E3;
	8763 : E3;
	8764 : E3;
	8765 : E3;
	8766 : E3;
	8767 : E3;
	8768 : E3;
	8769 : E3;
	8770 : E3;
	8771 : E3;
	8772 : E3;
	8773 : E3;
	8774 : E3;
	8775 : E3;
	8776 : E3;
	8777 : E3;
	8778 : E3;
	8779 : E3;
	8780 : E3;
	8781 : E3;
	8782 : E3;
	8783 : E3;
	8784 : E3;
	8785 : E3;
	8786 : E3;
	8787 : E3;
	8788 : E3;
	8789 : E3;
	8790 : E3;
	8791 : E3;
	8792 : E3;
	8793 : E3;
	8794 : E3;
	8795 : E3;
	8796 : E3;
	8797 : E3;
	8798 : E3;
	8799 : E3;
	8800 : E3;
	8801 : E3;
	8802 : E3;
	8803 : E3;
	8804 : E3;
	8805 : E3;
	8806 : E3;
	8807 : E3;
	8808 : E3;
	8809 : E3;
	8810 : 20;
	8811 : 20;
	8812 : 00;
	8813 : 20;
	8814 : E3;
	8815 : E3;
	8816 : E3;
	8817 : E3;
	8818 : E3;
	8819 : E3;
	8820 : E3;
	8821 : E3;
	8822 : E3;
	8823 : E3;
	8824 : E3;
	8825 : E3;
	8826 : E3;
	8827 : E3;
	8828 : E3;
	8829 : E3;
	8830 : E3;
	8831 : E3;
	8832 : E3;
	8833 : E3;
	8834 : E3;
	8835 : E3;
	8836 : E3;
	8837 : E3;
	8838 : E3;
	8839 : E3;
	8840 : E3;
	8841 : E3;
	8842 : E3;
	8843 : E3;
	8844 : E3;
	8845 : E3;
	8846 : E3;
	8847 : E3;
	8848 : E3;
	8849 : E3;
	8850 : E3;
	8851 : E3;
	8852 : E3;
	8853 : E3;
	8854 : E3;
	8855 : E3;
	8856 : E3;
	8857 : E3;
	8858 : E3;
	8859 : E3;
	8860 : E3;
	8861 : E3;
	8862 : E3;
	8863 : E3;
	8864 : E3;
	8865 : E3;
	8866 : E3;
	8867 : E3;
	8868 : E3;
	8869 : E3;
	8870 : E3;
	8871 : E3;
	8872 : E3;
	8873 : E3;
	8874 : E3;
	8875 : E3;
	8876 : E3;
	8877 : E3;
	8878 : E3;
	8879 : E3;
	8880 : E3;
	8881 : E3;
	8882 : E3;
	8883 : E3;
	8884 : E3;
	8885 : E3;
	8886 : E3;
	8887 : E3;
	8888 : E3;
	8889 : E3;
	8890 : 20;
	8891 : 20;
	8892 : E3;
	8893 : E3;
	8894 : E3;
	8895 : E3;
	8896 : E3;
	8897 : E3;
	8898 : E3;
	8899 : E3;
	8900 : E3;
	8901 : E3;
	8902 : E3;
	8903 : E3;
	8904 : E3;
	8905 : E3;
	8906 : E3;
	8907 : E3;
	8908 : E3;
	8909 : E3;
	8910 : E3;
	8911 : E3;
	8912 : E3;
	8913 : E3;
	8914 : E3;
	8915 : E3;
	8916 : E3;
	8917 : E3;
	8918 : E3;
	8919 : E3;
	8920 : E3;
	8921 : E3;
	8922 : E3;
	8923 : E3;
	8924 : E3;
	8925 : E3;
	8926 : E3;
	8927 : E3;
	8928 : E3;
	8929 : E3;
	8930 : E3;
	8931 : E3;
	8932 : E3;
	8933 : E3;
	8934 : E3;
	8935 : E3;
	8936 : E3;
	8937 : E3;
	8938 : E3;
	8939 : E3;
	8940 : E3;
	8941 : E3;
	8942 : E3;
	8943 : E3;
	8944 : E3;
	8945 : E3;
	8946 : E3;
	8947 : E3;
	8948 : E3;
	8949 : E3;
	8950 : E3;
	8951 : E3;
	8952 : E3;
	8953 : E3;
	8954 : E3;
	8955 : E3;
	8956 : E3;
	8957 : E3;
	8958 : E3;
	8959 : E3;
	8960 : E3;
	8961 : E3;
	8962 : E3;
	8963 : E3;
	8964 : E3;
	8965 : E3;
	8966 : E3;
	8967 : E3;
	8968 : E3;
	8969 : E3;
	8970 : E3;
	8971 : E3;
	8972 : E3;
	8973 : E3;
	8974 : E3;
	8975 : E3;
	8976 : E3;
	8977 : E3;
	8978 : E3;
	8979 : E3;
	8980 : E3;
	8981 : E3;
	8982 : E3;
	8983 : E3;
	8984 : E3;
	8985 : E3;
	8986 : E3;
	8987 : E3;
	8988 : E3;
	8989 : E3;
	8990 : E3;
	8991 : E3;
	8992 : E3;
	8993 : E3;
	8994 : E3;
	8995 : E3;
	8996 : E3;
	8997 : E3;
	8998 : E3;
	8999 : E3;
	9000 : E3;
	9001 : E3;
	9002 : E3;
	9003 : E3;
	9004 : E3;
	9005 : E3;
	9006 : E3;
	9007 : E3;
	9008 : E3;
	9009 : E3;
	9010 : E3;
	9011 : E3;
	9012 : E3;
	9013 : E3;
	9014 : E3;
	9015 : E3;
	9016 : E3;
	9017 : E3;
	9018 : E3;
	9019 : E3;
	9020 : E3;
	9021 : E3;
	9022 : E3;
	9023 : E3;
	9024 : E3;
	9025 : E3;
	9026 : E3;
	9027 : E3;
	9028 : E3;
	9029 : E3;
	9030 : E3;
	9031 : E3;
	9032 : E3;
	9033 : E3;
	9034 : E3;
	9035 : E3;
	9036 : E3;
	9037 : E3;
	9038 : E3;
	9039 : E3;
	9040 : E3;
	9041 : E3;
	9042 : E3;
	9043 : E3;
	9044 : E3;
	9045 : E3;
	9046 : E3;
	9047 : E3;
	9048 : E3;
	9049 : E3;
	9050 : E3;
	9051 : E3;
	9052 : E3;
	9053 : E3;
	9054 : E3;
	9055 : E3;
	9056 : E3;
	9057 : E3;
	9058 : E3;
	9059 : E3;
	9060 : E3;
	9061 : E3;
	9062 : E3;
	9063 : E3;
	9064 : E3;
	9065 : E3;
	9066 : E3;
	9067 : E3;
	9068 : E3;
	9069 : E3;
	9070 : E3;
	9071 : E3;
	9072 : E3;
	9073 : E3;
	9074 : E3;
	9075 : E3;
	9076 : E3;
	9077 : E3;
	9078 : E3;
	9079 : E3;
	9080 : E3;
	9081 : E3;
	9082 : E3;
	9083 : E3;
	9084 : E3;
	9085 : E3;
	9086 : E3;
	9087 : E3;
	9088 : E3;
	9089 : E3;
	9090 : E3;
	9091 : E3;
	9092 : E3;
	9093 : E3;
	9094 : E3;
	9095 : E3;
	9096 : E3;
	9097 : E3;
	9098 : E3;
	9099 : E3;
	9100 : E3;
	9101 : E3;
	9102 : E3;
	9103 : E3;
	9104 : E3;
	9105 : E3;
	9106 : E3;
	9107 : E3;
	9108 : E3;
	9109 : E3;
	9110 : E3;
	9111 : E3;
	9112 : E3;
	9113 : E3;
	9114 : E3;
	9115 : E3;
	9116 : E3;
	9117 : E3;
	9118 : E3;
	9119 : E3;
	9120 : E3;
	9121 : E3;
	9122 : E3;
	9123 : E3;
	9124 : E3;
	9125 : E3;
	9126 : E3;
	9127 : E3;
	9128 : E3;
	9129 : E3;
	9130 : E3;
	9131 : E3;
	9132 : E3;
	9133 : E3;
	9134 : E3;
	9135 : E3;
	9136 : E3;
	9137 : E3;
	9138 : E3;
	9139 : E3;
	9140 : E3;
	9141 : E3;
	9142 : E3;
	9143 : E3;
	9144 : E3;
	9145 : E3;
	9146 : E3;
	9147 : E3;
	9148 : E3;
	9149 : E3;
	9150 : E3;
	9151 : E3;
	9152 : E3;
	9153 : E3;
	9154 : E3;
	9155 : E3;
	9156 : E3;
	9157 : E3;
	9158 : E3;
	9159 : E3;
	9160 : E3;
	9161 : E3;
	9162 : E3;
	9163 : E3;
	9164 : E3;
	9165 : E3;
	9166 : E3;
	9167 : E3;
	9168 : E3;
	9169 : E3;
	9170 : E3;
	9171 : E3;
	9172 : E3;
	9173 : E3;
	9174 : E3;
	9175 : E3;
	9176 : E3;
	9177 : E3;
	9178 : E3;
	9179 : E3;
	9180 : E3;
	9181 : E3;
	9182 : E3;
	9183 : E3;
	9184 : E3;
	9185 : E3;
	9186 : E3;
	9187 : E3;
	9188 : E3;
	9189 : E3;
	9190 : E3;
	9191 : E3;
	9192 : E3;
	9193 : E3;
	9194 : E3;
	9195 : E3;
	9196 : E3;
	9197 : E3;
	9198 : E3;
	9199 : E3;
	9200 : E3;
	9201 : E3;
	9202 : E3;
	9203 : E3;
	9204 : E3;
	9205 : E3;
	9206 : E3;
	9207 : E3;
	9208 : E3;
	9209 : E3;
	9210 : E3;
	9211 : E3;
	9212 : E3;
	9213 : E3;
	9214 : E3;
	9215 : E3;
	9216 : E3;
	9217 : FF;
	9218 : FF;
	9219 : FF;
	9220 : E3;
	9221 : FF;
	9222 : E3;
	9223 : E3;
	9224 : E3;
	9225 : FF;
	9226 : FF;
	9227 : FF;
	9228 : E3;
	9229 : FF;
	9230 : E3;
	9231 : E3;
	9232 : E3;
	9233 : FF;
	9234 : E3;
	9235 : E3;
	9236 : FF;
	9237 : E3;
	9238 : FF;
	9239 : E3;
	9240 : E3;
	9241 : FF;
	9242 : FF;
	9243 : E3;
	9244 : E3;
	9245 : FF;
	9246 : E3;
	9247 : E3;
	9248 : FF;
	9249 : E3;
	9250 : FF;
	9251 : FF;
	9252 : FF;
	9253 : E3;
	9254 : E3;
	9255 : E3;
	9256 : E3;
	9257 : FF;
	9258 : FF;
	9259 : E3;
	9260 : E3;
	9261 : FF;
	9262 : FF;
	9263 : FF;
	9264 : E3;
	9265 : E3;
	9266 : FF;
	9267 : E3;
	9268 : E3;
	9269 : E3;
	9270 : FF;
	9271 : E3;
	9272 : E3;
	9273 : FF;
	9274 : FF;
	9275 : FF;
	9276 : E3;
	9277 : E3;
	9278 : FF;
	9279 : FF;
	9280 : E3;
	9281 : FF;
	9282 : E3;
	9283 : E3;
	9284 : E3;
	9285 : FF;
	9286 : E3;
	9287 : E3;
	9288 : E3;
	9289 : FF;
	9290 : E3;
	9291 : E3;
	9292 : E3;
	9293 : E3;
	9294 : FF;
	9295 : E3;
	9296 : FF;
	9297 : E3;
	9298 : E3;
	9299 : E3;
	9300 : FF;
	9301 : E3;
	9302 : FF;
	9303 : E3;
	9304 : FF;
	9305 : E3;
	9306 : E3;
	9307 : FF;
	9308 : E3;
	9309 : FF;
	9310 : E3;
	9311 : E3;
	9312 : FF;
	9313 : E3;
	9314 : FF;
	9315 : E3;
	9316 : E3;
	9317 : FF;
	9318 : E3;
	9319 : E3;
	9320 : FF;
	9321 : E3;
	9322 : E3;
	9323 : FF;
	9324 : E3;
	9325 : FF;
	9326 : E3;
	9327 : E3;
	9328 : FF;
	9329 : E3;
	9330 : FF;
	9331 : FF;
	9332 : E3;
	9333 : FF;
	9334 : FF;
	9335 : E3;
	9336 : E3;
	9337 : E3;
	9338 : FF;
	9339 : E3;
	9340 : E3;
	9341 : FF;
	9342 : E3;
	9343 : E3;
	9344 : FF;
	9345 : FF;
	9346 : FF;
	9347 : FF;
	9348 : E3;
	9349 : FF;
	9350 : E3;
	9351 : E3;
	9352 : E3;
	9353 : FF;
	9354 : FF;
	9355 : FF;
	9356 : E3;
	9357 : E3;
	9358 : E3;
	9359 : FF;
	9360 : E3;
	9361 : E3;
	9362 : E3;
	9363 : E3;
	9364 : E3;
	9365 : FF;
	9366 : E3;
	9367 : E3;
	9368 : FF;
	9369 : E3;
	9370 : E3;
	9371 : FF;
	9372 : E3;
	9373 : FF;
	9374 : E3;
	9375 : E3;
	9376 : FF;
	9377 : E3;
	9378 : FF;
	9379 : E3;
	9380 : FF;
	9381 : E3;
	9382 : E3;
	9383 : E3;
	9384 : FF;
	9385 : E3;
	9386 : E3;
	9387 : FF;
	9388 : E3;
	9389 : FF;
	9390 : E3;
	9391 : FF;
	9392 : E3;
	9393 : E3;
	9394 : FF;
	9395 : FF;
	9396 : FF;
	9397 : FF;
	9398 : FF;
	9399 : E3;
	9400 : E3;
	9401 : E3;
	9402 : FF;
	9403 : E3;
	9404 : E3;
	9405 : FF;
	9406 : E3;
	9407 : E3;
	9408 : FF;
	9409 : FF;
	9410 : E3;
	9411 : E3;
	9412 : E3;
	9413 : FF;
	9414 : E3;
	9415 : E3;
	9416 : E3;
	9417 : FF;
	9418 : E3;
	9419 : E3;
	9420 : E3;
	9421 : E3;
	9422 : FF;
	9423 : E3;
	9424 : FF;
	9425 : E3;
	9426 : E3;
	9427 : E3;
	9428 : E3;
	9429 : FF;
	9430 : E3;
	9431 : E3;
	9432 : FF;
	9433 : E3;
	9434 : E3;
	9435 : FF;
	9436 : E3;
	9437 : FF;
	9438 : E3;
	9439 : E3;
	9440 : FF;
	9441 : E3;
	9442 : FF;
	9443 : FF;
	9444 : E3;
	9445 : E3;
	9446 : E3;
	9447 : E3;
	9448 : FF;
	9449 : FF;
	9450 : FF;
	9451 : FF;
	9452 : E3;
	9453 : FF;
	9454 : FF;
	9455 : E3;
	9456 : E3;
	9457 : E3;
	9458 : FF;
	9459 : E3;
	9460 : FF;
	9461 : E3;
	9462 : FF;
	9463 : E3;
	9464 : E3;
	9465 : E3;
	9466 : FF;
	9467 : E3;
	9468 : E3;
	9469 : FF;
	9470 : E3;
	9471 : E3;
	9472 : FF;
	9473 : FF;
	9474 : E3;
	9475 : E3;
	9476 : E3;
	9477 : FF;
	9478 : FF;
	9479 : FF;
	9480 : E3;
	9481 : FF;
	9482 : FF;
	9483 : FF;
	9484 : E3;
	9485 : FF;
	9486 : E3;
	9487 : E3;
	9488 : E3;
	9489 : FF;
	9490 : E3;
	9491 : E3;
	9492 : E3;
	9493 : FF;
	9494 : E3;
	9495 : E3;
	9496 : E3;
	9497 : FF;
	9498 : FF;
	9499 : E3;
	9500 : E3;
	9501 : E3;
	9502 : FF;
	9503 : FF;
	9504 : E3;
	9505 : E3;
	9506 : FF;
	9507 : E3;
	9508 : FF;
	9509 : E3;
	9510 : E3;
	9511 : E3;
	9512 : FF;
	9513 : E3;
	9514 : E3;
	9515 : FF;
	9516 : E3;
	9517 : FF;
	9518 : E3;
	9519 : FF;
	9520 : E3;
	9521 : E3;
	9522 : FF;
	9523 : E3;
	9524 : E3;
	9525 : E3;
	9526 : FF;
	9527 : E3;
	9528 : E3;
	9529 : E3;
	9530 : FF;
	9531 : E3;
	9532 : E3;
	9533 : E3;
	9534 : FF;
	9535 : FF;
	9536 : E3;
	9537 : E3;
	9538 : E3;
	9539 : E3;
	9540 : E3;
	9541 : E3;
	9542 : E3;
	9543 : E3;
	9544 : E3;
	9545 : E3;
	9546 : E3;
	9547 : E3;
	9548 : E3;
	9549 : E3;
	9550 : E3;
	9551 : E3;
	9552 : E3;
	9553 : E3;
	9554 : E3;
	9555 : E3;
	9556 : E3;
	9557 : E3;
	9558 : E3;
	9559 : E3;
	9560 : E3;
	9561 : E3;
	9562 : E3;
	9563 : E3;
	9564 : E3;
	9565 : E3;
	9566 : E3;
	9567 : E3;
	9568 : E3;
	9569 : E3;
	9570 : E3;
	9571 : E3;
	9572 : E3;
	9573 : E3;
	9574 : E3;
	9575 : E3;
	9576 : E3;
	9577 : E3;
	9578 : E3;
	9579 : E3;
	9580 : E3;
	9581 : E3;
	9582 : E3;
	9583 : E3;
	9584 : E3;
	9585 : E3;
	9586 : E3;
	9587 : E3;
	9588 : E3;
	9589 : E3;
	9590 : E3;
	9591 : E3;
	9592 : E3;
	9593 : E3;
	9594 : E3;
	9595 : E3;
	9596 : E3;
	9597 : E3;
	9598 : E3;
	9599 : E3;
	9600 : E3;
	9601 : E3;
	9602 : E3;
	9603 : E3;
	9604 : E3;
	9605 : E3;
	9606 : E3;
	9607 : E3;
	9608 : E3;
	9609 : E3;
	9610 : E3;
	9611 : E3;
	9612 : E3;
	9613 : E3;
	9614 : E3;
	9615 : E3;
	9616 : E3;
	9617 : E3;
	9618 : E3;
	9619 : E3;
	9620 : E3;
	9621 : E3;
	9622 : E3;
	9623 : E3;
	9624 : E3;
	9625 : E3;
	9626 : E3;
	9627 : E3;
	9628 : E3;
	9629 : E3;
	9630 : E3;
	9631 : E3;
	9632 : E3;
	9633 : E3;
	9634 : E3;
	9635 : E3;
	9636 : E3;
	9637 : E3;
	9638 : E3;
	9639 : E3;
	9640 : E3;
	9641 : E3;
	9642 : E3;
	9643 : E3;
	9644 : E3;
	9645 : E3;
	9646 : E3;
	9647 : E3;
	9648 : E3;
	9649 : E3;
	9650 : E3;
	9651 : E3;
	9652 : E3;
	9653 : E3;
	9654 : E3;
	9655 : E3;
	9656 : E3;
	9657 : E3;
	9658 : E3;
	9659 : E3;
	9660 : E3;
	9661 : E3;
	9662 : E3;
	9663 : E3;
	9664 : E3;
	9665 : E3;
	9666 : E3;
	9667 : E3;
	9668 : E3;
	9669 : E3;
	9670 : E3;
	9671 : E3;
	9672 : E3;
	9673 : E3;
	9674 : E3;
	9675 : E3;
	9676 : E3;
	9677 : E3;
	9678 : E3;
	9679 : E3;
	9680 : E3;
	9681 : E3;
	9682 : E3;
	9683 : E3;
	9684 : E3;
	9685 : E3;
	9686 : E3;
	9687 : E3;
	9688 : E3;
	9689 : E3;
	9690 : E3;
	9691 : E3;
	9692 : E3;
	9693 : E3;
	9694 : E3;
	9695 : E3;
	9696 : E3;
	9697 : E3;
	9698 : E3;
	9699 : E3;
	9700 : E3;
	9701 : E3;
	9702 : E3;
	9703 : E3;
	9704 : E3;
	9705 : E3;
	9706 : E3;
	9707 : E3;
	9708 : E3;
	9709 : E3;
	9710 : E3;
	9711 : E3;
	9712 : E3;
	9713 : E3;
	9714 : E3;
	9715 : E3;
	9716 : E3;
	9717 : E3;
	9718 : E3;
	9719 : E3;
	9720 : E3;
	9721 : E3;
	9722 : E3;
	9723 : E3;
	9724 : E3;
	9725 : E3;
	9726 : E3;
	9727 : E3;
	9728 : E3;
	9729 : E3;
	9730 : E3;
	9731 : E3;
	9732 : FF;
	9733 : FF;
	9734 : FF;
	9735 : E3;
	9736 : FF;
	9737 : FF;
	9738 : FF;
	9739 : E3;
	9740 : E3;
	9741 : FF;
	9742 : FF;
	9743 : E3;
	9744 : E3;
	9745 : FF;
	9746 : FF;
	9747 : FF;
	9748 : E3;
	9749 : E3;
	9750 : FF;
	9751 : FF;
	9752 : FF;
	9753 : E3;
	9754 : E3;
	9755 : E3;
	9756 : FF;
	9757 : FF;
	9758 : FF;
	9759 : E3;
	9760 : FF;
	9761 : E3;
	9762 : E3;
	9763 : FF;
	9764 : E3;
	9765 : FF;
	9766 : FF;
	9767 : FF;
	9768 : E3;
	9769 : E3;
	9770 : E3;
	9771 : E3;
	9772 : FF;
	9773 : FF;
	9774 : FF;
	9775 : E3;
	9776 : E3;
	9777 : FF;
	9778 : FF;
	9779 : E3;
	9780 : E3;
	9781 : FF;
	9782 : E3;
	9783 : E3;
	9784 : E3;
	9785 : FF;
	9786 : E3;
	9787 : FF;
	9788 : FF;
	9789 : FF;
	9790 : E3;
	9791 : E3;
	9792 : E3;
	9793 : E3;
	9794 : E3;
	9795 : E3;
	9796 : FF;
	9797 : E3;
	9798 : E3;
	9799 : E3;
	9800 : E3;
	9801 : FF;
	9802 : E3;
	9803 : E3;
	9804 : FF;
	9805 : E3;
	9806 : E3;
	9807 : FF;
	9808 : E3;
	9809 : FF;
	9810 : E3;
	9811 : E3;
	9812 : FF;
	9813 : E3;
	9814 : E3;
	9815 : FF;
	9816 : E3;
	9817 : E3;
	9818 : E3;
	9819 : E3;
	9820 : E3;
	9821 : FF;
	9822 : E3;
	9823 : E3;
	9824 : FF;
	9825 : E3;
	9826 : E3;
	9827 : FF;
	9828 : E3;
	9829 : FF;
	9830 : E3;
	9831 : E3;
	9832 : E3;
	9833 : E3;
	9834 : E3;
	9835 : FF;
	9836 : E3;
	9837 : E3;
	9838 : E3;
	9839 : E3;
	9840 : FF;
	9841 : E3;
	9842 : E3;
	9843 : FF;
	9844 : E3;
	9845 : FF;
	9846 : FF;
	9847 : E3;
	9848 : FF;
	9849 : FF;
	9850 : E3;
	9851 : FF;
	9852 : E3;
	9853 : E3;
	9854 : E3;
	9855 : E3;
	9856 : E3;
	9857 : E3;
	9858 : E3;
	9859 : E3;
	9860 : FF;
	9861 : FF;
	9862 : FF;
	9863 : E3;
	9864 : E3;
	9865 : FF;
	9866 : E3;
	9867 : E3;
	9868 : FF;
	9869 : E3;
	9870 : E3;
	9871 : FF;
	9872 : E3;
	9873 : FF;
	9874 : E3;
	9875 : FF;
	9876 : E3;
	9877 : E3;
	9878 : E3;
	9879 : FF;
	9880 : E3;
	9881 : E3;
	9882 : E3;
	9883 : E3;
	9884 : E3;
	9885 : FF;
	9886 : E3;
	9887 : E3;
	9888 : FF;
	9889 : FF;
	9890 : FF;
	9891 : FF;
	9892 : E3;
	9893 : FF;
	9894 : FF;
	9895 : FF;
	9896 : E3;
	9897 : E3;
	9898 : E3;
	9899 : FF;
	9900 : E3;
	9901 : FF;
	9902 : FF;
	9903 : E3;
	9904 : FF;
	9905 : E3;
	9906 : E3;
	9907 : FF;
	9908 : E3;
	9909 : FF;
	9910 : FF;
	9911 : FF;
	9912 : FF;
	9913 : FF;
	9914 : E3;
	9915 : FF;
	9916 : FF;
	9917 : FF;
	9918 : E3;
	9919 : E3;
	9920 : E3;
	9921 : E3;
	9922 : E3;
	9923 : E3;
	9924 : E3;
	9925 : E3;
	9926 : FF;
	9927 : E3;
	9928 : E3;
	9929 : FF;
	9930 : E3;
	9931 : E3;
	9932 : FF;
	9933 : FF;
	9934 : FF;
	9935 : FF;
	9936 : E3;
	9937 : FF;
	9938 : FF;
	9939 : E3;
	9940 : E3;
	9941 : E3;
	9942 : E3;
	9943 : FF;
	9944 : E3;
	9945 : E3;
	9946 : E3;
	9947 : E3;
	9948 : E3;
	9949 : FF;
	9950 : E3;
	9951 : E3;
	9952 : FF;
	9953 : E3;
	9954 : E3;
	9955 : FF;
	9956 : E3;
	9957 : FF;
	9958 : E3;
	9959 : E3;
	9960 : E3;
	9961 : E3;
	9962 : E3;
	9963 : FF;
	9964 : E3;
	9965 : E3;
	9966 : FF;
	9967 : E3;
	9968 : FF;
	9969 : FF;
	9970 : FF;
	9971 : FF;
	9972 : E3;
	9973 : FF;
	9974 : E3;
	9975 : FF;
	9976 : E3;
	9977 : FF;
	9978 : E3;
	9979 : FF;
	9980 : E3;
	9981 : E3;
	9982 : E3;
	9983 : E3;
	9984 : E3;
	9985 : E3;
	9986 : E3;
	9987 : E3;
	9988 : FF;
	9989 : FF;
	9990 : FF;
	9991 : E3;
	9992 : E3;
	9993 : FF;
	9994 : E3;
	9995 : E3;
	9996 : FF;
	9997 : E3;
	9998 : E3;
	9999 : FF;
	10000 : E3;
	10001 : FF;
	10002 : E3;
	10003 : FF;
	10004 : E3;
	10005 : E3;
	10006 : E3;
	10007 : FF;
	10008 : E3;
	10009 : E3;
	10010 : E3;
	10011 : E3;
	10012 : E3;
	10013 : FF;
	10014 : E3;
	10015 : E3;
	10016 : FF;
	10017 : E3;
	10018 : E3;
	10019 : FF;
	10020 : E3;
	10021 : FF;
	10022 : FF;
	10023 : FF;
	10024 : E3;
	10025 : E3;
	10026 : E3;
	10027 : E3;
	10028 : FF;
	10029 : FF;
	10030 : FF;
	10031 : E3;
	10032 : FF;
	10033 : E3;
	10034 : E3;
	10035 : FF;
	10036 : E3;
	10037 : FF;
	10038 : E3;
	10039 : E3;
	10040 : E3;
	10041 : FF;
	10042 : E3;
	10043 : FF;
	10044 : FF;
	10045 : FF;
	10046 : E3;
	10047 : E3;
	10048 : E3;
	10049 : E3;
	10050 : E3;
	10051 : E3;
	10052 : E3;
	10053 : E3;
	10054 : E3;
	10055 : E3;
	10056 : E3;
	10057 : E3;
	10058 : E3;
	10059 : E3;
	10060 : E3;
	10061 : E3;
	10062 : E3;
	10063 : E3;
	10064 : E3;
	10065 : E3;
	10066 : E3;
	10067 : E3;
	10068 : E3;
	10069 : E3;
	10070 : E3;
	10071 : E3;
	10072 : E3;
	10073 : E3;
	10074 : E3;
	10075 : E3;
	10076 : E3;
	10077 : E3;
	10078 : E3;
	10079 : E3;
	10080 : E3;
	10081 : E3;
	10082 : E3;
	10083 : E3;
	10084 : E3;
	10085 : E3;
	10086 : E3;
	10087 : E3;
	10088 : E3;
	10089 : E3;
	10090 : E3;
	10091 : E3;
	10092 : E3;
	10093 : E3;
	10094 : E3;
	10095 : E3;
	10096 : E3;
	10097 : E3;
	10098 : E3;
	10099 : E3;
	10100 : E3;
	10101 : E3;
	10102 : E3;
	10103 : E3;
	10104 : E3;
	10105 : E3;
	10106 : E3;
	10107 : E3;
	10108 : E3;
	10109 : E3;
	10110 : FF;
	10111 : FF;
	10112 : FF;
	10113 : FF;
	10114 : FF;
	10115 : E3;
	10116 : E3;
	10117 : E3;
	10118 : E3;
	10119 : E3;
	10120 : E3;
	10121 : E3;
	10122 : E3;
	10123 : E3;
	10124 : E3;
	10125 : E3;
	10126 : E3;
	10127 : E3;
	10128 : E3;
	10129 : E3;
	10130 : E3;
	10131 : E3;
	10132 : E3;
	10133 : E3;
	10134 : E3;
	10135 : E3;
	10136 : E3;
	10137 : E3;
	10138 : E3;
	10139 : E3;
	10140 : E3;
	10141 : E3;
	10142 : E3;
	10143 : E3;
	10144 : E3;
	10145 : E3;
	10146 : E3;
	10147 : E3;
	10148 : E3;
	10149 : E3;
	10150 : E3;
	10151 : E3;
	10152 : E3;
	10153 : E3;
	10154 : E3;
	10155 : E3;
	10156 : E3;
	10157 : E3;
	10158 : E3;
	10159 : E3;
	10160 : E3;
	10161 : E3;
	10162 : E3;
	10163 : E3;
	10164 : E3;
	10165 : E3;
	10166 : E3;
	10167 : E3;
	10168 : E3;
	10169 : E3;
	10170 : E3;
	10171 : E3;
	10172 : E3;
	10173 : E3;
	10174 : E3;
	10175 : E3;
	10176 : E3;
	10177 : E3;
	10178 : E3;
	10179 : E3;
	10180 : E3;
	10181 : E3;
	10182 : E3;
	10183 : E3;
	10184 : E3;
	10185 : E3;
	10186 : E3;
	10187 : E3;
	10188 : E3;
	10189 : E3;
	10190 : E3;
	10191 : E3;
	10192 : E3;
	10193 : E3;
	10194 : E3;
	10195 : E3;
	10196 : E3;
	10197 : E3;
	10198 : E3;
	10199 : E3;
	10200 : E3;
	10201 : E3;
	10202 : E3;
	10203 : E3;
	10204 : E3;
	10205 : E3;
	10206 : E3;
	10207 : E3;
	10208 : E3;
	10209 : E3;
	10210 : E3;
	10211 : E3;
	10212 : E3;
	10213 : E3;
	10214 : E3;
	10215 : E3;
	10216 : E3;
	10217 : E3;
	10218 : E3;
	10219 : E3;
	10220 : E3;
	10221 : E3;
	10222 : E3;
	10223 : E3;
	10224 : E3;
	10225 : E3;
	10226 : E3;
	10227 : E3;
	10228 : E3;
	10229 : E3;
	10230 : E3;
	10231 : E3;
	10232 : E3;
	10233 : E3;
	10234 : E3;
	10235 : FF;
	10236 : C0;
	10237 : C0;
	10238 : C0;
	10239 : FF;
	10240 : E3;
	10241 : E3;
	10242 : E3;
	10243 : E3;
	10244 : E3;
	10245 : E3;
	10246 : E3;
	10247 : E3;
	10248 : E3;
	10249 : E3;
	10250 : E3;
	10251 : E3;
	10252 : E3;
	10253 : E3;
	10254 : E3;
	10255 : E3;
	10256 : E3;
	10257 : E3;
	10258 : E3;
	10259 : E3;
	10260 : E3;
	10261 : E3;
	10262 : E3;
	10263 : E3;
	10264 : E3;
	10265 : E3;
	10266 : E3;
	10267 : E3;
	10268 : E3;
	10269 : E3;
	10270 : E3;
	10271 : E3;
	10272 : E3;
	10273 : E3;
	10274 : E3;
	10275 : E3;
	10276 : E3;
	10277 : E3;
	10278 : E3;
	10279 : E3;
	10280 : E3;
	10281 : E3;
	10282 : E3;
	10283 : E3;
	10284 : E3;
	10285 : E3;
	10286 : E3;
	10287 : E3;
	10288 : E3;
	10289 : E3;
	10290 : E3;
	10291 : E3;
	10292 : E3;
	10293 : E3;
	10294 : E3;
	10295 : E3;
	10296 : E3;
	10297 : E3;
	10298 : E3;
	10299 : E3;
	10300 : E3;
	10301 : E3;
	10302 : E3;
	10303 : E3;
	10304 : E3;
	10305 : E3;
	10306 : E3;
	10307 : E3;
	10308 : E3;
	10309 : E3;
	10310 : E3;
	10311 : E3;
	10312 : E3;
	10313 : E3;
	10314 : E3;
	10315 : E3;
	10316 : E3;
	10317 : E3;
	10318 : E3;
	10319 : E3;
	10320 : E3;
	10321 : E3;
	10322 : E3;
	10323 : E3;
	10324 : E3;
	10325 : E3;
	10326 : E3;
	10327 : E3;
	10328 : E3;
	10329 : E3;
	10330 : E3;
	10331 : E3;
	10332 : E3;
	10333 : E3;
	10334 : E3;
	10335 : E3;
	10336 : E3;
	10337 : E3;
	10338 : E3;
	10339 : E3;
	10340 : E3;
	10341 : E3;
	10342 : E3;
	10343 : E3;
	10344 : E3;
	10345 : E3;
	10346 : E3;
	10347 : E3;
	10348 : E3;
	10349 : E3;
	10350 : E3;
	10351 : E3;
	10352 : E3;
	10353 : E3;
	10354 : E3;
	10355 : E3;
	10356 : E3;
	10357 : E3;
	10358 : E3;
	10359 : E3;
	10360 : FF;
	10361 : C0;
	10362 : C0;
	10363 : C0;
	10364 : FF;
	10365 : E3;
	10366 : E3;
	10367 : E3;
	10368 : E3;
	10369 : E3;
	10370 : E3;
	10371 : E3;
	10372 : E3;
	10373 : E3;
	10374 : E3;
	10375 : E3;
	10376 : E3;
	10377 : E3;
	10378 : E3;
	10379 : E3;
	10380 : E3;
	10381 : E3;
	10382 : E3;
	10383 : E3;
	10384 : E3;
	10385 : E3;
	10386 : E3;
	10387 : E3;
	10388 : E3;
	10389 : E3;
	10390 : E3;
	10391 : E3;
	10392 : E3;
	10393 : E3;
	10394 : E3;
	10395 : E3;
	10396 : E3;
	10397 : E3;
	10398 : E3;
	10399 : E3;
	10400 : E3;
	10401 : E3;
	10402 : E3;
	10403 : E3;
	10404 : E3;
	10405 : E3;
	10406 : E3;
	10407 : E3;
	10408 : E3;
	10409 : E3;
	10410 : E3;
	10411 : E3;
	10412 : E3;
	10413 : E3;
	10414 : E3;
	10415 : E3;
	10416 : E3;
	10417 : E3;
	10418 : E3;
	10419 : E3;
	10420 : E3;
	10421 : E3;
	10422 : E3;
	10423 : E3;
	10424 : E3;
	10425 : E3;
	10426 : E3;
	10427 : E3;
	10428 : E3;
	10429 : E3;
	10430 : E3;
	10431 : E3;
	10432 : E3;
	10433 : E3;
	10434 : E3;
	10435 : E3;
	10436 : E3;
	10437 : E3;
	10438 : E3;
	10439 : E3;
	10440 : E3;
	10441 : E3;
	10442 : E3;
	10443 : E3;
	10444 : E3;
	10445 : E3;
	10446 : E3;
	10447 : E3;
	10448 : E3;
	10449 : E3;
	10450 : E3;
	10451 : E3;
	10452 : E3;
	10453 : E3;
	10454 : E3;
	10455 : E3;
	10456 : E3;
	10457 : E3;
	10458 : E3;
	10459 : E3;
	10460 : E3;
	10461 : E3;
	10462 : E3;
	10463 : E3;
	10464 : E3;
	10465 : E3;
	10466 : E3;
	10467 : E3;
	10468 : E3;
	10469 : E3;
	10470 : E3;
	10471 : E3;
	10472 : E3;
	10473 : E3;
	10474 : E3;
	10475 : E3;
	10476 : E3;
	10477 : E3;
	10478 : E3;
	10479 : E3;
	10480 : E3;
	10481 : E3;
	10482 : E3;
	10483 : E3;
	10484 : E3;
	10485 : FF;
	10486 : C0;
	10487 : C0;
	10488 : C0;
	10489 : FF;
	10490 : E3;
	10491 : E3;
	10492 : E3;
	10493 : E3;
	10494 : E3;
	10495 : E3;
	10496 : E3;
	10497 : E3;
	10498 : E3;
	10499 : E3;
	10500 : E3;
	10501 : E3;
	10502 : E3;
	10503 : E3;
	10504 : E3;
	10505 : E3;
	10506 : E3;
	10507 : E3;
	10508 : E3;
	10509 : E3;
	10510 : E3;
	10511 : E3;
	10512 : E3;
	10513 : E3;
	10514 : E3;
	10515 : E3;
	10516 : E3;
	10517 : E3;
	10518 : E3;
	10519 : E3;
	10520 : E3;
	10521 : E3;
	10522 : E3;
	10523 : E3;
	10524 : E3;
	10525 : E3;
	10526 : E3;
	10527 : E3;
	10528 : E3;
	10529 : E3;
	10530 : E3;
	10531 : E3;
	10532 : E3;
	10533 : E3;
	10534 : E3;
	10535 : E3;
	10536 : E3;
	10537 : E3;
	10538 : E3;
	10539 : E3;
	10540 : E3;
	10541 : E3;
	10542 : E3;
	10543 : E3;
	10544 : E3;
	10545 : E3;
	10546 : E3;
	10547 : E3;
	10548 : E3;
	10549 : E3;
	10550 : FF;
	10551 : FF;
	10552 : FF;
	10553 : FF;
	10554 : FF;
	10555 : FF;
	10556 : FF;
	10557 : FF;
	10558 : FF;
	10559 : FF;
	10560 : FF;
	10561 : FF;
	10562 : FF;
	10563 : E3;
	10564 : E3;
	10565 : E3;
	10566 : E3;
	10567 : FF;
	10568 : FF;
	10569 : FF;
	10570 : FF;
	10571 : FF;
	10572 : FF;
	10573 : FF;
	10574 : FF;
	10575 : FF;
	10576 : FF;
	10577 : FF;
	10578 : FF;
	10579 : E3;
	10580 : FF;
	10581 : FF;
	10582 : FF;
	10583 : FF;
	10584 : FF;
	10585 : E3;
	10586 : E3;
	10587 : E3;
	10588 : E3;
	10589 : FF;
	10590 : FF;
	10591 : FF;
	10592 : FF;
	10593 : FF;
	10594 : FF;
	10595 : FF;
	10596 : FF;
	10597 : FF;
	10598 : FF;
	10599 : FF;
	10600 : FF;
	10601 : FF;
	10602 : FF;
	10603 : FF;
	10604 : FF;
	10605 : FF;
	10606 : FF;
	10607 : FF;
	10608 : FF;
	10609 : E3;
	10610 : FF;
	10611 : FF;
	10612 : C0;
	10613 : C0;
	10614 : FF;
	10615 : FF;
	10616 : FF;
	10617 : FF;
	10618 : FF;
	10619 : FF;
	10620 : FF;
	10621 : FF;
	10622 : FF;
	10623 : FF;
	10624 : FF;
	10625 : FF;
	10626 : E3;
	10627 : E3;
	10628 : E3;
	10629 : E3;
	10630 : E3;
	10631 : E3;
	10632 : FF;
	10633 : FF;
	10634 : FF;
	10635 : FF;
	10636 : FF;
	10637 : FF;
	10638 : E3;
	10639 : E3;
	10640 : E3;
	10641 : FF;
	10642 : FF;
	10643 : FF;
	10644 : FF;
	10645 : FF;
	10646 : FF;
	10647 : FF;
	10648 : FF;
	10649 : FF;
	10650 : FF;
	10651 : FF;
	10652 : FF;
	10653 : FF;
	10654 : FF;
	10655 : FF;
	10656 : FF;
	10657 : FF;
	10658 : FF;
	10659 : E3;
	10660 : E3;
	10661 : E3;
	10662 : E3;
	10663 : E3;
	10664 : E3;
	10665 : FF;
	10666 : FF;
	10667 : FF;
	10668 : FF;
	10669 : FF;
	10670 : FF;
	10671 : FF;
	10672 : FF;
	10673 : E3;
	10674 : E3;
	10675 : FF;
	10676 : C0;
	10677 : C0;
	10678 : C0;
	10679 : C0;
	10680 : C0;
	10681 : C0;
	10682 : C0;
	10683 : C0;
	10684 : C0;
	10685 : C0;
	10686 : C0;
	10687 : FF;
	10688 : E3;
	10689 : E3;
	10690 : E3;
	10691 : E3;
	10692 : FF;
	10693 : C0;
	10694 : C0;
	10695 : C0;
	10696 : C0;
	10697 : C0;
	10698 : C0;
	10699 : C0;
	10700 : C0;
	10701 : C0;
	10702 : C0;
	10703 : FF;
	10704 : E3;
	10705 : FF;
	10706 : C0;
	10707 : C0;
	10708 : C0;
	10709 : FF;
	10710 : FF;
	10711 : E3;
	10712 : E3;
	10713 : E3;
	10714 : FF;
	10715 : C0;
	10716 : C0;
	10717 : C0;
	10718 : C0;
	10719 : FF;
	10720 : C0;
	10721 : C0;
	10722 : C0;
	10723 : C0;
	10724 : C0;
	10725 : C0;
	10726 : C0;
	10727 : C0;
	10728 : C0;
	10729 : C0;
	10730 : C0;
	10731 : C0;
	10732 : C0;
	10733 : FF;
	10734 : E3;
	10735 : FF;
	10736 : FF;
	10737 : C0;
	10738 : C0;
	10739 : FF;
	10740 : FF;
	10741 : C0;
	10742 : C0;
	10743 : C0;
	10744 : C0;
	10745 : C0;
	10746 : C0;
	10747 : C0;
	10748 : C0;
	10749 : C0;
	10750 : FF;
	10751 : E3;
	10752 : E3;
	10753 : E3;
	10754 : E3;
	10755 : E3;
	10756 : E3;
	10757 : FF;
	10758 : C0;
	10759 : C0;
	10760 : C0;
	10761 : C0;
	10762 : FF;
	10763 : E3;
	10764 : E3;
	10765 : E3;
	10766 : FF;
	10767 : C0;
	10768 : C0;
	10769 : C0;
	10770 : C0;
	10771 : FF;
	10772 : C0;
	10773 : C0;
	10774 : C0;
	10775 : C0;
	10776 : C0;
	10777 : C0;
	10778 : C0;
	10779 : C0;
	10780 : C0;
	10781 : C0;
	10782 : C0;
	10783 : FF;
	10784 : E3;
	10785 : E3;
	10786 : E3;
	10787 : E3;
	10788 : E3;
	10789 : E3;
	10790 : FF;
	10791 : C0;
	10792 : C0;
	10793 : C0;
	10794 : C0;
	10795 : C0;
	10796 : C0;
	10797 : FF;
	10798 : E3;
	10799 : E3;
	10800 : FF;
	10801 : C0;
	10802 : C0;
	10803 : C0;
	10804 : C0;
	10805 : C0;
	10806 : C0;
	10807 : C0;
	10808 : C0;
	10809 : C0;
	10810 : C0;
	10811 : C0;
	10812 : FF;
	10813 : E3;
	10814 : E3;
	10815 : E3;
	10816 : E3;
	10817 : FF;
	10818 : C0;
	10819 : C0;
	10820 : C0;
	10821 : C0;
	10822 : C0;
	10823 : C0;
	10824 : C0;
	10825 : C0;
	10826 : C0;
	10827 : C0;
	10828 : FF;
	10829 : E3;
	10830 : FF;
	10831 : C0;
	10832 : C0;
	10833 : C0;
	10834 : C0;
	10835 : FF;
	10836 : FF;
	10837 : E3;
	10838 : FF;
	10839 : FF;
	10840 : C0;
	10841 : C0;
	10842 : C0;
	10843 : C0;
	10844 : FF;
	10845 : C0;
	10846 : C0;
	10847 : C0;
	10848 : C0;
	10849 : C0;
	10850 : C0;
	10851 : C0;
	10852 : C0;
	10853 : C0;
	10854 : C0;
	10855 : C0;
	10856 : C0;
	10857 : C0;
	10858 : FF;
	10859 : E3;
	10860 : FF;
	10861 : C0;
	10862 : C0;
	10863 : FF;
	10864 : FF;
	10865 : C0;
	10866 : C0;
	10867 : C0;
	10868 : C0;
	10869 : C0;
	10870 : C0;
	10871 : C0;
	10872 : C0;
	10873 : C0;
	10874 : C0;
	10875 : FF;
	10876 : FF;
	10877 : E3;
	10878 : E3;
	10879 : E3;
	10880 : E3;
	10881 : E3;
	10882 : FF;
	10883 : C0;
	10884 : C0;
	10885 : C0;
	10886 : C0;
	10887 : FF;
	10888 : E3;
	10889 : E3;
	10890 : E3;
	10891 : FF;
	10892 : C0;
	10893 : C0;
	10894 : C0;
	10895 : C0;
	10896 : FF;
	10897 : C0;
	10898 : C0;
	10899 : C0;
	10900 : C0;
	10901 : C0;
	10902 : C0;
	10903 : C0;
	10904 : C0;
	10905 : C0;
	10906 : C0;
	10907 : C0;
	10908 : FF;
	10909 : FF;
	10910 : FF;
	10911 : E3;
	10912 : E3;
	10913 : E3;
	10914 : E3;
	10915 : FF;
	10916 : C0;
	10917 : C0;
	10918 : C0;
	10919 : C0;
	10920 : C0;
	10921 : C0;
	10922 : FF;
	10923 : E3;
	10924 : E3;
	10925 : FF;
	10926 : FF;
	10927 : FF;
	10928 : FF;
	10929 : FF;
	10930 : C0;
	10931 : C0;
	10932 : C0;
	10933 : FF;
	10934 : FF;
	10935 : FF;
	10936 : FF;
	10937 : FF;
	10938 : E3;
	10939 : E3;
	10940 : E3;
	10941 : E3;
	10942 : FF;
	10943 : FF;
	10944 : FF;
	10945 : FF;
	10946 : C0;
	10947 : C0;
	10948 : C0;
	10949 : FF;
	10950 : FF;
	10951 : FF;
	10952 : FF;
	10953 : FF;
	10954 : E3;
	10955 : FF;
	10956 : C0;
	10957 : C0;
	10958 : C0;
	10959 : C0;
	10960 : C0;
	10961 : FF;
	10962 : FF;
	10963 : FF;
	10964 : C0;
	10965 : C0;
	10966 : C0;
	10967 : C0;
	10968 : C0;
	10969 : FF;
	10970 : C0;
	10971 : C0;
	10972 : C0;
	10973 : C0;
	10974 : FF;
	10975 : FF;
	10976 : FF;
	10977 : FF;
	10978 : FF;
	10979 : FF;
	10980 : FF;
	10981 : FF;
	10982 : FF;
	10983 : FF;
	10984 : E3;
	10985 : FF;
	10986 : C0;
	10987 : FF;
	10988 : FF;
	10989 : FF;
	10990 : C0;
	10991 : C0;
	10992 : C0;
	10993 : C0;
	10994 : C0;
	10995 : C0;
	10996 : C0;
	10997 : C0;
	10998 : C0;
	10999 : C0;
	11000 : C0;
	11001 : FF;
	11002 : E3;
	11003 : E3;
	11004 : E3;
	11005 : E3;
	11006 : E3;
	11007 : FF;
	11008 : C0;
	11009 : C0;
	11010 : C0;
	11011 : C0;
	11012 : FF;
	11013 : E3;
	11014 : E3;
	11015 : E3;
	11016 : FF;
	11017 : C0;
	11018 : C0;
	11019 : C0;
	11020 : C0;
	11021 : FF;
	11022 : C0;
	11023 : C0;
	11024 : C0;
	11025 : C0;
	11026 : C0;
	11027 : C0;
	11028 : C0;
	11029 : C0;
	11030 : C0;
	11031 : C0;
	11032 : C0;
	11033 : C0;
	11034 : C0;
	11035 : FF;
	11036 : E3;
	11037 : E3;
	11038 : E3;
	11039 : E3;
	11040 : FF;
	11041 : C0;
	11042 : C0;
	11043 : C0;
	11044 : C0;
	11045 : C0;
	11046 : C0;
	11047 : FF;
	11048 : E3;
	11049 : E3;
	11050 : E3;
	11051 : E3;
	11052 : E3;
	11053 : E3;
	11054 : FF;
	11055 : C0;
	11056 : C0;
	11057 : C0;
	11058 : FF;
	11059 : E3;
	11060 : E3;
	11061 : E3;
	11062 : E3;
	11063 : E3;
	11064 : E3;
	11065 : E3;
	11066 : E3;
	11067 : E3;
	11068 : E3;
	11069 : E3;
	11070 : FF;
	11071 : C0;
	11072 : C0;
	11073 : C0;
	11074 : FF;
	11075 : E3;
	11076 : E3;
	11077 : E3;
	11078 : E3;
	11079 : E3;
	11080 : FF;
	11081 : C0;
	11082 : C0;
	11083 : C0;
	11084 : C0;
	11085 : C0;
	11086 : C0;
	11087 : FF;
	11088 : C0;
	11089 : C0;
	11090 : C0;
	11091 : C0;
	11092 : C0;
	11093 : C0;
	11094 : FF;
	11095 : C0;
	11096 : C0;
	11097 : C0;
	11098 : C0;
	11099 : FF;
	11100 : E3;
	11101 : E3;
	11102 : E3;
	11103 : E3;
	11104 : E3;
	11105 : E3;
	11106 : E3;
	11107 : E3;
	11108 : E3;
	11109 : E3;
	11110 : FF;
	11111 : FF;
	11112 : FF;
	11113 : E3;
	11114 : FF;
	11115 : C0;
	11116 : C0;
	11117 : C0;
	11118 : C0;
	11119 : FF;
	11120 : FF;
	11121 : FF;
	11122 : C0;
	11123 : C0;
	11124 : C0;
	11125 : C0;
	11126 : FF;
	11127 : E3;
	11128 : E3;
	11129 : E3;
	11130 : E3;
	11131 : E3;
	11132 : FF;
	11133 : C0;
	11134 : C0;
	11135 : C0;
	11136 : C0;
	11137 : FF;
	11138 : E3;
	11139 : E3;
	11140 : E3;
	11141 : FF;
	11142 : C0;
	11143 : C0;
	11144 : C0;
	11145 : C0;
	11146 : FF;
	11147 : C0;
	11148 : C0;
	11149 : C0;
	11150 : C0;
	11151 : FF;
	11152 : FF;
	11153 : FF;
	11154 : FF;
	11155 : FF;
	11156 : C0;
	11157 : C0;
	11158 : C0;
	11159 : C0;
	11160 : FF;
	11161 : E3;
	11162 : E3;
	11163 : FF;
	11164 : FF;
	11165 : FF;
	11166 : C0;
	11167 : C0;
	11168 : C0;
	11169 : C0;
	11170 : C0;
	11171 : C0;
	11172 : FF;
	11173 : E3;
	11174 : E3;
	11175 : E3;
	11176 : E3;
	11177 : E3;
	11178 : E3;
	11179 : FF;
	11180 : C0;
	11181 : C0;
	11182 : C0;
	11183 : FF;
	11184 : E3;
	11185 : E3;
	11186 : E3;
	11187 : E3;
	11188 : E3;
	11189 : E3;
	11190 : E3;
	11191 : E3;
	11192 : E3;
	11193 : E3;
	11194 : E3;
	11195 : FF;
	11196 : C0;
	11197 : C0;
	11198 : C0;
	11199 : FF;
	11200 : E3;
	11201 : E3;
	11202 : E3;
	11203 : E3;
	11204 : E3;
	11205 : FF;
	11206 : C0;
	11207 : C0;
	11208 : C0;
	11209 : C0;
	11210 : C0;
	11211 : C0;
	11212 : C0;
	11213 : C0;
	11214 : C0;
	11215 : C0;
	11216 : C0;
	11217 : C0;
	11218 : C0;
	11219 : FF;
	11220 : C0;
	11221 : C0;
	11222 : C0;
	11223 : C0;
	11224 : FF;
	11225 : FF;
	11226 : FF;
	11227 : FF;
	11228 : FF;
	11229 : FF;
	11230 : E3;
	11231 : E3;
	11232 : E3;
	11233 : E3;
	11234 : E3;
	11235 : E3;
	11236 : E3;
	11237 : E3;
	11238 : E3;
	11239 : FF;
	11240 : C0;
	11241 : C0;
	11242 : C0;
	11243 : C0;
	11244 : FF;
	11245 : FF;
	11246 : FF;
	11247 : FF;
	11248 : FF;
	11249 : FF;
	11250 : FF;
	11251 : FF;
	11252 : E3;
	11253 : E3;
	11254 : E3;
	11255 : E3;
	11256 : E3;
	11257 : FF;
	11258 : C0;
	11259 : C0;
	11260 : C0;
	11261 : C0;
	11262 : FF;
	11263 : E3;
	11264 : E3;
	11265 : E3;
	11266 : FF;
	11267 : C0;
	11268 : C0;
	11269 : C0;
	11270 : C0;
	11271 : FF;
	11272 : C0;
	11273 : C0;
	11274 : C0;
	11275 : C0;
	11276 : FF;
	11277 : E3;
	11278 : E3;
	11279 : E3;
	11280 : FF;
	11281 : C0;
	11282 : C0;
	11283 : C0;
	11284 : C0;
	11285 : FF;
	11286 : E3;
	11287 : E3;
	11288 : FF;
	11289 : C0;
	11290 : C0;
	11291 : C0;
	11292 : C0;
	11293 : C0;
	11294 : C0;
	11295 : FF;
	11296 : FF;
	11297 : FF;
	11298 : E3;
	11299 : E3;
	11300 : E3;
	11301 : E3;
	11302 : E3;
	11303 : E3;
	11304 : FF;
	11305 : C0;
	11306 : C0;
	11307 : C0;
	11308 : FF;
	11309 : E3;
	11310 : E3;
	11311 : E3;
	11312 : E3;
	11313 : E3;
	11314 : E3;
	11315 : E3;
	11316 : E3;
	11317 : E3;
	11318 : E3;
	11319 : E3;
	11320 : FF;
	11321 : C0;
	11322 : C0;
	11323 : C0;
	11324 : FF;
	11325 : E3;
	11326 : E3;
	11327 : E3;
	11328 : E3;
	11329 : E3;
	11330 : FF;
	11331 : C0;
	11332 : C0;
	11333 : C0;
	11334 : C0;
	11335 : C0;
	11336 : C0;
	11337 : C0;
	11338 : C0;
	11339 : C0;
	11340 : C0;
	11341 : C0;
	11342 : C0;
	11343 : C0;
	11344 : FF;
	11345 : C0;
	11346 : C0;
	11347 : C0;
	11348 : C0;
	11349 : C0;
	11350 : C0;
	11351 : C0;
	11352 : C0;
	11353 : C0;
	11354 : FF;
	11355 : E3;
	11356 : E3;
	11357 : E3;
	11358 : E3;
	11359 : E3;
	11360 : E3;
	11361 : E3;
	11362 : E3;
	11363 : E3;
	11364 : FF;
	11365 : C0;
	11366 : C0;
	11367 : C0;
	11368 : C0;
	11369 : C0;
	11370 : C0;
	11371 : C0;
	11372 : FF;
	11373 : FF;
	11374 : FF;
	11375 : FF;
	11376 : FF;
	11377 : E3;
	11378 : E3;
	11379 : E3;
	11380 : E3;
	11381 : E3;
	11382 : FF;
	11383 : C0;
	11384 : C0;
	11385 : C0;
	11386 : C0;
	11387 : FF;
	11388 : E3;
	11389 : E3;
	11390 : E3;
	11391 : FF;
	11392 : C0;
	11393 : C0;
	11394 : C0;
	11395 : C0;
	11396 : FF;
	11397 : C0;
	11398 : C0;
	11399 : C0;
	11400 : C0;
	11401 : FF;
	11402 : E3;
	11403 : E3;
	11404 : E3;
	11405 : FF;
	11406 : C0;
	11407 : C0;
	11408 : C0;
	11409 : C0;
	11410 : FF;
	11411 : E3;
	11412 : E3;
	11413 : FF;
	11414 : C0;
	11415 : C0;
	11416 : C0;
	11417 : C0;
	11418 : C0;
	11419 : C0;
	11420 : FF;
	11421 : E3;
	11422 : E3;
	11423 : E3;
	11424 : E3;
	11425 : E3;
	11426 : E3;
	11427 : E3;
	11428 : E3;
	11429 : FF;
	11430 : C0;
	11431 : C0;
	11432 : C0;
	11433 : FF;
	11434 : E3;
	11435 : E3;
	11436 : E3;
	11437 : E3;
	11438 : E3;
	11439 : E3;
	11440 : E3;
	11441 : E3;
	11442 : E3;
	11443 : E3;
	11444 : E3;
	11445 : FF;
	11446 : C0;
	11447 : C0;
	11448 : C0;
	11449 : FF;
	11450 : E3;
	11451 : E3;
	11452 : E3;
	11453 : E3;
	11454 : E3;
	11455 : FF;
	11456 : C0;
	11457 : C0;
	11458 : C0;
	11459 : C0;
	11460 : C0;
	11461 : C0;
	11462 : C0;
	11463 : C0;
	11464 : C0;
	11465 : C0;
	11466 : C0;
	11467 : C0;
	11468 : C0;
	11469 : FF;
	11470 : C0;
	11471 : C0;
	11472 : C0;
	11473 : C0;
	11474 : C0;
	11475 : C0;
	11476 : C0;
	11477 : C0;
	11478 : C0;
	11479 : FF;
	11480 : E3;
	11481 : E3;
	11482 : E3;
	11483 : E3;
	11484 : E3;
	11485 : E3;
	11486 : E3;
	11487 : E3;
	11488 : E3;
	11489 : FF;
	11490 : FF;
	11491 : C0;
	11492 : C0;
	11493 : C0;
	11494 : C0;
	11495 : C0;
	11496 : C0;
	11497 : C0;
	11498 : C0;
	11499 : C0;
	11500 : C0;
	11501 : FF;
	11502 : FF;
	11503 : E3;
	11504 : E3;
	11505 : E3;
	11506 : E3;
	11507 : FF;
	11508 : C0;
	11509 : C0;
	11510 : C0;
	11511 : C0;
	11512 : FF;
	11513 : E3;
	11514 : E3;
	11515 : E3;
	11516 : FF;
	11517 : C0;
	11518 : C0;
	11519 : C0;
	11520 : C0;
	11521 : FF;
	11522 : C0;
	11523 : C0;
	11524 : C0;
	11525 : C0;
	11526 : FF;
	11527 : FF;
	11528 : FF;
	11529 : FF;
	11530 : FF;
	11531 : C0;
	11532 : C0;
	11533 : C0;
	11534 : C0;
	11535 : FF;
	11536 : E3;
	11537 : E3;
	11538 : FF;
	11539 : C0;
	11540 : C0;
	11541 : C0;
	11542 : C0;
	11543 : FF;
	11544 : FF;
	11545 : FF;
	11546 : E3;
	11547 : E3;
	11548 : E3;
	11549 : E3;
	11550 : E3;
	11551 : E3;
	11552 : E3;
	11553 : E3;
	11554 : FF;
	11555 : C0;
	11556 : C0;
	11557 : C0;
	11558 : FF;
	11559 : E3;
	11560 : E3;
	11561 : E3;
	11562 : E3;
	11563 : E3;
	11564 : E3;
	11565 : E3;
	11566 : E3;
	11567 : E3;
	11568 : E3;
	11569 : E3;
	11570 : FF;
	11571 : C0;
	11572 : C0;
	11573 : C0;
	11574 : FF;
	11575 : E3;
	11576 : E3;
	11577 : E3;
	11578 : E3;
	11579 : E3;
	11580 : FF;
	11581 : C0;
	11582 : C0;
	11583 : C0;
	11584 : C0;
	11585 : C0;
	11586 : C0;
	11587 : C0;
	11588 : C0;
	11589 : C0;
	11590 : C0;
	11591 : C0;
	11592 : C0;
	11593 : C0;
	11594 : FF;
	11595 : C0;
	11596 : C0;
	11597 : C0;
	11598 : C0;
	11599 : C0;
	11600 : C0;
	11601 : C0;
	11602 : C0;
	11603 : C0;
	11604 : FF;
	11605 : E3;
	11606 : E3;
	11607 : E3;
	11608 : E3;
	11609 : E3;
	11610 : E3;
	11611 : E3;
	11612 : E3;
	11613 : E3;
	11614 : E3;
	11615 : FF;
	11616 : FF;
	11617 : C0;
	11618 : C0;
	11619 : C0;
	11620 : C0;
	11621 : C0;
	11622 : C0;
	11623 : C0;
	11624 : C0;
	11625 : C0;
	11626 : C0;
	11627 : FF;
	11628 : FF;
	11629 : E3;
	11630 : E3;
	11631 : E3;
	11632 : FF;
	11633 : C0;
	11634 : C0;
	11635 : C0;
	11636 : C0;
	11637 : FF;
	11638 : E3;
	11639 : E3;
	11640 : E3;
	11641 : FF;
	11642 : C0;
	11643 : C0;
	11644 : C0;
	11645 : C0;
	11646 : FF;
	11647 : C0;
	11648 : C0;
	11649 : C0;
	11650 : C0;
	11651 : C0;
	11652 : C0;
	11653 : C0;
	11654 : C0;
	11655 : C0;
	11656 : C0;
	11657 : C0;
	11658 : C0;
	11659 : C0;
	11660 : FF;
	11661 : E3;
	11662 : E3;
	11663 : FF;
	11664 : C0;
	11665 : C0;
	11666 : C0;
	11667 : C0;
	11668 : FF;
	11669 : E3;
	11670 : E3;
	11671 : E3;
	11672 : E3;
	11673 : E3;
	11674 : E3;
	11675 : E3;
	11676 : E3;
	11677 : E3;
	11678 : E3;
	11679 : FF;
	11680 : C0;
	11681 : C0;
	11682 : C0;
	11683 : FF;
	11684 : E3;
	11685 : E3;
	11686 : E3;
	11687 : E3;
	11688 : E3;
	11689 : E3;
	11690 : E3;
	11691 : E3;
	11692 : E3;
	11693 : E3;
	11694 : E3;
	11695 : FF;
	11696 : C0;
	11697 : C0;
	11698 : C0;
	11699 : FF;
	11700 : E3;
	11701 : E3;
	11702 : E3;
	11703 : E3;
	11704 : E3;
	11705 : FF;
	11706 : C0;
	11707 : C0;
	11708 : C0;
	11709 : C0;
	11710 : FF;
	11711 : C0;
	11712 : C0;
	11713 : C0;
	11714 : FF;
	11715 : C0;
	11716 : C0;
	11717 : C0;
	11718 : C0;
	11719 : FF;
	11720 : C0;
	11721 : C0;
	11722 : C0;
	11723 : C0;
	11724 : FF;
	11725 : FF;
	11726 : FF;
	11727 : FF;
	11728 : FF;
	11729 : FF;
	11730 : E3;
	11731 : E3;
	11732 : E3;
	11733 : E3;
	11734 : E3;
	11735 : E3;
	11736 : E3;
	11737 : E3;
	11738 : E3;
	11739 : E3;
	11740 : FF;
	11741 : FF;
	11742 : FF;
	11743 : FF;
	11744 : FF;
	11745 : FF;
	11746 : FF;
	11747 : FF;
	11748 : FF;
	11749 : C0;
	11750 : C0;
	11751 : C0;
	11752 : C0;
	11753 : FF;
	11754 : E3;
	11755 : E3;
	11756 : E3;
	11757 : FF;
	11758 : C0;
	11759 : C0;
	11760 : C0;
	11761 : C0;
	11762 : FF;
	11763 : E3;
	11764 : E3;
	11765 : E3;
	11766 : FF;
	11767 : C0;
	11768 : C0;
	11769 : C0;
	11770 : C0;
	11771 : FF;
	11772 : C0;
	11773 : C0;
	11774 : C0;
	11775 : C0;
	11776 : C0;
	11777 : C0;
	11778 : C0;
	11779 : C0;
	11780 : C0;
	11781 : C0;
	11782 : C0;
	11783 : FF;
	11784 : FF;
	11785 : FF;
	11786 : E3;
	11787 : E3;
	11788 : FF;
	11789 : C0;
	11790 : C0;
	11791 : FF;
	11792 : FF;
	11793 : FF;
	11794 : E3;
	11795 : E3;
	11796 : E3;
	11797 : E3;
	11798 : E3;
	11799 : E3;
	11800 : E3;
	11801 : E3;
	11802 : E3;
	11803 : E3;
	11804 : FF;
	11805 : C0;
	11806 : C0;
	11807 : C0;
	11808 : FF;
	11809 : E3;
	11810 : E3;
	11811 : E3;
	11812 : E3;
	11813 : E3;
	11814 : E3;
	11815 : E3;
	11816 : E3;
	11817 : E3;
	11818 : E3;
	11819 : E3;
	11820 : FF;
	11821 : C0;
	11822 : C0;
	11823 : C0;
	11824 : FF;
	11825 : E3;
	11826 : E3;
	11827 : E3;
	11828 : E3;
	11829 : E3;
	11830 : FF;
	11831 : C0;
	11832 : C0;
	11833 : C0;
	11834 : C0;
	11835 : FF;
	11836 : FF;
	11837 : C0;
	11838 : FF;
	11839 : FF;
	11840 : C0;
	11841 : C0;
	11842 : C0;
	11843 : C0;
	11844 : FF;
	11845 : C0;
	11846 : C0;
	11847 : C0;
	11848 : C0;
	11849 : FF;
	11850 : E3;
	11851 : E3;
	11852 : E3;
	11853 : E3;
	11854 : E3;
	11855 : E3;
	11856 : E3;
	11857 : E3;
	11858 : E3;
	11859 : E3;
	11860 : E3;
	11861 : E3;
	11862 : E3;
	11863 : E3;
	11864 : FF;
	11865 : FF;
	11866 : C0;
	11867 : C0;
	11868 : C0;
	11869 : FF;
	11870 : FF;
	11871 : FF;
	11872 : FF;
	11873 : FF;
	11874 : C0;
	11875 : C0;
	11876 : C0;
	11877 : C0;
	11878 : FF;
	11879 : E3;
	11880 : E3;
	11881 : E3;
	11882 : FF;
	11883 : C0;
	11884 : C0;
	11885 : C0;
	11886 : C0;
	11887 : FF;
	11888 : E3;
	11889 : E3;
	11890 : E3;
	11891 : FF;
	11892 : C0;
	11893 : C0;
	11894 : C0;
	11895 : C0;
	11896 : FF;
	11897 : C0;
	11898 : C0;
	11899 : C0;
	11900 : C0;
	11901 : C0;
	11902 : C0;
	11903 : C0;
	11904 : C0;
	11905 : C0;
	11906 : C0;
	11907 : C0;
	11908 : FF;
	11909 : E3;
	11910 : E3;
	11911 : E3;
	11912 : E3;
	11913 : FF;
	11914 : C0;
	11915 : C0;
	11916 : FF;
	11917 : E3;
	11918 : E3;
	11919 : E3;
	11920 : E3;
	11921 : E3;
	11922 : E3;
	11923 : E3;
	11924 : E3;
	11925 : E3;
	11926 : E3;
	11927 : E3;
	11928 : E3;
	11929 : FF;
	11930 : C0;
	11931 : C0;
	11932 : C0;
	11933 : FF;
	11934 : E3;
	11935 : E3;
	11936 : E3;
	11937 : E3;
	11938 : E3;
	11939 : E3;
	11940 : E3;
	11941 : E3;
	11942 : FF;
	11943 : FF;
	11944 : FF;
	11945 : FF;
	11946 : C0;
	11947 : C0;
	11948 : C0;
	11949 : FF;
	11950 : FF;
	11951 : FF;
	11952 : FF;
	11953 : FF;
	11954 : E3;
	11955 : FF;
	11956 : C0;
	11957 : C0;
	11958 : C0;
	11959 : C0;
	11960 : FF;
	11961 : FF;
	11962 : FF;
	11963 : FF;
	11964 : FF;
	11965 : C0;
	11966 : C0;
	11967 : C0;
	11968 : C0;
	11969 : FF;
	11970 : C0;
	11971 : C0;
	11972 : C0;
	11973 : C0;
	11974 : FF;
	11975 : FF;
	11976 : FF;
	11977 : FF;
	11978 : FF;
	11979 : FF;
	11980 : FF;
	11981 : FF;
	11982 : FF;
	11983 : FF;
	11984 : E3;
	11985 : E3;
	11986 : E3;
	11987 : E3;
	11988 : E3;
	11989 : FF;
	11990 : C0;
	11991 : C0;
	11992 : C0;
	11993 : C0;
	11994 : FF;
	11995 : FF;
	11996 : FF;
	11997 : FF;
	11998 : FF;
	11999 : C0;
	12000 : C0;
	12001 : C0;
	12002 : C0;
	12003 : FF;
	12004 : E3;
	12005 : E3;
	12006 : E3;
	12007 : FF;
	12008 : C0;
	12009 : C0;
	12010 : C0;
	12011 : C0;
	12012 : FF;
	12013 : FF;
	12014 : FF;
	12015 : FF;
	12016 : FF;
	12017 : C0;
	12018 : C0;
	12019 : C0;
	12020 : C0;
	12021 : FF;
	12022 : C0;
	12023 : C0;
	12024 : C0;
	12025 : C0;
	12026 : FF;
	12027 : FF;
	12028 : FF;
	12029 : FF;
	12030 : FF;
	12031 : FF;
	12032 : FF;
	12033 : FF;
	12034 : E3;
	12035 : E3;
	12036 : FF;
	12037 : FF;
	12038 : FF;
	12039 : FF;
	12040 : FF;
	12041 : FF;
	12042 : E3;
	12043 : E3;
	12044 : E3;
	12045 : E3;
	12046 : E3;
	12047 : E3;
	12048 : E3;
	12049 : E3;
	12050 : E3;
	12051 : E3;
	12052 : E3;
	12053 : E3;
	12054 : FF;
	12055 : C0;
	12056 : C0;
	12057 : C0;
	12058 : FF;
	12059 : E3;
	12060 : E3;
	12061 : E3;
	12062 : E3;
	12063 : E3;
	12064 : E3;
	12065 : E3;
	12066 : E3;
	12067 : FF;
	12068 : C0;
	12069 : C0;
	12070 : C0;
	12071 : C0;
	12072 : C0;
	12073 : C0;
	12074 : C0;
	12075 : C0;
	12076 : C0;
	12077 : C0;
	12078 : FF;
	12079 : E3;
	12080 : FF;
	12081 : C0;
	12082 : C0;
	12083 : C0;
	12084 : C0;
	12085 : FF;
	12086 : E3;
	12087 : E3;
	12088 : E3;
	12089 : FF;
	12090 : C0;
	12091 : C0;
	12092 : C0;
	12093 : C0;
	12094 : FF;
	12095 : C0;
	12096 : C0;
	12097 : C0;
	12098 : C0;
	12099 : C0;
	12100 : C0;
	12101 : C0;
	12102 : C0;
	12103 : C0;
	12104 : C0;
	12105 : C0;
	12106 : C0;
	12107 : C0;
	12108 : FF;
	12109 : E3;
	12110 : E3;
	12111 : E3;
	12112 : E3;
	12113 : E3;
	12114 : FF;
	12115 : C0;
	12116 : C0;
	12117 : C0;
	12118 : C0;
	12119 : C0;
	12120 : C0;
	12121 : C0;
	12122 : C0;
	12123 : C0;
	12124 : C0;
	12125 : C0;
	12126 : C0;
	12127 : FF;
	12128 : FF;
	12129 : E3;
	12130 : E3;
	12131 : E3;
	12132 : FF;
	12133 : C0;
	12134 : C0;
	12135 : C0;
	12136 : C0;
	12137 : C0;
	12138 : C0;
	12139 : C0;
	12140 : C0;
	12141 : C0;
	12142 : C0;
	12143 : C0;
	12144 : C0;
	12145 : C0;
	12146 : FF;
	12147 : C0;
	12148 : C0;
	12149 : C0;
	12150 : C0;
	12151 : FF;
	12152 : E3;
	12153 : E3;
	12154 : E3;
	12155 : E3;
	12156 : E3;
	12157 : E3;
	12158 : E3;
	12159 : E3;
	12160 : E3;
	12161 : FF;
	12162 : C0;
	12163 : C0;
	12164 : C0;
	12165 : FF;
	12166 : E3;
	12167 : E3;
	12168 : E3;
	12169 : E3;
	12170 : E3;
	12171 : E3;
	12172 : E3;
	12173 : E3;
	12174 : E3;
	12175 : E3;
	12176 : E3;
	12177 : E3;
	12178 : E3;
	12179 : FF;
	12180 : C0;
	12181 : C0;
	12182 : C0;
	12183 : FF;
	12184 : E3;
	12185 : E3;
	12186 : E3;
	12187 : E3;
	12188 : E3;
	12189 : E3;
	12190 : E3;
	12191 : E3;
	12192 : FF;
	12193 : C0;
	12194 : C0;
	12195 : C0;
	12196 : C0;
	12197 : C0;
	12198 : C0;
	12199 : C0;
	12200 : C0;
	12201 : C0;
	12202 : C0;
	12203 : FF;
	12204 : E3;
	12205 : FF;
	12206 : C0;
	12207 : C0;
	12208 : C0;
	12209 : C0;
	12210 : FF;
	12211 : E3;
	12212 : E3;
	12213 : E3;
	12214 : FF;
	12215 : C0;
	12216 : C0;
	12217 : C0;
	12218 : C0;
	12219 : FF;
	12220 : C0;
	12221 : C0;
	12222 : C0;
	12223 : C0;
	12224 : C0;
	12225 : C0;
	12226 : C0;
	12227 : C0;
	12228 : C0;
	12229 : C0;
	12230 : C0;
	12231 : C0;
	12232 : C0;
	12233 : FF;
	12234 : E3;
	12235 : E3;
	12236 : E3;
	12237 : E3;
	12238 : E3;
	12239 : FF;
	12240 : FF;
	12241 : C0;
	12242 : C0;
	12243 : C0;
	12244 : C0;
	12245 : C0;
	12246 : C0;
	12247 : C0;
	12248 : C0;
	12249 : C0;
	12250 : C0;
	12251 : C0;
	12252 : FF;
	12253 : E3;
	12254 : E3;
	12255 : E3;
	12256 : E3;
	12257 : FF;
	12258 : FF;
	12259 : FF;
	12260 : C0;
	12261 : C0;
	12262 : C0;
	12263 : C0;
	12264 : C0;
	12265 : C0;
	12266 : C0;
	12267 : C0;
	12268 : C0;
	12269 : FF;
	12270 : FF;
	12271 : FF;
	12272 : C0;
	12273 : C0;
	12274 : C0;
	12275 : C0;
	12276 : FF;
	12277 : E3;
	12278 : E3;
	12279 : E3;
	12280 : E3;
	12281 : E3;
	12282 : E3;
	12283 : E3;
	12284 : E3;
	12285 : E3;
	12286 : FF;
	12287 : C0;
	12288 : C0;
	12289 : C0;
	12290 : FF;
	12291 : E3;
	12292 : E3;
	12293 : E3;
	12294 : E3;
	12295 : E3;
	12296 : E3;
	12297 : E3;
	12298 : E3;
	12299 : E3;
	12300 : E3;
	12301 : E3;
	12302 : E3;
	12303 : E3;
	12304 : FF;
	12305 : FF;
	12306 : FF;
	12307 : FF;
	12308 : FF;
	12309 : E3;
	12310 : E3;
	12311 : E3;
	12312 : E3;
	12313 : E3;
	12314 : E3;
	12315 : E3;
	12316 : E3;
	12317 : FF;
	12318 : FF;
	12319 : FF;
	12320 : FF;
	12321 : FF;
	12322 : FF;
	12323 : FF;
	12324 : FF;
	12325 : FF;
	12326 : FF;
	12327 : FF;
	12328 : FF;
	12329 : E3;
	12330 : FF;
	12331 : FF;
	12332 : FF;
	12333 : FF;
	12334 : FF;
	12335 : FF;
	12336 : E3;
	12337 : E3;
	12338 : E3;
	12339 : FF;
	12340 : FF;
	12341 : FF;
	12342 : FF;
	12343 : FF;
	12344 : FF;
	12345 : FF;
	12346 : FF;
	12347 : FF;
	12348 : FF;
	12349 : FF;
	12350 : FF;
	12351 : FF;
	12352 : FF;
	12353 : FF;
	12354 : FF;
	12355 : FF;
	12356 : FF;
	12357 : FF;
	12358 : FF;
	12359 : E3;
	12360 : E3;
	12361 : E3;
	12362 : E3;
	12363 : E3;
	12364 : E3;
	12365 : FF;
	12366 : FF;
	12367 : C0;
	12368 : C0;
	12369 : C0;
	12370 : C0;
	12371 : C0;
	12372 : C0;
	12373 : C0;
	12374 : C0;
	12375 : C0;
	12376 : FF;
	12377 : FF;
	12378 : E3;
	12379 : E3;
	12380 : E3;
	12381 : E3;
	12382 : E3;
	12383 : E3;
	12384 : FF;
	12385 : C0;
	12386 : C0;
	12387 : C0;
	12388 : C0;
	12389 : C0;
	12390 : C0;
	12391 : C0;
	12392 : C0;
	12393 : C0;
	12394 : FF;
	12395 : E3;
	12396 : FF;
	12397 : C0;
	12398 : C0;
	12399 : C0;
	12400 : C0;
	12401 : FF;
	12402 : E3;
	12403 : E3;
	12404 : E3;
	12405 : E3;
	12406 : E3;
	12407 : E3;
	12408 : E3;
	12409 : E3;
	12410 : E3;
	12411 : FF;
	12412 : C0;
	12413 : C0;
	12414 : C0;
	12415 : FF;
	12416 : E3;
	12417 : E3;
	12418 : E3;
	12419 : E3;
	12420 : E3;
	12421 : E3;
	12422 : E3;
	12423 : E3;
	12424 : E3;
	12425 : E3;
	12426 : E3;
	12427 : E3;
	12428 : E3;
	12429 : E3;
	12430 : E3;
	12431 : E3;
	12432 : E3;
	12433 : E3;
	12434 : E3;
	12435 : E3;
	12436 : E3;
	12437 : E3;
	12438 : E3;
	12439 : E3;
	12440 : E3;
	12441 : E3;
	12442 : E3;
	12443 : E3;
	12444 : E3;
	12445 : E3;
	12446 : E3;
	12447 : E3;
	12448 : E3;
	12449 : E3;
	12450 : E3;
	12451 : E3;
	12452 : E3;
	12453 : E3;
	12454 : E3;
	12455 : E3;
	12456 : E3;
	12457 : E3;
	12458 : E3;
	12459 : E3;
	12460 : E3;
	12461 : E3;
	12462 : E3;
	12463 : E3;
	12464 : E3;
	12465 : E3;
	12466 : E3;
	12467 : E3;
	12468 : E3;
	12469 : E3;
	12470 : E3;
	12471 : E3;
	12472 : E3;
	12473 : E3;
	12474 : E3;
	12475 : E3;
	12476 : E3;
	12477 : E3;
	12478 : E3;
	12479 : E3;
	12480 : E3;
	12481 : E3;
	12482 : E3;
	12483 : E3;
	12484 : E3;
	12485 : E3;
	12486 : E3;
	12487 : E3;
	12488 : E3;
	12489 : E3;
	12490 : E3;
	12491 : FF;
	12492 : FF;
	12493 : FF;
	12494 : FF;
	12495 : FF;
	12496 : FF;
	12497 : FF;
	12498 : FF;
	12499 : FF;
	12500 : FF;
	12501 : FF;
	12502 : E3;
	12503 : E3;
	12504 : E3;
	12505 : E3;
	12506 : E3;
	12507 : E3;
	12508 : E3;
	12509 : FF;
	12510 : FF;
	12511 : FF;
	12512 : FF;
	12513 : FF;
	12514 : FF;
	12515 : FF;
	12516 : FF;
	12517 : FF;
	12518 : FF;
	12519 : FF;
	12520 : E3;
	12521 : FF;
	12522 : FF;
	12523 : FF;
	12524 : FF;
	12525 : FF;
	12526 : FF;
	12527 : E3;
	12528 : E3;
	12529 : E3;
	12530 : E3;
	12531 : E3;
	12532 : E3;
	12533 : E3;
	12534 : E3;
	12535 : E3;
	12536 : FF;
	12537 : FF;
	12538 : FF;
	12539 : FF;
	12540 : FF;
	12541 : E3;
	12542 : E3;
	12543 : E3;
	12544 : E3;
	12545 : E3;
	12546 : E3;
	12547 : E3;
	12548 : E3;
	12549 : E3;
	12550 : E3;
	12551 : E3;
	12552 : E3;
	12553 : E3;
	12554 : E3;
	12555 : E3;
	12556 : E3;
	12557 : E3;
	12558 : E3;
	12559 : E3;
	12560 : E3;
	12561 : E3;
	12562 : 1C;
	12563 : 1C;
	12564 : E3;
	12565 : E3;
	12566 : E3;
	12567 : E3;
	12568 : E3;
	12569 : E3;
	12570 : E3;
	12571 : E3;
	12572 : E3;
	12573 : E3;
	12574 : E3;
	12575 : E3;
	12576 : E3;
	12577 : E3;
	12578 : E3;
	12579 : E3;
	12580 : E3;
	12581 : E3;
	12582 : E3;
	12583 : E3;
	12584 : E3;
	12585 : E3;
	12586 : E3;
	12587 : E3;
	12588 : E3;
	12589 : E3;
	12590 : E3;
	12591 : E3;
	12592 : E3;
	12593 : E3;
	12594 : E3;
	12595 : E3;
	12596 : E3;
	12597 : 1C;
	12598 : 1C;
	12599 : 1C;
	12600 : E3;
	12601 : E3;
	12602 : E3;
	12603 : E3;
	12604 : E3;
	12605 : E3;
	12606 : E3;
	12607 : E3;
	12608 : E3;
	12609 : E3;
	12610 : E3;
	12611 : E3;
	12612 : E3;
	12613 : E3;
	12614 : E3;
	12615 : E3;
	12616 : E3;
	12617 : E3;
	12618 : E3;
	12619 : E3;
	12620 : E3;
	12621 : E3;
	12622 : E3;
	12623 : E3;
	12624 : E3;
	12625 : E3;
	12626 : E3;
	12627 : E3;
	12628 : E3;
	12629 : E3;
	12630 : E3;
	12631 : E3;
	12632 : E3;
	12633 : 1C;
	12634 : 1C;
	12635 : 1C;
	12636 : 1C;
	12637 : E3;
	12638 : E3;
	12639 : E3;
	12640 : E3;
	12641 : E3;
	12642 : E3;
	12643 : E3;
	12644 : E3;
	12645 : E3;
	12646 : E3;
	12647 : E3;
	12648 : E3;
	12649 : E3;
	12650 : E3;
	12651 : E3;
	12652 : E3;
	12653 : E3;
	12654 : E3;
	12655 : E3;
	12656 : E3;
	12657 : E3;
	12658 : E3;
	12659 : E3;
	12660 : E3;
	12661 : E3;
	12662 : E3;
	12663 : E3;
	12664 : E3;
	12665 : E3;
	12666 : E3;
	12667 : E3;
	12668 : E3;
	12669 : 1C;
	12670 : 1C;
	12671 : 1C;
	12672 : 1C;
	12673 : 1C;
	12674 : E3;
	12675 : E3;
	12676 : E3;
	12677 : E3;
	12678 : E3;
	12679 : E3;
	12680 : E3;
	12681 : E3;
	12682 : E3;
	12683 : E3;
	12684 : E3;
	12685 : E3;
	12686 : E3;
	12687 : E3;
	12688 : E3;
	12689 : E3;
	12690 : E3;
	12691 : E3;
	12692 : E3;
	12693 : E3;
	12694 : E3;
	12695 : E3;
	12696 : E3;
	12697 : E3;
	12698 : E3;
	12699 : E3;
	12700 : E3;
	12701 : E3;
	12702 : E3;
	12703 : E3;
	12704 : 1C;
	12705 : 1C;
	12706 : 1C;
	12707 : 1C;
	12708 : 1C;
	12709 : E3;
	12710 : E3;
	12711 : E3;
	12712 : E3;
	12713 : E3;
	12714 : E3;
	12715 : E3;
	12716 : E3;
	12717 : E3;
	12718 : E3;
	12719 : E3;
	12720 : E3;
	12721 : E3;
	12722 : E3;
	12723 : E3;
	12724 : E3;
	12725 : E3;
	12726 : E3;
	12727 : E3;
	12728 : E3;
	12729 : E3;
	12730 : E3;
	12731 : E3;
	12732 : E3;
	12733 : E3;
	12734 : E3;
	12735 : E3;
	12736 : E3;
	12737 : E3;
	12738 : E3;
	12739 : E3;
	12740 : 1C;
	12741 : 1C;
	12742 : 10;
	12743 : 1C;
	12744 : 1C;
	12745 : E3;
	12746 : E3;
	12747 : E3;
	12748 : E3;
	12749 : E3;
	12750 : E3;
	12751 : E3;
	12752 : E3;
	12753 : E3;
	12754 : E3;
	12755 : E3;
	12756 : E3;
	12757 : E3;
	12758 : E3;
	12759 : E3;
	12760 : E3;
	12761 : E3;
	12762 : E3;
	12763 : E3;
	12764 : E3;
	12765 : E3;
	12766 : E3;
	12767 : E3;
	12768 : E3;
	12769 : E3;
	12770 : E3;
	12771 : E3;
	12772 : E3;
	12773 : E3;
	12774 : E3;
	12775 : 1C;
	12776 : 1C;
	12777 : 10;
	12778 : 10;
	12779 : 1C;
	12780 : 1C;
	12781 : E3;
	12782 : E3;
	12783 : E3;
	12784 : E3;
	12785 : E3;
	12786 : E3;
	12787 : E3;
	12788 : E3;
	12789 : E3;
	12790 : E3;
	12791 : E3;
	12792 : E3;
	12793 : E3;
	12794 : E3;
	12795 : E3;
	12796 : E3;
	12797 : E3;
	12798 : E3;
	12799 : E3;
	12800 : E3;
	12801 : E3;
	12802 : E3;
	12803 : E3;
	12804 : 1C;
	12805 : E3;
	12806 : E3;
	12807 : E3;
	12808 : E3;
	12809 : E3;
	12810 : 1C;
	12811 : 10;
	12812 : 10;
	12813 : 10;
	12814 : 1C;
	12815 : 1C;
	12816 : E3;
	12817 : E3;
	12818 : E3;
	12819 : E3;
	12820 : E3;
	12821 : E3;
	12822 : E3;
	12823 : E3;
	12824 : E3;
	12825 : E3;
	12826 : E3;
	12827 : E3;
	12828 : E3;
	12829 : E3;
	12830 : E3;
	12831 : E3;
	12832 : E3;
	12833 : E3;
	12834 : E3;
	12835 : E3;
	12836 : E3;
	12837 : E3;
	12838 : E3;
	12839 : 1C;
	12840 : 1C;
	12841 : E3;
	12842 : E3;
	12843 : E3;
	12844 : E3;
	12845 : 1C;
	12846 : 10;
	12847 : 10;
	12848 : 10;
	12849 : 10;
	12850 : 1C;
	12851 : 1C;
	12852 : E3;
	12853 : E3;
	12854 : E3;
	12855 : E3;
	12856 : E3;
	12857 : E3;
	12858 : E3;
	12859 : E3;
	12860 : E3;
	12861 : E3;
	12862 : E3;
	12863 : E3;
	12864 : E3;
	12865 : E3;
	12866 : E3;
	12867 : E3;
	12868 : E3;
	12869 : E3;
	12870 : E3;
	12871 : E3;
	12872 : E3;
	12873 : E3;
	12874 : 1C;
	12875 : 1C;
	12876 : E3;
	12877 : E3;
	12878 : E3;
	12879 : E3;
	12880 : 1C;
	12881 : 10;
	12882 : 10;
	12883 : 10;
	12884 : 10;
	12885 : 1C;
	12886 : 1C;
	12887 : E3;
	12888 : E3;
	12889 : E3;
	12890 : E3;
	12891 : E3;
	12892 : E3;
	12893 : E3;
	12894 : E3;
	12895 : E3;
	12896 : E3;
	12897 : E3;
	12898 : E3;
	12899 : E3;
	12900 : E3;
	12901 : E3;
	12902 : E3;
	12903 : E3;
	12904 : E3;
	12905 : E3;
	12906 : E3;
	12907 : E3;
	12908 : E3;
	12909 : 1C;
	12910 : 1C;
	12911 : 1C;
	12912 : E3;
	12913 : E3;
	12914 : E3;
	12915 : 1C;
	12916 : 10;
	12917 : 10;
	12918 : 1C;
	12919 : 10;
	12920 : 10;
	12921 : 1C;
	12922 : 1C;
	12923 : E3;
	12924 : E3;
	12925 : E3;
	12926 : E3;
	12927 : E3;
	12928 : E3;
	12929 : E3;
	12930 : E3;
	12931 : E3;
	12932 : E3;
	12933 : E3;
	12934 : E3;
	12935 : E3;
	12936 : E3;
	12937 : E3;
	12938 : E3;
	12939 : E3;
	12940 : E3;
	12941 : E3;
	12942 : E3;
	12943 : E3;
	12944 : 1C;
	12945 : 1C;
	12946 : 1C;
	12947 : E3;
	12948 : 1C;
	12949 : 1C;
	12950 : 1C;
	12951 : 10;
	12952 : 1C;
	12953 : 1C;
	12954 : 10;
	12955 : 10;
	12956 : 1C;
	12957 : 1C;
	12958 : E3;
	12959 : E3;
	12960 : 1C;
	12961 : E3;
	12962 : E3;
	12963 : E3;
	12964 : E3;
	12965 : E3;
	12966 : E3;
	12967 : E3;
	12968 : E3;
	12969 : E3;
	12970 : E3;
	12971 : E3;
	12972 : E3;
	12973 : E3;
	12974 : E3;
	12975 : E3;
	12976 : E3;
	12977 : E3;
	12978 : E3;
	12979 : 1C;
	12980 : 1C;
	12981 : 1C;
	12982 : E3;
	12983 : 1C;
	12984 : 1C;
	12985 : 10;
	12986 : 10;
	12987 : 1C;
	12988 : 1C;
	12989 : 10;
	12990 : 10;
	12991 : 1C;
	12992 : 1C;
	12993 : E3;
	12994 : E3;
	12995 : 1C;
	12996 : 1C;
	12997 : E3;
	12998 : E3;
	12999 : E3;
	13000 : E3;
	13001 : E3;
	13002 : E3;
	13003 : E3;
	13004 : E3;
	13005 : E3;
	13006 : E3;
	13007 : E3;
	13008 : E3;
	13009 : E3;
	13010 : E3;
	13011 : E3;
	13012 : E3;
	13013 : E3;
	13014 : 1C;
	13015 : 10;
	13016 : 1C;
	13017 : 1C;
	13018 : 1C;
	13019 : 10;
	13020 : 10;
	13021 : 3C;
	13022 : 1C;
	13023 : 1C;
	13024 : 10;
	13025 : 10;
	13026 : 1C;
	13027 : 1C;
	13028 : E3;
	13029 : E3;
	13030 : 1C;
	13031 : 1C;
	13032 : E3;
	13033 : E3;
	13034 : E3;
	13035 : E3;
	13036 : E3;
	13037 : E3;
	13038 : E3;
	13039 : E3;
	13040 : E3;
	13041 : E3;
	13042 : E3;
	13043 : E3;
	13044 : E3;
	13045 : E3;
	13046 : E3;
	13047 : E3;
	13048 : 1C;
	13049 : 1C;
	13050 : 10;
	13051 : 10;
	13052 : 1C;
	13053 : 10;
	13054 : 10;
	13055 : 3C;
	13056 : 3C;
	13057 : 1C;
	13058 : 1C;
	13059 : 10;
	13060 : 10;
	13061 : 1C;
	13062 : E3;
	13063 : E3;
	13064 : E3;
	13065 : 1C;
	13066 : 1C;
	13067 : 1C;
	13068 : E3;
	13069 : E3;
	13070 : E3;
	13071 : E3;
	13072 : E3;
	13073 : E3;
	13074 : E3;
	13075 : E3;
	13076 : E3;
	13077 : E3;
	13078 : E3;
	13079 : E3;
	13080 : E3;
	13081 : E3;
	13082 : 1C;
	13083 : 1C;
	13084 : 10;
	13085 : 10;
	13086 : 10;
	13087 : 10;
	13088 : 10;
	13089 : 3C;
	13090 : 3C;
	13091 : 3C;
	13092 : 1C;
	13093 : 1C;
	13094 : 10;
	13095 : 10;
	13096 : 1C;
	13097 : E3;
	13098 : E3;
	13099 : E3;
	13100 : 1C;
	13101 : 1C;
	13102 : 1C;
	13103 : E3;
	13104 : E3;
	13105 : E3;
	13106 : E3;
	13107 : E3;
	13108 : E3;
	13109 : E3;
	13110 : E3;
	13111 : E3;
	13112 : E3;
	13113 : E3;
	13114 : E3;
	13115 : E3;
	13116 : E3;
	13117 : 1C;
	13118 : 1C;
	13119 : 10;
	13120 : 10;
	13121 : 10;
	13122 : 10;
	13123 : 3C;
	13124 : 3C;
	13125 : 3C;
	13126 : 1C;
	13127 : 1C;
	13128 : 10;
	13129 : 10;
	13130 : 1C;
	13131 : 1C;
	13132 : E3;
	13133 : E3;
	13134 : E3;
	13135 : 1C;
	13136 : 1C;
	13137 : 1C;
	13138 : E3;
	13139 : E3;
	13140 : E3;
	13141 : E3;
	13142 : E3;
	13143 : E3;
	13144 : E3;
	13145 : E3;
	13146 : E3;
	13147 : E3;
	13148 : E3;
	13149 : E3;
	13150 : E3;
	13151 : E3;
	13152 : 1C;
	13153 : 10;
	13154 : 10;
	13155 : 10;
	13156 : 10;
	13157 : 3C;
	13158 : 3C;
	13159 : 3C;
	13160 : 3C;
	13161 : 1C;
	13162 : 1C;
	13163 : 10;
	13164 : 10;
	13165 : 1C;
	13166 : E3;
	13167 : E3;
	13168 : E3;
	13169 : 1C;
	13170 : 1C;
	13171 : 1C;
	13172 : 1C;
	13173 : E3;
	13174 : E3;
	13175 : E3;
	13176 : E3;
	13177 : E3;
	13178 : E3;
	13179 : E3;
	13180 : E3;
	13181 : E3;
	13182 : E3;
	13183 : E3;
	13184 : E3;
	13185 : E3;
	13186 : 1C;
	13187 : 1C;
	13188 : 10;
	13189 : 10;
	13190 : 1C;
	13191 : 1C;
	13192 : 3C;
	13193 : 3C;
	13194 : 3C;
	13195 : 3C;
	13196 : 1C;
	13197 : 1C;
	13198 : 10;
	13199 : 10;
	13200 : 1C;
	13201 : E3;
	13202 : E3;
	13203 : 1C;
	13204 : 1C;
	13205 : 18;
	13206 : 1C;
	13207 : 1C;
	13208 : E3;
	13209 : E3;
	13210 : E3;
	13211 : E3;
	13212 : E3;
	13213 : E3;
	13214 : E3;
	13215 : E3;
	13216 : E3;
	13217 : E3;
	13218 : E3;
	13219 : E3;
	13220 : E3;
	13221 : 1C;
	13222 : 1C;
	13223 : 10;
	13224 : 10;
	13225 : 1C;
	13226 : 1C;
	13227 : 3C;
	13228 : 1C;
	13229 : 3C;
	13230 : 3C;
	13231 : 1C;
	13232 : 1C;
	13233 : 10;
	13234 : 10;
	13235 : 1C;
	13236 : E3;
	13237 : E3;
	13238 : 1C;
	13239 : 10;
	13240 : 10;
	13241 : 1C;
	13242 : 1C;
	13243 : E3;
	13244 : E3;
	13245 : E3;
	13246 : E3;
	13247 : E3;
	13248 : E3;
	13249 : E3;
	13250 : E3;
	13251 : E3;
	13252 : E3;
	13253 : E3;
	13254 : E3;
	13255 : E3;
	13256 : 1C;
	13257 : 1C;
	13258 : 10;
	13259 : 10;
	13260 : 1C;
	13261 : 1C;
	13262 : 3C;
	13263 : 1C;
	13264 : 1C;
	13265 : 3C;
	13266 : 3C;
	13267 : 1C;
	13268 : 10;
	13269 : 10;
	13270 : 1C;
	13271 : 1C;
	13272 : 1C;
	13273 : 10;
	13274 : 10;
	13275 : 10;
	13276 : 1C;
	13277 : 1C;
	13278 : E3;
	13279 : E3;
	13280 : E3;
	13281 : E3;
	13282 : E3;
	13283 : E3;
	13284 : E3;
	13285 : E3;
	13286 : 1C;
	13287 : 1C;
	13288 : E3;
	13289 : E3;
	13290 : E3;
	13291 : 1C;
	13292 : 1C;
	13293 : 10;
	13294 : 10;
	13295 : 10;
	13296 : 1C;
	13297 : 1C;
	13298 : 1C;
	13299 : 1C;
	13300 : 3C;
	13301 : 3C;
	13302 : 1C;
	13303 : 1C;
	13304 : 10;
	13305 : 10;
	13306 : 1C;
	13307 : 38;
	13308 : 10;
	13309 : 10;
	13310 : 1C;
	13311 : 1C;
	13312 : 1C;
	13313 : E3;
	13314 : E3;
	13315 : E3;
	13316 : E3;
	13317 : E3;
	13318 : E3;
	13319 : E3;
	13320 : E3;
	13321 : E3;
	13322 : E3;
	13323 : 1C;
	13324 : 1C;
	13325 : E3;
	13326 : E3;
	13327 : 1C;
	13328 : 1C;
	13329 : 10;
	13330 : 10;
	13331 : 1C;
	13332 : 1C;
	13333 : 1C;
	13334 : 10;
	13335 : 3C;
	13336 : 3C;
	13337 : 1C;
	13338 : 1C;
	13339 : 10;
	13340 : 10;
	13341 : 10;
	13342 : 10;
	13343 : 10;
	13344 : 1C;
	13345 : 1C;
	13346 : 1C;
	13347 : E3;
	13348 : E3;
	13349 : E3;
	13350 : E3;
	13351 : E3;
	13352 : E3;
	13353 : E3;
	13354 : E3;
	13355 : E3;
	13356 : E3;
	13357 : E3;
	13358 : 1C;
	13359 : 1C;
	13360 : 1C;
	13361 : E3;
	13362 : 1C;
	13363 : 1C;
	13364 : 10;
	13365 : 10;
	13366 : 10;
	13367 : 1C;
	13368 : 10;
	13369 : 10;
	13370 : 10;
	13371 : 3C;
	13372 : 3C;
	13373 : 1C;
	13374 : 1C;
	13375 : 10;
	13376 : 10;
	13377 : 10;
	13378 : 1C;
	13379 : 1C;
	13380 : 1C;
	13381 : 1C;
	13382 : E3;
	13383 : E3;
	13384 : 1C;
	13385 : E3;
	13386 : E3;
	13387 : E3;
	13388 : E3;
	13389 : E3;
	13390 : E3;
	13391 : E3;
	13392 : E3;
	13393 : E3;
	13394 : 1C;
	13395 : 1C;
	13396 : E3;
	13397 : 1C;
	13398 : 1C;
	13399 : 1C;
	13400 : 10;
	13401 : 10;
	13402 : 1C;
	13403 : 10;
	13404 : 10;
	13405 : 3C;
	13406 : 3C;
	13407 : 3C;
	13408 : 1C;
	13409 : 1C;
	13410 : 10;
	13411 : 10;
	13412 : 10;
	13413 : 1C;
	13414 : 1C;
	13415 : 1C;
	13416 : E3;
	13417 : E3;
	13418 : E3;
	13419 : 1C;
	13420 : 1C;
	13421 : E3;
	13422 : E3;
	13423 : E3;
	13424 : E3;
	13425 : E3;
	13426 : E3;
	13427 : E3;
	13428 : E3;
	13429 : 1C;
	13430 : 1C;
	13431 : 1C;
	13432 : E3;
	13433 : 1C;
	13434 : 1C;
	13435 : 1C;
	13436 : 10;
	13437 : 10;
	13438 : 10;
	13439 : 10;
	13440 : 3C;
	13441 : 3C;
	13442 : 3C;
	13443 : 3C;
	13444 : 1C;
	13445 : 1C;
	13446 : 10;
	13447 : 1C;
	13448 : 1C;
	13449 : 10;
	13450 : 1C;
	13451 : E3;
	13452 : E3;
	13453 : E3;
	13454 : E3;
	13455 : 1C;
	13456 : E3;
	13457 : E3;
	13458 : E3;
	13459 : E3;
	13460 : E3;
	13461 : E3;
	13462 : E3;
	13463 : 1C;
	13464 : 1C;
	13465 : 1C;
	13466 : 1C;
	13467 : E3;
	13468 : E3;
	13469 : 1C;
	13470 : 1C;
	13471 : 10;
	13472 : 10;
	13473 : 10;
	13474 : 10;
	13475 : 3C;
	13476 : 3C;
	13477 : 3C;
	13478 : 3C;
	13479 : 1C;
	13480 : 1C;
	13481 : 1C;
	13482 : 1C;
	13483 : 1C;
	13484 : 10;
	13485 : 1C;
	13486 : E3;
	13487 : E3;
	13488 : E3;
	13489 : E3;
	13490 : 1C;
	13491 : 1C;
	13492 : E3;
	13493 : E3;
	13494 : E3;
	13495 : E3;
	13496 : E3;
	13497 : 1C;
	13498 : 1C;
	13499 : 1C;
	13500 : 1C;
	13501 : 1C;
	13502 : E3;
	13503 : E3;
	13504 : E3;
	13505 : 1C;
	13506 : 1C;
	13507 : 10;
	13508 : 10;
	13509 : 10;
	13510 : 3C;
	13511 : 3C;
	13512 : BE;
	13513 : 3C;
	13514 : 3C;
	13515 : 1C;
	13516 : 1C;
	13517 : 1C;
	13518 : 1C;
	13519 : 10;
	13520 : 1C;
	13521 : 1C;
	13522 : E3;
	13523 : E3;
	13524 : E3;
	13525 : 1C;
	13526 : 1C;
	13527 : 1C;
	13528 : E3;
	13529 : E3;
	13530 : E3;
	13531 : E3;
	13532 : 1C;
	13533 : 1C;
	13534 : 10;
	13535 : 1C;
	13536 : 1C;
	13537 : E3;
	13538 : E3;
	13539 : E3;
	13540 : 1C;
	13541 : 1C;
	13542 : 10;
	13543 : 10;
	13544 : 10;
	13545 : 3C;
	13546 : 3C;
	13547 : BE;
	13548 : BE;
	13549 : 3C;
	13550 : 3C;
	13551 : 1C;
	13552 : 1C;
	13553 : 1C;
	13554 : 10;
	13555 : 1C;
	13556 : 1C;
	13557 : E3;
	13558 : E3;
	13559 : E3;
	13560 : 1C;
	13561 : 1C;
	13562 : 1C;
	13563 : 1C;
	13564 : E3;
	13565 : E3;
	13566 : 1C;
	13567 : 1C;
	13568 : 10;
	13569 : 10;
	13570 : 1C;
	13571 : 1C;
	13572 : E3;
	13573 : E3;
	13574 : E3;
	13575 : 1C;
	13576 : 1C;
	13577 : 10;
	13578 : 10;
	13579 : 10;
	13580 : 3C;
	13581 : 3C;
	13582 : BE;
	13583 : BE;
	13584 : BE;
	13585 : 3C;
	13586 : 3C;
	13587 : 1C;
	13588 : 1C;
	13589 : 10;
	13590 : 10;
	13591 : 10;
	13592 : 1C;
	13593 : E3;
	13594 : E3;
	13595 : 1C;
	13596 : 10;
	13597 : 10;
	13598 : 1C;
	13599 : E3;
	13600 : E3;
	13601 : 1C;
	13602 : 1C;
	13603 : 10;
	13604 : 10;
	13605 : 1C;
	13606 : 1C;
	13607 : E3;
	13608 : E3;
	13609 : E3;
	13610 : 1C;
	13611 : 1C;
	13612 : 10;
	13613 : 10;
	13614 : 1C;
	13615 : 3C;
	13616 : 3C;
	13617 : BE;
	13618 : BE;
	13619 : BE;
	13620 : BE;
	13621 : 3C;
	13622 : 1C;
	13623 : 1C;
	13624 : 10;
	13625 : 10;
	13626 : 10;
	13627 : 1C;
	13628 : 1C;
	13629 : 1C;
	13630 : 10;
	13631 : 10;
	13632 : 10;
	13633 : 1C;
	13634 : E3;
	13635 : 1C;
	13636 : 1C;
	13637 : 10;
	13638 : 10;
	13639 : 10;
	13640 : 10;
	13641 : 1C;
	13642 : E3;
	13643 : E3;
	13644 : 1C;
	13645 : 1C;
	13646 : 10;
	13647 : 10;
	13648 : 1C;
	13649 : 1C;
	13650 : 3C;
	13651 : 3C;
	13652 : BE;
	13653 : BE;
	13654 : BE;
	13655 : BE;
	13656 : 3C;
	13657 : 3C;
	13658 : 3C;
	13659 : 1C;
	13660 : 10;
	13661 : 10;
	13662 : 10;
	13663 : 1C;
	13664 : 10;
	13665 : 10;
	13666 : 10;
	13667 : 10;
	13668 : 1C;
	13669 : 1C;
	13670 : 1C;
	13671 : 1C;
	13672 : 10;
	13673 : 10;
	13674 : 10;
	13675 : 10;
	13676 : 1C;
	13677 : E3;
	13678 : 1C;
	13679 : 1C;
	13680 : 1C;
	13681 : 10;
	13682 : 10;
	13683 : 1C;
	13684 : 1C;
	13685 : 3C;
	13686 : 3C;
	13687 : BE;
	13688 : BE;
	13689 : BE;
	13690 : BE;
	13691 : 3C;
	13692 : 3C;
	13693 : 3C;
	13694 : 1C;
	13695 : 1C;
	13696 : 1C;
	13697 : 10;
	13698 : 10;
	13699 : 10;
	13700 : 10;
	13701 : 10;
	13702 : 10;
	13703 : 1C;
	13704 : 1C;
	13705 : 1C;
	13706 : 10;
	13707 : 10;
	13708 : 1C;
	13709 : 10;
	13710 : 10;
	13711 : 1C;
	13712 : 1C;
	13713 : 1C;
	13714 : 1C;
	13715 : 10;
	13716 : 10;
	13717 : 1C;
	13718 : 1C;
	13719 : 3C;
	13720 : 3C;
	13721 : BE;
	13722 : BE;
	13723 : BE;
	13724 : BE;
	13725 : BE;
	13726 : BE;
	13727 : 3C;
	13728 : 3C;
	13729 : 1C;
	13730 : 1C;
	13731 : 1C;
	13732 : 1C;
	13733 : 10;
	13734 : 10;
	13735 : 1C;
	13736 : 10;
	13737 : 10;
	13738 : 1C;
	13739 : 1C;
	13740 : 1C;
	13741 : 10;
	13742 : 10;
	13743 : 1C;
	13744 : 10;
	13745 : 10;
	13746 : 1C;
	13747 : 1C;
	13748 : 1C;
	13749 : 10;
	13750 : 10;
	13751 : 1C;
	13752 : 1C;
	13753 : 3C;
	13754 : 3C;
	13755 : 3C;
	13756 : BE;
	13757 : BE;
	13758 : BE;
	13759 : BE;
	13760 : BE;
	13761 : BE;
	13762 : 3C;
	13763 : 3C;
	13764 : 1C;
	13765 : 1C;
	13766 : 1C;
	13767 : 1C;
	13768 : 1C;
	13769 : 1C;
	13770 : 1C;
	13771 : 10;
	13772 : 10;
	13773 : 1C;
	13774 : 1C;
	13775 : 1C;
	13776 : 10;
	13777 : 10;
	13778 : 1C;
	13779 : 1C;
	13780 : 10;
	13781 : 10;
	13782 : 10;
	13783 : 10;
	13784 : 10;
	13785 : 10;
	13786 : 1C;
	13787 : 1C;
	13788 : 3C;
	13789 : 3C;
	13790 : BE;
	13791 : BE;
	13792 : BE;
	13793 : BE;
	13794 : BE;
	13795 : BE;
	13796 : BE;
	13797 : 3C;
	13798 : 3C;
	13799 : 1C;
	13800 : 1C;
	13801 : 3C;
	13802 : 3C;
	13803 : 3C;
	13804 : 1C;
	13805 : 1C;
	13806 : 10;
	13807 : 10;
	13808 : 1C;
	13809 : 1C;
	13810 : 1C;
	13811 : 10;
	13812 : 10;
	13813 : 1C;
	13814 : 1C;
	13815 : 1C;
	13816 : 10;
	13817 : 10;
	13818 : 10;
	13819 : 10;
	13820 : 1C;
	13821 : 1C;
	13822 : 3C;
	13823 : 3C;
	13824 : BE;
	13825 : BE;
	13826 : BE;
	13827 : BE;
	13828 : BE;
	13829 : BE;
	13830 : BE;
	13831 : BE;
	13832 : 3C;
	13833 : 3C;
	13834 : 1C;
	13835 : 1C;
	13836 : 3C;
	13837 : 3C;
	13838 : 3C;
	13839 : 1C;
	13840 : 1C;
	13841 : 10;
	13842 : 10;
	13843 : 1C;
	13844 : 1C;
	13845 : 1C;
	13846 : 1C;
	13847 : 10;
	13848 : 10;
	13849 : 1C;
	13850 : 1C;
	13851 : 1C;
	13852 : 1C;
	13853 : 1C;
	13854 : 1C;
	13855 : 1C;
	13856 : 3C;
	13857 : 3C;
	13858 : BE;
	13859 : BE;
	13860 : BE;
	13861 : BE;
	13862 : BE;
	13863 : BE;
	13864 : BE;
	13865 : BE;
	13866 : BE;
	13867 : 3C;
	13868 : 3C;
	13869 : 1C;
	13870 : 1C;
	13871 : 3C;
	13872 : 3C;
	13873 : 1C;
	13874 : 1C;
	13875 : 1C;
	13876 : 10;
	13877 : 10;
	13878 : 1C;
	13879 : E3;
	13880 : E3;
	13881 : 1C;
	13882 : 10;
	13883 : 10;
	13884 : 1C;
	13885 : 1C;
	13886 : 1C;
	13887 : 1C;
	13888 : 1C;
	13889 : 1C;
	13890 : 3C;
	13891 : 3C;
	13892 : BE;
	13893 : BE;
	13894 : BE;
	13895 : BE;
	13896 : BE;
	13897 : BE;
	13898 : BE;
	13899 : BE;
	13900 : BE;
	13901 : BE;
	13902 : 3C;
	13903 : 3C;
	13904 : 1C;
	13905 : 1C;
	13906 : 3C;
	13907 : 3C;
	13908 : 1C;
	13909 : 1C;
	13910 : 10;
	13911 : 10;
	13912 : 10;
	13913 : E3;
	13914 : E3;
	13915 : E3;
	13916 : 1C;
	13917 : 1C;
	13918 : 10;
	13919 : 10;
	13920 : 1C;
	13921 : 3C;
	13922 : 3C;
	13923 : 3C;
	13924 : 3C;
	13925 : 3C;
	13926 : BE;
	13927 : BE;
	13928 : BE;
	13929 : BE;
	13930 : BE;
	13931 : BE;
	13932 : BE;
	13933 : BE;
	13934 : BE;
	13935 : BE;
	13936 : BE;
	13937 : 3C;
	13938 : 3C;
	13939 : 1C;
	13940 : 1C;
	13941 : 3C;
	13942 : 1C;
	13943 : 1C;
	13944 : 10;
	13945 : 10;
	13946 : 10;
	13947 : E3;
	13948 : E3;
	13949 : E3;
	13950 : E3;
	13951 : 1C;
	13952 : 1C;
	13953 : 1C;
	13954 : 10;
	13955 : 10;
	13956 : 1C;
	13957 : 3C;
	13958 : 3C;
	13959 : 3C;
	13960 : 3C;
	13961 : BE;
	13962 : BE;
	13963 : BE;
	13964 : BE;
	13965 : BE;
	13966 : BE;
	13967 : BE;
	13968 : BE;
	13969 : BE;
	13970 : BE;
	13971 : BE;
	13972 : 3C;
	13973 : 3C;
	13974 : 1C;
	13975 : 1C;
	13976 : 1C;
	13977 : 1C;
	13978 : 1C;
	13979 : 10;
	13980 : 10;
	13981 : 1C;
	13982 : E3;
	13983 : E3;
	13984 : E3;
	13985 : E3;
	13986 : E3;
	13987 : 1C;
	13988 : 1C;
	13989 : 10;
	13990 : 10;
	13991 : 10;
	13992 : 1C;
	13993 : 1C;
	13994 : 3C;
	13995 : 3C;
	13996 : BE;
	13997 : BE;
	13998 : BE;
	13999 : BE;
	14000 : BE;
	14001 : BE;
	14002 : BE;
	14003 : BE;
	14004 : BE;
	14005 : BE;
	14006 : 3C;
	14007 : 3C;
	14008 : 1C;
	14009 : 1C;
	14010 : 1C;
	14011 : 1C;
	14012 : 10;
	14013 : 10;
	14014 : 10;
	14015 : 1C;
	14016 : E3;
	14017 : E3;
	14018 : E3;
	14019 : E3;
	14020 : E3;
	14021 : E3;
	14022 : E3;
	14023 : 1C;
	14024 : 1C;
	14025 : 1C;
	14026 : 10;
	14027 : 10;
	14028 : 1C;
	14029 : 3C;
	14030 : 3C;
	14031 : BE;
	14032 : BE;
	14033 : BE;
	14034 : BE;
	14035 : BE;
	14036 : BE;
	14037 : BE;
	14038 : BE;
	14039 : BE;
	14040 : 3C;
	14041 : 3C;
	14042 : 1C;
	14043 : 1C;
	14044 : 1C;
	14045 : 1C;
	14046 : 10;
	14047 : 10;
	14048 : 10;
	14049 : 1C;
	14050 : E3;
	14051 : E3;
	14052 : E3;
	14053 : E3;
	14054 : E3;
	14055 : E3;
	14056 : E3;
	14057 : E3;
	14058 : E3;
	14059 : 1C;
	14060 : 1C;
	14061 : 1C;
	14062 : 10;
	14063 : 10;
	14064 : 10;
	14065 : 3C;
	14066 : 3C;
	14067 : 3C;
	14068 : 3C;
	14069 : 3C;
	14070 : 3C;
	14071 : 3C;
	14072 : 3C;
	14073 : 3C;
	14074 : 3C;
	14075 : 3C;
	14076 : 1C;
	14077 : 1C;
	14078 : 1C;
	14079 : 10;
	14080 : 10;
	14081 : 10;
	14082 : 10;
	14083 : 1C;
	14084 : E3;
	14085 : E3;
	14086 : E3;
	14087 : E3;
	14088 : E3;
	14089 : E3;
	14090 : E3;
	14091 : E3;
	14092 : E3;
	14093 : E3;
	14094 : E3;
	14095 : E3;
	14096 : E3;
	14097 : 1C;
	14098 : 10;
	14099 : 10;
	14100 : 10;
	14101 : 10;
	14102 : 10;
	14103 : 10;
	14104 : 1C;
	14105 : 1C;
	14106 : 1C;
	14107 : 18;
	14108 : 1C;
	14109 : 1C;
	14110 : 1C;
	14111 : 1C;
	14112 : 1C;
	14113 : 10;
	14114 : 10;
	14115 : 10;
	14116 : E3;
	14117 : E3;
	14118 : E3;
	14119 : E3;
	14120 : E3;
	14121 : E3;
	14122 : E3;
	14123 : E3;
	14124 : E3;
	14125 : E3;
	14126 : E3;
	14127 : E3;
	14128 : E3;
	14129 : E3;
	14130 : E3;
	14131 : E3;
	14132 : E3;
	14133 : 1C;
	14134 : 1C;
	14135 : 1C;
	14136 : 10;
	14137 : 10;
	14138 : 10;
	14139 : 1C;
	14140 : 1C;
	14141 : 1C;
	14142 : 1C;
	14143 : 1C;
	14144 : 1C;
	14145 : 1C;
	14146 : 1C;
	14147 : 1C;
	14148 : 1C;
	14149 : 1C;
	14150 : 1C;
	14151 : E3;
	14152 : E3;
	14153 : E3;
	14154 : E3;
	14155 : E3;
	14156 : E3;
	14157 : E3;
	14158 : E3;
	14159 : E3;
	14160 : E3;
	14161 : E3;
	14162 : E3;
	14163 : E3;
	14164 : E3;
	14165 : E3;
	14166 : E3;
	14167 : E3;
	14168 : E3;
	14169 : E3;
	14170 : E3;
	14171 : E3;
	14172 : 1C;
	14173 : 1C;
	14174 : 1C;
	14175 : 1C;
	14176 : 1C;
	14177 : 1C;
	14178 : 1C;
	14179 : 1C;
	14180 : 1C;
	14181 : E3;
	14182 : E3;
	14183 : E3;
	14184 : E3;
	14185 : E3;
	14186 : E3;
	14187 : E3;
	14188 : E3;
	14189 : E3;
	14190 : E3;
	14191 : E3;
	14192 : E3;
	14193 : E3;
	14194 : E3;
	14195 : E3;
	14196 : E3;
	14197 : E3;
	14198 : E3;
	14199 : E3;
	14200 : E3;
	14201 : E3;
	14202 : E3;
	14203 : E3;
	14204 : E3;
	14205 : E3;
	14206 : E3;
	14207 : E3;
	14208 : E3;
	14209 : E3;
	14210 : E3;
	14211 : E3;
	14212 : E3;
	14213 : E3;
	14214 : E3;
	14215 : E3;
	14216 : E3;
	14217 : E3;
	14218 : E3;
	14219 : E3;
	14220 : E3;
	14221 : E3;
	14222 : E3;
	14223 : E3;
	14224 : E3;
	14225 : E3;
	14226 : E3;
	14227 : E3;
	14228 : E3;
	14229 : E3;
	14230 : E3;
	14231 : E3;
	14232 : E3;
	14233 : E3;
	14234 : E3;
	14235 : E3;
	14236 : E3;
	14237 : E3;
	14238 : E3;
	14239 : E3;
	14240 : E3;
	14241 : E3;
	14242 : E4;
	14243 : E3;
	14244 : E3;
	14245 : E3;
	14246 : E3;
	14247 : E3;
	14248 : E3;
	14249 : E3;
	14250 : E3;
	14251 : E3;
	14252 : E3;
	14253 : E3;
	14254 : E3;
	14255 : E3;
	14256 : E3;
	14257 : E3;
	14258 : E3;
	14259 : E3;
	14260 : E3;
	14261 : F0;
	14262 : E3;
	14263 : E3;
	14264 : E3;
	14265 : E3;
	14266 : E3;
	14267 : E3;
	14268 : E3;
	14269 : E3;
	14270 : E3;
	14271 : E3;
	14272 : E3;
	14273 : E3;
	14274 : E4;
	14275 : E3;
	14276 : E3;
	14277 : E3;
	14278 : E3;
	14279 : E4;
	14280 : F8;
	14281 : E4;
	14282 : E3;
	14283 : E3;
	14284 : E3;
	14285 : E3;
	14286 : E3;
	14287 : E3;
	14288 : E3;
	14289 : E3;
	14290 : E3;
	14291 : E3;
	14292 : E3;
	14293 : E3;
	14294 : EC;
	14295 : E8;
	14296 : E8;
	14297 : E3;
	14298 : F0;
	14299 : FC;
	14300 : F0;
	14301 : E3;
	14302 : E3;
	14303 : E3;
	14304 : E3;
	14305 : E3;
	14306 : E3;
	14307 : E3;
	14308 : E3;
	14309 : E3;
	14310 : E3;
	14311 : E3;
	14312 : E3;
	14313 : E9;
	14314 : FC;
	14315 : F4;
	14316 : F0;
	14317 : FD;
	14318 : FE;
	14319 : F0;
	14320 : E8;
	14321 : E3;
	14322 : E3;
	14323 : E3;
	14324 : E3;
	14325 : E3;
	14326 : E3;
	14327 : E3;
	14328 : E3;
	14329 : E3;
	14330 : E3;
	14331 : E3;
	14332 : E4;
	14333 : EC;
	14334 : FE;
	14335 : FE;
	14336 : FF;
	14337 : FF;
	14338 : F8;
	14339 : F0;
	14340 : F4;
	14341 : F8;
	14342 : F0;
	14343 : E3;
	14344 : E3;
	14345 : E3;
	14346 : E3;
	14347 : E3;
	14348 : E3;
	14349 : E3;
	14350 : E3;
	14351 : E3;
	14352 : F0;
	14353 : FE;
	14354 : FF;
	14355 : FF;
	14356 : FF;
	14357 : FF;
	14358 : FE;
	14359 : F9;
	14360 : E8;
	14361 : E3;
	14362 : E3;
	14363 : E3;
	14364 : E3;
	14365 : E3;
	14366 : E3;
	14367 : E3;
	14368 : E3;
	14369 : E4;
	14370 : EC;
	14371 : F8;
	14372 : FE;
	14373 : FF;
	14374 : FF;
	14375 : FF;
	14376 : FF;
	14377 : FC;
	14378 : EC;
	14379 : E3;
	14380 : E3;
	14381 : E3;
	14382 : E3;
	14383 : E3;
	14384 : E3;
	14385 : E3;
	14386 : E3;
	14387 : E3;
	14388 : E3;
	14389 : F0;
	14390 : FE;
	14391 : FE;
	14392 : FF;
	14393 : FF;
	14394 : FF;
	14395 : FF;
	14396 : F8;
	14397 : E4;
	14398 : E3;
	14399 : E3;
	14400 : E3;
	14401 : E3;
	14402 : E3;
	14403 : E3;
	14404 : E3;
	14405 : E3;
	14406 : E8;
	14407 : F0;
	14408 : F0;
	14409 : EC;
	14410 : F4;
	14411 : FE;
	14412 : FF;
	14413 : FE;
	14414 : FE;
	14415 : FE;
	14416 : F0;
	14417 : E1;
	14418 : E3;
	14419 : E3;
	14420 : E3;
	14421 : E3;
	14422 : E3;
	14423 : E0;
	14424 : E3;
	14425 : E3;
	14426 : E3;
	14427 : E3;
	14428 : E8;
	14429 : E8;
	14430 : F8;
	14431 : FE;
	14432 : F4;
	14433 : F4;
	14434 : F8;
	14435 : FC;
	14436 : E8;
	14437 : E3;
	14438 : E3;
	14439 : E3;
	14440 : E3;
	14441 : E3;
	14442 : E3;
	14443 : E3;
	14444 : E3;
	14445 : E3;
	14446 : E3;
	14447 : E3;
	14448 : E5;
	14449 : F0;
	14450 : F4;
	14451 : E8;
	14452 : E8;
	14453 : E3;
	14454 : E8;
	14455 : F0;
	14456 : E5;
	14457 : E3;
	14458 : E3;
	14459 : E3;
	14460 : E3;
	14461 : E3;
	14462 : E3;
	14463 : E3;
	14464 : E3;
	14465 : E3;
	14466 : E3;
	14467 : E3;
	14468 : F0;
	14469 : E4;
	14470 : E5;
	14471 : E3;
	14472 : E3;
	14473 : E3;
	14474 : E3;
	14475 : E8;
	14476 : E3;
	14477 : E3;
	14478 : E3;
	14479 : E3;
	14480 : E3;
	14481 : E3;
	14482 : E3;
	14483 : E3;
	14484 : E3;
	14485 : E3;
	14486 : E3;
	14487 : E8;
	14488 : E3;
	14489 : E3;
	14490 : E3;
	14491 : E3;
	14492 : E3;
	14493 : E3;
	14494 : E3;
	14495 : E3;
	14496 : E3;
	14497 : E3;
	14498 : E3;
	14499 : E3;
	14500 : E3;
	14501 : E3;
	14502 : E3;
	14503 : E3;
	14504 : E3;
	14505 : E3;
	14506 : E4;
	14507 : E3;
	14508 : E3;
	14509 : E3;
	14510 : E3;
	14511 : E3;
	14512 : E3;
	14513 : E3;
	14514 : E3;
	14515 : E3;
	14516 : E3;
	14517 : E3;
	14518 : E3;
	14519 : E3;
	14520 : E3;
	14521 : E3;
	14522 : E3;
	14523 : E3;
	14524 : E3;
	14525 : E3;
	14526 : E3;
	14527 : E3;
	14528 : E3;
	14529 : E3;
	14530 : E3;
	14531 : E3;
	14532 : E3;
	14533 : E3;
	14534 : E3;
	14535 : E3;
	14536 : E3;
	14537 : E3;
	14538 : E3;
	14539 : E3;
	14540 : E3;
	14541 : E3;
	14542 : E3;
	14543 : E3;
	14544 : E3;
	14545 : E3;
	14546 : E3;
	14547 : E3;
	14548 : E3;
	14549 : E3;
	14550 : E3;
	14551 : E3;
	14552 : E3;
	14553 : E3;
	14554 : E3;
END;
